[INIT] Pump.Fun → PumpSwap Migration Listener ready
[INIT] Monitoring PumpSwap program: pAMMBay6oceH9fJKBRHGP5D4bD4sWpmSwMn52FMfXEA
[INIT] WebSocket: wss://mainnet.helius-rpc.com/?api-key=a132b19d-9b44-4c71-8e6...
[INIT] HTTP RPC: https://mainnet.helius-rpc.com/?api-key=a132b19d-9b44-4c71-8...

[WEBSOCKET] Connecting to PumpSwap program...
[CREATOR_WATCH] 🚀 Starting polling loop (interval: 30s)
[CREATOR_WATCH] 🔍 Polling 57 creators...
[WEBSOCKET] ✓ Connected to PumpSwap program via Helius
[WEBSOCKET] Subscribed to PumpSwap migrations
[WEBSOCKET] ✓ Subscription confirmed (ID: 17426208992281621656)

[CREATOR_WATCH]    2ShPEGC4y7upzNv9... → 15 new funding txs
[CREATOR_WATCH]    3rLuY1jtzWwvjGRt... → 19 new funding txs
[CREATOR_WATCH]    ALHbpRfQKzbKks1G... → 95 new funding txs
[CREATOR_WATCH]    GBp5QisUoUJ4Dv2r... → 233 new funding txs
[WEBSOCKET] 🚨 Migration #1 detected: 9bXxTsUTnv3fKy1EddVWKbi4KGNYC8LN3PgRHD1j1WFZK3YGfiXNgXF9tUq4xVgJp61j5ULKStZLKUXkvhKs4yx
[MINT] 📝 Transaction indexing delay, retry 1/12...
[MINT] 📝 Transaction indexing delay, retry 2/12...
[MINT] 📝 Transaction indexing delay, retry 3/12...
[MINT] 📝 Transaction indexing delay, retry 4/12...
[MINT] 📝 Transaction indexing delay, retry 5/12...
[MINT] 📝 Transaction indexing delay, retry 6/12...
[MIGRATION] ⏭️  Token pmqCcMNgyFqE7FrbRNtTjD84VegonLJcWy7ESHMpump already analyzed - SKIPPED
[CREATOR_WATCH]    8AgdxQbdmAeMtZcP... → 61 new funding txs
[CREATOR_WATCH]    AYoscEPUim61K63n... → 7 new funding txs
[CREATOR_WATCH]    Ao6bNP1o68EzVKy2... → 10 new funding txs
[CREATOR_WATCH]    AJbfbUmrQ9Lj5Pmt... → 191 new funding txs
[CREATOR_WATCH]    BG677JjcLYyGvQ1a... → 260 new funding txs
[CREATOR_WATCH]    3KFHj1cVJcyDNzaV... → 357 new funding txs
[WEBSOCKET] 🚨 Migration #2 detected: 4j5SUnhozF5QeZ9TNtMAk5pF4Pt7CkCEJyK1oSXvZGJztz1ciz2FN2iysUA6FRR89GnzZrU4rF5JjzgvLVzBqhPf
[MINT] 📝 Transaction indexing delay, retry 1/12...
[MINT] 📝 Transaction indexing delay, retry 2/12...
[MINT] 📝 Transaction indexing delay, retry 3/12...
[MINT] 📝 Transaction indexing delay, retry 4/12...
[MINT] 📝 Transaction indexing delay, retry 5/12...
[MIGRATION] ⏭️  Token AfVLKvgmfTr6Ji3uLrT8kGYEdrdsfpExnY5SCe4ipump already analyzed - SKIPPED
[CREATOR_WATCH]    AxmFqz3pbhj6HDK9... → 223 new funding txs
[CREATOR_WATCH]    6uQRjAz7nr1LfaTZ... → 12 new funding txs
[CREATOR_WATCH]    7ogiTqUj4HgEKRJV... → 3 new funding txs
[WEBSOCKET] ✓ Connected to PumpSwap program via Helius
[WEBSOCKET] Subscribed to PumpSwap migrations
[WEBSOCKET] ✓ Subscription confirmed (ID: 4132873204976640520)

[CREATOR_WATCH]    5FqUo9aBjsp7Qeey... → 313 new funding txs
[WEBSOCKET] 🚨 Migration #3 detected: 3PUcfXDp2w8oArCuaDFpiszDNWv5pK991r3uUAj8QWHTfmNEHNMXCJ11ftpjWkCGSVaccw2F3JH9Jp3sZURMRzB5
[MINT] 📝 Transaction indexing delay, retry 1/12...
[MINT] 📝 Transaction indexing delay, retry 2/12...
[MINT] 📝 Transaction indexing delay, retry 3/12...
[MINT] 📝 Transaction indexing delay, retry 4/12...
[MINT] 📝 Transaction indexing delay, retry 5/12...
[EVENT] 🚀 MIGRATION DETECTED: BAfCyAUQhSeYUebeD9kbDSixsSoBmNy78M3KaEaF6rwJ
[EVENT] Migration signature: 3PUcfXDp2w8oArCuaDFpiszDNWv5pK991r3uUAj8QWHTfmNEHNMXCJ11ftpjWkCGSVaccw2F3JH9Jp3sZURMRzB5
[DB] ✅ Created minimal token entry for BAfCyAUQhSeYUebeD9kbDSixsSoBmNy78M3KaEaF6rwJ
[PRICE] ✅ Initial price fetched: $9.01e-06 | Market Cap: $9.01e+03 | Source: dexscreener
[ANALYZER_INIT] Token: BAfCyAUQhSeYUebeD9kbDSixsSoBmNy78M3KaEaF6rwJ
[ANALYZER_INIT] RPC: https://mainnet.helius-rpc.com/?api-key=a132b19d-9b44-4c71-8e6f-d320d9f351c6
[CREATOR] Extracting bonding curve from *strict* CREATE tx for BAfCyAUQhSeYUebeD9kb...
⚠️  RPC 429, retrying in 2.0s... (1/5)
⚠️  RPC 429, retrying in 4.0s... (2/5)
⚠️  RPC 429, retrying in 8.0s... (3/5)
⚠️  RPC 429, retrying in 16.0s... (4/5)
❌ RPC 429 after 5 retries
[CREATOR] ❌ No STRICT CREATE transaction found for mint
[SETTINGS] Token history ❌ OFF - skipping token history analysis
[SETTINGS] Creator history ❌ OFF - skipping creator network and funding analysis
[CREATOR_WATCH]    G1Kr5sveDZw2HF47... → 104 new funding txs
[CREATOR_WATCH]    HojxDfWi729BCp76... → 61 new funding txs
[WEBSOCKET] 🚨 Migration #4 detected: 3r3b3BGCfdR5vbb9wPwfL7cqgJoBABuv7sUTHb2QEhqGmeAqxaLVCmZF7HqpvNQpy8toZjyVEutNRVn69XHCmqn5
[MINT] 📝 Transaction indexing delay, retry 1/12...
[MINT] 📝 Transaction indexing delay, retry 2/12...
[MINT] 📝 Transaction indexing delay, retry 3/12...
[MINT] 📝 Transaction indexing delay, retry 4/12...
[MINT] 📝 Transaction indexing delay, retry 5/12...
[MINT] 📝 Transaction indexing delay, retry 6/12...
[MINT] 📝 Transaction indexing delay, retry 7/12...
[MINT] 📝 Transaction indexing delay, retry 8/12...
[MIGRATION] ⏭️  Token 8mRJKrweb64srPFVMQjVv3mzKwvfohNRT6yDGn19pump already analyzed - SKIPPED
[CREATOR_WATCH]    GoHBfgLPaA8rQkgY... → 160 new funding txs
[CREATOR_WATCH]    CjvbJc3SWfi6pQRR... → 57 new funding txs
[CREATOR_WATCH]    F8aCRh5MUrDgMYGj... → 20 new funding txs
[CREATOR_WATCH]    BeHFALLWLSCCj452... → 36 new funding txs
[CREATOR_WATCH]    6M3n8VqSHnS7azJx... → 9 new funding txs
[CREATOR_WATCH]    5j2Sd3oN1sydkm95... → 5 new funding txs
[CREATOR_WATCH]    75iQB6Sa7kxthq4k... → 6 new funding txs
[WEBSOCKET] 🚨 Migration #5 detected: 3DkEg3SRR8DoJHPCE8kMLr2QwaRknJUz4Tiqe7t4XQyFBa7KJpkrByQHzb95PRxr9bDRuKkPbL4Dvf48b9ebn2W5
[MINT] 📝 Transaction indexing delay, retry 1/12...
[MINT] 📝 Transaction indexing delay, retry 2/12...
[MINT] 📝 Transaction indexing delay, retry 3/12...
[MINT] 📝 Transaction indexing delay, retry 4/12...
[MINT] 📝 Transaction indexing delay, retry 5/12...
[EVENT] 🚀 MIGRATION DETECTED: 2ngMZzYJrNkCiRqgjeoRdYiGtgsHcPEq9RKHnjjCpump
[EVENT] Migration signature: 3DkEg3SRR8DoJHPCE8kMLr2QwaRknJUz4Tiqe7t4XQyFBa7KJpkrByQHzb95PRxr9bDRuKkPbL4Dvf48b9ebn2W5
[DB] ✅ Created minimal token entry for 2ngMZzYJrNkCiRqgjeoRdYiGtgsHcPEq9RKHnjjCpump
[PRICE] ✅ Initial price fetched: $1.84e-05 | Market Cap: $1.84e+04 | Source: dexscreener
[ANALYZER_INIT] Token: 2ngMZzYJrNkCiRqgjeoRdYiGtgsHcPEq9RKHnjjCpump
[ANALYZER_INIT] RPC: https://mainnet.helius-rpc.com/?api-key=a132b19d-9b44-4c71-8e6f-d320d9f351c6
[CREATOR] Extracting bonding curve from *strict* CREATE tx for 2ngMZzYJrNkCiRqgjeoR...
[CREATOR] Page 1: prefilter candidates=706 (checking first 80), skipped_post_migration=0, skipped_errored=278
[CREATOR] Oldest#1 3MSLXNtQBroynsV3... strict_create=False mint_create=False mint_init=False bonding_curve=yes
[CREATOR][DEBUG] bonding_curve=no context: slot=375757668 blockTime=1761416876 err=None
[CREATOR][DEBUG] validation_notes=['mint not created/initialized in this tx (likely pool-init or swap)']
[CREATOR] Oldest#2 4GyLmk96yPn9hr3j... strict_create=False mint_create=False mint_init=False bonding_curve=no
[CREATOR][DEBUG] bonding_curve=no context: slot=375757668 blockTime=1761416876 err=None
[CREATOR][DEBUG] validation_notes=['mint not created/initialized in this tx (likely pool-init or swap)']
[CREATOR] Oldest#3 5RKkakPjQQzcDLa5... strict_create=False mint_create=False mint_init=False bonding_curve=no
[CREATOR][DEBUG] bonding_curve=no context: slot=375757675 blockTime=1761416879 err=None
[CREATOR][DEBUG] validation_notes=['mint not created/initialized in this tx (likely pool-init or swap)']
[CREATOR] Oldest#4 4GXhXc6v6TWvBuDC... strict_create=False mint_create=False mint_init=False bonding_curve=no
[CREATOR][DEBUG] bonding_curve=no context: slot=375757694 blockTime=1761416886 err=None
[CREATOR][DEBUG] validation_notes=['mint not created/initialized in this tx (likely pool-init or swap)']
[CREATOR] Oldest#5 4h1U4hHfKKyyPYkF... strict_create=False mint_create=False mint_init=False bonding_curve=no
[CREATOR][DEBUG] bonding_curve=no context: slot=375757731 blockTime=1761416901 err=None
[CREATOR][DEBUG] validation_notes=['mint not created/initialized in this tx (likely pool-init or swap)']
[CREATOR][DEBUG] bonding_curve=no context: slot=375757774 blockTime=1761416917 err=None
[CREATOR][DEBUG] validation_notes=['mint not created/initialized in this tx (likely pool-init or swap)']
[CREATOR][DEBUG] bonding_curve=no context: slot=375757795 blockTime=1761416925 err=None
[CREATOR][DEBUG] validation_notes=['mint not created/initialized in this tx (likely pool-init or swap)']
[CREATOR][DEBUG] bonding_curve=no context: slot=375757823 blockTime=1761416936 err=None
[CREATOR][DEBUG] validation_notes=['mint not created/initialized in this tx (likely pool-init or swap)']
[CREATOR][DEBUG] bonding_curve=no context: slot=375757841 blockTime=1761416943 err=None
[CREATOR][DEBUG] validation_notes=['could not scope create_outer_index; scanning top-level only', 'mint not created/initialized in this tx (likely pool-init or swap)']
[CREATOR] Page 1: checked=80/706 candidates (budget=80), no strict CREATE yet
⚠️  RPC 429, retrying in 2.0s... (1/5)
⚠️  RPC 429, retrying in 4.0s... (2/5)
⚠️  RPC 429, retrying in 8.0s... (3/5)
⚠️  RPC 429, retrying in 16.0s... (4/5)
❌ RPC 429 after 5 retries
[CREATOR] ❌ No STRICT CREATE transaction found for mint
[SETTINGS] Token history ❌ OFF - skipping token history analysis
[SETTINGS] Creator history ❌ OFF - skipping creator network and funding analysis
[CREATOR_WATCH]    GQv7qDde7Q1bHdAG... → 76 new funding txs
[WEBSOCKET] 🚨 Migration #6 detected: 4Ng5CFwxzkPkMSagyyqwWYB9HUNjS1sA1DdqTnYrTkgxLKYnhRqv7XMfTFezBZ3vCcwFe8qA5a3gtVTc6Nnh6mWP
[MINT] 📝 Transaction indexing delay, retry 1/12...
[MINT] 📝 Transaction indexing delay, retry 2/12...
[MINT] 📝 Transaction indexing delay, retry 3/12...
[MINT] 📝 Transaction indexing delay, retry 4/12...
[MINT] 📝 Transaction indexing delay, retry 5/12...
[MINT] 📝 Transaction indexing delay, retry 6/12...
[EVENT] 🚀 MIGRATION DETECTED: 7tX5JqtQaYipr2bNr7Ax3DGrNYVVBnyitF8tBDNjpump
[EVENT] Migration signature: 4Ng5CFwxzkPkMSagyyqwWYB9HUNjS1sA1DdqTnYrTkgxLKYnhRqv7XMfTFezBZ3vCcwFe8qA5a3gtVTc6Nnh6mWP
[DB] ✅ Created minimal token entry for 7tX5JqtQaYipr2bNr7Ax3DGrNYVVBnyitF8tBDNjpump
[POOL] ✅ Extracted pool from PumpSwap instruction: HLZMKLpM9NDaPoiAeVv8bv69PQ5CMBEZYwgdCVLusG8W
[EVENT] ✅ Pool extracted from transaction: HLZMKLpM9NDaPoiAeVv8bv69PQ5CMBEZYwgdCVLusG8W
[POOL] Checking 20 token accounts to find pool...
[POOL]   Checking 7Ln2hDpvUkTHtYyjEz1MZHymjVkTM3JVgoyMEqbyihJT (balance: 15173671)
[POOL]     Owner: FN5SXVVau9sNy4uqtvcPCW2Ys2GHZNEZDVvy92kYxXfY
[PRICE] ✅ Initial price fetched: $2.27e-09 | Market Cap: $2.27e+00 | Source: onchain
[ANALYZER_INIT] Token: 7tX5JqtQaYipr2bNr7Ax3DGrNYVVBnyitF8tBDNjpump
[ANALYZER_INIT] RPC: https://mainnet.helius-rpc.com/?api-key=a132b19d-9b44-4c71-8e6f-d320d9f351c6
[CREATOR] Extracting bonding curve from *strict* CREATE tx for 7tX5JqtQaYipr2bNr7Ax...
[CREATOR] Page 1: prefilter candidates=174 (checking first 80), skipped_post_migration=0, skipped_errored=20
[CREATOR] ✓ Found initializemint2 for mint=7tX5JqtQaYipr2bNr7Ax3DGrNYVVBnyitF8tBDNjpump via program_id=TokenkegQfeZyiNwAJbNbGKPFXCWuBvf9Ss623VQ5DA program=spl-token
[CREATOR] Oldest#1 5b27rZNiM4J6BgUf... strict_create=True mint_create=False mint_init=True bonding_curve=yes
[CREATOR] ✅ Found STRICT Pump.fun CREATE tx: 5b27rZNiM4J6BgUfoGxRKGV49vuyLaYdLADaX3cV7WttEzXy7dn6AXcghUZUF6hMQTPcJGz1dktyoL3e6inARrqJ
[CREATOR] ✓ CREATE fee payer (creator): 2GM3WiGvrR6a4qHcudXV3HCwNGvkCWjyoJL1iyo45UdE
[CREATOR] ✓ Bonding curve: Gv6YYk93WZfrUZT9H43aMr7ueHKcEfYGZ8BXU7mzdV5G (proven_end=False)
[CREATOR] 🕐 Using on-chain time from earliest tx: 2026-02-10T17:21:21Z
[CREATOR] ✅ Extracted from earliest tx: 2GM3WiGvrR6a4qHcudXV3HCwNGvkCWjyoJL1iyo45UdE (confirmed) | CREATE tx validated: 5b27rZNiM4J6BgUfoGxR...
[DB] ✅ Updated token entry with creator: 2GM3WiGv... | Created: 2026-02-10T17:21:21Z | CREATE tx: 5b27rZNiM4J6BgUfoGxR...
[CREATOR_WATCH] 👁️ Now watching creator 2GM3WiGvrR6a4qHc...
[SETTINGS] Token history ❌ OFF - skipping token history analysis
[SETTINGS] Creator history ❌ OFF - skipping creator network and funding analysis
[CREATOR_WATCH]    At9Lxx6MgJxGzj33... → 143 new funding txs
[CREATOR_WATCH]    3CUWvz2GXMLvNgAK... → 26 new funding txs
[CREATOR_WATCH]    7vfw9xFLE48fgH2v... → 8 new funding txs
[CREATOR_WATCH]    3AV5GF26WwcFsFPf... → 3 new funding txs
[CREATOR_WATCH]    GFfV8Byc8qA3FFGD... → 144 new funding txs
[CREATOR_WATCH]    3MRDfmETzYdR1TNo... → 13 new funding txs
[WEBSOCKET] ✓ Connected to PumpSwap program via Helius
[WEBSOCKET] Subscribed to PumpSwap migrations
[WEBSOCKET] ✓ Subscription confirmed (ID: 13482408826197487915)

[CREATOR_WATCH]    5WMNaQNgUvaNWb6B... → 92 new funding txs
[CREATOR_WATCH]    DckD25rbN4aCzVD2... → 18 new funding txs
[CREATOR_WATCH]    JDBT5koS1f9qPVcu... → 271 new funding txs
[CREATOR_WATCH]    EA8kXAeojRzEH4nt... → 301 new funding txs
[CREATOR_WATCH]    4tfgT8cesz16khBx... → 23 new funding txs
[CREATOR_WATCH]    5y5ThikGaQyfBBs1... → 6 new funding txs
[WEBSOCKET] 🚨 Migration #7 detected: HptniEbixxzSYKC1qKjzgFqFjHF1fCofpJ1orERjpz9biafWFKJcmQd9Ein13DsPkmNXbybvCbDLKWPmJgSPngz
[MINT] 📝 Transaction indexing delay, retry 1/12...
[MINT] 📝 Transaction indexing delay, retry 2/12...
[MINT] 📝 Transaction indexing delay, retry 3/12...
[MINT] 📝 Transaction indexing delay, retry 4/12...
[MINT] 📝 Transaction indexing delay, retry 5/12...
[EVENT] 🚀 MIGRATION DETECTED: 3QoEniXhecRMhR4E5qPrAPLfZAwzQH7rJXD3SeCxpump
[EVENT] Migration signature: HptniEbixxzSYKC1qKjzgFqFjHF1fCofpJ1orERjpz9biafWFKJcmQd9Ein13DsPkmNXbybvCbDLKWPmJgSPngz
[DB] ✅ Created minimal token entry for 3QoEniXhecRMhR4E5qPrAPLfZAwzQH7rJXD3SeCxpump
[PRICE] ✅ Initial price fetched: $1.61e-05 | Market Cap: $1.62e+04 | Source: dexscreener
[ANALYZER_INIT] Token: 3QoEniXhecRMhR4E5qPrAPLfZAwzQH7rJXD3SeCxpump
[ANALYZER_INIT] RPC: https://mainnet.helius-rpc.com/?api-key=a132b19d-9b44-4c71-8e6f-d320d9f351c6
[CREATOR] Extracting bonding curve from *strict* CREATE tx for 3QoEniXhecRMhR4E5qPr...
[CREATOR] Page 1: prefilter candidates=763 (checking first 80), skipped_post_migration=0, skipped_errored=237
[CREATOR][DEBUG] bonding_curve=no context: slot=399369137 blockTime=1770744715 err=None
[CREATOR][DEBUG] validation_notes=['could not scope create_outer_index; scanning top-level only', 'mint not created/initialized in this tx (likely pool-init or swap)']
[CREATOR] Oldest#1 5f4WaHB62vnzHgCq... strict_create=False mint_create=False mint_init=False bonding_curve=no
[CREATOR][DEBUG] bonding_curve=no context: slot=399369137 blockTime=1770744715 err=None
[CREATOR][DEBUG] validation_notes=['could not scope create_outer_index; scanning top-level only', 'mint not created/initialized in this tx (likely pool-init or swap)']
[CREATOR] Oldest#2 5WoRmKkZgxG3KgPo... strict_create=False mint_create=False mint_init=False bonding_curve=no
[CREATOR][DEBUG] bonding_curve=no context: slot=399369138 blockTime=1770744715 err=None
[CREATOR][DEBUG] validation_notes=['could not scope create_outer_index; scanning top-level only', 'mint not created/initialized in this tx (likely pool-init or swap)']
[CREATOR] Oldest#3 57e1ACdFhviPN77p... strict_create=False mint_create=False mint_init=False bonding_curve=no
[CREATOR][DEBUG] bonding_curve=no context: slot=399369138 blockTime=1770744715 err=None
[CREATOR][DEBUG] validation_notes=['could not scope create_outer_index; scanning top-level only', 'mint not created/initialized in this tx (likely pool-init or swap)']
[CREATOR] Oldest#4 2CvQ77aYg4mcqKdT... strict_create=False mint_create=False mint_init=False bonding_curve=no
[CREATOR][DEBUG] bonding_curve=no context: slot=399369138 blockTime=1770744715 err=None
[CREATOR][DEBUG] validation_notes=['could not scope create_outer_index; scanning top-level only', 'mint not created/initialized in this tx (likely pool-init or swap)']
[CREATOR] Oldest#5 3DpxGojYk44uiXTT... strict_create=False mint_create=False mint_init=False bonding_curve=no
[CREATOR][DEBUG] bonding_curve=no context: slot=399369139 blockTime=1770744716 err=None
[CREATOR][DEBUG] validation_notes=['could not scope create_outer_index; scanning top-level only', 'mint not created/initialized in this tx (likely pool-init or swap)']
[CREATOR][DEBUG] bonding_curve=no context: slot=399369139 blockTime=1770744716 err=None
[CREATOR][DEBUG] validation_notes=['could not scope create_outer_index; scanning top-level only', 'mint not created/initialized in this tx (likely pool-init or swap)']
[CREATOR][DEBUG] bonding_curve=no context: slot=399369140 blockTime=1770744716 err=None
[CREATOR][DEBUG] validation_notes=['could not scope create_outer_index; scanning top-level only', 'mint not created/initialized in this tx (likely pool-init or swap)']
[CREATOR][DEBUG] bonding_curve=no context: slot=399369140 blockTime=1770744716 err=None
[CREATOR][DEBUG] validation_notes=['could not scope create_outer_index; scanning top-level only', 'mint not created/initialized in this tx (likely pool-init or swap)']
[CREATOR][DEBUG] bonding_curve=no context: slot=399369140 blockTime=1770744716 err=None
[CREATOR][DEBUG] validation_notes=['could not scope create_outer_index; scanning top-level only', 'mint not created/initialized in this tx (likely pool-init or swap)']
[CREATOR][DEBUG] bonding_curve=no context: slot=399369140 blockTime=1770744716 err=None
[CREATOR][DEBUG] validation_notes=['could not scope create_outer_index; scanning top-level only', 'mint not created/initialized in this tx (likely pool-init or swap)']
[CREATOR][DEBUG] bonding_curve=no context: slot=399369141 blockTime=1770744716 err=None
[CREATOR][DEBUG] validation_notes=['could not scope create_outer_index; scanning top-level only', 'mint not created/initialized in this tx (likely pool-init or swap)']
[CREATOR][DEBUG] bonding_curve=no context: slot=399369141 blockTime=1770744716 err=None
[CREATOR][DEBUG] validation_notes=['could not scope create_outer_index; scanning top-level only', 'mint not created/initialized in this tx (likely pool-init or swap)']
[CREATOR][DEBUG] bonding_curve=no context: slot=399369142 blockTime=1770744717 err=None
[CREATOR][DEBUG] validation_notes=['could not scope create_outer_index; scanning top-level only', 'mint not created/initialized in this tx (likely pool-init or swap)']
[CREATOR][DEBUG] bonding_curve=no context: slot=399369142 blockTime=1770744717 err=None
[CREATOR][DEBUG] validation_notes=['could not scope create_outer_index; scanning top-level only', 'mint not created/initialized in this tx (likely pool-init or swap)']
[CREATOR][DEBUG] bonding_curve=no context: slot=399369142 blockTime=1770744717 err=None
[CREATOR][DEBUG] validation_notes=['could not scope create_outer_index; scanning top-level only', 'mint not created/initialized in this tx (likely pool-init or swap)']
[CREATOR][DEBUG] bonding_curve=no context: slot=399369142 blockTime=1770744717 err=None
[CREATOR][DEBUG] validation_notes=['could not scope create_outer_index; scanning top-level only', 'mint not created/initialized in this tx (likely pool-init or swap)']
[CREATOR][DEBUG] bonding_curve=no context: slot=399369142 blockTime=1770744717 err=None
[CREATOR][DEBUG] validation_notes=['could not scope create_outer_index; scanning top-level only', 'mint not created/initialized in this tx (likely pool-init or swap)']
[CREATOR][DEBUG] bonding_curve=no context: slot=399369143 blockTime=1770744717 err=None
[CREATOR][DEBUG] validation_notes=['could not scope create_outer_index; scanning top-level only', 'mint not created/initialized in this tx (likely pool-init or swap)']
[CREATOR][DEBUG] bonding_curve=no context: slot=399369143 blockTime=1770744717 err=None
[CREATOR][DEBUG] validation_notes=['could not scope create_outer_index; scanning top-level only', 'mint not created/initialized in this tx (likely pool-init or swap)']
[CREATOR] Page 1: checked=80/763 candidates (budget=80), no strict CREATE yet
[CREATOR] Page 2: prefilter candidates=805 (checking first 80), skipped_post_migration=0, skipped_errored=195
[CREATOR][DEBUG] bonding_curve=no context: slot=399369017 blockTime=1770744665 err=None
[CREATOR][DEBUG] validation_notes=['could not scope create_outer_index; scanning top-level only', 'mint not created/initialized in this tx (likely pool-init or swap)']
[CREATOR][DEBUG] bonding_curve=no context: slot=399369017 blockTime=1770744665 err=None
[CREATOR][DEBUG] validation_notes=['could not scope create_outer_index; scanning top-level only', 'mint not created/initialized in this tx (likely pool-init or swap)']
[CREATOR][DEBUG] bonding_curve=no context: slot=399369017 blockTime=1770744665 err=None
[CREATOR][DEBUG] validation_notes=['could not scope create_outer_index; scanning top-level only', 'mint not created/initialized in this tx (likely pool-init or swap)']
[CREATOR][DEBUG] bonding_curve=no context: slot=399369017 blockTime=1770744665 err=None
[CREATOR][DEBUG] validation_notes=['could not scope create_outer_index; scanning top-level only', 'mint not created/initialized in this tx (likely pool-init or swap)']
[CREATOR][DEBUG] bonding_curve=no context: slot=399369017 blockTime=1770744665 err=None
[CREATOR][DEBUG] validation_notes=['could not scope create_outer_index; scanning top-level only', 'mint not created/initialized in this tx (likely pool-init or swap)']
[CREATOR][DEBUG] bonding_curve=no context: slot=399369017 blockTime=1770744665 err=None
[CREATOR][DEBUG] validation_notes=['mint not created/initialized in this tx (likely pool-init or swap)']
[CREATOR][DEBUG] bonding_curve=no context: slot=399369018 blockTime=1770744665 err=None
[CREATOR][DEBUG] validation_notes=['mint not created/initialized in this tx (likely pool-init or swap)']
[CREATOR][DEBUG] bonding_curve=no context: slot=399369018 blockTime=1770744665 err=None
[CREATOR][DEBUG] validation_notes=['could not scope create_outer_index; scanning top-level only', 'mint not created/initialized in this tx (likely pool-init or swap)']
[CREATOR][DEBUG] bonding_curve=no context: slot=399369019 blockTime=1770744666 err=None
[CREATOR][DEBUG] validation_notes=['could not scope create_outer_index; scanning top-level only', 'mint not created/initialized in this tx (likely pool-init or swap)']
[CREATOR][DEBUG] bonding_curve=no context: slot=399369019 blockTime=1770744666 err=None
[CREATOR][DEBUG] validation_notes=['could not scope create_outer_index; scanning top-level only', 'mint not created/initialized in this tx (likely pool-init or swap)']
[CREATOR][DEBUG] bonding_curve=no context: slot=399369019 blockTime=1770744666 err=None
[CREATOR][DEBUG] validation_notes=['could not scope create_outer_index; scanning top-level only', 'mint not created/initialized in this tx (likely pool-init or swap)']
[CREATOR][DEBUG] bonding_curve=no context: slot=399369020 blockTime=1770744666 err=None
[CREATOR][DEBUG] validation_notes=['mint not created/initialized in this tx (likely pool-init or swap)']
[CREATOR][DEBUG] bonding_curve=no context: slot=399369020 blockTime=1770744666 err=None
[CREATOR][DEBUG] validation_notes=['could not scope create_outer_index; scanning top-level only', 'mint not created/initialized in this tx (likely pool-init or swap)']
[CREATOR][DEBUG] bonding_curve=no context: slot=399369020 blockTime=1770744666 err=None
[CREATOR][DEBUG] validation_notes=['could not scope create_outer_index; scanning top-level only', 'mint not created/initialized in this tx (likely pool-init or swap)']
[CREATOR][DEBUG] bonding_curve=no context: slot=399369020 blockTime=1770744666 err=None
[CREATOR][DEBUG] validation_notes=['could not scope create_outer_index; scanning top-level only', 'mint not created/initialized in this tx (likely pool-init or swap)']
[CREATOR][DEBUG] bonding_curve=no context: slot=399369020 blockTime=1770744666 err=None
[CREATOR][DEBUG] validation_notes=['could not scope create_outer_index; scanning top-level only', 'mint not created/initialized in this tx (likely pool-init or swap)']
[CREATOR][DEBUG] bonding_curve=no context: slot=399369020 blockTime=1770744666 err=None
[CREATOR][DEBUG] validation_notes=['could not scope create_outer_index; scanning top-level only', 'mint not created/initialized in this tx (likely pool-init or swap)']
[CREATOR][DEBUG] bonding_curve=no context: slot=399369020 blockTime=1770744666 err=None
[CREATOR][DEBUG] validation_notes=['could not scope create_outer_index; scanning top-level only', 'mint not created/initialized in this tx (likely pool-init or swap)']
[CREATOR][DEBUG] bonding_curve=no context: slot=399369020 blockTime=1770744666 err=None
[CREATOR][DEBUG] validation_notes=['could not scope create_outer_index; scanning top-level only', 'mint not created/initialized in this tx (likely pool-init or swap)']
[CREATOR][DEBUG] bonding_curve=no context: slot=399369020 blockTime=1770744666 err=None
[CREATOR][DEBUG] validation_notes=['could not scope create_outer_index; scanning top-level only', 'mint not created/initialized in this tx (likely pool-init or swap)']
[CREATOR][DEBUG] bonding_curve=no context: slot=399369020 blockTime=1770744666 err=None
[CREATOR][DEBUG] validation_notes=['could not scope create_outer_index; scanning top-level only', 'mint not created/initialized in this tx (likely pool-init or swap)']
[CREATOR][DEBUG] bonding_curve=no context: slot=399369020 blockTime=1770744666 err=None
[CREATOR][DEBUG] validation_notes=['could not scope create_outer_index; scanning top-level only', 'mint not created/initialized in this tx (likely pool-init or swap)']
[CREATOR][DEBUG] bonding_curve=no context: slot=399369020 blockTime=1770744666 err=None
[CREATOR][DEBUG] validation_notes=['could not scope create_outer_index; scanning top-level only', 'mint not created/initialized in this tx (likely pool-init or swap)']
[CREATOR][DEBUG] bonding_curve=no context: slot=399369020 blockTime=1770744666 err=None
[CREATOR][DEBUG] validation_notes=['could not scope create_outer_index; scanning top-level only', 'mint not created/initialized in this tx (likely pool-init or swap)']
[CREATOR][DEBUG] bonding_curve=no context: slot=399369020 blockTime=1770744666 err=None
[CREATOR][DEBUG] validation_notes=['could not scope create_outer_index; scanning top-level only', 'mint not created/initialized in this tx (likely pool-init or swap)']
[CREATOR][DEBUG] bonding_curve=no context: slot=399369020 blockTime=1770744666 err=None
[CREATOR][DEBUG] validation_notes=['could not scope create_outer_index; scanning top-level only', 'mint not created/initialized in this tx (likely pool-init or swap)']
[CREATOR][DEBUG] bonding_curve=no context: slot=399369021 blockTime=1770744667 err=None
[CREATOR][DEBUG] validation_notes=['mint not created/initialized in this tx (likely pool-init or swap)']
[CREATOR][DEBUG] bonding_curve=no context: slot=399369021 blockTime=1770744667 err=None
[CREATOR][DEBUG] validation_notes=['could not scope create_outer_index; scanning top-level only', 'mint not created/initialized in this tx (likely pool-init or swap)']
[CREATOR][DEBUG] bonding_curve=no context: slot=399369021 blockTime=1770744667 err=None
[CREATOR][DEBUG] validation_notes=['mint not created/initialized in this tx (likely pool-init or swap)']
[CREATOR] Page 2: checked=80/805 candidates (budget=80), no strict CREATE yet
[CREATOR] Page 3: prefilter candidates=95 (checking first 80), skipped_post_migration=0, skipped_errored=42
[CREATOR][DEBUG] bonding_curve=no context: slot=399368998 blockTime=1770744657 err=None
[CREATOR][DEBUG] validation_notes=['mint not created/initialized in this tx (likely pool-init or swap)']
[CREATOR][DEBUG] bonding_curve=no context: slot=399369000 blockTime=1770744659 err=None
[CREATOR][DEBUG] validation_notes=['mint not created/initialized in this tx (likely pool-init or swap)']
[CREATOR][DEBUG] bonding_curve=no context: slot=399369001 blockTime=1770744659 err=None
[CREATOR][DEBUG] validation_notes=['could not scope create_outer_index; scanning top-level only', 'mint not created/initialized in this tx (likely pool-init or swap)']
[CREATOR][DEBUG] bonding_curve=no context: slot=399369001 blockTime=1770744659 err=None
[CREATOR][DEBUG] validation_notes=['could not scope create_outer_index; scanning top-level only', 'mint not created/initialized in this tx (likely pool-init or swap)']
[CREATOR][DEBUG] bonding_curve=no context: slot=399369001 blockTime=1770744659 err=None
[CREATOR][DEBUG] validation_notes=['could not scope create_outer_index; scanning top-level only', 'mint not created/initialized in this tx (likely pool-init or swap)']
[CREATOR][DEBUG] bonding_curve=no context: slot=399369002 blockTime=1770744659 err=None
[CREATOR][DEBUG] validation_notes=['mint not created/initialized in this tx (likely pool-init or swap)']
[CREATOR][DEBUG] bonding_curve=no context: slot=399369003 blockTime=1770744659 err=None
[CREATOR][DEBUG] validation_notes=['could not scope create_outer_index; scanning top-level only', 'mint not created/initialized in this tx (likely pool-init or swap)']
[CREATOR][DEBUG] bonding_curve=no context: slot=399369003 blockTime=1770744659 err=None
[CREATOR][DEBUG] validation_notes=['could not scope create_outer_index; scanning top-level only', 'mint not created/initialized in this tx (likely pool-init or swap)']
[CREATOR][DEBUG] bonding_curve=no context: slot=399369003 blockTime=1770744659 err=None
[CREATOR][DEBUG] validation_notes=['could not scope create_outer_index; scanning top-level only', 'mint not created/initialized in this tx (likely pool-init or swap)']
[CREATOR][DEBUG] bonding_curve=no context: slot=399369003 blockTime=1770744659 err=None
[CREATOR][DEBUG] validation_notes=['could not scope create_outer_index; scanning top-level only', 'mint not created/initialized in this tx (likely pool-init or swap)']
[CREATOR][DEBUG] bonding_curve=no context: slot=399369003 blockTime=1770744659 err=None
[CREATOR][DEBUG] validation_notes=['mint not created/initialized in this tx (likely pool-init or swap)']
[CREATOR][DEBUG] bonding_curve=no context: slot=399369003 blockTime=1770744659 err=None
[CREATOR][DEBUG] validation_notes=['could not scope create_outer_index; scanning top-level only', 'mint not created/initialized in this tx (likely pool-init or swap)']
[CREATOR][DEBUG] bonding_curve=no context: slot=399369003 blockTime=1770744659 err=None
[CREATOR][DEBUG] validation_notes=['could not scope create_outer_index; scanning top-level only', 'mint not created/initialized in this tx (likely pool-init or swap)']
[CREATOR][DEBUG] bonding_curve=no context: slot=399369007 blockTime=1770744661 err=None
[CREATOR][DEBUG] validation_notes=['could not scope create_outer_index; scanning top-level only', 'mint not created/initialized in this tx (likely pool-init or swap)']
[CREATOR][DEBUG] bonding_curve=no context: slot=399369008 blockTime=1770744661 err=None
[CREATOR][DEBUG] validation_notes=['could not scope create_outer_index; scanning top-level only', 'mint not created/initialized in this tx (likely pool-init or swap)']
[CREATOR][DEBUG] bonding_curve=no context: slot=399369009 blockTime=1770744662 err=None
[CREATOR][DEBUG] validation_notes=['mint not created/initialized in this tx (likely pool-init or swap)']
[CREATOR][DEBUG] bonding_curve=no context: slot=399369010 blockTime=1770744662 err=None
[CREATOR][DEBUG] validation_notes=['could not scope create_outer_index; scanning top-level only', 'mint not created/initialized in this tx (likely pool-init or swap)']
[CREATOR][DEBUG] bonding_curve=no context: slot=399369011 blockTime=1770744663 err=None
[CREATOR][DEBUG] validation_notes=['mint not created/initialized in this tx (likely pool-init or swap)']
[CREATOR][DEBUG] bonding_curve=no context: slot=399369012 blockTime=1770744663 err=None
[CREATOR][DEBUG] validation_notes=['could not scope create_outer_index; scanning top-level only', 'mint not created/initialized in this tx (likely pool-init or swap)']
[CREATOR][DEBUG] bonding_curve=no context: slot=399369012 blockTime=1770744663 err=None
[CREATOR][DEBUG] validation_notes=['mint not created/initialized in this tx (likely pool-init or swap)']
[CREATOR][DEBUG] bonding_curve=no context: slot=399369013 blockTime=1770744663 err=None
[CREATOR][DEBUG] validation_notes=['mint not created/initialized in this tx (likely pool-init or swap)']
[CREATOR] Page 3: checked=80/95 candidates (budget=80), no strict CREATE yet
[CREATOR] ✅ Reached true end of mint history after 4 pages
[CREATOR] ❌ No STRICT CREATE transaction found for mint
[SETTINGS] Token history ✅ ON - analyzing creator behavior from token history
[SETTINGS] Creator history ✅ ON - analyzing creator network and funding
[ANALYZER] 🔍 Analyzing post-migration 3QoEniXhecRMhR4E5qPrAPLfZAwzQH7rJXD3SeCxpump
[ANALYZER_INIT] Token: 3QoEniXhecRMhR4E5qPrAPLfZAwzQH7rJXD3SeCxpump
[ANALYZER_INIT] RPC: https://mainnet.helius-rpc.com/?api-key=a132b19d-9b44-4c71-8e6f-d320d9f351c6
[STREAM] Starting post-migration analysis for 3QoEniXhecRMhR4E5qPrAPLfZAwzQH7rJXD3SeCxpump
[SIG_FETCH] Page 1: +803 (total: 803)
[SIG_FETCH] ✓ Final page retrieved (<1000)
[SIG_FETCH] ✅ Total signatures fetched: 803
[STREAM] Fetched 803 signatures, starting async fetch...
[ASYNC] 15/803 | ok=15 (100.0%) | fail=0
[ASYNC] 30/803 | ok=30 (100.0%) | fail=0
[FETCH_TX] Retrying 5AhdErKxXrhd... (5/10)
[FETCH_TX] Retrying 5upzoSGLmiRd... (5/10)
[FETCH_TX] Retrying 3XKwH9HeeSue... (5/10)
[FETCH_TX] Retrying 3MoE1RkQe1s7... (5/10)
[FETCH_TX] Retrying 4sGhyzPc4u1t... (5/10)
[FETCH_TX] Retrying 3xKD19XEwPdj... (5/10)
[FETCH_TX] Retrying 2Yeukzz3rF1Z... (5/10)
[FETCH_TX] Retrying 3bJDWfAtpqiM... (5/10)
[FETCH_TX] Retrying 5mVscVm4w95q... (5/10)
[FETCH_TX] Retrying 4DnD9gCx4DUm... (5/10)
[FETCH_TX] Retrying 2izRURYP1kWi... (5/10)
[FETCH_TX] Retrying 5kiEzbtUdi3Q... (5/10)
[FETCH_TX] Retrying 58t6VRPsY9Eo... (5/10)
[FETCH_TX] Retrying 4YU9cARDDSi8... (5/10)
[CREATOR_WATCH]    EFcGBtCmQ7QvB34p... → 33 new funding txs
[FETCH_TX] Retrying 2QuawkSPQxTQ... (5/10)
[ASYNC] 45/803 | ok=45 (100.0%) | fail=0
[ASYNC] 60/803 | ok=60 (100.0%) | fail=0
[FETCH_TX] Retrying 381uwDcdNSEL... (5/10)
[ASYNC] 75/803 | ok=75 (100.0%) | fail=0
[FETCH_TX] Retrying 4Y6WLovRccF9... (5/10)
[FETCH_TX] Retrying 2Fx74kTswmUY... (5/10)
[ASYNC] 90/803 | ok=90 (100.0%) | fail=0
[FETCH_TX] Retrying 3WDzwDw4jeV1... (5/10)
[ASYNC] 105/803 | ok=105 (100.0%) | fail=0
[FETCH_TX] Retrying 3x3T1UUeffdq... (5/10)
[FETCH_TX] Retrying 2nh8tCMFRS5c... (5/10)
[ASYNC] 120/803 | ok=120 (100.0%) | fail=0
[FETCH_TX] Retrying 48t4nA4PbvXj... (5/10)
[FETCH_TX] Retrying 4ncRRTdbomzx... (5/10)
[ASYNC] 135/803 | ok=135 (100.0%) | fail=0
[ASYNC] 150/803 | ok=150 (100.0%) | fail=0
[FETCH_TX] Retrying FoZJ9AW9kkPr... (5/10)
[ASYNC] 165/803 | ok=165 (100.0%) | fail=0
[FETCH_TX] Retrying 4hYXyEmiWc3k... (5/10)
[FETCH_TX] Retrying 65w5WxwGtiv4... (5/10)
[FETCH_TX] Retrying 4UfU7hoCGp26... (5/10)
[ASYNC] 180/803 | ok=180 (100.0%) | fail=0
[FETCH_TX] Retrying 3yNb269LLP6M... (5/10)
[ASYNC] 195/803 | ok=195 (100.0%) | fail=0
[FETCH_TX] Retrying 2WUDMGokZpMd... (5/10)
[ASYNC] 210/803 | ok=210 (100.0%) | fail=0
[ASYNC] 225/803 | ok=225 (100.0%) | fail=0
[FETCH_TX] Retrying 22u6jWbGkXKo... (5/10)
[FETCH_TX] Retrying 4VPSX9RKst8n... (5/10)
[FETCH_TX] Retrying wHHDoaMPvcdC... (5/10)
[FETCH_TX] Retrying 2EJtfKE4qHWg... (5/10)
[FETCH_TX] Retrying 5DLq45RiAC45... (5/10)
[FETCH_TX] Retrying 3k3grF1koJtL... (5/10)
[FETCH_TX] Retrying 2yG6gBsgx1Ly... (5/10)
[ASYNC] 240/803 | ok=240 (100.0%) | fail=0
[FETCH_TX] Retrying h4e6StvyNHvQ... (5/10)
[ASYNC] 255/803 | ok=255 (100.0%) | fail=0
[ASYNC] 270/803 | ok=270 (100.0%) | fail=0
[ASYNC] 285/803 | ok=285 (100.0%) | fail=0
[FETCH_TX] Retrying 46GQNigtE9WX... (5/10)
[FETCH_TX] Retrying bw2izikKtb2o... (5/10)
[FETCH_TX] Retrying ZekQrzmLCcCS... (5/10)
[ASYNC] 300/803 | ok=300 (100.0%) | fail=0
[FETCH_TX] Retrying 4wnec2A6Pq1i... (5/10)
[ASYNC] 315/803 | ok=311 (98.7%) | fail=4
[FETCH_TX] Retrying 2mo5JVwaWuSd... (5/10)
[ASYNC] 330/803 | ok=326 (98.8%) | fail=4
[FETCH_TX] Retrying 5RsrCbNegwuX... (5/10)
[FETCH_TX] Retrying ijns4RG9Lb86... (5/10)
[FETCH_TX] Retrying 5xz8vRBrpHuZ... (5/10)
[FETCH_TX] Retrying 3drWngvE5Y8A... (5/10)
[FETCH_TX] Retrying m1yd3KoeqPUt... (5/10)
[FETCH_TX] Retrying eW86Nbv5iJ1E... (5/10)
[FETCH_TX] Retrying 5cWgLzbZsmAm... (5/10)
[FETCH_TX] Retrying 3eRJfSAUbQgM... (5/10)
[ASYNC] 345/803 | ok=341 (98.8%) | fail=4
[FETCH_TX] Retrying 4M3Pkw6vUPCf... (5/10)
[ASYNC] 360/803 | ok=356 (98.9%) | fail=4
[FETCH_TX] Retrying 2SCMA6gwd1vG... (5/10)
[FETCH_TX] Retrying 36LVuZkDiEmx... (5/10)
[FETCH_TX] Retrying 2nkuCNXEX879... (5/10)
[FETCH_TX] Retrying 5fmdBNiaQRPA... (5/10)
[FETCH_TX] Retrying 5sdFcJDa8KJ4... (5/10)
[ASYNC] 375/803 | ok=371 (98.9%) | fail=4
[FETCH_TX] Retrying 4Z59SwFqhyc2... (5/10)
[FETCH_TX] Retrying dpCQPiHTUDHC... (5/10)
[FETCH_TX] Retrying 4U5GAuSXzzpi... (5/10)
[FETCH_TX] Retrying 5Nh9WKbjwv1P... (5/10)
[ASYNC] 390/803 | ok=386 (99.0%) | fail=4
[FETCH_TX] Retrying 3dxZyr4xoK5w... (5/10)
[FETCH_TX] Retrying 8fqui8T9SqgU... (5/10)
[FETCH_TX] Retrying 3Ajj515B78Pa... (5/10)
[FETCH_TX] Retrying 4wgfjWLzLJGD... (5/10)
[ASYNC] 405/803 | ok=401 (99.0%) | fail=4
[FETCH_TX] Retrying 5pX7mJQmWBMg... (5/10)
[FETCH_TX] Retrying 5K5dg8JULwsV... (5/10)
[FETCH_TX] Retrying 2RpKj6kerYGu... (5/10)
[FETCH_TX] Retrying 3JW3bKb4jGnQ... (5/10)
[ASYNC] 420/803 | ok=416 (99.0%) | fail=4
[FETCH_TX] Retrying SnAxHU7Y5DrA... (5/10)
[FETCH_TX] Retrying 5kc8zHS7c6h2... (5/10)
[ASYNC] 435/803 | ok=431 (99.1%) | fail=4
[FETCH_TX] Retrying MHYcYyLWtHg9... (5/10)
[ASYNC] 450/803 | ok=446 (99.1%) | fail=4
[WEBSOCKET] 🚨 Migration #8 detected: 4bX3MD7qkz8Tw2yPyy7MfvWQJucHUQfr3dxNaHvzr9K84tKcBGt5qFhZCRQU2az7UVcsdSSaCKVQNYeRiK8McSZh
[FETCH_TX] Retrying 3AgeowGn8LFe... (5/10)
[MINT] 📝 Transaction indexing delay, retry 1/12...
[FETCH_TX] Retrying 58MwfPVZN8dD... (5/10)
[FETCH_TX] Retrying RSsgk6ZE3wEm... (5/10)
[MINT] 📝 Transaction indexing delay, retry 2/12...
[FETCH_TX] Retrying We4Es7wUJRBP... (5/10)
[MINT] 📝 Transaction indexing delay, retry 3/12...
[FETCH_TX] Retrying 4XVuRzXbaN9P... (5/10)
[MINT] 📝 Transaction indexing delay, retry 4/12...
[ASYNC] 465/803 | ok=461 (99.1%) | fail=4
[FETCH_TX] Retrying 4CQTqGUk15pN... (5/10)
[MINT] 📝 Transaction indexing delay, retry 5/12...
[FETCH_TX] Retrying ndJbyamzpkfz... (5/10)
[ASYNC] 480/803 | ok=476 (99.2%) | fail=4
[MINT] 📝 Transaction indexing delay, retry 6/12...
[FETCH_TX] Retrying 4EptJokgCcKp... (5/10)
[FETCH_TX] Retrying 4qppBApr788t... (5/10)
[FETCH_TX] Retrying 51KYTSd57PA2... (5/10)
[FETCH_TX] Retrying 3wwAmjvXWJzB... (5/10)
[EVENT] 🚀 MIGRATION DETECTED: H4whjHBnmnko9dEXT75z2MnCCF7pzmoj6hBesKxBpump
[EVENT] Migration signature: 4bX3MD7qkz8Tw2yPyy7MfvWQJucHUQfr3dxNaHvzr9K84tKcBGt5qFhZCRQU2az7UVcsdSSaCKVQNYeRiK8McSZh
[DB] ✅ Created minimal token entry for H4whjHBnmnko9dEXT75z2MnCCF7pzmoj6hBesKxBpump
[FETCH_TX] Retrying 2iX4dD7bSyjn... (5/10)
[PRICE] ✅ Initial price fetched: $2.81e-05 | Market Cap: $2.81e+04 | Source: dexscreener
[ANALYZER_INIT] Token: H4whjHBnmnko9dEXT75z2MnCCF7pzmoj6hBesKxBpump
[ANALYZER_INIT] RPC: https://mainnet.helius-rpc.com/?api-key=a132b19d-9b44-4c71-8e6f-d320d9f351c6
[CREATOR] Extracting bonding curve from *strict* CREATE tx for H4whjHBnmnko9dEXT75z...
[CREATOR] Page 1: prefilter candidates=780 (checking first 80), skipped_post_migration=0, skipped_errored=220
[CREATOR][DEBUG] bonding_curve=no context: slot=399369218 blockTime=1770744748 err=None
[CREATOR][DEBUG] validation_notes=['mint not created/initialized in this tx (likely pool-init or swap)']
[CREATOR] Oldest#1 22MbWacixcpvQd6a... strict_create=False mint_create=False mint_init=False bonding_curve=no
[FETCH_TX] Retrying 3HKWmVdc1qra... (5/10)
[ASYNC] 495/803 | ok=491 (99.2%) | fail=4
[CREATOR][DEBUG] bonding_curve=no context: slot=399369220 blockTime=1770744749 err=None
[CREATOR][DEBUG] validation_notes=['could not scope create_outer_index; scanning top-level only', 'mint not created/initialized in this tx (likely pool-init or swap)']
[CREATOR] Oldest#2 4g4YtfUcBEHwFnK6... strict_create=False mint_create=False mint_init=False bonding_curve=no
[CREATOR][DEBUG] bonding_curve=no context: slot=399369226 blockTime=1770744751 err=None
[CREATOR][DEBUG] validation_notes=['could not scope create_outer_index; scanning top-level only', 'mint not created/initialized in this tx (likely pool-init or swap)']
[CREATOR] Oldest#3 2t4Hu1VAiLiMCWPM... strict_create=False mint_create=False mint_init=False bonding_curve=no
[FETCH_TX] Retrying 4hJiTTYk1ZpZ... (5/10)
[CREATOR][DEBUG] bonding_curve=no context: slot=399369227 blockTime=1770744751 err=None
[CREATOR][DEBUG] validation_notes=['could not scope create_outer_index; scanning top-level only', 'mint not created/initialized in this tx (likely pool-init or swap)']
[CREATOR] Oldest#4 5LyKhaaosZ2tfEYh... strict_create=False mint_create=False mint_init=False bonding_curve=no
[ASYNC] 510/803 | ok=505 (99.0%) | fail=5
[CREATOR][DEBUG] bonding_curve=no context: slot=399369234 blockTime=1770744754 err=None
[CREATOR][DEBUG] validation_notes=['could not scope create_outer_index; scanning top-level only', 'mint not created/initialized in this tx (likely pool-init or swap)']
[CREATOR] Oldest#5 jh95eZf2SyFiz8bt... strict_create=False mint_create=False mint_init=False bonding_curve=no
[CREATOR][DEBUG] bonding_curve=no context: slot=399369236 blockTime=1770744755 err=None
[CREATOR][DEBUG] validation_notes=['could not scope create_outer_index; scanning top-level only', 'mint not created/initialized in this tx (likely pool-init or swap)']
[CREATOR][DEBUG] bonding_curve=no context: slot=399369239 blockTime=1770744757 err=None
[CREATOR][DEBUG] validation_notes=['mint not created/initialized in this tx (likely pool-init or swap)']
[FETCH_TX] Retrying 2aNFCRNoDDNv... (5/10)
[CREATOR][DEBUG] bonding_curve=no context: slot=399369242 blockTime=1770744757 err=None
[CREATOR][DEBUG] validation_notes=['could not scope create_outer_index; scanning top-level only', 'mint not created/initialized in this tx (likely pool-init or swap)']
[FETCH_TX] Retrying fDaDo5jDoJmp... (5/10)
[CREATOR][DEBUG] bonding_curve=no context: slot=399369244 blockTime=1770744758 err=None
[CREATOR][DEBUG] validation_notes=['could not scope create_outer_index; scanning top-level only', 'mint not created/initialized in this tx (likely pool-init or swap)']
[FETCH_TX] Retrying 3sT84r19T8Mp... (5/10)
[CREATOR][DEBUG] bonding_curve=no context: slot=399369246 blockTime=1770744759 err=None
[CREATOR][DEBUG] validation_notes=['could not scope create_outer_index; scanning top-level only', 'mint not created/initialized in this tx (likely pool-init or swap)']
[CREATOR][DEBUG] bonding_curve=no context: slot=399369248 blockTime=1770744759 err=None
[CREATOR][DEBUG] validation_notes=['could not scope create_outer_index; scanning top-level only', 'mint not created/initialized in this tx (likely pool-init or swap)']
[ASYNC] 525/803 | ok=519 (98.9%) | fail=6
[CREATOR][DEBUG] bonding_curve=no context: slot=399369255 blockTime=1770744762 err=None
[CREATOR][DEBUG] validation_notes=['could not scope create_outer_index; scanning top-level only', 'mint not created/initialized in this tx (likely pool-init or swap)']
[FETCH_TX] Retrying CrYCtPYDfdK7... (5/10)
[FETCH_TX] Retrying 4dUhu3jdbzZq... (5/10)
[CREATOR][DEBUG] bonding_curve=no context: slot=399369257 blockTime=1770744763 err=None
[CREATOR][DEBUG] validation_notes=['could not scope create_outer_index; scanning top-level only', 'mint not created/initialized in this tx (likely pool-init or swap)']
[FETCH_TX] Retrying 5ojWAetDTH2S... (5/10)
[CREATOR][DEBUG] bonding_curve=no context: slot=399369265 blockTime=1770744766 err=None
[CREATOR][DEBUG] validation_notes=['could not scope create_outer_index; scanning top-level only', 'mint not created/initialized in this tx (likely pool-init or swap)']
[FETCH_TX] Retrying 3STZomxBhTN7... (5/10)
[CREATOR][DEBUG] bonding_curve=no context: slot=399369270 blockTime=1770744768 err=None
[CREATOR][DEBUG] validation_notes=['could not scope create_outer_index; scanning top-level only', 'mint not created/initialized in this tx (likely pool-init or swap)']
[FETCH_TX] Retrying a8UFEzAHaxPF... (5/10)
[CREATOR][DEBUG] bonding_curve=no context: slot=399369273 blockTime=1770744769 err=None
[CREATOR][DEBUG] validation_notes=['could not scope create_outer_index; scanning top-level only', 'mint not created/initialized in this tx (likely pool-init or swap)']
[CREATOR][DEBUG] bonding_curve=no context: slot=399369275 blockTime=1770744770 err=None
[CREATOR][DEBUG] validation_notes=['could not scope create_outer_index; scanning top-level only', 'mint not created/initialized in this tx (likely pool-init or swap)']
[CREATOR] Page 1: checked=80/780 candidates (budget=80), no strict CREATE yet
[CREATOR] Page 2: prefilter candidates=800 (checking first 80), skipped_post_migration=0, skipped_errored=200
[CREATOR][DEBUG] bonding_curve=no context: slot=399368945 blockTime=1770744636 err=None
[CREATOR][DEBUG] validation_notes=['mint not created/initialized in this tx (likely pool-init or swap)']
[ASYNC] 540/803 | ok=533 (98.7%) | fail=7
[FETCH_TX] Retrying 3PcBmmHaTdM8... (5/10)
[CREATOR][DEBUG] bonding_curve=no context: slot=399368946 blockTime=1770744636 err=None
[CREATOR][DEBUG] validation_notes=['could not scope create_outer_index; scanning top-level only', 'mint not created/initialized in this tx (likely pool-init or swap)']
[CREATOR][DEBUG] bonding_curve=no context: slot=399368950 blockTime=1770744638 err=None
[CREATOR][DEBUG] validation_notes=['could not scope create_outer_index; scanning top-level only', 'mint not created/initialized in this tx (likely pool-init or swap)']
[FETCH_TX] Retrying 3gM5g9Pav2DC... (5/10)
[CREATOR][DEBUG] bonding_curve=no context: slot=399368951 blockTime=1770744638 err=None
[CREATOR][DEBUG] validation_notes=['could not scope create_outer_index; scanning top-level only', 'mint not created/initialized in this tx (likely pool-init or swap)']
[FETCH_TX] Retrying oFMe4TqMFdAR... (5/10)
[CREATOR_WATCH]    W7yA3E9f13HWLrZY... → 261 new funding txs
[CREATOR][DEBUG] bonding_curve=no context: slot=399368952 blockTime=1770744639 err=None
[CREATOR][DEBUG] validation_notes=['could not scope create_outer_index; scanning top-level only', 'mint not created/initialized in this tx (likely pool-init or swap)']
[CREATOR][DEBUG] bonding_curve=no context: slot=399368957 blockTime=1770744641 err=None
[CREATOR][DEBUG] validation_notes=['mint not created/initialized in this tx (likely pool-init or swap)']
[FETCH_TX] Retrying 37ELotXNWoH4... (5/10)
[CREATOR][DEBUG] bonding_curve=no context: slot=399368958 blockTime=1770744641 err=None
[CREATOR][DEBUG] validation_notes=['could not scope create_outer_index; scanning top-level only', 'mint not created/initialized in this tx (likely pool-init or swap)']
[CREATOR][DEBUG] bonding_curve=no context: slot=399368959 blockTime=1770744641 err=None
[CREATOR][DEBUG] validation_notes=['could not scope create_outer_index; scanning top-level only', 'mint not created/initialized in this tx (likely pool-init or swap)']
[FETCH_TX] Retrying 8wpdL1XeFmqJ... (5/10)
[CREATOR][DEBUG] bonding_curve=no context: slot=399368961 blockTime=1770744642 err=None
[CREATOR][DEBUG] validation_notes=['could not scope create_outer_index; scanning top-level only', 'mint not created/initialized in this tx (likely pool-init or swap)']
[CREATOR][DEBUG] bonding_curve=no context: slot=399368966 blockTime=1770744644 err=None
[CREATOR][DEBUG] validation_notes=['could not scope create_outer_index; scanning top-level only', 'mint not created/initialized in this tx (likely pool-init or swap)']
[CREATOR][DEBUG] bonding_curve=no context: slot=399368968 blockTime=1770744645 err=None
[CREATOR][DEBUG] validation_notes=['could not scope create_outer_index; scanning top-level only', 'mint not created/initialized in this tx (likely pool-init or swap)']
[FETCH_TX] Retrying 59z8r78FU9zi... (5/10)
[FETCH_TX] Retrying 4FQFF89tY2hQ... (5/10)
[CREATOR][DEBUG] bonding_curve=no context: slot=399368971 blockTime=1770744646 err=None
[CREATOR][DEBUG] validation_notes=['could not scope create_outer_index; scanning top-level only', 'mint not created/initialized in this tx (likely pool-init or swap)']
[FETCH_TX] Retrying 2964PKbxfoeD... (5/10)
[CREATOR][DEBUG] bonding_curve=no context: slot=399368975 blockTime=1770744648 err=None
[CREATOR][DEBUG] validation_notes=['could not scope create_outer_index; scanning top-level only', 'mint not created/initialized in this tx (likely pool-init or swap)']
[ASYNC] 555/803 | ok=547 (98.6%) | fail=8
[CREATOR][DEBUG] bonding_curve=no context: slot=399368977 blockTime=1770744648 err=None
[CREATOR][DEBUG] validation_notes=['could not scope create_outer_index; scanning top-level only', 'mint not created/initialized in this tx (likely pool-init or swap)']
[FETCH_TX] Retrying 2rMt4H9ZnZnY... (5/10)
[FETCH_TX] Retrying 2aDoJism1K1q... (5/10)
[CREATOR][DEBUG] bonding_curve=no context: slot=399368987 blockTime=1770744653 err=None
[CREATOR][DEBUG] validation_notes=['could not scope create_outer_index; scanning top-level only', 'mint not created/initialized in this tx (likely pool-init or swap)']
[CREATOR][DEBUG] bonding_curve=no context: slot=399368992 blockTime=1770744655 err=None
[CREATOR][DEBUG] validation_notes=['could not scope create_outer_index; scanning top-level only', 'mint not created/initialized in this tx (likely pool-init or swap)']
[ASYNC] 570/803 | ok=561 (98.4%) | fail=9
[FETCH_TX] Retrying 5qEKfMv9mgLJ... (5/10)
[CREATOR][DEBUG] bonding_curve=no context: slot=399368993 blockTime=1770744655 err=None
[CREATOR][DEBUG] validation_notes=['mint not created/initialized in this tx (likely pool-init or swap)']
[FETCH_TX] Retrying 2heVxZ84JttW... (5/10)
[FETCH_TX] Retrying 63r6WMZ9zeTF... (5/10)
[CREATOR][DEBUG] bonding_curve=no context: slot=399368993 blockTime=1770744655 err=None
[CREATOR][DEBUG] validation_notes=['could not scope create_outer_index; scanning top-level only', 'mint not created/initialized in this tx (likely pool-init or swap)']
[ASYNC] 585/803 | ok=576 (98.5%) | fail=9
[CREATOR][DEBUG] bonding_curve=no context: slot=399368995 blockTime=1770744656 err=None
[CREATOR][DEBUG] validation_notes=['could not scope create_outer_index; scanning top-level only', 'mint not created/initialized in this tx (likely pool-init or swap)']
[CREATOR] Page 2: checked=80/800 candidates (budget=80), no strict CREATE yet
⚠️  RPC 429, retrying in 2.0s... (1/5)
[FETCH_TX] Retrying 3VCBE5PYa3wd... (5/10)
[FETCH_TX] Retrying 3Xkn9WTS52Jh... (5/10)
[FETCH_TX] Retrying 49t5u2zqRS2C... (5/10)
[CREATOR] Page 3: prefilter candidates=764 (checking first 80), skipped_post_migration=0, skipped_errored=182
[CREATOR][DEBUG] bonding_curve=no context: slot=399368668 blockTime=1770744528 err=None
[CREATOR][DEBUG] validation_notes=['mint not created/initialized in this tx (likely pool-init or swap)']
[FETCH_TX] Retrying YxeXvi1fjirW... (5/10)
[CREATOR][DEBUG] bonding_curve=no context: slot=399368673 blockTime=1770744530 err=None
[CREATOR][DEBUG] validation_notes=['mint not created/initialized in this tx (likely pool-init or swap)']
[FETCH_TX] Retrying 2cVHRqRmeVXv... (5/10)
[CREATOR][DEBUG] bonding_curve=no context: slot=399368675 blockTime=1770744531 err=None
[CREATOR][DEBUG] validation_notes=['mint not created/initialized in this tx (likely pool-init or swap)']
[CREATOR][DEBUG] bonding_curve=no context: slot=399368676 blockTime=1770744531 err=None
[CREATOR][DEBUG] validation_notes=['could not scope create_outer_index; scanning top-level only', 'mint not created/initialized in this tx (likely pool-init or swap)']
[CREATOR][DEBUG] bonding_curve=no context: slot=399368676 blockTime=1770744531 err=None
[CREATOR][DEBUG] validation_notes=['could not scope create_outer_index; scanning top-level only', 'mint not created/initialized in this tx (likely pool-init or swap)']
[FETCH_TX] Retrying vBjgnZwC7zno... (5/10)
[CREATOR][DEBUG] bonding_curve=no context: slot=399368676 blockTime=1770744531 err=None
[CREATOR][DEBUG] validation_notes=['could not scope create_outer_index; scanning top-level only', 'mint not created/initialized in this tx (likely pool-init or swap)']
[FETCH_TX] Retrying 3iEJxLbsPKjR... (5/10)
[CREATOR][DEBUG] bonding_curve=no context: slot=399368677 blockTime=1770744532 err=None
[CREATOR][DEBUG] validation_notes=['mint not created/initialized in this tx (likely pool-init or swap)']
[ASYNC] 600/803 | ok=591 (98.5%) | fail=9
[CREATOR][DEBUG] bonding_curve=no context: slot=399368677 blockTime=1770744532 err=None
[CREATOR][DEBUG] validation_notes=['could not scope create_outer_index; scanning top-level only', 'mint not created/initialized in this tx (likely pool-init or swap)']
[CREATOR][DEBUG] bonding_curve=no context: slot=399368678 blockTime=1770744532 err=None
[CREATOR][DEBUG] validation_notes=['could not scope create_outer_index; scanning top-level only', 'mint not created/initialized in this tx (likely pool-init or swap)']
[CREATOR][DEBUG] bonding_curve=no context: slot=399368678 blockTime=1770744532 err=None
[CREATOR][DEBUG] validation_notes=['mint not created/initialized in this tx (likely pool-init or swap)']
[FETCH_TX] Retrying 5Q1ANAa7reyr... (5/10)
[CREATOR][DEBUG] bonding_curve=no context: slot=399368678 blockTime=1770744532 err=None
[CREATOR][DEBUG] validation_notes=['mint not created/initialized in this tx (likely pool-init or swap)']
[FETCH_TX] Retrying 2KS25YsSnt7Z... (5/10)
[CREATOR][DEBUG] bonding_curve=no context: slot=399368678 blockTime=1770744532 err=None
[CREATOR][DEBUG] validation_notes=['could not scope create_outer_index; scanning top-level only', 'mint not created/initialized in this tx (likely pool-init or swap)']
[CREATOR][DEBUG] bonding_curve=no context: slot=399368678 blockTime=1770744532 err=None
[CREATOR][DEBUG] validation_notes=['could not scope create_outer_index; scanning top-level only', 'mint not created/initialized in this tx (likely pool-init or swap)']
[ASYNC] 615/803 | ok=606 (98.5%) | fail=9
[FETCH_TX] Retrying 4LnsqZeibHxi... (5/10)
[CREATOR][DEBUG] bonding_curve=no context: slot=399368679 blockTime=1770744532 err=None
[CREATOR][DEBUG] validation_notes=['could not scope create_outer_index; scanning top-level only', 'mint not created/initialized in this tx (likely pool-init or swap)']
[FETCH_TX] Retrying 5PkKhucTU21S... (5/10)
[FETCH_TX] Retrying a9TWvVhWrfUo... (5/10)
[CREATOR][DEBUG] bonding_curve=no context: slot=399368680 blockTime=1770744533 err=None
[CREATOR][DEBUG] validation_notes=['could not scope create_outer_index; scanning top-level only', 'mint not created/initialized in this tx (likely pool-init or swap)']
[CREATOR][DEBUG] bonding_curve=no context: slot=399368684 blockTime=1770744534 err=None
[CREATOR][DEBUG] validation_notes=['could not scope create_outer_index; scanning top-level only', 'mint not created/initialized in this tx (likely pool-init or swap)']
[CREATOR][DEBUG] bonding_curve=no context: slot=399368686 blockTime=1770744535 err=None
[CREATOR][DEBUG] validation_notes=['mint not created/initialized in this tx (likely pool-init or swap)']
[CREATOR][DEBUG] bonding_curve=no context: slot=399368687 blockTime=1770744535 err=None
[CREATOR][DEBUG] validation_notes=['could not scope create_outer_index; scanning top-level only', 'mint not created/initialized in this tx (likely pool-init or swap)']
[CREATOR] Page 3: checked=80/764 candidates (budget=80), no strict CREATE yet
[CREATOR] ✅ Reached true end of mint history after 4 pages
[CREATOR] ❌ No STRICT CREATE transaction found for mint
[SETTINGS] Token history ✅ ON - analyzing creator behavior from token history
[SETTINGS] Creator history ✅ ON - analyzing creator network and funding
[ANALYZER] 🔍 Analyzing post-migration H4whjHBnmnko9dEXT75z2MnCCF7pzmoj6hBesKxBpump
[ANALYZER_INIT] Token: H4whjHBnmnko9dEXT75z2MnCCF7pzmoj6hBesKxBpump
[ANALYZER_INIT] RPC: https://mainnet.helius-rpc.com/?api-key=a132b19d-9b44-4c71-8e6f-d320d9f351c6
[STREAM] Starting post-migration analysis for H4whjHBnmnko9dEXT75z2MnCCF7pzmoj6hBesKxBpump
[SIG_FETCH] ✗ All RPC endpoints failed after 0 pages
[SIG_FETCH] ✅ Total signatures fetched: 0
[STREAM] Fetched 0 signatures, starting async fetch...
[STREAM] ⚠ No signatures found
[CREATOR] Extracting bonding curve from *strict* CREATE tx for H4whjHBnmnko9dEXT75z...
⚠️  RPC 429, retrying in 2.0s... (1/5)
[ASYNC] 630/803 | ok=621 (98.6%) | fail=9
⚠️  RPC 429, retrying in 4.0s... (2/5)
[FETCH_TX] Retrying 2pr6RMePZ86C... (5/10)
[FETCH_TX] Retrying 4TmhuL8S3ysT... (5/10)
[ASYNC] 645/803 | ok=636 (98.6%) | fail=9
⚠️  RPC 429, retrying in 8.0s... (3/5)
[FETCH_TX] Retrying 2sq8j77jPpW7... (5/10)
[FETCH_TX] Retrying 3oHJexyZeDnf... (5/10)
[FETCH_TX] Retrying 5GuJAfwoL3YK... (5/10)
[FETCH_TX] Retrying 53GhrztQHt4V... (5/10)
[CREATOR] Page 1: prefilter candidates=775 (checking first 80), skipped_post_migration=0, skipped_errored=225
[CREATOR][DEBUG] bonding_curve=no context: slot=399369932 blockTime=1770745029 err=None
[CREATOR][DEBUG] validation_notes=['mint not created/initialized in this tx (likely pool-init or swap)']
[CREATOR] Oldest#1 2w3QqymP3rdVPLc1... strict_create=False mint_create=False mint_init=False bonding_curve=no
[ASYNC] 660/803 | ok=649 (98.3%) | fail=11
[CREATOR][DEBUG] bonding_curve=no context: slot=399369936 blockTime=1770745030 err=None
[CREATOR][DEBUG] validation_notes=['could not scope create_outer_index; scanning top-level only', 'mint not created/initialized in this tx (likely pool-init or swap)']
[CREATOR] Oldest#2 3FotVQaPGzr478r6... strict_create=False mint_create=False mint_init=False bonding_curve=no
[FETCH_TX] Retrying 4TkmT4Sv42ju... (5/10)
[CREATOR][DEBUG] bonding_curve=no context: slot=399369936 blockTime=1770745030 err=None
[CREATOR][DEBUG] validation_notes=['could not scope create_outer_index; scanning top-level only', 'mint not created/initialized in this tx (likely pool-init or swap)']
[CREATOR] Oldest#3 4EqYQKyvaDozz1YR... strict_create=False mint_create=False mint_init=False bonding_curve=no
[CREATOR][DEBUG] bonding_curve=no context: slot=399369936 blockTime=1770745030 err=None
[CREATOR][DEBUG] validation_notes=['mint not created/initialized in this tx (likely pool-init or swap)']
[CREATOR] Oldest#4 5c1m6tW99wPrVM8h... strict_create=False mint_create=False mint_init=False bonding_curve=no
[CREATOR][DEBUG] bonding_curve=no context: slot=399369936 blockTime=1770745030 err=None
[CREATOR][DEBUG] validation_notes=['could not scope create_outer_index; scanning top-level only', 'mint not created/initialized in this tx (likely pool-init or swap)']
[CREATOR] Oldest#5 2ce2StX37JCCuWxD... strict_create=False mint_create=False mint_init=False bonding_curve=no
[CREATOR][DEBUG] bonding_curve=no context: slot=399369936 blockTime=1770745030 err=None
[CREATOR][DEBUG] validation_notes=['mint not created/initialized in this tx (likely pool-init or swap)']
[CREATOR][DEBUG] bonding_curve=no context: slot=399369937 blockTime=1770745031 err=None
[CREATOR][DEBUG] validation_notes=['could not scope create_outer_index; scanning top-level only', 'mint not created/initialized in this tx (likely pool-init or swap)']
[ASYNC] 675/803 | ok=663 (98.2%) | fail=12
[CREATOR][DEBUG] bonding_curve=no context: slot=399369937 blockTime=1770745031 err=None
[CREATOR][DEBUG] validation_notes=['could not scope create_outer_index; scanning top-level only', 'mint not created/initialized in this tx (likely pool-init or swap)']
[FETCH_TX] Retrying 2YUD1e6HH1zB... (5/10)
[CREATOR][DEBUG] bonding_curve=no context: slot=399369938 blockTime=1770745031 err=None
[CREATOR][DEBUG] validation_notes=['could not scope create_outer_index; scanning top-level only', 'mint not created/initialized in this tx (likely pool-init or swap)']
[FETCH_TX] Retrying 43ntL3HPHKAD... (5/10)
[FETCH_TX] Retrying 4tDPbbmobUQu... (5/10)
[CREATOR][DEBUG] bonding_curve=no context: slot=399369941 blockTime=1770745032 err=None
[CREATOR][DEBUG] validation_notes=['could not scope create_outer_index; scanning top-level only', 'mint not created/initialized in this tx (likely pool-init or swap)']
[ASYNC] 690/803 | ok=678 (98.3%) | fail=12
[CREATOR][DEBUG] bonding_curve=no context: slot=399369942 blockTime=1770745032 err=None
[CREATOR][DEBUG] validation_notes=['mint not created/initialized in this tx (likely pool-init or swap)']
[FETCH_TX] Retrying 3mmSC5GHRNCJ... (5/10)
[CREATOR][DEBUG] bonding_curve=no context: slot=399369945 blockTime=1770745034 err=None
[CREATOR][DEBUG] validation_notes=['could not scope create_outer_index; scanning top-level only', 'mint not created/initialized in this tx (likely pool-init or swap)']
[FETCH_TX] Retrying 5UUJ9rVsATKG... (5/10)
[CREATOR][DEBUG] bonding_curve=no context: slot=399369945 blockTime=1770745034 err=None
[CREATOR][DEBUG] validation_notes=['could not scope create_outer_index; scanning top-level only', 'mint not created/initialized in this tx (likely pool-init or swap)']
[CREATOR][DEBUG] bonding_curve=no context: slot=399369946 blockTime=1770745035 err=None
[CREATOR][DEBUG] validation_notes=['could not scope create_outer_index; scanning top-level only', 'mint not created/initialized in this tx (likely pool-init or swap)']
[CREATOR][DEBUG] bonding_curve=no context: slot=399369947 blockTime=1770745035 err=None
[CREATOR][DEBUG] validation_notes=['could not scope create_outer_index; scanning top-level only', 'mint not created/initialized in this tx (likely pool-init or swap)']
[CREATOR][DEBUG] bonding_curve=no context: slot=399369948 blockTime=1770745036 err=None
[CREATOR][DEBUG] validation_notes=['could not scope create_outer_index; scanning top-level only', 'mint not created/initialized in this tx (likely pool-init or swap)']
[CREATOR][DEBUG] bonding_curve=no context: slot=399369949 blockTime=1770745036 err=None
[CREATOR][DEBUG] validation_notes=['mint not created/initialized in this tx (likely pool-init or swap)']
[FETCH_TX] Retrying 3EPdTCcRjy82... (5/10)
[CREATOR][DEBUG] bonding_curve=no context: slot=399369950 blockTime=1770745036 err=None
[CREATOR][DEBUG] validation_notes=['could not scope create_outer_index; scanning top-level only', 'mint not created/initialized in this tx (likely pool-init or swap)']
[ASYNC] 705/803 | ok=692 (98.2%) | fail=13
[CREATOR][DEBUG] bonding_curve=no context: slot=399369951 blockTime=1770745036 err=None
[CREATOR][DEBUG] validation_notes=['could not scope create_outer_index; scanning top-level only', 'mint not created/initialized in this tx (likely pool-init or swap)']
[FETCH_TX] Retrying 3K71iJ5bvKym... (5/10)
[CREATOR][DEBUG] bonding_curve=no context: slot=399369952 blockTime=1770745037 err=None
[CREATOR][DEBUG] validation_notes=['mint not created/initialized in this tx (likely pool-init or swap)']
[FETCH_TX] Retrying 4wmNb8mntFZR... (5/10)
[FETCH_TX] Retrying 2aAk9zBHLhU2... (5/10)
[CREATOR][DEBUG] bonding_curve=no context: slot=399369953 blockTime=1770745037 err=None
[CREATOR][DEBUG] validation_notes=['mint not created/initialized in this tx (likely pool-init or swap)']
[CREATOR] Page 1: checked=80/775 candidates (budget=80), no strict CREATE yet
⚠️  RPC 429, retrying in 2.0s... (1/5)
⚠️  RPC 429, retrying in 4.0s... (2/5)
[FETCH_TX] Retrying 3ycbWuPfAjz9... (5/10)
⚠️  RPC 429, retrying in 8.0s... (3/5)
[ASYNC] 720/803 | ok=706 (98.1%) | fail=14
[FETCH_TX] Retrying 3h6PKzyBPoUE... (5/10)
[ASYNC] 735/803 | ok=721 (98.1%) | fail=14
[FETCH_TX] Retrying 5bMAWWSwta3u... (5/10)
⚠️  RPC 429, retrying in 16.0s... (4/5)
[FETCH_TX] Retrying 67WCRofLa3TZ... (5/10)
[ASYNC] 750/803 | ok=735 (98.0%) | fail=15
[FETCH_TX] Retrying 3qsmYcLgiufZ... (5/10)
[ASYNC] 765/803 | ok=748 (97.8%) | fail=17
[FETCH_TX] Retrying 47bBFPdpPZHM... (5/10)
[FETCH_TX] Retrying 49vyUYLJwL15... (5/10)
[ASYNC] 780/803 | ok=763 (97.8%) | fail=17
[FETCH_TX] Retrying 3FydgQw3s6E4... (5/10)
[FETCH_TX] Retrying 5rjiUxNbKHd6... (5/10)
❌ RPC 429 after 5 retries
[CREATOR] ❌ No STRICT CREATE transaction found for mint
[CREATOR] Extracting bonding curve from *strict* CREATE tx for H4whjHBnmnko9dEXT75z...
[CREATOR] Page 1: prefilter candidates=799 (checking first 80), skipped_post_migration=0, skipped_errored=201
[CREATOR][DEBUG] bonding_curve=no context: slot=399369992 blockTime=1770745052 err=None
[CREATOR][DEBUG] validation_notes=['could not scope create_outer_index; scanning top-level only', 'mint not created/initialized in this tx (likely pool-init or swap)']
[CREATOR] Oldest#1 4C6UEkihTaDXcLXN... strict_create=False mint_create=False mint_init=False bonding_curve=no
[ASYNC] 795/803 | ok=778 (97.9%) | fail=17
[CREATOR][DEBUG] bonding_curve=no context: slot=399369993 blockTime=1770745053 err=None
[CREATOR][DEBUG] validation_notes=['could not scope create_outer_index; scanning top-level only', 'mint not created/initialized in this tx (likely pool-init or swap)']
[CREATOR] Oldest#2 4MpMxdZaVyyUY4qm... strict_create=False mint_create=False mint_init=False bonding_curve=no
[CREATOR][DEBUG] bonding_curve=no context: slot=399369993 blockTime=1770745053 err=None
[CREATOR][DEBUG] validation_notes=['could not scope create_outer_index; scanning top-level only', 'mint not created/initialized in this tx (likely pool-init or swap)']
[CREATOR] Oldest#3 3TTC7DFRekcswJU9... strict_create=False mint_create=False mint_init=False bonding_curve=no
[CREATOR][DEBUG] bonding_curve=no context: slot=399369994 blockTime=1770745053 err=None
[CREATOR][DEBUG] validation_notes=['could not scope create_outer_index; scanning top-level only', 'mint not created/initialized in this tx (likely pool-init or swap)']
[CREATOR] Oldest#4 3qUiWa95B268Bipe... strict_create=False mint_create=False mint_init=False bonding_curve=no
[CREATOR][DEBUG] bonding_curve=no context: slot=399369995 blockTime=1770745053 err=None
[CREATOR][DEBUG] validation_notes=['mint not created/initialized in this tx (likely pool-init or swap)']
[CREATOR] Oldest#5 661q8p9isfTnQ16Q... strict_create=False mint_create=False mint_init=False bonding_curve=no
[CREATOR][DEBUG] bonding_curve=no context: slot=399369996 blockTime=1770745054 err=None
[CREATOR][DEBUG] validation_notes=['could not scope create_outer_index; scanning top-level only', 'mint not created/initialized in this tx (likely pool-init or swap)']
[CREATOR][DEBUG] bonding_curve=no context: slot=399369997 blockTime=1770745054 err=None
[CREATOR][DEBUG] validation_notes=['could not scope create_outer_index; scanning top-level only', 'mint not created/initialized in this tx (likely pool-init or swap)']
[CREATOR][DEBUG] bonding_curve=no context: slot=399369997 blockTime=1770745054 err=None
[CREATOR][DEBUG] validation_notes=['could not scope create_outer_index; scanning top-level only', 'mint not created/initialized in this tx (likely pool-init or swap)']
[CREATOR][DEBUG] bonding_curve=no context: slot=399369998 blockTime=1770745055 err=None
[CREATOR][DEBUG] validation_notes=['could not scope create_outer_index; scanning top-level only', 'mint not created/initialized in this tx (likely pool-init or swap)']
[CREATOR][DEBUG] bonding_curve=no context: slot=399369999 blockTime=1770745055 err=None
[CREATOR][DEBUG] validation_notes=['could not scope create_outer_index; scanning top-level only', 'mint not created/initialized in this tx (likely pool-init or swap)']
[CREATOR][DEBUG] bonding_curve=no context: slot=399370000 blockTime=1770745055 err=None
[CREATOR][DEBUG] validation_notes=['mint not created/initialized in this tx (likely pool-init or swap)']
[CREATOR][DEBUG] bonding_curve=no context: slot=399370001 blockTime=1770745056 err=None
[CREATOR][DEBUG] validation_notes=['could not scope create_outer_index; scanning top-level only', 'mint not created/initialized in this tx (likely pool-init or swap)']
[CREATOR][DEBUG] bonding_curve=no context: slot=399370001 blockTime=1770745056 err=None
[CREATOR][DEBUG] validation_notes=['could not scope create_outer_index; scanning top-level only', 'mint not created/initialized in this tx (likely pool-init or swap)']
[CREATOR][DEBUG] bonding_curve=no context: slot=399370003 blockTime=1770745057 err=None
[CREATOR][DEBUG] validation_notes=['could not scope create_outer_index; scanning top-level only', 'mint not created/initialized in this tx (likely pool-init or swap)']
[CREATOR][DEBUG] bonding_curve=no context: slot=399370008 blockTime=1770745059 err=None
[CREATOR][DEBUG] validation_notes=['could not scope create_outer_index; scanning top-level only', 'mint not created/initialized in this tx (likely pool-init or swap)']
[CREATOR][DEBUG] bonding_curve=no context: slot=399370008 blockTime=1770745059 err=None
[CREATOR][DEBUG] validation_notes=['mint not created/initialized in this tx (likely pool-init or swap)']
[CREATOR][DEBUG] bonding_curve=no context: slot=399370009 blockTime=1770745059 err=None
[CREATOR][DEBUG] validation_notes=['could not scope create_outer_index; scanning top-level only', 'mint not created/initialized in this tx (likely pool-init or swap)']
[CREATOR][DEBUG] bonding_curve=no context: slot=399370010 blockTime=1770745059 err=None
[CREATOR][DEBUG] validation_notes=['could not scope create_outer_index; scanning top-level only', 'mint not created/initialized in this tx (likely pool-init or swap)']
[CREATOR][DEBUG] bonding_curve=no context: slot=399370011 blockTime=1770745060 err=None
[CREATOR][DEBUG] validation_notes=['could not scope create_outer_index; scanning top-level only', 'mint not created/initialized in this tx (likely pool-init or swap)']
[CREATOR][DEBUG] bonding_curve=no context: slot=399370011 blockTime=1770745060 err=None
[CREATOR][DEBUG] validation_notes=['mint not created/initialized in this tx (likely pool-init or swap)']
[CREATOR][DEBUG] bonding_curve=no context: slot=399370012 blockTime=1770745060 err=None
[CREATOR][DEBUG] validation_notes=['mint not created/initialized in this tx (likely pool-init or swap)']
[CREATOR][DEBUG] bonding_curve=no context: slot=399370014 blockTime=1770745061 err=None
[CREATOR][DEBUG] validation_notes=['could not scope create_outer_index; scanning top-level only', 'mint not created/initialized in this tx (likely pool-init or swap)']
[CREATOR] Page 1: checked=80/799 candidates (budget=80), no strict CREATE yet
⚠️  RPC 429, retrying in 2.0s... (1/5)
⚠️  RPC 429, retrying in 4.0s... (2/5)
⚠️  RPC 429, retrying in 8.0s... (3/5)
⚠️  RPC 429, retrying in 16.0s... (4/5)
[ASYNC] 803/803 | ok=785 (97.8%) | fail=18
[STREAM] ✅ Done: 1569 events from 785 txs
[CREATOR] Extracting bonding curve from *strict* CREATE tx for 3QoEniXhecRMhR4E5qPr...
⚠️  RPC 429, retrying in 2.0s... (1/5)
⚠️  RPC 429, retrying in 4.0s... (2/5)
⚠️  RPC 429, retrying in 8.0s... (3/5)
[CREATOR] Page 2: prefilter candidates=755 (checking first 80), skipped_post_migration=0, skipped_errored=245
[CREATOR][DEBUG] bonding_curve=no context: slot=399369717 blockTime=1770744943 err=None
[CREATOR][DEBUG] validation_notes=['could not scope create_outer_index; scanning top-level only', 'mint not created/initialized in this tx (likely pool-init or swap)']
[CREATOR][DEBUG] bonding_curve=no context: slot=399369719 blockTime=1770744944 err=None
[CREATOR][DEBUG] validation_notes=['mint not created/initialized in this tx (likely pool-init or swap)']
[CREATOR][DEBUG] bonding_curve=no context: slot=399369721 blockTime=1770744944 err=None
[CREATOR][DEBUG] validation_notes=['could not scope create_outer_index; scanning top-level only', 'mint not created/initialized in this tx (likely pool-init or swap)']
[CREATOR][DEBUG] bonding_curve=no context: slot=399369727 blockTime=1770744947 err=None
[CREATOR][DEBUG] validation_notes=['could not scope create_outer_index; scanning top-level only', 'mint not created/initialized in this tx (likely pool-init or swap)']
[CREATOR][DEBUG] bonding_curve=no context: slot=399369732 blockTime=1770744949 err=None
[CREATOR][DEBUG] validation_notes=['mint not created/initialized in this tx (likely pool-init or swap)']
[CREATOR][DEBUG] bonding_curve=no context: slot=399369738 blockTime=1770744951 err=None
[CREATOR][DEBUG] validation_notes=['could not scope create_outer_index; scanning top-level only', 'mint not created/initialized in this tx (likely pool-init or swap)']
[CREATOR] Page 1: prefilter candidates=875 (checking first 80), skipped_post_migration=0, skipped_errored=125
[CREATOR][DEBUG] bonding_curve=no context: slot=399369460 blockTime=1770744843 err=None
[CREATOR][DEBUG] validation_notes=['could not scope create_outer_index; scanning top-level only', 'mint not created/initialized in this tx (likely pool-init or swap)']
[CREATOR] Oldest#1 4ka7C8Pgh4GJwSeB... strict_create=False mint_create=False mint_init=False bonding_curve=no
[CREATOR_WATCH]    Dzp1SrZ474xwGp6Z... → 235 new funding txs
[CREATOR][DEBUG] bonding_curve=no context: slot=399369743 blockTime=1770744953 err=None
[CREATOR][DEBUG] validation_notes=['could not scope create_outer_index; scanning top-level only', 'mint not created/initialized in this tx (likely pool-init or swap)']
[CREATOR][DEBUG] bonding_curve=no context: slot=399369462 blockTime=1770744843 err=None
[CREATOR][DEBUG] validation_notes=['could not scope create_outer_index; scanning top-level only', 'mint not created/initialized in this tx (likely pool-init or swap)']
[CREATOR] Oldest#2 4gscbf7Esp1ruUdq... strict_create=False mint_create=False mint_init=False bonding_curve=no
[CREATOR][DEBUG] bonding_curve=no context: slot=399369463 blockTime=1770744844 err=None
[CREATOR][DEBUG] validation_notes=['could not scope create_outer_index; scanning top-level only', 'mint not created/initialized in this tx (likely pool-init or swap)']
[CREATOR] Oldest#3 3zv7UwDXdHqa7cY6... strict_create=False mint_create=False mint_init=False bonding_curve=no
[CREATOR][DEBUG] bonding_curve=no context: slot=399369750 blockTime=1770744956 err=None
[CREATOR][DEBUG] validation_notes=['could not scope create_outer_index; scanning top-level only', 'mint not created/initialized in this tx (likely pool-init or swap)']
[CREATOR][DEBUG] bonding_curve=no context: slot=399369753 blockTime=1770744957 err=None
[CREATOR][DEBUG] validation_notes=['could not scope create_outer_index; scanning top-level only', 'mint not created/initialized in this tx (likely pool-init or swap)']
[CREATOR][DEBUG] bonding_curve=no context: slot=399369463 blockTime=1770744844 err=None
[CREATOR][DEBUG] validation_notes=['could not scope create_outer_index; scanning top-level only', 'mint not created/initialized in this tx (likely pool-init or swap)']
[CREATOR] Oldest#4 3mwL6QoMCANNXGGS... strict_create=False mint_create=False mint_init=False bonding_curve=no
[CREATOR][DEBUG] bonding_curve=no context: slot=399369763 blockTime=1770744961 err=None
[CREATOR][DEBUG] validation_notes=['could not scope create_outer_index; scanning top-level only', 'mint not created/initialized in this tx (likely pool-init or swap)']
[CREATOR][DEBUG] bonding_curve=no context: slot=399369766 blockTime=1770744962 err=None
[CREATOR][DEBUG] validation_notes=['could not scope create_outer_index; scanning top-level only', 'mint not created/initialized in this tx (likely pool-init or swap)']
[CREATOR][DEBUG] bonding_curve=no context: slot=399369465 blockTime=1770744845 err=None
[CREATOR][DEBUG] validation_notes=['could not scope create_outer_index; scanning top-level only', 'mint not created/initialized in this tx (likely pool-init or swap)']
[CREATOR] Oldest#5 5u5tfU9ENvSp3WVf... strict_create=False mint_create=False mint_init=False bonding_curve=no
[CREATOR][DEBUG] bonding_curve=no context: slot=399369769 blockTime=1770744963 err=None
[CREATOR][DEBUG] validation_notes=['could not scope create_outer_index; scanning top-level only', 'mint not created/initialized in this tx (likely pool-init or swap)']
[CREATOR][DEBUG] bonding_curve=no context: slot=399369467 blockTime=1770744845 err=None
[CREATOR][DEBUG] validation_notes=['could not scope create_outer_index; scanning top-level only', 'mint not created/initialized in this tx (likely pool-init or swap)']
[CREATOR][DEBUG] bonding_curve=no context: slot=399369772 blockTime=1770744964 err=None
[CREATOR][DEBUG] validation_notes=['mint not created/initialized in this tx (likely pool-init or swap)']
[CREATOR][DEBUG] bonding_curve=no context: slot=399369469 blockTime=1770744846 err=None
[CREATOR][DEBUG] validation_notes=['could not scope create_outer_index; scanning top-level only', 'mint not created/initialized in this tx (likely pool-init or swap)']
[CREATOR][DEBUG] bonding_curve=no context: slot=399369774 blockTime=1770744965 err=None
[CREATOR][DEBUG] validation_notes=['could not scope create_outer_index; scanning top-level only', 'mint not created/initialized in this tx (likely pool-init or swap)']
[CREATOR][DEBUG] bonding_curve=no context: slot=399369471 blockTime=1770744847 err=None
[CREATOR][DEBUG] validation_notes=['could not scope create_outer_index; scanning top-level only', 'mint not created/initialized in this tx (likely pool-init or swap)']
[CREATOR][DEBUG] bonding_curve=no context: slot=399369778 blockTime=1770744966 err=None
[CREATOR][DEBUG] validation_notes=['could not scope create_outer_index; scanning top-level only', 'mint not created/initialized in this tx (likely pool-init or swap)']
[CREATOR][DEBUG] bonding_curve=no context: slot=399369472 blockTime=1770744847 err=None
[CREATOR][DEBUG] validation_notes=['could not scope create_outer_index; scanning top-level only', 'mint not created/initialized in this tx (likely pool-init or swap)']
[CREATOR][DEBUG] bonding_curve=no context: slot=399369780 blockTime=1770744967 err=None
[CREATOR][DEBUG] validation_notes=['could not scope create_outer_index; scanning top-level only', 'mint not created/initialized in this tx (likely pool-init or swap)']
[CREATOR][DEBUG] bonding_curve=no context: slot=399369788 blockTime=1770744970 err=None
[CREATOR][DEBUG] validation_notes=['mint not created/initialized in this tx (likely pool-init or swap)']
[CREATOR][DEBUG] bonding_curve=no context: slot=399369475 blockTime=1770744848 err=None
[CREATOR][DEBUG] validation_notes=['could not scope create_outer_index; scanning top-level only', 'mint not created/initialized in this tx (likely pool-init or swap)']
[CREATOR][DEBUG] bonding_curve=no context: slot=399369792 blockTime=1770744972 err=None
[CREATOR][DEBUG] validation_notes=['mint not created/initialized in this tx (likely pool-init or swap)']
[CREATOR] Page 2: checked=80/755 candidates (budget=80), no strict CREATE yet
[CREATOR][DEBUG] bonding_curve=no context: slot=399369481 blockTime=1770744851 err=None
[CREATOR][DEBUG] validation_notes=['could not scope create_outer_index; scanning top-level only', 'mint not created/initialized in this tx (likely pool-init or swap)']
⚠️  RPC 429, retrying in 2.0s... (1/5)
[CREATOR][DEBUG] bonding_curve=no context: slot=399369482 blockTime=1770744851 err=None
[CREATOR][DEBUG] validation_notes=['could not scope create_outer_index; scanning top-level only', 'mint not created/initialized in this tx (likely pool-init or swap)']
[CREATOR][DEBUG] bonding_curve=no context: slot=399369484 blockTime=1770744852 err=None
[CREATOR][DEBUG] validation_notes=['could not scope create_outer_index; scanning top-level only', 'mint not created/initialized in this tx (likely pool-init or swap)']
⚠️  RPC 429, retrying in 4.0s... (2/5)
[CREATOR][DEBUG] bonding_curve=no context: slot=399369486 blockTime=1770744853 err=None
[CREATOR][DEBUG] validation_notes=['mint not created/initialized in this tx (likely pool-init or swap)']
[CREATOR][DEBUG] bonding_curve=no context: slot=399369487 blockTime=1770744853 err=None
[CREATOR][DEBUG] validation_notes=['could not scope create_outer_index; scanning top-level only', 'mint not created/initialized in this tx (likely pool-init or swap)']
[CREATOR][DEBUG] bonding_curve=no context: slot=399369488 blockTime=1770744854 err=None
[CREATOR][DEBUG] validation_notes=['could not scope create_outer_index; scanning top-level only', 'mint not created/initialized in this tx (likely pool-init or swap)']
[CREATOR][DEBUG] bonding_curve=no context: slot=399369488 blockTime=1770744854 err=None
[CREATOR][DEBUG] validation_notes=['could not scope create_outer_index; scanning top-level only', 'mint not created/initialized in this tx (likely pool-init or swap)']
⚠️  RPC 429, retrying in 8.0s... (3/5)
[CREATOR] Page 1: checked=80/875 candidates (budget=80), no strict CREATE yet
[CREATOR] Page 2: prefilter candidates=807 (checking first 80), skipped_post_migration=0, skipped_errored=193
[CREATOR][DEBUG] bonding_curve=no context: slot=399369297 blockTime=1770744778 err=None
[CREATOR][DEBUG] validation_notes=['could not scope create_outer_index; scanning top-level only', 'mint not created/initialized in this tx (likely pool-init or swap)']
[CREATOR][DEBUG] bonding_curve=no context: slot=399369298 blockTime=1770744778 err=None
[CREATOR][DEBUG] validation_notes=['mint not created/initialized in this tx (likely pool-init or swap)']
[CREATOR][DEBUG] bonding_curve=no context: slot=399369299 blockTime=1770744779 err=None
[CREATOR][DEBUG] validation_notes=['could not scope create_outer_index; scanning top-level only', 'mint not created/initialized in this tx (likely pool-init or swap)']
⚠️  RPC 429, retrying in 16.0s... (4/5)
[CREATOR][DEBUG] bonding_curve=no context: slot=399369299 blockTime=1770744779 err=None
[CREATOR][DEBUG] validation_notes=['could not scope create_outer_index; scanning top-level only', 'mint not created/initialized in this tx (likely pool-init or swap)']
[CREATOR][DEBUG] bonding_curve=no context: slot=399369299 blockTime=1770744779 err=None
[CREATOR][DEBUG] validation_notes=['could not scope create_outer_index; scanning top-level only', 'mint not created/initialized in this tx (likely pool-init or swap)']
[CREATOR][DEBUG] bonding_curve=no context: slot=399369300 blockTime=1770744779 err=None
[CREATOR][DEBUG] validation_notes=['could not scope create_outer_index; scanning top-level only', 'mint not created/initialized in this tx (likely pool-init or swap)']
[CREATOR][DEBUG] bonding_curve=no context: slot=399369300 blockTime=1770744779 err=None
[CREATOR][DEBUG] validation_notes=['could not scope create_outer_index; scanning top-level only', 'mint not created/initialized in this tx (likely pool-init or swap)']
[CREATOR][DEBUG] bonding_curve=no context: slot=399369300 blockTime=1770744779 err=None
[CREATOR][DEBUG] validation_notes=['could not scope create_outer_index; scanning top-level only', 'mint not created/initialized in this tx (likely pool-init or swap)']
[CREATOR][DEBUG] bonding_curve=no context: slot=399369301 blockTime=1770744779 err=None
[CREATOR][DEBUG] validation_notes=['could not scope create_outer_index; scanning top-level only', 'mint not created/initialized in this tx (likely pool-init or swap)']
[CREATOR][DEBUG] bonding_curve=no context: slot=399369303 blockTime=1770744780 err=None
[CREATOR][DEBUG] validation_notes=['mint not created/initialized in this tx (likely pool-init or swap)']
[CREATOR][DEBUG] bonding_curve=no context: slot=399369304 blockTime=1770744781 err=None
[CREATOR][DEBUG] validation_notes=['could not scope create_outer_index; scanning top-level only', 'mint not created/initialized in this tx (likely pool-init or swap)']
[CREATOR][DEBUG] bonding_curve=no context: slot=399369304 blockTime=1770744781 err=None
[CREATOR][DEBUG] validation_notes=['mint not created/initialized in this tx (likely pool-init or swap)']
[CREATOR][DEBUG] bonding_curve=no context: slot=399369305 blockTime=1770744781 err=None
[CREATOR][DEBUG] validation_notes=['could not scope create_outer_index; scanning top-level only', 'mint not created/initialized in this tx (likely pool-init or swap)']
[CREATOR][DEBUG] bonding_curve=no context: slot=399369305 blockTime=1770744781 err=None
[CREATOR][DEBUG] validation_notes=['could not scope create_outer_index; scanning top-level only', 'mint not created/initialized in this tx (likely pool-init or swap)']
[CREATOR][DEBUG] bonding_curve=no context: slot=399369306 blockTime=1770744781 err=None
[CREATOR][DEBUG] validation_notes=['could not scope create_outer_index; scanning top-level only', 'mint not created/initialized in this tx (likely pool-init or swap)']
[CREATOR][DEBUG] bonding_curve=no context: slot=399369306 blockTime=1770744781 err=None
[CREATOR][DEBUG] validation_notes=['mint not created/initialized in this tx (likely pool-init or swap)']
❌ RPC 429 after 5 retries
[CREATOR] ❌ No STRICT CREATE transaction found for mint
[ANALYZER] HIGH | Score: 70.00% | H4whjHBnmnko9dEXT75z2MnCCF7pzmoj6hBesKxBpump
[DB] ✅ Stored analysis H4whjHBnmnko9dEXT75z2MnCCF7pzmoj6hBesKxBpump | Pool: will discover at price-time
[CREATOR][DEBUG] bonding_curve=no context: slot=399369307 blockTime=1770744782 err=None
[CREATOR][DEBUG] validation_notes=['mint not created/initialized in this tx (likely pool-init or swap)']
[CREATOR][DEBUG] bonding_curve=no context: slot=399369307 blockTime=1770744782 err=None
[CREATOR][DEBUG] validation_notes=['mint not created/initialized in this tx (likely pool-init or swap)']
[CREATOR][DEBUG] bonding_curve=no context: slot=399369307 blockTime=1770744782 err=None
[CREATOR][DEBUG] validation_notes=['could not scope create_outer_index; scanning top-level only', 'mint not created/initialized in this tx (likely pool-init or swap)']
[CREATOR][DEBUG] bonding_curve=no context: slot=399369307 blockTime=1770744782 err=None
[CREATOR][DEBUG] validation_notes=['could not scope create_outer_index; scanning top-level only', 'mint not created/initialized in this tx (likely pool-init or swap)']
[CREATOR][DEBUG] bonding_curve=no context: slot=399369308 blockTime=1770744782 err=None
[CREATOR][DEBUG] validation_notes=['could not scope create_outer_index; scanning top-level only', 'mint not created/initialized in this tx (likely pool-init or swap)']
[CREATOR][DEBUG] bonding_curve=no context: slot=399369311 blockTime=1770744783 err=None
[CREATOR][DEBUG] validation_notes=['could not scope create_outer_index; scanning top-level only', 'mint not created/initialized in this tx (likely pool-init or swap)']
[CREATOR] Page 2: checked=80/807 candidates (budget=80), no strict CREATE yet
⚠️  RPC 429, retrying in 2.0s... (1/5)
⚠️  RPC 429, retrying in 4.0s... (2/5)
⚠️  RPC 429, retrying in 8.0s... (3/5)
⚠️  RPC 429, retrying in 16.0s... (4/5)
[POOL] Checking 20 token accounts to find pool...
[POOL]   Checking 26sM9gHh6bkxNkYq9u8dcKZDb7PcsQ6htijrN9viWDuh (balance: 9324763)
[POOL]     Owner: ALguQ3Uwymmm5MGuap7AQVyb1j8ABQysDxx1ns2RsUwX
[CREATOR] Page 3: prefilter candidates=762 (checking first 80), skipped_post_migration=0, skipped_errored=238
[CREATOR][DEBUG] bonding_curve=no context: slot=399369200 blockTime=1770744741 err=None
[CREATOR][DEBUG] validation_notes=['could not scope create_outer_index; scanning top-level only', 'mint not created/initialized in this tx (likely pool-init or swap)']
[CREATOR][DEBUG] bonding_curve=no context: slot=399369201 blockTime=1770744741 err=None
[CREATOR][DEBUG] validation_notes=['could not scope create_outer_index; scanning top-level only', 'mint not created/initialized in this tx (likely pool-init or swap)']
[CREATOR][DEBUG] bonding_curve=no context: slot=399369201 blockTime=1770744741 err=None
[CREATOR][DEBUG] validation_notes=['could not scope create_outer_index; scanning top-level only', 'mint not created/initialized in this tx (likely pool-init or swap)']
[CREATOR][DEBUG] bonding_curve=no context: slot=399369202 blockTime=1770744742 err=None
[CREATOR][DEBUG] validation_notes=['could not scope create_outer_index; scanning top-level only', 'mint not created/initialized in this tx (likely pool-init or swap)']
[CREATOR][DEBUG] bonding_curve=no context: slot=399369202 blockTime=1770744742 err=None
[CREATOR][DEBUG] validation_notes=['could not scope create_outer_index; scanning top-level only', 'mint not created/initialized in this tx (likely pool-init or swap)']
[CREATOR][DEBUG] bonding_curve=no context: slot=399369203 blockTime=1770744742 err=None
[CREATOR][DEBUG] validation_notes=['could not scope create_outer_index; scanning top-level only', 'mint not created/initialized in this tx (likely pool-init or swap)']
[CREATOR][DEBUG] bonding_curve=no context: slot=399369204 blockTime=1770744742 err=None
[CREATOR][DEBUG] validation_notes=['could not scope create_outer_index; scanning top-level only', 'mint not created/initialized in this tx (likely pool-init or swap)']
[CREATOR][DEBUG] bonding_curve=no context: slot=399369205 blockTime=1770744743 err=None
[CREATOR][DEBUG] validation_notes=['could not scope create_outer_index; scanning top-level only', 'mint not created/initialized in this tx (likely pool-init or swap)']
[CREATOR][DEBUG] bonding_curve=no context: slot=399369206 blockTime=1770744743 err=None
[CREATOR][DEBUG] validation_notes=['could not scope create_outer_index; scanning top-level only', 'mint not created/initialized in this tx (likely pool-init or swap)']
[CREATOR][DEBUG] bonding_curve=no context: slot=399369207 blockTime=1770744744 err=None
[CREATOR][DEBUG] validation_notes=['could not scope create_outer_index; scanning top-level only', 'mint not created/initialized in this tx (likely pool-init or swap)']
[CREATOR][DEBUG] bonding_curve=no context: slot=399369208 blockTime=1770744744 err=None
[CREATOR][DEBUG] validation_notes=['could not scope create_outer_index; scanning top-level only', 'mint not created/initialized in this tx (likely pool-init or swap)']
[CREATOR][DEBUG] bonding_curve=no context: slot=399369209 blockTime=1770744744 err=None
[CREATOR][DEBUG] validation_notes=['mint not created/initialized in this tx (likely pool-init or swap)']
[CREATOR][DEBUG] bonding_curve=no context: slot=399369209 blockTime=1770744744 err=None
[CREATOR][DEBUG] validation_notes=['could not scope create_outer_index; scanning top-level only', 'mint not created/initialized in this tx (likely pool-init or swap)']
[CREATOR][DEBUG] bonding_curve=no context: slot=399369211 blockTime=1770744745 err=None
[CREATOR][DEBUG] validation_notes=['could not scope create_outer_index; scanning top-level only', 'mint not created/initialized in this tx (likely pool-init or swap)']
[CREATOR][DEBUG] bonding_curve=no context: slot=399369211 blockTime=1770744745 err=None
[CREATOR][DEBUG] validation_notes=['could not scope create_outer_index; scanning top-level only', 'mint not created/initialized in this tx (likely pool-init or swap)']
[CREATOR][DEBUG] bonding_curve=no context: slot=399369213 blockTime=1770744746 err=None
[CREATOR][DEBUG] validation_notes=['could not scope create_outer_index; scanning top-level only', 'mint not created/initialized in this tx (likely pool-init or swap)']
[CREATOR][DEBUG] bonding_curve=no context: slot=399369214 blockTime=1770744746 err=None
[CREATOR][DEBUG] validation_notes=['could not scope create_outer_index; scanning top-level only', 'mint not created/initialized in this tx (likely pool-init or swap)']
[CREATOR][DEBUG] bonding_curve=no context: slot=399369214 blockTime=1770744746 err=None
[CREATOR][DEBUG] validation_notes=['could not scope create_outer_index; scanning top-level only', 'mint not created/initialized in this tx (likely pool-init or swap)']
[CREATOR][DEBUG] bonding_curve=no context: slot=399369214 blockTime=1770744746 err=None
[CREATOR][DEBUG] validation_notes=['could not scope create_outer_index; scanning top-level only', 'mint not created/initialized in this tx (likely pool-init or swap)']
[CREATOR][DEBUG] bonding_curve=no context: slot=399369215 blockTime=1770744747 err=None
[CREATOR][DEBUG] validation_notes=['could not scope create_outer_index; scanning top-level only', 'mint not created/initialized in this tx (likely pool-init or swap)']
[CREATOR] Page 3: checked=80/762 candidates (budget=80), no strict CREATE yet
[CREATOR] Page 4: prefilter candidates=766 (checking first 80), skipped_post_migration=0, skipped_errored=234
[CREATOR][DEBUG] bonding_curve=no context: slot=399369076 blockTime=1770744689 err=None
[CREATOR][DEBUG] validation_notes=['could not scope create_outer_index; scanning top-level only', 'mint not created/initialized in this tx (likely pool-init or swap)']
[CREATOR][DEBUG] bonding_curve=no context: slot=399369078 blockTime=1770744690 err=None
[CREATOR][DEBUG] validation_notes=['could not scope create_outer_index; scanning top-level only', 'mint not created/initialized in this tx (likely pool-init or swap)']
[CREATOR][DEBUG] bonding_curve=no context: slot=399369079 blockTime=1770744690 err=None
[CREATOR][DEBUG] validation_notes=['could not scope create_outer_index; scanning top-level only', 'mint not created/initialized in this tx (likely pool-init or swap)']
[CREATOR][DEBUG] bonding_curve=no context: slot=399369079 blockTime=1770744690 err=None
[CREATOR][DEBUG] validation_notes=['could not scope create_outer_index; scanning top-level only', 'mint not created/initialized in this tx (likely pool-init or swap)']
[CREATOR][DEBUG] bonding_curve=no context: slot=399369079 blockTime=1770744690 err=None
[CREATOR][DEBUG] validation_notes=['could not scope create_outer_index; scanning top-level only', 'mint not created/initialized in this tx (likely pool-init or swap)']
[CREATOR][DEBUG] bonding_curve=no context: slot=399369079 blockTime=1770744690 err=None
[CREATOR][DEBUG] validation_notes=['could not scope create_outer_index; scanning top-level only', 'mint not created/initialized in this tx (likely pool-init or swap)']
[CREATOR][DEBUG] bonding_curve=no context: slot=399369081 blockTime=1770744691 err=None
[CREATOR][DEBUG] validation_notes=['mint not created/initialized in this tx (likely pool-init or swap)']
[CREATOR][DEBUG] bonding_curve=no context: slot=399369082 blockTime=1770744692 err=None
[CREATOR][DEBUG] validation_notes=['could not scope create_outer_index; scanning top-level only', 'mint not created/initialized in this tx (likely pool-init or swap)']
[CREATOR][DEBUG] bonding_curve=no context: slot=399369082 blockTime=1770744692 err=None
[CREATOR][DEBUG] validation_notes=['could not scope create_outer_index; scanning top-level only', 'mint not created/initialized in this tx (likely pool-init or swap)']
[CREATOR][DEBUG] bonding_curve=no context: slot=399369083 blockTime=1770744692 err=None
[CREATOR][DEBUG] validation_notes=['could not scope create_outer_index; scanning top-level only', 'mint not created/initialized in this tx (likely pool-init or swap)']
[CREATOR][DEBUG] bonding_curve=no context: slot=399369084 blockTime=1770744692 err=None
[CREATOR][DEBUG] validation_notes=['could not scope create_outer_index; scanning top-level only', 'mint not created/initialized in this tx (likely pool-init or swap)']
[CREATOR][DEBUG] bonding_curve=no context: slot=399369084 blockTime=1770744692 err=None
[CREATOR][DEBUG] validation_notes=['mint not created/initialized in this tx (likely pool-init or swap)']
[CREATOR][DEBUG] bonding_curve=no context: slot=399369084 blockTime=1770744692 err=None
[CREATOR][DEBUG] validation_notes=['could not scope create_outer_index; scanning top-level only', 'mint not created/initialized in this tx (likely pool-init or swap)']
[CREATOR][DEBUG] bonding_curve=no context: slot=399369084 blockTime=1770744692 err=None
[CREATOR][DEBUG] validation_notes=['could not scope create_outer_index; scanning top-level only', 'mint not created/initialized in this tx (likely pool-init or swap)']
[CREATOR][DEBUG] bonding_curve=no context: slot=399369085 blockTime=1770744693 err=None
[CREATOR][DEBUG] validation_notes=['could not scope create_outer_index; scanning top-level only', 'mint not created/initialized in this tx (likely pool-init or swap)']
[CREATOR][DEBUG] bonding_curve=no context: slot=399369085 blockTime=1770744693 err=None
[CREATOR][DEBUG] validation_notes=['mint not created/initialized in this tx (likely pool-init or swap)']
[CREATOR][DEBUG] bonding_curve=no context: slot=399369085 blockTime=1770744693 err=None
[CREATOR][DEBUG] validation_notes=['could not scope create_outer_index; scanning top-level only', 'mint not created/initialized in this tx (likely pool-init or swap)']
[CREATOR][DEBUG] bonding_curve=no context: slot=399369085 blockTime=1770744693 err=None
[CREATOR][DEBUG] validation_notes=['could not scope create_outer_index; scanning top-level only', 'mint not created/initialized in this tx (likely pool-init or swap)']
[CREATOR] Page 4: checked=80/766 candidates (budget=80), no strict CREATE yet
⚠️  RPC 429, retrying in 2.0s... (1/5)
⚠️  RPC 429, retrying in 4.0s... (2/5)
⚠️  RPC 429, retrying in 8.0s... (3/5)
[CREATOR_WATCH]    GpTXmkdvrTajqkzX... → 211 new funding txs
⚠️  RPC 429, retrying in 16.0s... (4/5)
❌ RPC 429 after 5 retries
[CREATOR] ❌ No STRICT CREATE transaction found for mint
[CREATOR] Extracting bonding curve from *strict* CREATE tx for 3QoEniXhecRMhR4E5qPr...
[CREATOR] Page 1: prefilter candidates=867 (checking first 80), skipped_post_migration=0, skipped_errored=133
[CREATOR][DEBUG] bonding_curve=no context: slot=399369497 blockTime=1770744857 err=None
[CREATOR][DEBUG] validation_notes=['could not scope create_outer_index; scanning top-level only', 'mint not created/initialized in this tx (likely pool-init or swap)']
[CREATOR] Oldest#1 2VejEh9fJKqfKKfC... strict_create=False mint_create=False mint_init=False bonding_curve=no
[CREATOR][DEBUG] bonding_curve=no context: slot=399369497 blockTime=1770744857 err=None
[CREATOR][DEBUG] validation_notes=['could not scope create_outer_index; scanning top-level only', 'mint not created/initialized in this tx (likely pool-init or swap)']
[CREATOR] Oldest#2 33jc63GVcnqCHbVr... strict_create=False mint_create=False mint_init=False bonding_curve=no
[CREATOR][DEBUG] bonding_curve=no context: slot=399369497 blockTime=1770744857 err=None
[CREATOR][DEBUG] validation_notes=['could not scope create_outer_index; scanning top-level only', 'mint not created/initialized in this tx (likely pool-init or swap)']
[CREATOR] Oldest#3 28SUqANsJjFaHbfn... strict_create=False mint_create=False mint_init=False bonding_curve=no
[CREATOR][DEBUG] bonding_curve=no context: slot=399369498 blockTime=1770744858 err=None
[CREATOR][DEBUG] validation_notes=['could not scope create_outer_index; scanning top-level only', 'mint not created/initialized in this tx (likely pool-init or swap)']
[CREATOR] Oldest#4 4VHMYrAyzNrQsCqw... strict_create=False mint_create=False mint_init=False bonding_curve=no
[CREATOR][DEBUG] bonding_curve=no context: slot=399369500 blockTime=1770744859 err=None
[CREATOR][DEBUG] validation_notes=['could not scope create_outer_index; scanning top-level only', 'mint not created/initialized in this tx (likely pool-init or swap)']
[CREATOR] Oldest#5 5V2ZRBdjUMsa1ve4... strict_create=False mint_create=False mint_init=False bonding_curve=no
[CREATOR][DEBUG] bonding_curve=no context: slot=399369501 blockTime=1770744859 err=None
[CREATOR][DEBUG] validation_notes=['could not scope create_outer_index; scanning top-level only', 'mint not created/initialized in this tx (likely pool-init or swap)']
[CREATOR][DEBUG] bonding_curve=no context: slot=399369501 blockTime=1770744859 err=None
[CREATOR][DEBUG] validation_notes=['mint not created/initialized in this tx (likely pool-init or swap)']
[CREATOR][DEBUG] bonding_curve=no context: slot=399369503 blockTime=1770744860 err=None
[CREATOR][DEBUG] validation_notes=['could not scope create_outer_index; scanning top-level only', 'mint not created/initialized in this tx (likely pool-init or swap)']
[CREATOR][DEBUG] bonding_curve=no context: slot=399369503 blockTime=1770744860 err=None
[CREATOR][DEBUG] validation_notes=['mint not created/initialized in this tx (likely pool-init or swap)']
[CREATOR][DEBUG] bonding_curve=no context: slot=399369503 blockTime=1770744860 err=None
[CREATOR][DEBUG] validation_notes=['mint not created/initialized in this tx (likely pool-init or swap)']
[CREATOR][DEBUG] bonding_curve=no context: slot=399369504 blockTime=1770744860 err=None
[CREATOR][DEBUG] validation_notes=['mint not created/initialized in this tx (likely pool-init or swap)']
[CREATOR][DEBUG] bonding_curve=no context: slot=399369505 blockTime=1770744861 err=None
[CREATOR][DEBUG] validation_notes=['could not scope create_outer_index; scanning top-level only', 'mint not created/initialized in this tx (likely pool-init or swap)']
[CREATOR][DEBUG] bonding_curve=no context: slot=399369506 blockTime=1770744861 err=None
[CREATOR][DEBUG] validation_notes=['could not scope create_outer_index; scanning top-level only', 'mint not created/initialized in this tx (likely pool-init or swap)']
[CREATOR][DEBUG] bonding_curve=no context: slot=399369507 blockTime=1770744862 err=None
[CREATOR][DEBUG] validation_notes=['could not scope create_outer_index; scanning top-level only', 'mint not created/initialized in this tx (likely pool-init or swap)']
[CREATOR][DEBUG] bonding_curve=no context: slot=399369508 blockTime=1770744862 err=None
[CREATOR][DEBUG] validation_notes=['could not scope create_outer_index; scanning top-level only', 'mint not created/initialized in this tx (likely pool-init or swap)', 'pumpfun program id not found; relying on strict system/mint evidence']
[CREATOR][DEBUG] bonding_curve=no context: slot=399369510 blockTime=1770744863 err=None
[CREATOR][DEBUG] validation_notes=['mint not created/initialized in this tx (likely pool-init or swap)']
[CREATOR][DEBUG] bonding_curve=no context: slot=399369514 blockTime=1770744864 err=None
[CREATOR][DEBUG] validation_notes=['could not scope create_outer_index; scanning top-level only', 'mint not created/initialized in this tx (likely pool-init or swap)']
[CREATOR][DEBUG] bonding_curve=no context: slot=399369521 blockTime=1770744867 err=None
[CREATOR][DEBUG] validation_notes=['mint not created/initialized in this tx (likely pool-init or swap)']
[CREATOR][DEBUG] bonding_curve=no context: slot=399369522 blockTime=1770744867 err=None
[CREATOR][DEBUG] validation_notes=['could not scope create_outer_index; scanning top-level only', 'mint not created/initialized in this tx (likely pool-init or swap)']
[CREATOR][DEBUG] bonding_curve=no context: slot=399369524 blockTime=1770744868 err=None
[CREATOR][DEBUG] validation_notes=['could not scope create_outer_index; scanning top-level only', 'mint not created/initialized in this tx (likely pool-init or swap)']
[CREATOR][DEBUG] bonding_curve=no context: slot=399369526 blockTime=1770744869 err=None
[CREATOR][DEBUG] validation_notes=['could not scope create_outer_index; scanning top-level only', 'mint not created/initialized in this tx (likely pool-init or swap)']
[CREATOR] Page 1: checked=80/867 candidates (budget=80), no strict CREATE yet
⚠️  RPC 429, retrying in 2.0s... (1/5)
⚠️  RPC 429, retrying in 4.0s... (2/5)
⚠️  RPC 429, retrying in 8.0s... (3/5)
⚠️  RPC 429, retrying in 16.0s... (4/5)
❌ RPC 429 after 5 retries
[CREATOR] ❌ No STRICT CREATE transaction found for mint
[ANALYZER] LOW | Score: 24.20% | 3QoEniXhecRMhR4E5qPrAPLfZAwzQH7rJXD3SeCxpump
[DB] ✅ Stored analysis 3QoEniXhecRMhR4E5qPrAPLfZAwzQH7rJXD3SeCxpump | Pool: will discover at price-time
[WEBSOCKET] 🚨 Migration #9 detected: gQiCRXfr5DMmLB7UgEGGpsUef9guX7nt9LYaBAREJ6R2yXoP4wApPcnDq6vWbabEBv1r4znAjG2tAQktg4yb3NL
[MINT] 📝 Transaction indexing delay, retry 1/12...
[MINT] 📝 Transaction indexing delay, retry 2/12...
[MINT] 📝 Transaction indexing delay, retry 3/12...
[MINT] 📝 Transaction indexing delay, retry 4/12...
[MINT] 📝 Transaction indexing delay, retry 5/12...
[POOL] Checking 20 token accounts to find pool...
[POOL]   Checking AVyEgN1ghCfuwrGneY31y9aEWPeQS6Kx3MfvKJ9yitTD (balance: 1610350)
[POOL]     Owner: H4bfchToaKwbdoEX7LAvuuPXPAJ8wf1NczVoxARWka7V
[EVENT] 🚀 MIGRATION DETECTED: 6vD4aostKBdmh91fX7Cot2rvZbemdvibQ6PUp6RUpump
[EVENT] Migration signature: gQiCRXfr5DMmLB7UgEGGpsUef9guX7nt9LYaBAREJ6R2yXoP4wApPcnDq6vWbabEBv1r4znAjG2tAQktg4yb3NL
[DB] ✅ Created minimal token entry for 6vD4aostKBdmh91fX7Cot2rvZbemdvibQ6PUp6RUpump
[PRICE] ✅ Initial price fetched: $3.13e-05 | Market Cap: $3.13e+04 | Source: dexscreener
[ANALYZER_INIT] Token: 6vD4aostKBdmh91fX7Cot2rvZbemdvibQ6PUp6RUpump
[ANALYZER_INIT] RPC: https://mainnet.helius-rpc.com/?api-key=a132b19d-9b44-4c71-8e6f-d320d9f351c6
[CREATOR] Extracting bonding curve from *strict* CREATE tx for 6vD4aostKBdmh91fX7Co...
[CREATOR] Page 1: prefilter candidates=887 (checking first 80), skipped_post_migration=0, skipped_errored=113
[CREATOR][DEBUG] bonding_curve=no context: slot=399364882 blockTime=1770743024 err=None
[CREATOR][DEBUG] validation_notes=['could not scope create_outer_index; scanning top-level only', 'mint not created/initialized in this tx (likely pool-init or swap)']
[CREATOR] Oldest#1 2oWPYCBFeZe3u4TQ... strict_create=False mint_create=False mint_init=False bonding_curve=no
[CREATOR][DEBUG] bonding_curve=no context: slot=399364884 blockTime=1770743025 err=None
[CREATOR][DEBUG] validation_notes=['could not scope create_outer_index; scanning top-level only', 'mint not created/initialized in this tx (likely pool-init or swap)']
[CREATOR] Oldest#2 5Th3vxhMUkrh31kJ... strict_create=False mint_create=False mint_init=False bonding_curve=no
[CREATOR][DEBUG] bonding_curve=no context: slot=399364889 blockTime=1770743027 err=None
[CREATOR][DEBUG] validation_notes=['could not scope create_outer_index; scanning top-level only', 'mint not created/initialized in this tx (likely pool-init or swap)']
[CREATOR] Oldest#3 XddNEqGfcQUpqqN5... strict_create=False mint_create=False mint_init=False bonding_curve=no
[CREATOR][DEBUG] bonding_curve=no context: slot=399364907 blockTime=1770743035 err=None
[CREATOR][DEBUG] validation_notes=['mint not created/initialized in this tx (likely pool-init or swap)']
[CREATOR] Oldest#4 3MPw7U6BEXsDcYxv... strict_create=False mint_create=False mint_init=False bonding_curve=no
[CREATOR][DEBUG] bonding_curve=no context: slot=399364916 blockTime=1770743038 err=None
[CREATOR][DEBUG] validation_notes=['could not scope create_outer_index; scanning top-level only', 'mint not created/initialized in this tx (likely pool-init or swap)']
[CREATOR] Oldest#5 3hdhv4q86yZbJXkA... strict_create=False mint_create=False mint_init=False bonding_curve=no
[CREATOR][DEBUG] bonding_curve=no context: slot=399364924 blockTime=1770743041 err=None
[CREATOR][DEBUG] validation_notes=['could not scope create_outer_index; scanning top-level only', 'mint not created/initialized in this tx (likely pool-init or swap)']
[CREATOR][DEBUG] bonding_curve=no context: slot=399364930 blockTime=1770743043 err=None
[CREATOR][DEBUG] validation_notes=['could not scope create_outer_index; scanning top-level only', 'mint not created/initialized in this tx (likely pool-init or swap)']
[CREATOR][DEBUG] bonding_curve=no context: slot=399364935 blockTime=1770743045 err=None
[CREATOR][DEBUG] validation_notes=['mint not created/initialized in this tx (likely pool-init or swap)']
[CREATOR][DEBUG] bonding_curve=no context: slot=399364956 blockTime=1770743053 err=None
[CREATOR][DEBUG] validation_notes=['could not scope create_outer_index; scanning top-level only', 'mint not created/initialized in this tx (likely pool-init or swap)']
[CREATOR][DEBUG] bonding_curve=no context: slot=399364959 blockTime=1770743055 err=None
[CREATOR][DEBUG] validation_notes=['could not scope create_outer_index; scanning top-level only', 'mint not created/initialized in this tx (likely pool-init or swap)']
[CREATOR][DEBUG] bonding_curve=no context: slot=399364966 blockTime=1770743058 err=None
[CREATOR][DEBUG] validation_notes=['could not scope create_outer_index; scanning top-level only', 'mint not created/initialized in this tx (likely pool-init or swap)']
[CREATOR][DEBUG] bonding_curve=no context: slot=399364967 blockTime=1770743058 err=None
[CREATOR][DEBUG] validation_notes=['could not scope create_outer_index; scanning top-level only', 'mint not created/initialized in this tx (likely pool-init or swap)']
[CREATOR][DEBUG] bonding_curve=no context: slot=399364977 blockTime=1770743062 err=None
[CREATOR][DEBUG] validation_notes=['could not scope create_outer_index; scanning top-level only', 'mint not created/initialized in this tx (likely pool-init or swap)']
[CREATOR][DEBUG] bonding_curve=no context: slot=399364978 blockTime=1770743062 err=None
[CREATOR][DEBUG] validation_notes=['mint not created/initialized in this tx (likely pool-init or swap)']
[CREATOR][DEBUG] bonding_curve=no context: slot=399365003 blockTime=1770743072 err=None
[CREATOR][DEBUG] validation_notes=['could not scope create_outer_index; scanning top-level only', 'mint not created/initialized in this tx (likely pool-init or swap)']
[CREATOR][DEBUG] bonding_curve=no context: slot=399365004 blockTime=1770743072 err=None
[CREATOR][DEBUG] validation_notes=['could not scope create_outer_index; scanning top-level only', 'mint not created/initialized in this tx (likely pool-init or swap)']
[CREATOR][DEBUG] bonding_curve=no context: slot=399365026 blockTime=1770743081 err=None
[CREATOR][DEBUG] validation_notes=['mint not created/initialized in this tx (likely pool-init or swap)']
[CREATOR][DEBUG] bonding_curve=no context: slot=399365045 blockTime=1770743089 err=None
[CREATOR][DEBUG] validation_notes=['could not scope create_outer_index; scanning top-level only', 'mint not created/initialized in this tx (likely pool-init or swap)']
[CREATOR][DEBUG] bonding_curve=no context: slot=399365059 blockTime=1770743094 err=None
[CREATOR][DEBUG] validation_notes=['could not scope create_outer_index; scanning top-level only', 'mint not created/initialized in this tx (likely pool-init or swap)']
[CREATOR][DEBUG] bonding_curve=no context: slot=399365076 blockTime=1770743100 err=None
[CREATOR][DEBUG] validation_notes=['could not scope create_outer_index; scanning top-level only', 'mint not created/initialized in this tx (likely pool-init or swap)']
[CREATOR][DEBUG] bonding_curve=no context: slot=399365083 blockTime=1770743103 err=None
[CREATOR][DEBUG] validation_notes=['could not scope create_outer_index; scanning top-level only', 'mint not created/initialized in this tx (likely pool-init or swap)']
[CREATOR][DEBUG] bonding_curve=no context: slot=399365097 blockTime=1770743108 err=None
[CREATOR][DEBUG] validation_notes=['could not scope create_outer_index; scanning top-level only', 'mint not created/initialized in this tx (likely pool-init or swap)']
[CREATOR] Page 1: checked=80/887 candidates (budget=80), no strict CREATE yet
⚠️  RPC 429, retrying in 2.0s... (1/5)
[CREATOR] Page 2: prefilter candidates=873 (checking first 80), skipped_post_migration=0, skipped_errored=127
[CREATOR][DEBUG] bonding_curve=no context: slot=399357066 blockTime=1770739949 err=None
[CREATOR][DEBUG] validation_notes=['could not scope create_outer_index; scanning top-level only', 'mint not created/initialized in this tx (likely pool-init or swap)']
[CREATOR][DEBUG] bonding_curve=no context: slot=399357072 blockTime=1770739951 err=None
[CREATOR][DEBUG] validation_notes=['could not scope create_outer_index; scanning top-level only', 'mint not created/initialized in this tx (likely pool-init or swap)']
[CREATOR][DEBUG] bonding_curve=no context: slot=399357087 blockTime=1770739957 err=None
[CREATOR][DEBUG] validation_notes=['could not scope create_outer_index; scanning top-level only', 'mint not created/initialized in this tx (likely pool-init or swap)']
[CREATOR][DEBUG] bonding_curve=no context: slot=399357111 blockTime=1770739966 err=None
[CREATOR][DEBUG] validation_notes=['mint not created/initialized in this tx (likely pool-init or swap)']
[CREATOR][DEBUG] bonding_curve=no context: slot=399357111 blockTime=1770739966 err=None
[CREATOR][DEBUG] validation_notes=['mint not created/initialized in this tx (likely pool-init or swap)']
[CREATOR][DEBUG] bonding_curve=no context: slot=399357115 blockTime=1770739968 err=None
[CREATOR][DEBUG] validation_notes=['could not scope create_outer_index; scanning top-level only', 'mint not created/initialized in this tx (likely pool-init or swap)']
[CREATOR][DEBUG] bonding_curve=no context: slot=399357126 blockTime=1770739972 err=None
[CREATOR][DEBUG] validation_notes=['could not scope create_outer_index; scanning top-level only', 'mint not created/initialized in this tx (likely pool-init or swap)']
[CREATOR][DEBUG] bonding_curve=no context: slot=399357135 blockTime=1770739975 err=None
[CREATOR][DEBUG] validation_notes=['could not scope create_outer_index; scanning top-level only', 'mint not created/initialized in this tx (likely pool-init or swap)']
[CREATOR][DEBUG] bonding_curve=no context: slot=399357138 blockTime=1770739976 err=None
[CREATOR][DEBUG] validation_notes=['could not scope create_outer_index; scanning top-level only', 'mint not created/initialized in this tx (likely pool-init or swap)']
[CREATOR][DEBUG] bonding_curve=no context: slot=399357149 blockTime=1770739980 err=None
[CREATOR][DEBUG] validation_notes=['could not scope create_outer_index; scanning top-level only', 'mint not created/initialized in this tx (likely pool-init or swap)']
[CREATOR][DEBUG] bonding_curve=no context: slot=399357165 blockTime=1770739986 err=None
[CREATOR][DEBUG] validation_notes=['mint not created/initialized in this tx (likely pool-init or swap)']
[CREATOR][DEBUG] bonding_curve=no context: slot=399357169 blockTime=1770739988 err=None
[CREATOR][DEBUG] validation_notes=['could not scope create_outer_index; scanning top-level only', 'mint not created/initialized in this tx (likely pool-init or swap)']
[CREATOR][DEBUG] bonding_curve=no context: slot=399357169 blockTime=1770739988 err=None
[CREATOR][DEBUG] validation_notes=['could not scope create_outer_index; scanning top-level only', 'mint not created/initialized in this tx (likely pool-init or swap)']
[CREATOR_WATCH]    bwamJzztZsepfkte... → 284 new funding txs
[CREATOR][DEBUG] bonding_curve=no context: slot=399357169 blockTime=1770739988 err=None
[CREATOR][DEBUG] validation_notes=['could not scope create_outer_index; scanning top-level only', 'mint not created/initialized in this tx (likely pool-init or swap)']
[CREATOR][DEBUG] bonding_curve=no context: slot=399357180 blockTime=1770739993 err=None
[CREATOR][DEBUG] validation_notes=['mint not created/initialized in this tx (likely pool-init or swap)']
[CREATOR][DEBUG] bonding_curve=no context: slot=399357180 blockTime=1770739993 err=None
[CREATOR][DEBUG] validation_notes=['mint not created/initialized in this tx (likely pool-init or swap)']
[CREATOR][DEBUG] bonding_curve=no context: slot=399357196 blockTime=1770739999 err=None
[CREATOR][DEBUG] validation_notes=['could not scope create_outer_index; scanning top-level only', 'mint not created/initialized in this tx (likely pool-init or swap)']
[CREATOR][DEBUG] bonding_curve=no context: slot=399357204 blockTime=1770740002 err=None
[CREATOR][DEBUG] validation_notes=['could not scope create_outer_index; scanning top-level only', 'mint not created/initialized in this tx (likely pool-init or swap)']
[CREATOR][DEBUG] bonding_curve=no context: slot=399357230 blockTime=1770740013 err=None
[CREATOR][DEBUG] validation_notes=['could not scope create_outer_index; scanning top-level only', 'mint not created/initialized in this tx (likely pool-init or swap)']
[CREATOR][DEBUG] bonding_curve=no context: slot=399357231 blockTime=1770740013 err=None
[CREATOR][DEBUG] validation_notes=['mint not created/initialized in this tx (likely pool-init or swap)']
[CREATOR][DEBUG] bonding_curve=no context: slot=399357269 blockTime=1770740028 err=None
[CREATOR][DEBUG] validation_notes=['mint not created/initialized in this tx (likely pool-init or swap)']
[CREATOR][DEBUG] bonding_curve=no context: slot=399357285 blockTime=1770740034 err=None
[CREATOR][DEBUG] validation_notes=['could not scope create_outer_index; scanning top-level only', 'mint not created/initialized in this tx (likely pool-init or swap)']
[CREATOR][DEBUG] bonding_curve=no context: slot=399357345 blockTime=1770740058 err=None
[CREATOR][DEBUG] validation_notes=['could not scope create_outer_index; scanning top-level only', 'mint not created/initialized in this tx (likely pool-init or swap)']
[CREATOR][DEBUG] bonding_curve=no context: slot=399357363 blockTime=1770740065 err=None
[CREATOR][DEBUG] validation_notes=['could not scope create_outer_index; scanning top-level only', 'mint not created/initialized in this tx (likely pool-init or swap)']
[CREATOR][DEBUG] bonding_curve=no context: slot=399357387 blockTime=1770740074 err=None
[CREATOR][DEBUG] validation_notes=['mint not created/initialized in this tx (likely pool-init or swap)']
[CREATOR][DEBUG] bonding_curve=no context: slot=399357410 blockTime=1770740084 err=None
[CREATOR][DEBUG] validation_notes=['mint not created/initialized in this tx (likely pool-init or swap)']
[CREATOR][DEBUG] bonding_curve=no context: slot=399357423 blockTime=1770740089 err=None
[CREATOR][DEBUG] validation_notes=['could not scope create_outer_index; scanning top-level only', 'mint not created/initialized in this tx (likely pool-init or swap)']
[CREATOR][DEBUG] bonding_curve=no context: slot=399357424 blockTime=1770740089 err=None
[CREATOR][DEBUG] validation_notes=['could not scope create_outer_index; scanning top-level only', 'mint not created/initialized in this tx (likely pool-init or swap)']
[CREATOR][DEBUG] bonding_curve=no context: slot=399357438 blockTime=1770740095 err=None
[CREATOR][DEBUG] validation_notes=['mint not created/initialized in this tx (likely pool-init or swap)']
[CREATOR][DEBUG] bonding_curve=no context: slot=399357438 blockTime=1770740095 err=None
[CREATOR][DEBUG] validation_notes=['mint not created/initialized in this tx (likely pool-init or swap)']
[CREATOR][DEBUG] bonding_curve=no context: slot=399357445 blockTime=1770740098 err=None
[CREATOR][DEBUG] validation_notes=['could not scope create_outer_index; scanning top-level only', 'mint not created/initialized in this tx (likely pool-init or swap)']
[CREATOR][DEBUG] bonding_curve=no context: slot=399357465 blockTime=1770740105 err=None
[CREATOR][DEBUG] validation_notes=['mint not created/initialized in this tx (likely pool-init or swap)']
[CREATOR][DEBUG] bonding_curve=no context: slot=399357466 blockTime=1770740105 err=None
[CREATOR][DEBUG] validation_notes=['mint not created/initialized in this tx (likely pool-init or swap)']
[CREATOR][DEBUG] bonding_curve=no context: slot=399357472 blockTime=1770740108 err=None
[CREATOR][DEBUG] validation_notes=['mint not created/initialized in this tx (likely pool-init or swap)']
[CREATOR][DEBUG] bonding_curve=no context: slot=399357472 blockTime=1770740108 err=None
[CREATOR][DEBUG] validation_notes=['mint not created/initialized in this tx (likely pool-init or swap)']
[CREATOR][DEBUG] bonding_curve=no context: slot=399357507 blockTime=1770740121 err=None
[CREATOR][DEBUG] validation_notes=['could not scope create_outer_index; scanning top-level only', 'mint not created/initialized in this tx (likely pool-init or swap)']
[CREATOR][DEBUG] bonding_curve=no context: slot=399357513 blockTime=1770740124 err=None
[CREATOR][DEBUG] validation_notes=['could not scope create_outer_index; scanning top-level only', 'mint not created/initialized in this tx (likely pool-init or swap)']
[CREATOR] Page 2: checked=80/873 candidates (budget=80), no strict CREATE yet
[CREATOR] Page 3: prefilter candidates=505 (checking first 80), skipped_post_migration=0, skipped_errored=101
[CREATOR] ✓ Found initializemint2 for mint=6vD4aostKBdmh91fX7Cot2rvZbemdvibQ6PUp6RUpump via program_id=TokenzQdBNbLqP5VEhdkAS6EPFLC1PHnBqCXEpPxuEb program=spl-token
[CREATOR] ✅ Found STRICT Pump.fun CREATE tx: 2DEkJF6uhMRa58Qkd45hdiSHrKz4KYWJNZRp9dXYY1VD2RqPrvkiqUq9iZYNA8Lf7E8uywTBJ48FazAfvrNqGDzp
[CREATOR] ✓ CREATE fee payer (creator): EfLZo8wXecSXVs1ZonmysjXpXUeccACUq7QW1fz8xTyL
[CREATOR] ✓ Bonding curve: 2vexorBXfVrMyBqk7Qo1xFoUTFNrvJTRcrpDHeWjVuzW (proven_end=False)
⚠️  RPC 429, retrying in 2.0s... (1/5)
⚠️  RPC 429, retrying in 4.0s... (2/5)
[CREATOR] 🕐 Using on-chain time from earliest tx: 2026-02-10T16:05:56Z
[CREATOR] ✅ Extracted from earliest tx: EfLZo8wXecSXVs1ZonmysjXpXUeccACUq7QW1fz8xTyL (confirmed) | CREATE tx validated: 2DEkJF6uhMRa58Qkd45h...
[DB] ✅ Updated token entry with creator: EfLZo8wX... | Created: 2026-02-10T16:05:56Z | CREATE tx: 2DEkJF6uhMRa58Qkd45h...
[CREATOR_WATCH] 👁️ Now watching creator EfLZo8wXecSXVs1Z...
[SETTINGS] Token history ❌ OFF - skipping token history analysis
[SETTINGS] Creator history ❌ OFF - skipping creator network and funding analysis
