[INIT] ✓ RPC Metrics API already running on port 8001
[DB] ✅ Funder webhook tables ensured
[DB] ✅ Creator funders and funding graph tables ensured
[INIT] Pump.Fun → PumpSwap Migration Listener ready
[INIT] ✅ TX Cache initialized (TTL: 1800s)
[INIT] 🔄 Pool detection retries enabled (max 3 retries, 5s delay)
[INIT] Monitoring PumpSwap program: pAMMBay6oceH9fJKBRHGP5D4bD4sWpmSwMn52FMfXEA
[INIT] WebSocket: wss://mainnet.helius-rpc.com/?api-key=16f1a5fc-2592-466c-a5d...
[INIT] HTTP RPC: https://mainnet.helius-rpc.com/?api-key=16f1a5fc-2592-466c-a...
[LISTENER] ⏸ Price updater disabled (HARDCODED OFF)
[LISTENER] ✅ Creator outgoing transfers monitored via Helius webhook (real-time)

[WEBSOCKET] Connecting to PumpSwap program...
[WEBSOCKET] ✓ Connected to PumpSwap program via Helius
[RPC_METRICS] record_request source_file=pumpfun_curve_listener method=logsSubscribe credits=1 cache_action=none ts=1773665020.033814
[WEBSOCKET] Subscribed to PumpSwap migrations
[WEBSOCKET] ✓ Subscription confirmed (ID: 53891087)

[WEBSOCKET] 🔍 Migration found. listen_to_launches=True
[WEBSOCKET] 🚨 Migration #1 detected: onVMZqm4KpSqNZ25zoZYsHsNgs2sWg7vfMcA3rmXG9QnHS3wL23rcjHXCqb7QbziNdN4ByaT7ogrt7Z6RHWLP3t
[TX_CACHE] 🌐 MISS: fetching onVMZqm4KpSqNZ25...
[RPC_METRICS] record_request source_file=pumpfun_curve_listener method=getTransaction credits=10 cache_action=none ts=1773665283.500482
[TX_CACHE] 💾 CACHED: onVMZqm4KpSqNZ25... (32372 bytes)
[EVENT] 🚀 MIGRATION DETECTED: 83Gc9q7KP9yVQCAN6j1Y3gE8v8fJjhNFPSc3eLT4pump
[EVENT] Migration signature: onVMZqm4KpSqNZ25zoZYsHsNgs2sWg7vfMcA3rmXG9QnHS3wL23rcjHXCqb7QbziNdN4ByaT7ogrt7Z6RHWLP3t
[DB] ✅ Created minimal token entry for 83Gc9q7KP9yVQCAN6j1Y3gE8v8fJjhNFPSc3eLT4pump
[POOL_DETECT] No valid pool found in transaction. Trying fallback vault discovery...
[WEBSOCKET] 🔍 Migration found. listen_to_launches=True
[WEBSOCKET] 🚨 Migration #2 detected: 2ab1NsXwnbRsPyj8wYdH7hYhNz3bZabt6m9oRy1kToshMiNrAPv1C21V2HEd3cREDercAKJryfJuYr3gGmNsvLQT
[TX_CACHE] 🌐 MISS: fetching 2ab1NsXwnbRsPyj8...
[RPC_METRICS] record_request source_file=pumpfun_curve_listener method=getTransaction credits=10 cache_action=none ts=1773665287.635127
[TX_CACHE] 💾 CACHED: 2ab1NsXwnbRsPyj8... (32347 bytes)
[EVENT] 🚀 MIGRATION DETECTED: EeBWrYayvfCSuGYVgRZk8m4frPpicxXP8t77Nax9pump
[EVENT] Migration signature: 2ab1NsXwnbRsPyj8wYdH7hYhNz3bZabt6m9oRy1kToshMiNrAPv1C21V2HEd3cREDercAKJryfJuYr3gGmNsvLQT
[DB] ✅ Created minimal token entry for EeBWrYayvfCSuGYVgRZk8m4frPpicxXP8t77Nax9pump
[POOL_DETECT_FALLBACK] Failed to resolve pool via vaults
[POOL_DETECT] All pool discovery methods failed for 83Gc9q7KP9yVQCAN6j1Y3gE8v8fJjhNFPSc3eLT4pump
[POOL_DETECT] No valid pool found (primary + fallback exhausted)
[POOL_DETECT] Final discovery result: source=none pool=None
[POOL_DETECT] Scheduling retry discovery in 10s, 30s, 60s
[ANALYZER_INIT] Token: 83Gc9q7KP9yVQCAN6j1Y3gE8v8fJjhNFPSc3eLT4pump
[ANALYZER_INIT] RPC: https://mainnet.helius-rpc.com/?api-key=16f1a5fc-2592-466c-a5d4-b5799ae8da96
[CREATOR] Extracting bonding curve from *strict* CREATE tx for 83Gc9q7KP9yVQCAN6j1Y...
[RPC_METRICS] record_request source_file=unknown method=getSignaturesForAddress credits=10 cache_action=none ts=1773665288.1950378
[CREATOR] Page 1: prefilter candidates=324 (checking first 80), skipped_post_migration=0, skipped_errored=27
[CREATOR] ✓ Found initializemint2 for mint=83Gc9q7KP9yVQCAN6j1Y3gE8v8fJjhNFPSc3eLT4pump via program_id=TokenzQdBNbLqP5VEhdkAS6EPFLC1PHnBqCXEpPxuEb program=spl-token
[CREATOR] Oldest#1 64EgrFYTV1YYb5Ur... strict_create=True mint_create=False mint_init=True bonding_curve=yes
[CREATOR] ✅ Found STRICT Pump.fun CREATE tx: 64EgrFYTV1YYb5UrFhNvoz1d59jH9Lw1LJzL6bwSCAEyYkBp8wRBwsUcS7e5bVA4AWsZipr2XtLBK5EDtz6N1qYL
[CREATOR] ✓ CREATE fee payer (creator): DSfEdTyqGoNNWP4LMBwZfd8x89C1AgZsDqN1ipDcXaMF
[CREATOR] ✓ Bonding curve: QMMkXAnKyZQUJqzgvruEuK9ono8jmBXv6DDMK6x9quz (proven_end=False)
[RPC_METRICS] record_request source_file=unknown method=getSignaturesForAddress credits=10 cache_action=none ts=1773665288.502871
[RPC_METRICS] record_request source_file=unknown method=getSignaturesForAddress credits=10 cache_action=none ts=1773665288.677224
[CREATOR] 🕐 Using on-chain time from earliest tx: 2026-03-14T22:11:50Z
[CREATOR] ✅ Extracted from earliest tx: DSfEdTyqGoNNWP4LMBwZfd8x89C1AgZsDqN1ipDcXaMF (confirmed) | CREATE tx validated: 64EgrFYTV1YYb5UrFhNv...
[CLUSTER] Error checking creator DSfEdTyqGoNNWP4LMBwZfd8x89C1AgZsDqN1ipDcXaMF: No module named 'cluster_risk_checker'
[DB] ✅ Updated token entry with creator: DSfEdTyq... | Created: 2026-03-14T22:11:50Z | CREATE tx: 64EgrFYTV1YYb5UrFhNv...
[SETTINGS] Token history ❌ OFF - skipping token history analysis
[MIGRATION] ✅ CRITICAL PATH COMPLETE - Token 83Gc9q7K... with creator DSfEdTyq... is now visible in UI
[BACKGROUND] 📤 Background tasks spawned (fire-and-forget)
[BACKGROUND] 🚀 Starting background funding and clustering tasks...
[FUNDING] ⏳ Starting creator funding extraction for DSfEdTyq...
[REALTIME_FUNDING] 📊 Recording RPC metrics for creator funding extraction: DSfEdTyqGoNNWP4L...
✅ CursorManager initialized for Phase 1 deployment
✅ RPCCache initialized for Phase 2 deployment
[PERF] SQLite optimizations applied (WAL mode, 50MB cache, 60s busy timeout)
[PERF] SQLite optimizations applied (WAL mode, 50MB cache, 60s busy timeout)
[REALTIME_FUNDING] 🔍 Extracting creator funding for DSfEdTyqGoNNWP4L...
[REALTIME_FUNDING]    Migration timestamp: 2026-03-14T22:11:50Z
[REALTIME_FUNDING]    Will fetch up to 1 month of history
[REALTIME_FUNDING]    Excluding 1 addresses (creator's tokens & bonding curves)
[REALTIME_FUNDING]    Fetching all pre-migration transactions from Helius API...
[REALTIME_FUNDING]    ✅ Loaded cursor: will fetch signatures after v1_migration_start...
[REALTIME_FUNDING]    [PAGE 1] RPC CALL #1...
[RPC_METRICS] record_request source_file=realtime_creator_funding_extractor method=helius_enhanced_addresses_transactions credits=0 cache_action=full_scan ts=1773665289.2982001
[REALTIME_FUNDING]    ⚠ Helius HTTP 400 on page 1
[REALTIME_FUNDING]    ✓ Inbound: 0 funders (0.00 SOL)
[REALTIME_FUNDING]    ✓ Outbound: 0 recipients (0.00 SOL)
[EXTRACTION] ✅ COMPLETED for DSfEdTyqGoNNWP4L... | Funders: 0, Recipients: 0
[BLOCKSEC] Found 100 active addresses (used 2+ times)
[BLOCKSEC] Found 100 unlabeled addresses, preparing batch...
[BLOCKSEC] Batch failed: Rate limited. Next batch in 48 minutes
[REALTIME_FUNDING]    🔍 Searching for OUTGOING transfers after migration...
[RPC_METRICS] record_request source_file=realtime_creator_funding_extractor method=getSignaturesForAddress credits=10 cache_action=none ts=1773665290.6773171
[RPC_METRICS] record_request source_file=realtime_creator_funding_extractor method=getTransaction credits=10 cache_action=miss ts=1773665290.826416
[RPC_METRICS] record_request source_file=realtime_creator_funding_extractor method=getTransaction credits=10 cache_action=miss ts=1773665290.946406
[RPC_METRICS] record_request source_file=realtime_creator_funding_extractor method=getTransaction credits=10 cache_action=miss ts=1773665291.04045
[RPC_METRICS] record_request source_file=realtime_creator_funding_extractor method=getTransaction credits=10 cache_action=miss ts=1773665291.180532
[RPC_METRICS] record_request source_file=realtime_creator_funding_extractor method=getTransaction credits=10 cache_action=miss ts=1773665291.2784588
[RPC_METRICS] record_request source_file=realtime_creator_funding_extractor method=getTransaction credits=10 cache_action=miss ts=1773665291.373942
[RPC_METRICS] record_request source_file=realtime_creator_funding_extractor method=getTransaction credits=10 cache_action=miss ts=1773665291.512691
[RPC_METRICS] record_request source_file=realtime_creator_funding_extractor method=getTransaction credits=10 cache_action=miss ts=1773665291.605131
[RPC_METRICS] record_request source_file=realtime_creator_funding_extractor method=getTransaction credits=10 cache_action=miss ts=1773665291.6979442
[RPC_METRICS] record_request source_file=realtime_creator_funding_extractor method=getTransaction credits=10 cache_action=miss ts=1773665291.79778
[RPC_METRICS] record_request source_file=realtime_creator_funding_extractor method=getTransaction credits=10 cache_action=miss ts=1773665291.893197
[RPC_METRICS] record_request source_file=realtime_creator_funding_extractor method=getTransaction credits=10 cache_action=miss ts=1773665291.998126
[RPC_METRICS] record_request source_file=realtime_creator_funding_extractor method=getTransaction credits=10 cache_action=miss ts=1773665292.093931
[POOL_DETECT] No valid pool found in transaction. Trying fallback vault discovery...
[RPC_METRICS] record_request source_file=realtime_creator_funding_extractor method=getTransaction credits=10 cache_action=miss ts=1773665292.222183
[RPC_METRICS] record_request source_file=realtime_creator_funding_extractor method=getTransaction credits=10 cache_action=miss ts=1773665292.311784
[RPC_METRICS] record_request source_file=realtime_creator_funding_extractor method=getTransaction credits=10 cache_action=miss ts=1773665292.403123
[RPC_METRICS] record_request source_file=realtime_creator_funding_extractor method=getTransaction credits=10 cache_action=hit ts=1773665292.417547
[RPC_METRICS] record_request source_file=realtime_creator_funding_extractor method=getTransaction credits=10 cache_action=miss ts=1773665292.507591
[RPC_METRICS] record_request source_file=realtime_creator_funding_extractor method=getTransaction credits=10 cache_action=miss ts=1773665292.602759
[RPC_METRICS] record_request source_file=realtime_creator_funding_extractor method=getTransaction credits=10 cache_action=miss ts=1773665292.702854
[RPC_METRICS] record_request source_file=realtime_creator_funding_extractor method=getTransaction credits=10 cache_action=miss ts=1773665292.7920399
[RPC_METRICS] record_request source_file=realtime_creator_funding_extractor method=getTransaction credits=10 cache_action=miss ts=1773665292.894332
[RPC_METRICS] record_request source_file=realtime_creator_funding_extractor method=getTransaction credits=10 cache_action=miss ts=1773665293.068788
[POOL_DETECT_FALLBACK] Failed to resolve pool via vaults
[POOL_DETECT] All pool discovery methods failed for EeBWrYayvfCSuGYVgRZk8m4frPpicxXP8t77Nax9pump
[POOL_DETECT] No valid pool found (primary + fallback exhausted)
[POOL_DETECT] Final discovery result: source=none pool=None
[POOL_DETECT] Scheduling retry discovery in 10s, 30s, 60s
[RPC_METRICS] record_request source_file=realtime_creator_funding_extractor method=getTransaction credits=10 cache_action=miss ts=1773665293.164404
[PRICE] ✅ Initial price fetched: $9.50e-09 | Market Cap: $9.50e+00 | Source: dexscreener
[ANALYZER_INIT] Token: EeBWrYayvfCSuGYVgRZk8m4frPpicxXP8t77Nax9pump
[ANALYZER_INIT] RPC: https://mainnet.helius-rpc.com/?api-key=16f1a5fc-2592-466c-a5d4-b5799ae8da96
[CREATOR] Extracting bonding curve from *strict* CREATE tx for EeBWrYayvfCSuGYVgRZk...
[RPC_METRICS] record_request source_file=realtime_creator_funding_extractor method=getTransaction credits=10 cache_action=miss ts=1773665293.2451499
[RPC_METRICS] record_request source_file=realtime_creator_funding_extractor method=getTransaction credits=10 cache_action=miss ts=1773665293.337505
[RPC_METRICS] record_request source_file=realtime_creator_funding_extractor method=getTransaction credits=10 cache_action=miss ts=1773665293.4253252
[RPC_METRICS] record_request source_file=realtime_creator_funding_extractor method=getTransaction credits=10 cache_action=hit ts=1773665293.44052
[RPC_METRICS] record_request source_file=realtime_creator_funding_extractor method=getTransaction credits=10 cache_action=hit ts=1773665293.4510589
[RPC_METRICS] record_request source_file=unknown method=getSignaturesForAddress credits=10 cache_action=none ts=1773665293.4636002
[CREATOR] Page 1: prefilter candidates=285 (checking first 80), skipped_post_migration=0, skipped_errored=8
[RPC_METRICS] record_request source_file=realtime_creator_funding_extractor method=getTransaction credits=10 cache_action=miss ts=1773665293.536565
[RPC_METRICS] record_request source_file=realtime_creator_funding_extractor method=getTransaction credits=10 cache_action=miss ts=1773665293.62368
[CREATOR] ✓ Found initializemint2 for mint=EeBWrYayvfCSuGYVgRZk8m4frPpicxXP8t77Nax9pump via program_id=TokenzQdBNbLqP5VEhdkAS6EPFLC1PHnBqCXEpPxuEb program=spl-token
[CREATOR] Oldest#1 2SLiPqiHi4GXPg95... strict_create=True mint_create=False mint_init=True bonding_curve=yes
[CREATOR] ✅ Found STRICT Pump.fun CREATE tx: 2SLiPqiHi4GXPg95SWYzKCLRKEHAxD5gAjSBfuKuE9nHNGCLc83A5jimMSCzmhj7okUhxK44ydnmQHz8Wu8kwn8S
[CREATOR] ✓ CREATE fee payer (creator): FEmaTfeVKMcfkXMebtdCm92fe4mU3wMAy5U95AWwd8jD
[CREATOR] ✓ Bonding curve: EKjEwnRZ84oM5AtEaTWCUusfa9juWTou8qsZk88i76Br (proven_end=False)
[RPC_METRICS] record_request source_file=realtime_creator_funding_extractor method=getTransaction credits=10 cache_action=miss ts=1773665293.716803
[RPC_METRICS] record_request source_file=realtime_creator_funding_extractor method=getTransaction credits=10 cache_action=miss ts=1773665293.812269
[RPC_METRICS] record_request source_file=unknown method=getSignaturesForAddress credits=10 cache_action=none ts=1773665293.878496
[RPC_METRICS] record_request source_file=realtime_creator_funding_extractor method=getTransaction credits=10 cache_action=miss ts=1773665293.897901
[RPC_METRICS] record_request source_file=realtime_creator_funding_extractor method=getTransaction credits=10 cache_action=miss ts=1773665294.0003252
[RPC_METRICS] record_request source_file=unknown method=getSignaturesForAddress credits=10 cache_action=none ts=1773665294.044102
[CREATOR] 🕐 Using on-chain time from earliest tx: 2026-03-14T20:27:13Z
[CREATOR] ✅ Extracted from earliest tx: FEmaTfeVKMcfkXMebtdCm92fe4mU3wMAy5U95AWwd8jD (confirmed) | CREATE tx validated: 2SLiPqiHi4GXPg95SWYz...
[CLUSTER] Error checking creator FEmaTfeVKMcfkXMebtdCm92fe4mU3wMAy5U95AWwd8jD: No module named 'cluster_risk_checker'
[DB] ✅ Updated token entry with creator: FEmaTfeV... | Created: 2026-03-14T20:27:13Z | CREATE tx: 2SLiPqiHi4GXPg95SWYz...
[SETTINGS] Token history ❌ OFF - skipping token history analysis
[MIGRATION] ✅ CRITICAL PATH COMPLETE - Token EeBWrYay... with creator FEmaTfeV... is now visible in UI
[BACKGROUND] 📤 Background tasks spawned (fire-and-forget)
[BACKGROUND] 🚀 Starting background funding and clustering tasks...
[FUNDING] ⏳ Starting creator funding extraction for FEmaTfeV...
[REALTIME_FUNDING] 📊 Recording RPC metrics for creator funding extraction: FEmaTfeVKMcfkXMe...
[PERF] SQLite optimizations applied (WAL mode, 50MB cache, 60s busy timeout)
[REALTIME_FUNDING] 🔍 Extracting creator funding for FEmaTfeVKMcfkXMe...
[REALTIME_FUNDING]    Migration timestamp: 2026-03-14T20:27:13Z
[REALTIME_FUNDING]    Will fetch up to 1 month of history
[REALTIME_FUNDING]    Excluding 1 addresses (creator's tokens & bonding curves)
[REALTIME_FUNDING]    Fetching all pre-migration transactions from Helius API...
[REALTIME_FUNDING]    ✅ Loaded cursor: will fetch signatures after v1_migration_start...
[REALTIME_FUNDING]    [PAGE 1] RPC CALL #1...
[RPC_METRICS] record_request source_file=realtime_creator_funding_extractor method=getTransaction credits=10 cache_action=miss ts=1773665294.447037
[RPC_METRICS] record_request source_file=realtime_creator_funding_extractor method=getTransaction credits=10 cache_action=miss ts=1773665294.5453582
[RPC_METRICS] record_request source_file=realtime_creator_funding_extractor method=helius_enhanced_addresses_transactions credits=0 cache_action=full_scan ts=1773665294.597497
[REALTIME_FUNDING]    ⚠ Helius HTTP 400 on page 1
[REALTIME_FUNDING]    ✓ Inbound: 0 funders (0.00 SOL)
[REALTIME_FUNDING]    ✓ Outbound: 0 recipients (0.00 SOL)
[EXTRACTION] ✅ COMPLETED for FEmaTfeVKMcfkXMe... | Funders: 0, Recipients: 0
[BLOCKSEC] Found 100 active addresses (used 2+ times)
[BLOCKSEC] Found 100 unlabeled addresses, preparing batch...
[BLOCKSEC] Batch failed: Rate limited. Next batch in 48 minutes
[RPC_METRICS] record_request source_file=realtime_creator_funding_extractor method=getTransaction credits=10 cache_action=miss ts=1773665295.487375
[RPC_METRICS] record_request source_file=realtime_creator_funding_extractor method=getTransaction credits=10 cache_action=miss ts=1773665295.5814788
[RPC_METRICS] record_request source_file=realtime_creator_funding_extractor method=getTransaction credits=10 cache_action=miss ts=1773665295.676932
[RPC_METRICS] record_request source_file=realtime_creator_funding_extractor method=getTransaction credits=10 cache_action=miss ts=1773665295.7662342
[RPC_METRICS] record_request source_file=realtime_creator_funding_extractor method=getTransaction credits=10 cache_action=miss ts=1773665295.851945
[REALTIME_FUNDING]    🔍 Searching for OUTGOING transfers after migration...
[RPC_METRICS] record_request source_file=realtime_creator_funding_extractor method=getTransaction credits=10 cache_action=miss ts=1773665295.950188
[RPC_METRICS] record_request source_file=realtime_creator_funding_extractor method=getSignaturesForAddress credits=10 cache_action=none ts=1773665295.964267
[RPC_METRICS] record_request source_file=realtime_creator_funding_extractor method=getTransaction credits=10 cache_action=miss ts=1773665296.044323
[RPC_METRICS] record_request source_file=realtime_creator_funding_extractor method=getTransaction credits=10 cache_action=miss ts=1773665296.061429
[RPC_METRICS] record_request source_file=realtime_creator_funding_extractor method=getTransaction credits=10 cache_action=miss ts=1773665296.131586
[RPC_METRICS] record_request source_file=realtime_creator_funding_extractor method=getTransaction credits=10 cache_action=miss ts=1773665296.154507
[RPC_METRICS] record_request source_file=realtime_creator_funding_extractor method=getTransaction credits=10 cache_action=miss ts=1773665296.231151
[RPC_METRICS] record_request source_file=realtime_creator_funding_extractor method=getTransaction credits=10 cache_action=miss ts=1773665296.2457778
[RPC_METRICS] record_request source_file=realtime_creator_funding_extractor method=getTransaction credits=10 cache_action=miss ts=1773665296.335021
[RPC_METRICS] record_request source_file=realtime_creator_funding_extractor method=getTransaction credits=10 cache_action=miss ts=1773665296.349319
[RPC_METRICS] record_request source_file=realtime_creator_funding_extractor method=getTransaction credits=10 cache_action=miss ts=1773665296.405235
[RPC_METRICS] record_request source_file=realtime_creator_funding_extractor method=getTransaction credits=10 cache_action=miss ts=1773665296.43782
[RPC_METRICS] record_request source_file=realtime_creator_funding_extractor method=getTransaction credits=10 cache_action=miss ts=1773665296.481892
[RPC_METRICS] record_request source_file=realtime_creator_funding_extractor method=getTransaction credits=10 cache_action=miss ts=1773665296.523351
[RPC_METRICS] record_request source_file=realtime_creator_funding_extractor method=getTransaction credits=10 cache_action=miss ts=1773665296.53705
[RPC_METRICS] record_request source_file=realtime_creator_funding_extractor method=getTransaction credits=10 cache_action=miss ts=1773665296.604178
[RPC_METRICS] record_request source_file=realtime_creator_funding_extractor method=getTransaction credits=10 cache_action=miss ts=1773665296.621345
[RPC_METRICS] record_request source_file=realtime_creator_funding_extractor method=getTransaction credits=10 cache_action=miss ts=1773665296.729758
[RPC_METRICS] record_request source_file=realtime_creator_funding_extractor method=getSignaturesForAddress credits=10 cache_action=none ts=1773665296.788533
[RPC_METRICS] record_request source_file=realtime_creator_funding_extractor method=getTransaction credits=10 cache_action=miss ts=1773665296.812567
[RPC_METRICS] record_request source_file=realtime_creator_funding_extractor method=getTransaction credits=10 cache_action=miss ts=1773665296.891969
[RPC_METRICS] record_request source_file=realtime_creator_funding_extractor method=getTransaction credits=10 cache_action=miss ts=1773665296.9057732
[RPC_METRICS] record_request source_file=realtime_creator_funding_extractor method=getTransaction credits=10 cache_action=miss ts=1773665296.973663
[RPC_METRICS] record_request source_file=realtime_creator_funding_extractor method=getTransaction credits=10 cache_action=miss ts=1773665296.987882
[RPC_METRICS] record_request source_file=realtime_creator_funding_extractor method=getTransaction credits=10 cache_action=miss ts=1773665297.0796149
[RPC_METRICS] record_request source_file=realtime_creator_funding_extractor method=getTransaction credits=10 cache_action=miss ts=1773665297.105869
[RPC_METRICS] record_request source_file=realtime_creator_funding_extractor method=getTransaction credits=10 cache_action=miss ts=1773665297.158516
[RPC_METRICS] record_request source_file=realtime_creator_funding_extractor method=getTransaction credits=10 cache_action=miss ts=1773665297.1941519
[RPC_METRICS] record_request source_file=realtime_creator_funding_extractor method=getTransaction credits=10 cache_action=miss ts=1773665297.2437592
[RPC_METRICS] record_request source_file=realtime_creator_funding_extractor method=getTransaction credits=10 cache_action=miss ts=1773665297.284974
[RPC_METRICS] record_request source_file=realtime_creator_funding_extractor method=getTransaction credits=10 cache_action=miss ts=1773665297.327799
[RPC_METRICS] record_request source_file=realtime_creator_funding_extractor method=getTransaction credits=10 cache_action=miss ts=1773665297.3713322
[RPC_METRICS] record_request source_file=realtime_creator_funding_extractor method=getTransaction credits=10 cache_action=miss ts=1773665297.414649
[RPC_METRICS] record_request source_file=realtime_creator_funding_extractor method=getTransaction credits=10 cache_action=miss ts=1773665297.456958
[RPC_METRICS] record_request source_file=realtime_creator_funding_extractor method=getTransaction credits=10 cache_action=miss ts=1773665297.505377
[RPC_METRICS] record_request source_file=realtime_creator_funding_extractor method=getTransaction credits=10 cache_action=miss ts=1773665297.54339
[RPC_METRICS] record_request source_file=realtime_creator_funding_extractor method=getTransaction credits=10 cache_action=miss ts=1773665297.594523
[RPC_METRICS] record_request source_file=realtime_creator_funding_extractor method=getTransaction credits=10 cache_action=miss ts=1773665297.634809
[RPC_METRICS] record_request source_file=realtime_creator_funding_extractor method=getTransaction credits=10 cache_action=miss ts=1773665297.683063
[RPC_METRICS] record_request source_file=realtime_creator_funding_extractor method=getTransaction credits=10 cache_action=miss ts=1773665297.727038
[RPC_METRICS] record_request source_file=realtime_creator_funding_extractor method=getTransaction credits=10 cache_action=miss ts=1773665297.7809331
[RPC_METRICS] record_request source_file=realtime_creator_funding_extractor method=getTransaction credits=10 cache_action=miss ts=1773665297.822111
[RPC_METRICS] record_request source_file=realtime_creator_funding_extractor method=getTransaction credits=10 cache_action=miss ts=1773665297.864233
[POOL_DETECT_RETRY] ⏱️  Retry attempt after 10s for 83Gc9q7KP9yVQCAN...
[RPC_METRICS] record_request source_file=realtime_creator_funding_extractor method=getTransaction credits=10 cache_action=miss ts=1773665297.908227
[RPC_METRICS] record_request source_file=realtime_creator_funding_extractor method=getTransaction credits=10 cache_action=miss ts=1773665297.9534311
[RPC_METRICS] record_request source_file=realtime_creator_funding_extractor method=getTransaction credits=10 cache_action=miss ts=1773665297.9995031
[RPC_METRICS] record_request source_file=realtime_creator_funding_extractor method=getTransaction credits=10 cache_action=miss ts=1773665298.0416582
[RPC_METRICS] record_request source_file=realtime_creator_funding_extractor method=getTransaction credits=10 cache_action=miss ts=1773665298.0869172
[RPC_METRICS] record_request source_file=realtime_creator_funding_extractor method=getTransaction credits=10 cache_action=miss ts=1773665298.1264372
[RPC_METRICS] record_request source_file=realtime_creator_funding_extractor method=getTransaction credits=10 cache_action=miss ts=1773665298.169133
[RPC_METRICS] record_request source_file=realtime_creator_funding_extractor method=getTransaction credits=10 cache_action=miss ts=1773665298.2154481
[RPC_METRICS] record_request source_file=realtime_creator_funding_extractor method=getTransaction credits=10 cache_action=miss ts=1773665298.244815
[RPC_METRICS] record_request source_file=realtime_creator_funding_extractor method=getTransaction credits=10 cache_action=miss ts=1773665298.2939498
[RPC_METRICS] record_request source_file=realtime_creator_funding_extractor method=getTransaction credits=10 cache_action=miss ts=1773665298.332907
[RPC_METRICS] record_request source_file=realtime_creator_funding_extractor method=getTransaction credits=10 cache_action=miss ts=1773665298.3680708
[RPC_METRICS] record_request source_file=realtime_creator_funding_extractor method=getTransaction credits=10 cache_action=miss ts=1773665298.418782
[RPC_METRICS] record_request source_file=realtime_creator_funding_extractor method=getTransaction credits=10 cache_action=miss ts=1773665298.455928
[RPC_METRICS] record_request source_file=realtime_creator_funding_extractor method=getTransaction credits=10 cache_action=miss ts=1773665298.5241501
[RPC_METRICS] record_request source_file=realtime_creator_funding_extractor method=getTransaction credits=10 cache_action=miss ts=1773665298.5435321
[RPC_METRICS] record_request source_file=realtime_creator_funding_extractor method=getTransaction credits=10 cache_action=miss ts=1773665298.613374
[RPC_METRICS] record_request source_file=realtime_creator_funding_extractor method=getTransaction credits=10 cache_action=miss ts=1773665298.639508
[RPC_METRICS] record_request source_file=realtime_creator_funding_extractor method=getTransaction credits=10 cache_action=miss ts=1773665298.701896
[RPC_METRICS] record_request source_file=realtime_creator_funding_extractor method=getTransaction credits=10 cache_action=miss ts=1773665298.72064
[RPC_METRICS] record_request source_file=realtime_creator_funding_extractor method=getTransaction credits=10 cache_action=miss ts=1773665298.799841
[RPC_METRICS] record_request source_file=realtime_creator_funding_extractor method=getTransaction credits=10 cache_action=miss ts=1773665298.8166988
[RPC_METRICS] record_request source_file=realtime_creator_funding_extractor method=getTransaction credits=10 cache_action=miss ts=1773665298.895644
[RPC_METRICS] record_request source_file=realtime_creator_funding_extractor method=getTransaction credits=10 cache_action=miss ts=1773665298.909728
[RPC_METRICS] record_request source_file=realtime_creator_funding_extractor method=getTransaction credits=10 cache_action=miss ts=1773665298.9798589
[RPC_METRICS] record_request source_file=realtime_creator_funding_extractor method=getTransaction credits=10 cache_action=miss ts=1773665298.9961832
[RPC_METRICS] record_request source_file=realtime_creator_funding_extractor method=getTransaction credits=10 cache_action=miss ts=1773665299.059603
[RPC_METRICS] record_request source_file=realtime_creator_funding_extractor method=getTransaction credits=10 cache_action=miss ts=1773665299.089244
[RPC_METRICS] record_request source_file=realtime_creator_funding_extractor method=getTransaction credits=10 cache_action=miss ts=1773665299.150353
[RPC_METRICS] record_request source_file=realtime_creator_funding_extractor method=getTransaction credits=10 cache_action=miss ts=1773665299.184767
[RPC_METRICS] record_request source_file=realtime_creator_funding_extractor method=getTransaction credits=10 cache_action=miss ts=1773665299.2300851
[RPC_METRICS] record_request source_file=realtime_creator_funding_extractor method=getTransaction credits=10 cache_action=miss ts=1773665299.3036668
[RPC_METRICS] record_request source_file=realtime_creator_funding_extractor method=getTransaction credits=10 cache_action=miss ts=1773665299.3170629
[RPC_METRICS] record_request source_file=realtime_creator_funding_extractor method=getTransaction credits=10 cache_action=miss ts=1773665299.39854
[RPC_METRICS] record_request source_file=realtime_creator_funding_extractor method=getTransaction credits=10 cache_action=miss ts=1773665299.4126458
[RPC_METRICS] record_request source_file=realtime_creator_funding_extractor method=getTransaction credits=10 cache_action=miss ts=1773665299.482871
[RPC_METRICS] record_request source_file=realtime_creator_funding_extractor method=getTransaction credits=10 cache_action=miss ts=1773665299.4990778
[RPC_METRICS] record_request source_file=realtime_creator_funding_extractor method=getTransaction credits=10 cache_action=miss ts=1773665299.568576
[RPC_METRICS] record_request source_file=realtime_creator_funding_extractor method=getTransaction credits=10 cache_action=miss ts=1773665299.583945
[RPC_METRICS] record_request source_file=realtime_creator_funding_extractor method=getTransaction credits=10 cache_action=miss ts=1773665299.6724749
[RPC_METRICS] record_request source_file=realtime_creator_funding_extractor method=getTransaction credits=10 cache_action=miss ts=1773665299.690402
[RPC_METRICS] record_request source_file=realtime_creator_funding_extractor method=getTransaction credits=10 cache_action=miss ts=1773665299.754393
[RPC_METRICS] record_request source_file=realtime_creator_funding_extractor method=getTransaction credits=10 cache_action=miss ts=1773665299.77534
[RPC_METRICS] record_request source_file=realtime_creator_funding_extractor method=getTransaction credits=10 cache_action=miss ts=1773665299.841275
[RPC_METRICS] record_request source_file=realtime_creator_funding_extractor method=getTransaction credits=10 cache_action=miss ts=1773665299.862911
[RPC_METRICS] record_request source_file=realtime_creator_funding_extractor method=getTransaction credits=10 cache_action=miss ts=1773665299.915301
[RPC_METRICS] record_request source_file=realtime_creator_funding_extractor method=getTransaction credits=10 cache_action=miss ts=1773665299.957982
[RPC_METRICS] record_request source_file=realtime_creator_funding_extractor method=getTransaction credits=10 cache_action=miss ts=1773665300.0075252
[RPC_METRICS] record_request source_file=realtime_creator_funding_extractor method=getTransaction credits=10 cache_action=miss ts=1773665300.052753
[RPC_METRICS] record_request source_file=realtime_creator_funding_extractor method=getTransaction credits=10 cache_action=miss ts=1773665300.080817
[RPC_METRICS] record_request source_file=realtime_creator_funding_extractor method=getTransaction credits=10 cache_action=miss ts=1773665300.1441998
[RPC_METRICS] record_request source_file=realtime_creator_funding_extractor method=getTransaction credits=10 cache_action=miss ts=1773665300.168685
[RPC_METRICS] record_request source_file=realtime_creator_funding_extractor method=getTransaction credits=10 cache_action=miss ts=1773665300.235182
[RPC_METRICS] record_request source_file=realtime_creator_funding_extractor method=getTransaction credits=10 cache_action=miss ts=1773665300.258986
[RPC_METRICS] record_request source_file=realtime_creator_funding_extractor method=getTransaction credits=10 cache_action=miss ts=1773665300.340723
[RPC_METRICS] record_request source_file=realtime_creator_funding_extractor method=getTransaction credits=10 cache_action=miss ts=1773665300.4477031
[RPC_METRICS] record_request source_file=realtime_creator_funding_extractor method=getSignaturesForAddress credits=10 cache_action=none ts=1773665300.481083
[RPC_METRICS] record_request source_file=realtime_creator_funding_extractor method=getTransaction credits=10 cache_action=miss ts=1773665300.5509498
[RPC_METRICS] record_request source_file=realtime_creator_funding_extractor method=getTransaction credits=10 cache_action=miss ts=1773665300.574571
[RPC_METRICS] record_request source_file=realtime_creator_funding_extractor method=getTransaction credits=10 cache_action=miss ts=1773665300.64675
[RPC_METRICS] record_request source_file=realtime_creator_funding_extractor method=getTransaction credits=10 cache_action=miss ts=1773665300.6659222
[RPC_METRICS] record_request source_file=realtime_creator_funding_extractor method=getTransaction credits=10 cache_action=miss ts=1773665300.738834
[RPC_METRICS] record_request source_file=realtime_creator_funding_extractor method=getTransaction credits=10 cache_action=miss ts=1773665300.7539861
[RPC_METRICS] record_request source_file=realtime_creator_funding_extractor method=getTransaction credits=10 cache_action=miss ts=1773665300.8208718
[RPC_METRICS] record_request source_file=realtime_creator_funding_extractor method=getTransaction credits=10 cache_action=miss ts=1773665300.839927
[RPC_METRICS] record_request source_file=realtime_creator_funding_extractor method=getTransaction credits=10 cache_action=miss ts=1773665300.912241
[RPC_METRICS] record_request source_file=realtime_creator_funding_extractor method=getTransaction credits=10 cache_action=miss ts=1773665300.936772
[RPC_METRICS] record_request source_file=realtime_creator_funding_extractor method=getTransaction credits=10 cache_action=miss ts=1773665300.989776
[RPC_METRICS] record_request source_file=realtime_creator_funding_extractor method=getTransaction credits=10 cache_action=miss ts=1773665301.034059
[RPC_METRICS] record_request source_file=realtime_creator_funding_extractor method=getTransaction credits=10 cache_action=miss ts=1773665301.079413
[RPC_METRICS] record_request source_file=realtime_creator_funding_extractor method=getTransaction credits=10 cache_action=miss ts=1773665301.144278
[RPC_METRICS] record_request source_file=realtime_creator_funding_extractor method=getTransaction credits=10 cache_action=miss ts=1773665301.169346
[RPC_METRICS] record_request source_file=realtime_creator_funding_extractor method=getTransaction credits=10 cache_action=miss ts=1773665301.251622
[RPC_METRICS] record_request source_file=realtime_creator_funding_extractor method=getTransaction credits=10 cache_action=miss ts=1773665301.273591
[RPC_METRICS] record_request source_file=realtime_creator_funding_extractor method=getTransaction credits=10 cache_action=miss ts=1773665301.346768
[RPC_METRICS] record_request source_file=realtime_creator_funding_extractor method=getTransaction credits=10 cache_action=miss ts=1773665301.366365
[POOL_DETECT] No valid pool found in transaction. Trying fallback vault discovery...
[RPC_METRICS] record_request source_file=realtime_creator_funding_extractor method=getTransaction credits=10 cache_action=miss ts=1773665301.4549959
[RPC_METRICS] record_request source_file=realtime_creator_funding_extractor method=getTransaction credits=10 cache_action=miss ts=1773665301.4717498
[RPC_METRICS] record_request source_file=realtime_creator_funding_extractor method=getTransaction credits=10 cache_action=miss ts=1773665301.539037
[RPC_METRICS] record_request source_file=realtime_creator_funding_extractor method=getTransaction credits=10 cache_action=miss ts=1773665301.5563269
[RPC_METRICS] record_request source_file=realtime_creator_funding_extractor method=getTransaction credits=10 cache_action=miss ts=1773665301.625404
[REALTIME_FUNDING] ✅ Extracted outgoing transfers for DSfEdTyqGoNNWP4L...
[FUNDING] ✅ Creator funding extraction complete
[FUNDER_EXTRACTION] ⏭️ Skipped (auto_extract_funders toggle is OFF)
[CLUSTERING] ⏳ Queueing network clustering task...
[CLUSTER_QUEUE] 📋 Task 'super_clusters_rebuild' enqueued | Queue size: 1
[CLUSTERING] ✅ Clustering task enqueued for processing
[CLUSTER_QUEUE] 🚀 Queue processor started
[CLUSTER_QUEUE] ⏳ Processing task 'super_clusters_rebuild' (0 in queue)
[CLUSTERING] 🔄 Rebuilding super_clusters from funding data...
[RPC_METRICS] record_request source_file=realtime_creator_funding_extractor method=getTransaction credits=10 cache_action=miss ts=1773665301.695911
[CLUSTERING]    Found 325 creators with complete funding extraction
[CLUSTERING] ✅ Assigned 23 creators to networks
[CLUSTERING] ✅ Assigned 100 funders to networks (funding real addresses)
[CLUSTERING] ✅ Updated super_cluster metadata
[RPC_METRICS] record_request source_file=realtime_creator_funding_extractor method=getTransaction credits=10 cache_action=miss ts=1773665301.930271
[CLUSTER_QUEUE] ✅ Task 'super_clusters_rebuild' completed successfully
[RPC_METRICS] record_request source_file=realtime_creator_funding_extractor method=getTransaction credits=10 cache_action=miss ts=1773665302.004118
[RPC_METRICS] record_request source_file=realtime_creator_funding_extractor method=getTransaction credits=10 cache_action=miss ts=1773665302.0778618
[RPC_METRICS] record_request source_file=realtime_creator_funding_extractor method=getTransaction credits=10 cache_action=miss ts=1773665302.1549802
[RPC_METRICS] record_request source_file=realtime_creator_funding_extractor method=getTransaction credits=10 cache_action=miss ts=1773665302.226856
[RPC_METRICS] record_request source_file=realtime_creator_funding_extractor method=getTransaction credits=10 cache_action=miss ts=1773665302.3064342
[RPC_METRICS] record_request source_file=realtime_creator_funding_extractor method=getTransaction credits=10 cache_action=miss ts=1773665302.393545
[RPC_METRICS] record_request source_file=realtime_creator_funding_extractor method=getTransaction credits=10 cache_action=miss ts=1773665302.467314
[RPC_METRICS] record_request source_file=realtime_creator_funding_extractor method=getTransaction credits=10 cache_action=miss ts=1773665302.5483782
[RPC_METRICS] record_request source_file=realtime_creator_funding_extractor method=getTransaction credits=10 cache_action=miss ts=1773665302.637878
[POOL_DETECT_FALLBACK] Failed to resolve pool via vaults
[POOL_DETECT] All pool discovery methods failed for 83Gc9q7KP9yVQCAN6j1Y3gE8v8fJjhNFPSc3eLT4pump
[POOL_DETECT_RETRY] ⏭️  Still no pool after 10s
[RPC_METRICS] record_request source_file=realtime_creator_funding_extractor method=getTransaction credits=10 cache_action=miss ts=1773665302.7231722
[RPC_METRICS] record_request source_file=realtime_creator_funding_extractor method=getTransaction credits=10 cache_action=miss ts=1773665302.797508
[RPC_METRICS] record_request source_file=realtime_creator_funding_extractor method=getTransaction credits=10 cache_action=miss ts=1773665302.879688
[RPC_METRICS] record_request source_file=realtime_creator_funding_extractor method=getTransaction credits=10 cache_action=miss ts=1773665302.953781
[RPC_METRICS] record_request source_file=realtime_creator_funding_extractor method=getTransaction credits=10 cache_action=miss ts=1773665303.0294862
[RPC_METRICS] record_request source_file=realtime_creator_funding_extractor method=getTransaction credits=10 cache_action=miss ts=1773665303.105246
[POOL_DETECT_RETRY] ⏱️  Retry attempt after 10s for EeBWrYayvfCSuGYV...
[RPC_METRICS] record_request source_file=realtime_creator_funding_extractor method=getTransaction credits=10 cache_action=miss ts=1773665303.1894982
[RPC_METRICS] record_request source_file=realtime_creator_funding_extractor method=getTransaction credits=10 cache_action=miss ts=1773665303.275239
[RPC_METRICS] record_request source_file=realtime_creator_funding_extractor method=getTransaction credits=10 cache_action=miss ts=1773665303.349513
[RPC_METRICS] record_request source_file=realtime_creator_funding_extractor method=getTransaction credits=10 cache_action=miss ts=1773665303.426618
[RPC_METRICS] record_request source_file=realtime_creator_funding_extractor method=getTransaction credits=10 cache_action=miss ts=1773665303.504253
[RPC_METRICS] record_request source_file=realtime_creator_funding_extractor method=getTransaction credits=10 cache_action=miss ts=1773665303.582444
[RPC_METRICS] record_request source_file=realtime_creator_funding_extractor method=getTransaction credits=10 cache_action=miss ts=1773665303.6862621
[RPC_METRICS] record_request source_file=realtime_creator_funding_extractor method=getTransaction credits=10 cache_action=miss ts=1773665303.77908
[RPC_METRICS] record_request source_file=realtime_creator_funding_extractor method=getTransaction credits=10 cache_action=miss ts=1773665303.853224
[RPC_METRICS] record_request source_file=realtime_creator_funding_extractor method=getTransaction credits=10 cache_action=miss ts=1773665303.9325619
[RPC_METRICS] record_request source_file=realtime_creator_funding_extractor method=getTransaction credits=10 cache_action=miss ts=1773665304.023029
[RPC_METRICS] record_request source_file=realtime_creator_funding_extractor method=getTransaction credits=10 cache_action=miss ts=1773665304.1029818
[RPC_METRICS] record_request source_file=realtime_creator_funding_extractor method=getTransaction credits=10 cache_action=miss ts=1773665304.183569
[RPC_METRICS] record_request source_file=realtime_creator_funding_extractor method=getTransaction credits=10 cache_action=miss ts=1773665304.276562
[RPC_METRICS] record_request source_file=realtime_creator_funding_extractor method=getTransaction credits=10 cache_action=miss ts=1773665304.360735
[RPC_METRICS] record_request source_file=realtime_creator_funding_extractor method=getTransaction credits=10 cache_action=miss ts=1773665304.4658298
[RPC_METRICS] record_request source_file=realtime_creator_funding_extractor method=getTransaction credits=10 cache_action=miss ts=1773665304.565509
[RPC_METRICS] record_request source_file=realtime_creator_funding_extractor method=getTransaction credits=10 cache_action=miss ts=1773665304.6569228
[RPC_METRICS] record_request source_file=realtime_creator_funding_extractor method=getTransaction credits=10 cache_action=miss ts=1773665304.745492
[RPC_METRICS] record_request source_file=realtime_creator_funding_extractor method=getTransaction credits=10 cache_action=miss ts=1773665304.8209238
[REALTIME_FUNDING] ✅ Extracted outgoing transfers for FEmaTfeVKMcfkXMe...
[FUNDING] ✅ Creator funding extraction complete
[FUNDER_EXTRACTION] ⏭️ Skipped (auto_extract_funders toggle is OFF)
[CLUSTERING] ⏳ Queueing network clustering task...
[CLUSTER_QUEUE] 📋 Task 'super_clusters_rebuild' enqueued | Queue size: 1
[CLUSTERING] ✅ Clustering task enqueued for processing
[CLUSTER_QUEUE] ⏳ Processing task 'super_clusters_rebuild' (0 in queue)
[CLUSTERING] 🔄 Rebuilding super_clusters from funding data...
[CLUSTERING]    Found 325 creators with complete funding extraction
[CLUSTERING] ✅ Assigned 23 creators to networks
[CLUSTERING] ✅ Assigned 100 funders to networks (funding real addresses)
[CLUSTERING] ✅ Updated super_cluster metadata
[CLUSTER_QUEUE] ✅ Task 'super_clusters_rebuild' completed successfully
[POOL_DETECT] No valid pool found in transaction. Trying fallback vault discovery...
[POOL_DETECT_FALLBACK] Failed to resolve pool via vaults
[POOL_DETECT] All pool discovery methods failed for EeBWrYayvfCSuGYVgRZk8m4frPpicxXP8t77Nax9pump
[POOL_DETECT_RETRY] ⏭️  Still no pool after 10s
[CLUSTER_QUEUE] 🏁 Queue processor stopped
[CLUSTER_QUEUE] 📊 Stats: Queued=2, Processed=2, Failed=0, Retried=0
[POOL_DETECT_RETRY] ⏱️  Retry attempt after 30s for 83Gc9q7KP9yVQCAN...
[POOL_DETECT_RETRY] ⏱️  Retry attempt after 30s for EeBWrYayvfCSuGYV...
[POOL_DETECT] No valid pool found in transaction. Trying fallback vault discovery...
[POOL_DETECT] No valid pool found in transaction. Trying fallback vault discovery...
[POOL_DETECT_FALLBACK] Failed to resolve pool via vaults
[POOL_DETECT] All pool discovery methods failed for 83Gc9q7KP9yVQCAN6j1Y3gE8v8fJjhNFPSc3eLT4pump
[POOL_DETECT_RETRY] ⏭️  Still no pool after 30s
[POOL_DETECT_FALLBACK] Failed to resolve pool via vaults
[POOL_DETECT] All pool discovery methods failed for EeBWrYayvfCSuGYVgRZk8m4frPpicxXP8t77Nax9pump
[POOL_DETECT_RETRY] ⏭️  Still no pool after 30s
[POOL_DETECT_RETRY] ⏱️  Retry attempt after 60s for 83Gc9q7KP9yVQCAN...
[POOL_DETECT_RETRY] ⏱️  Retry attempt after 60s for EeBWrYayvfCSuGYV...
[POOL_DETECT] No valid pool found in transaction. Trying fallback vault discovery...
[POOL_DETECT] No valid pool found in transaction. Trying fallback vault discovery...
[POOL_DETECT_FALLBACK] Failed to resolve pool via vaults
[POOL_DETECT] All pool discovery methods failed for 83Gc9q7KP9yVQCAN6j1Y3gE8v8fJjhNFPSc3eLT4pump
[POOL_DETECT_RETRY] ⏭️  Still no pool after 60s
[POOL_DETECT_FALLBACK] Failed to resolve pool via vaults
[POOL_DETECT] All pool discovery methods failed for EeBWrYayvfCSuGYVgRZk8m4frPpicxXP8t77Nax9pump
[POOL_DETECT_RETRY] ⏭️  Still no pool after 60s
[WEBSOCKET] 🔍 Migration found. listen_to_launches=True
[WEBSOCKET] 🚨 Migration #3 detected: 5th5RXz9n6mH7HaJjZf5QGnGo35r6YJM7LiTekJcZMijD1o7Dr1yUmTRvXinGXQdJbtD4vQW5naDTpvygQSdcDpN
[TX_CACHE] 🌐 MISS: fetching 5th5RXz9n6mH7HaJ...
[RPC_METRICS] record_request source_file=pumpfun_curve_listener method=getTransaction credits=10 cache_action=none ts=1773665427.3667479
[TX_CACHE] 💾 CACHED: 5th5RXz9n6mH7HaJ... (32224 bytes)
[EVENT] 🚀 MIGRATION DETECTED: EAsDGjK8FpXBK38cN8HVuzCWuHfQt6A9r9P8Efcpump
[EVENT] Migration signature: 5th5RXz9n6mH7HaJjZf5QGnGo35r6YJM7LiTekJcZMijD1o7Dr1yUmTRvXinGXQdJbtD4vQW5naDTpvygQSdcDpN
[DB] ✅ Created minimal token entry for EAsDGjK8FpXBK38cN8HVuzCWuHfQt6A9r9P8Efcpump
[POOL_DETECT] No valid pool found in transaction. Trying fallback vault discovery...
[POOL_DETECT] All pool discovery methods failed for EAsDGjK8FpXBK38cN8HVuzCWuHfQt6A9r9P8Efcpump
[POOL_DETECT] No valid pool found (primary + fallback exhausted)
[POOL_DETECT] Final discovery result: source=none pool=None
[POOL_DETECT] Scheduling retry discovery in 10s, 30s, 60s
[ANALYZER_INIT] Token: EAsDGjK8FpXBK38cN8HVuzCWuHfQt6A9r9P8Efcpump
[ANALYZER_INIT] RPC: https://mainnet.helius-rpc.com/?api-key=16f1a5fc-2592-466c-a5d4-b5799ae8da96
[CREATOR] Extracting bonding curve from *strict* CREATE tx for EAsDGjK8FpXBK38cN8HV...
[RPC_METRICS] record_request source_file=unknown method=getSignaturesForAddress credits=10 cache_action=none ts=1773665431.335416
[CREATOR] ✅ Reached true end of mint history after 1 pages
[CREATOR] ❌ No STRICT CREATE transaction found for mint
[CREATOR] ⚠ No fallback candidate tx was captured during strict scan
[CREATOR] ⚠ Fallback inference triggered
[RPC_METRICS] record_request source_file=unknown method=getSignaturesForAddress credits=10 cache_action=none ts=1773665431.54938
[CREATOR] ❌ Fallback inference failed - no creator found
[SETTINGS] Token history ❌ OFF - skipping token history analysis
[MIGRATION] ✅ CRITICAL PATH COMPLETE - Token EAsDGjK8... with creator unknown... is now visible in UI
[BACKGROUND] ⏭️ Skipping background tasks (no creator found)
[POOL_DETECT_RETRY] ⏱️  Retry attempt after 10s for EAsDGjK8FpXBK38c...
[POOL_DETECT] No valid pool found in transaction. Trying fallback vault discovery...
[POOL_DETECT_FALLBACK] Failed to resolve pool via vaults
[POOL_DETECT] All pool discovery methods failed for EAsDGjK8FpXBK38cN8HVuzCWuHfQt6A9r9P8Efcpump
[POOL_DETECT_RETRY] ⏭️  Still no pool after 10s
[WEBSOCKET] 🔍 Migration found. listen_to_launches=True
[WEBSOCKET] 🚨 Migration #4 detected: 2MVnEAWNmqbRScZnknMYNcjRLsVEPYDtF97SEd4ZpzMRjaTCQzrRJ3vcmZVVDxwp5oNCyAwU531zdSQp2izpAfTQ
[TX_CACHE] 🌐 MISS: fetching 2MVnEAWNmqbRScZn...
[RPC_METRICS] record_request source_file=pumpfun_curve_listener method=getTransaction credits=10 cache_action=none ts=1773665464.4774358
[TX_CACHE] 💾 CACHED: 2MVnEAWNmqbRScZn... (32378 bytes)
[EVENT] 🚀 MIGRATION DETECTED: 5cDhM4yMKipQkjSGdvYnqPdiJz685Z96rbe6GSYppump
[EVENT] Migration signature: 2MVnEAWNmqbRScZnknMYNcjRLsVEPYDtF97SEd4ZpzMRjaTCQzrRJ3vcmZVVDxwp5oNCyAwU531zdSQp2izpAfTQ
[DB] ✅ Created minimal token entry for 5cDhM4yMKipQkjSGdvYnqPdiJz685Z96rbe6GSYppump
[POOL_DETECT] No valid pool found in transaction. Trying fallback vault discovery...
[POOL_DETECT_FALLBACK] Failed to resolve pool via vaults
[POOL_DETECT] All pool discovery methods failed for 5cDhM4yMKipQkjSGdvYnqPdiJz685Z96rbe6GSYppump
[POOL_DETECT] No valid pool found (primary + fallback exhausted)
[POOL_DETECT] Final discovery result: source=none pool=None
[POOL_DETECT] Scheduling retry discovery in 10s, 30s, 60s
[PRICE] ✅ Initial price fetched: $3.39e-05 | Market Cap: $3.39e+04 | Source: dexscreener
[ANALYZER_INIT] Token: 5cDhM4yMKipQkjSGdvYnqPdiJz685Z96rbe6GSYppump
[ANALYZER_INIT] RPC: https://mainnet.helius-rpc.com/?api-key=16f1a5fc-2592-466c-a5d4-b5799ae8da96
[CREATOR] Extracting bonding curve from *strict* CREATE tx for 5cDhM4yMKipQkjSGdvYn...
[RPC_METRICS] record_request source_file=unknown method=getSignaturesForAddress credits=10 cache_action=none ts=1773665469.76257
[CREATOR] Page 1: prefilter candidates=894 (checking first 80), skipped_post_migration=0, skipped_errored=106
[CREATOR][DEBUG] bonding_curve=no context: slot=406792379 blockTime=1773663488 err=None
[CREATOR][DEBUG] validation_notes=['could not scope create_outer_index; scanning top-level only', 'mint not created/initialized in this tx (likely pool-init or swap)']
[CREATOR] Oldest#1 5CARKYhmcPyee1py... strict_create=False mint_create=False mint_init=False bonding_curve=no
[CREATOR][DEBUG] bonding_curve=no context: slot=406792380 blockTime=1773663489 err=None
[CREATOR][DEBUG] validation_notes=['could not scope create_outer_index; scanning top-level only', 'mint not created/initialized in this tx (likely pool-init or swap)']
[CREATOR] Oldest#2 t7RaDieoP1tzzR3p... strict_create=False mint_create=False mint_init=False bonding_curve=no
[CREATOR][DEBUG] bonding_curve=no context: slot=406792383 blockTime=1773663490 err=None
[CREATOR][DEBUG] validation_notes=['mint not created/initialized in this tx (likely pool-init or swap)']
[CREATOR] Oldest#3 5H3AJeyjtiFPw78c... strict_create=False mint_create=False mint_init=False bonding_curve=no
[CREATOR][DEBUG] bonding_curve=no context: slot=406792394 blockTime=1773663494 err=None
[CREATOR][DEBUG] validation_notes=['could not scope create_outer_index; scanning top-level only', 'mint not created/initialized in this tx (likely pool-init or swap)']
[CREATOR] Oldest#4 2m5qMYieqjN3EV6Q... strict_create=False mint_create=False mint_init=False bonding_curve=no
[CREATOR][DEBUG] bonding_curve=no context: slot=406792396 blockTime=1773663495 err=None
[CREATOR][DEBUG] validation_notes=['could not scope create_outer_index; scanning top-level only', 'mint not created/initialized in this tx (likely pool-init or swap)']
[CREATOR] Oldest#5 5hF463JBTWvHTEEG... strict_create=False mint_create=False mint_init=False bonding_curve=no
[CREATOR][DEBUG] bonding_curve=no context: slot=406792416 blockTime=1773663503 err=None
[CREATOR][DEBUG] validation_notes=['could not scope create_outer_index; scanning top-level only', 'mint not created/initialized in this tx (likely pool-init or swap)']
[CREATOR][DEBUG] bonding_curve=no context: slot=406792420 blockTime=1773663505 err=None
[CREATOR][DEBUG] validation_notes=['could not scope create_outer_index; scanning top-level only', 'mint not created/initialized in this tx (likely pool-init or swap)']
[CREATOR][DEBUG] bonding_curve=no context: slot=406792420 blockTime=1773663505 err=None
[CREATOR][DEBUG] validation_notes=['could not scope create_outer_index; scanning top-level only', 'mint not created/initialized in this tx (likely pool-init or swap)']
[CREATOR][DEBUG] bonding_curve=no context: slot=406792424 blockTime=1773663506 err=None
[CREATOR][DEBUG] validation_notes=['could not scope create_outer_index; scanning top-level only', 'mint not created/initialized in this tx (likely pool-init or swap)']
[CREATOR][DEBUG] bonding_curve=no context: slot=406792429 blockTime=1773663508 err=None
[CREATOR][DEBUG] validation_notes=['could not scope create_outer_index; scanning top-level only', 'mint not created/initialized in this tx (likely pool-init or swap)']
[CREATOR][DEBUG] bonding_curve=no context: slot=406792434 blockTime=1773663510 err=None
[CREATOR][DEBUG] validation_notes=['could not scope create_outer_index; scanning top-level only', 'mint not created/initialized in this tx (likely pool-init or swap)']
[CREATOR][DEBUG] bonding_curve=no context: slot=406792440 blockTime=1773663513 err=None
[CREATOR][DEBUG] validation_notes=['could not scope create_outer_index; scanning top-level only', 'mint not created/initialized in this tx (likely pool-init or swap)']
[CREATOR][DEBUG] bonding_curve=no context: slot=406792447 blockTime=1773663515 err=None
[CREATOR][DEBUG] validation_notes=['could not scope create_outer_index; scanning top-level only', 'mint not created/initialized in this tx (likely pool-init or swap)']
[CREATOR][DEBUG] bonding_curve=no context: slot=406792449 blockTime=1773663516 err=None
[CREATOR][DEBUG] validation_notes=['could not scope create_outer_index; scanning top-level only', 'mint not created/initialized in this tx (likely pool-init or swap)']
[CREATOR][DEBUG] bonding_curve=no context: slot=406792456 blockTime=1773663519 err=None
[CREATOR][DEBUG] validation_notes=['mint not created/initialized in this tx (likely pool-init or swap)']
[CREATOR][DEBUG] bonding_curve=no context: slot=406792457 blockTime=1773663519 err=None
[CREATOR][DEBUG] validation_notes=['mint not created/initialized in this tx (likely pool-init or swap)']
[CREATOR][DEBUG] bonding_curve=no context: slot=406792459 blockTime=1773663520 err=None
[CREATOR][DEBUG] validation_notes=['could not scope create_outer_index; scanning top-level only', 'mint not created/initialized in this tx (likely pool-init or swap)']
[CREATOR][DEBUG] bonding_curve=no context: slot=406792464 blockTime=1773663522 err=None
[CREATOR][DEBUG] validation_notes=['could not scope create_outer_index; scanning top-level only', 'mint not created/initialized in this tx (likely pool-init or swap)']
[CREATOR][DEBUG] bonding_curve=no context: slot=406792473 blockTime=1773663526 err=None
[CREATOR][DEBUG] validation_notes=['could not scope create_outer_index; scanning top-level only', 'mint not created/initialized in this tx (likely pool-init or swap)']
[CREATOR][DEBUG] bonding_curve=no context: slot=406792475 blockTime=1773663526 err=None
[CREATOR][DEBUG] validation_notes=['mint not created/initialized in this tx (likely pool-init or swap)']
[CREATOR][DEBUG] bonding_curve=no context: slot=406792482 blockTime=1773663529 err=None
[CREATOR][DEBUG] validation_notes=['could not scope create_outer_index; scanning top-level only', 'mint not created/initialized in this tx (likely pool-init or swap)']
[CREATOR][DEBUG] bonding_curve=no context: slot=406792488 blockTime=1773663531 err=None
[CREATOR][DEBUG] validation_notes=['could not scope create_outer_index; scanning top-level only', 'mint not created/initialized in this tx (likely pool-init or swap)']
[CREATOR][DEBUG] bonding_curve=no context: slot=406792492 blockTime=1773663533 err=None
[CREATOR][DEBUG] validation_notes=['mint not created/initialized in this tx (likely pool-init or swap)']
[CREATOR][DEBUG] bonding_curve=no context: slot=406792497 blockTime=1773663535 err=None
[CREATOR][DEBUG] validation_notes=['could not scope create_outer_index; scanning top-level only', 'mint not created/initialized in this tx (likely pool-init or swap)']
[CREATOR][DEBUG] bonding_curve=no context: slot=406792501 blockTime=1773663537 err=None
[CREATOR][DEBUG] validation_notes=['could not scope create_outer_index; scanning top-level only', 'mint not created/initialized in this tx (likely pool-init or swap)']
[CREATOR][DEBUG] bonding_curve=no context: slot=406792528 blockTime=1773663547 err=None
[CREATOR][DEBUG] validation_notes=['mint not created/initialized in this tx (likely pool-init or swap)']
[CREATOR][DEBUG] bonding_curve=no context: slot=406792533 blockTime=1773663548 err=None
[CREATOR][DEBUG] validation_notes=['could not scope create_outer_index; scanning top-level only', 'mint not created/initialized in this tx (likely pool-init or swap)']
[CREATOR][DEBUG] bonding_curve=no context: slot=406792552 blockTime=1773663556 err=None
[CREATOR][DEBUG] validation_notes=['could not scope create_outer_index; scanning top-level only', 'mint not created/initialized in this tx (likely pool-init or swap)']
[CREATOR][DEBUG] bonding_curve=no context: slot=406792558 blockTime=1773663558 err=None
[CREATOR][DEBUG] validation_notes=['mint not created/initialized in this tx (likely pool-init or swap)']
[CREATOR][DEBUG] bonding_curve=no context: slot=406792560 blockTime=1773663559 err=None
[CREATOR][DEBUG] validation_notes=['mint not created/initialized in this tx (likely pool-init or swap)']
[CREATOR][DEBUG] bonding_curve=no context: slot=406792565 blockTime=1773663561 err=None
[CREATOR][DEBUG] validation_notes=['could not scope create_outer_index; scanning top-level only', 'mint not created/initialized in this tx (likely pool-init or swap)']
[CREATOR][DEBUG] bonding_curve=no context: slot=406792568 blockTime=1773663562 err=None
[CREATOR][DEBUG] validation_notes=['could not scope create_outer_index; scanning top-level only', 'mint not created/initialized in this tx (likely pool-init or swap)']
[CREATOR][DEBUG] bonding_curve=no context: slot=406792569 blockTime=1773663562 err=None
[CREATOR][DEBUG] validation_notes=['could not scope create_outer_index; scanning top-level only', 'mint not created/initialized in this tx (likely pool-init or swap)']
[POOL_DETECT_RETRY] ⏱️  Retry attempt after 30s for EAsDGjK8FpXBK38c...
[CREATOR][DEBUG] bonding_curve=no context: slot=406792569 blockTime=1773663562 err=None
[CREATOR][DEBUG] validation_notes=['could not scope create_outer_index; scanning top-level only', 'mint not created/initialized in this tx (likely pool-init or swap)']
[CREATOR][DEBUG] bonding_curve=no context: slot=406792581 blockTime=1773663567 err=None
[CREATOR][DEBUG] validation_notes=['could not scope create_outer_index; scanning top-level only', 'mint not created/initialized in this tx (likely pool-init or swap)']
[CREATOR][DEBUG] bonding_curve=no context: slot=406792605 blockTime=1773663577 err=None
[CREATOR][DEBUG] validation_notes=['could not scope create_outer_index; scanning top-level only', 'mint not created/initialized in this tx (likely pool-init or swap)']
[CREATOR][DEBUG] bonding_curve=no context: slot=406792609 blockTime=1773663578 err=None
[CREATOR][DEBUG] validation_notes=['could not scope create_outer_index; scanning top-level only', 'mint not created/initialized in this tx (likely pool-init or swap)']
[CREATOR][DEBUG] bonding_curve=no context: slot=406792609 blockTime=1773663578 err=None
[CREATOR][DEBUG] validation_notes=['could not scope create_outer_index; scanning top-level only', 'mint not created/initialized in this tx (likely pool-init or swap)']
[CREATOR][DEBUG] bonding_curve=no context: slot=406792618 blockTime=1773663582 err=None
[CREATOR][DEBUG] validation_notes=['could not scope create_outer_index; scanning top-level only', 'mint not created/initialized in this tx (likely pool-init or swap)']
[CREATOR][DEBUG] bonding_curve=no context: slot=406792622 blockTime=1773663584 err=None
[CREATOR][DEBUG] validation_notes=['could not scope create_outer_index; scanning top-level only', 'mint not created/initialized in this tx (likely pool-init or swap)']
[CREATOR][DEBUG] bonding_curve=no context: slot=406792623 blockTime=1773663584 err=None
[CREATOR][DEBUG] validation_notes=['mint not created/initialized in this tx (likely pool-init or swap)']
[CREATOR][DEBUG] bonding_curve=no context: slot=406792628 blockTime=1773663586 err=None
[CREATOR][DEBUG] validation_notes=['could not scope create_outer_index; scanning top-level only', 'mint not created/initialized in this tx (likely pool-init or swap)']
[CREATOR][DEBUG] bonding_curve=no context: slot=406792628 blockTime=1773663586 err=None
[CREATOR][DEBUG] validation_notes=['mint not created/initialized in this tx (likely pool-init or swap)']
[CREATOR][DEBUG] bonding_curve=no context: slot=406792630 blockTime=1773663587 err=None
[CREATOR][DEBUG] validation_notes=['could not scope create_outer_index; scanning top-level only', 'mint not created/initialized in this tx (likely pool-init or swap)']
[CREATOR][DEBUG] bonding_curve=no context: slot=406792639 blockTime=1773663590 err=None
[CREATOR][DEBUG] validation_notes=['could not scope create_outer_index; scanning top-level only', 'mint not created/initialized in this tx (likely pool-init or swap)']
[CREATOR][DEBUG] bonding_curve=no context: slot=406792645 blockTime=1773663592 err=None
[CREATOR][DEBUG] validation_notes=['could not scope create_outer_index; scanning top-level only', 'mint not created/initialized in this tx (likely pool-init or swap)']
[CREATOR][DEBUG] bonding_curve=no context: slot=406792645 blockTime=1773663592 err=None
[CREATOR][DEBUG] validation_notes=['could not scope create_outer_index; scanning top-level only', 'mint not created/initialized in this tx (likely pool-init or swap)']
[CREATOR][DEBUG] bonding_curve=no context: slot=406792650 blockTime=1773663594 err=None
[CREATOR][DEBUG] validation_notes=['could not scope create_outer_index; scanning top-level only', 'mint not created/initialized in this tx (likely pool-init or swap)']
[CREATOR][DEBUG] bonding_curve=no context: slot=406792654 blockTime=1773663596 err=None
[CREATOR][DEBUG] validation_notes=['could not scope create_outer_index; scanning top-level only', 'mint not created/initialized in this tx (likely pool-init or swap)']
[CREATOR][DEBUG] bonding_curve=no context: slot=406792658 blockTime=1773663597 err=None
[CREATOR][DEBUG] validation_notes=['could not scope create_outer_index; scanning top-level only', 'mint not created/initialized in this tx (likely pool-init or swap)']
[CREATOR][DEBUG] bonding_curve=no context: slot=406792663 blockTime=1773663599 err=None
[CREATOR][DEBUG] validation_notes=['could not scope create_outer_index; scanning top-level only', 'mint not created/initialized in this tx (likely pool-init or swap)']
[CREATOR][DEBUG] bonding_curve=no context: slot=406792678 blockTime=1773663605 err=None
[CREATOR][DEBUG] validation_notes=['could not scope create_outer_index; scanning top-level only', 'mint not created/initialized in this tx (likely pool-init or swap)']
[POOL_DETECT] No valid pool found in transaction. Trying fallback vault discovery...
[CREATOR][DEBUG] bonding_curve=no context: slot=406792679 blockTime=1773663605 err=None
[CREATOR][DEBUG] validation_notes=['could not scope create_outer_index; scanning top-level only', 'mint not created/initialized in this tx (likely pool-init or swap)']
[CREATOR][DEBUG] bonding_curve=no context: slot=406792681 blockTime=1773663606 err=None
[CREATOR][DEBUG] validation_notes=['mint not created/initialized in this tx (likely pool-init or swap)']
[POOL_DETECT_RETRY] ⏱️  Retry attempt after 10s for 5cDhM4yMKipQkjSG...
[CREATOR][DEBUG] bonding_curve=no context: slot=406792686 blockTime=1773663608 err=None
[CREATOR][DEBUG] validation_notes=['mint not created/initialized in this tx (likely pool-init or swap)']
[CREATOR][DEBUG] bonding_curve=no context: slot=406792690 blockTime=1773663610 err=None
[CREATOR][DEBUG] validation_notes=['could not scope create_outer_index; scanning top-level only', 'mint not created/initialized in this tx (likely pool-init or swap)']
[CREATOR][DEBUG] bonding_curve=no context: slot=406792701 blockTime=1773663614 err=None
[CREATOR][DEBUG] validation_notes=['could not scope create_outer_index; scanning top-level only', 'mint not created/initialized in this tx (likely pool-init or swap)']
[CREATOR][DEBUG] bonding_curve=no context: slot=406792703 blockTime=1773663615 err=None
[CREATOR][DEBUG] validation_notes=['could not scope create_outer_index; scanning top-level only', 'mint not created/initialized in this tx (likely pool-init or swap)']
[CREATOR][DEBUG] bonding_curve=no context: slot=406792706 blockTime=1773663616 err=None
[CREATOR][DEBUG] validation_notes=['could not scope create_outer_index; scanning top-level only', 'mint not created/initialized in this tx (likely pool-init or swap)']
[CREATOR][DEBUG] bonding_curve=no context: slot=406792709 blockTime=1773663617 err=None
[CREATOR][DEBUG] validation_notes=['could not scope create_outer_index; scanning top-level only', 'mint not created/initialized in this tx (likely pool-init or swap)']
[POOL_DETECT_FALLBACK] Failed to resolve pool via vaults
[POOL_DETECT] All pool discovery methods failed for EAsDGjK8FpXBK38cN8HVuzCWuHfQt6A9r9P8Efcpump
[POOL_DETECT_RETRY] ⏭️  Still no pool after 30s
[CREATOR][DEBUG] bonding_curve=no context: slot=406792709 blockTime=1773663617 err=None
[CREATOR][DEBUG] validation_notes=['could not scope create_outer_index; scanning top-level only', 'mint not created/initialized in this tx (likely pool-init or swap)']
[CREATOR][DEBUG] bonding_curve=no context: slot=406792710 blockTime=1773663617 err=None
[CREATOR][DEBUG] validation_notes=['could not scope create_outer_index; scanning top-level only', 'mint not created/initialized in this tx (likely pool-init or swap)']
[CREATOR][DEBUG] bonding_curve=no context: slot=406792713 blockTime=1773663618 err=None
[CREATOR][DEBUG] validation_notes=['could not scope create_outer_index; scanning top-level only', 'mint not created/initialized in this tx (likely pool-init or swap)']
[CREATOR][DEBUG] bonding_curve=no context: slot=406792722 blockTime=1773663622 err=None
[CREATOR][DEBUG] validation_notes=['mint not created/initialized in this tx (likely pool-init or swap)']
[CREATOR][DEBUG] bonding_curve=no context: slot=406792724 blockTime=1773663623 err=None
[CREATOR][DEBUG] validation_notes=['could not scope create_outer_index; scanning top-level only', 'mint not created/initialized in this tx (likely pool-init or swap)']
[CREATOR][DEBUG] bonding_curve=no context: slot=406792728 blockTime=1773663625 err=None
[CREATOR][DEBUG] validation_notes=['could not scope create_outer_index; scanning top-level only', 'mint not created/initialized in this tx (likely pool-init or swap)']
[CREATOR][DEBUG] bonding_curve=no context: slot=406792729 blockTime=1773663625 err=None
[CREATOR][DEBUG] validation_notes=['mint not created/initialized in this tx (likely pool-init or swap)']
[CREATOR][DEBUG] bonding_curve=no context: slot=406792729 blockTime=1773663625 err=None
[CREATOR][DEBUG] validation_notes=['could not scope create_outer_index; scanning top-level only', 'mint not created/initialized in this tx (likely pool-init or swap)']
[CREATOR][DEBUG] bonding_curve=no context: slot=406792731 blockTime=1773663626 err=None
[CREATOR][DEBUG] validation_notes=['mint not created/initialized in this tx (likely pool-init or swap)']
[CREATOR][DEBUG] bonding_curve=no context: slot=406792734 blockTime=1773663627 err=None
[CREATOR][DEBUG] validation_notes=['could not scope create_outer_index; scanning top-level only', 'mint not created/initialized in this tx (likely pool-init or swap)']
[CREATOR][DEBUG] bonding_curve=no context: slot=406792734 blockTime=1773663627 err=None
[CREATOR][DEBUG] validation_notes=['could not scope create_outer_index; scanning top-level only', 'mint not created/initialized in this tx (likely pool-init or swap)']
[CREATOR][DEBUG] bonding_curve=no context: slot=406792738 blockTime=1773663629 err=None
[CREATOR][DEBUG] validation_notes=['mint not created/initialized in this tx (likely pool-init or swap)']
[CREATOR][DEBUG] bonding_curve=no context: slot=406792744 blockTime=1773663631 err=None
[CREATOR][DEBUG] validation_notes=['mint not created/initialized in this tx (likely pool-init or swap)']
[CREATOR][DEBUG] bonding_curve=no context: slot=406792746 blockTime=1773663632 err=None
[CREATOR][DEBUG] validation_notes=['mint not created/initialized in this tx (likely pool-init or swap)']
[POOL_DETECT] No valid pool found in transaction. Trying fallback vault discovery...
[CREATOR][DEBUG] bonding_curve=no context: slot=406792746 blockTime=1773663632 err=None
[CREATOR][DEBUG] validation_notes=['mint not created/initialized in this tx (likely pool-init or swap)']
[CREATOR][DEBUG] bonding_curve=no context: slot=406792748 blockTime=1773663633 err=None
[CREATOR][DEBUG] validation_notes=['could not scope create_outer_index; scanning top-level only', 'mint not created/initialized in this tx (likely pool-init or swap)']
[CREATOR][DEBUG] bonding_curve=no context: slot=406792749 blockTime=1773663633 err=None
[CREATOR][DEBUG] validation_notes=['could not scope create_outer_index; scanning top-level only', 'mint not created/initialized in this tx (likely pool-init or swap)']
[CREATOR][DEBUG] bonding_curve=no context: slot=406792750 blockTime=1773663633 err=None
[CREATOR][DEBUG] validation_notes=['could not scope create_outer_index; scanning top-level only', 'mint not created/initialized in this tx (likely pool-init or swap)']
[CREATOR][DEBUG] bonding_curve=no context: slot=406792750 blockTime=1773663633 err=None
[CREATOR][DEBUG] validation_notes=['could not scope create_outer_index; scanning top-level only', 'mint not created/initialized in this tx (likely pool-init or swap)']
[CREATOR][DEBUG] bonding_curve=no context: slot=406792751 blockTime=1773663634 err=None
[CREATOR][DEBUG] validation_notes=['could not scope create_outer_index; scanning top-level only', 'mint not created/initialized in this tx (likely pool-init or swap)']
[CREATOR] Page 1: checked=80/894 candidates (budget=80), no strict CREATE yet
[RPC_METRICS] record_request source_file=unknown method=getSignaturesForAddress credits=10 cache_action=none ts=1773665484.1249
[CREATOR] Page 2: prefilter candidates=758 (checking first 80), skipped_post_migration=0, skipped_errored=242
[POOL_DETECT_FALLBACK] Failed to resolve pool via vaults
[POOL_DETECT] All pool discovery methods failed for 5cDhM4yMKipQkjSGdvYnqPdiJz685Z96rbe6GSYppump
[POOL_DETECT_RETRY] ⏭️  Still no pool after 10s
[CREATOR][DEBUG] bonding_curve=no context: slot=406789571 blockTime=1773662377 err=None
[CREATOR][DEBUG] validation_notes=['could not scope create_outer_index; scanning top-level only', 'mint not created/initialized in this tx (likely pool-init or swap)']
[CREATOR][DEBUG] bonding_curve=no context: slot=406789572 blockTime=1773662377 err=None
[CREATOR][DEBUG] validation_notes=['could not scope create_outer_index; scanning top-level only', 'mint not created/initialized in this tx (likely pool-init or swap)']
[CREATOR][DEBUG] bonding_curve=no context: slot=406789574 blockTime=1773662378 err=None
[CREATOR][DEBUG] validation_notes=['could not scope create_outer_index; scanning top-level only', 'mint not created/initialized in this tx (likely pool-init or swap)']
[CREATOR][DEBUG] bonding_curve=no context: slot=406789575 blockTime=1773662379 err=None
[CREATOR][DEBUG] validation_notes=['mint not created/initialized in this tx (likely pool-init or swap)']
[CREATOR][DEBUG] bonding_curve=no context: slot=406789575 blockTime=1773662379 err=None
[CREATOR][DEBUG] validation_notes=['could not scope create_outer_index; scanning top-level only', 'mint not created/initialized in this tx (likely pool-init or swap)']
[CREATOR][DEBUG] bonding_curve=no context: slot=406789578 blockTime=1773662380 err=None
[CREATOR][DEBUG] validation_notes=['could not scope create_outer_index; scanning top-level only', 'mint not created/initialized in this tx (likely pool-init or swap)']
[CREATOR][DEBUG] bonding_curve=no context: slot=406789591 blockTime=1773662385 err=None
[CREATOR][DEBUG] validation_notes=['could not scope create_outer_index; scanning top-level only', 'mint not created/initialized in this tx (likely pool-init or swap)']
[CREATOR][DEBUG] bonding_curve=no context: slot=406789594 blockTime=1773662386 err=None
[CREATOR][DEBUG] validation_notes=['could not scope create_outer_index; scanning top-level only', 'mint not created/initialized in this tx (likely pool-init or swap)']
[CREATOR][DEBUG] bonding_curve=no context: slot=406789597 blockTime=1773662387 err=None
[CREATOR][DEBUG] validation_notes=['could not scope create_outer_index; scanning top-level only', 'mint not created/initialized in this tx (likely pool-init or swap)']
[CREATOR][DEBUG] bonding_curve=no context: slot=406789597 blockTime=1773662387 err=None
[CREATOR][DEBUG] validation_notes=['could not scope create_outer_index; scanning top-level only', 'mint not created/initialized in this tx (likely pool-init or swap)']
[CREATOR][DEBUG] bonding_curve=no context: slot=406789602 blockTime=1773662389 err=None
[CREATOR][DEBUG] validation_notes=['could not scope create_outer_index; scanning top-level only', 'mint not created/initialized in this tx (likely pool-init or swap)']
[CREATOR][DEBUG] bonding_curve=no context: slot=406789613 blockTime=1773662393 err=None
[CREATOR][DEBUG] validation_notes=['could not scope create_outer_index; scanning top-level only', 'mint not created/initialized in this tx (likely pool-init or swap)']
[CREATOR][DEBUG] bonding_curve=no context: slot=406789620 blockTime=1773662396 err=None
[CREATOR][DEBUG] validation_notes=['could not scope create_outer_index; scanning top-level only', 'mint not created/initialized in this tx (likely pool-init or swap)']
[CREATOR][DEBUG] bonding_curve=no context: slot=406789620 blockTime=1773662396 err=None
[CREATOR][DEBUG] validation_notes=['could not scope create_outer_index; scanning top-level only', 'mint not created/initialized in this tx (likely pool-init or swap)']
[CREATOR][DEBUG] bonding_curve=no context: slot=406789623 blockTime=1773662398 err=None
[CREATOR][DEBUG] validation_notes=['could not scope create_outer_index; scanning top-level only', 'mint not created/initialized in this tx (likely pool-init or swap)']
[CREATOR][DEBUG] bonding_curve=no context: slot=406789628 blockTime=1773662400 err=None
[CREATOR][DEBUG] validation_notes=['mint not created/initialized in this tx (likely pool-init or swap)']
[CREATOR][DEBUG] bonding_curve=no context: slot=406789637 blockTime=1773662403 err=None
[CREATOR][DEBUG] validation_notes=['could not scope create_outer_index; scanning top-level only', 'mint not created/initialized in this tx (likely pool-init or swap)']
[CREATOR][DEBUG] bonding_curve=no context: slot=406789639 blockTime=1773662404 err=None
[CREATOR][DEBUG] validation_notes=['could not scope create_outer_index; scanning top-level only', 'mint not created/initialized in this tx (likely pool-init or swap)']
[CREATOR][DEBUG] bonding_curve=no context: slot=406789640 blockTime=1773662404 err=None
[CREATOR][DEBUG] validation_notes=['could not scope create_outer_index; scanning top-level only', 'mint not created/initialized in this tx (likely pool-init or swap)']
[CREATOR][DEBUG] bonding_curve=no context: slot=406789640 blockTime=1773662404 err=None
[CREATOR][DEBUG] validation_notes=['could not scope create_outer_index; scanning top-level only', 'mint not created/initialized in this tx (likely pool-init or swap)']
[CREATOR][DEBUG] bonding_curve=no context: slot=406789652 blockTime=1773662409 err=None
[CREATOR][DEBUG] validation_notes=['could not scope create_outer_index; scanning top-level only', 'mint not created/initialized in this tx (likely pool-init or swap)']
[CREATOR][DEBUG] bonding_curve=no context: slot=406789654 blockTime=1773662410 err=None
[CREATOR][DEBUG] validation_notes=['could not scope create_outer_index; scanning top-level only', 'mint not created/initialized in this tx (likely pool-init or swap)']
[CREATOR][DEBUG] bonding_curve=no context: slot=406789661 blockTime=1773662412 err=None
[CREATOR][DEBUG] validation_notes=['could not scope create_outer_index; scanning top-level only', 'mint not created/initialized in this tx (likely pool-init or swap)']
[CREATOR][DEBUG] bonding_curve=no context: slot=406789664 blockTime=1773662413 err=None
[CREATOR][DEBUG] validation_notes=['could not scope create_outer_index; scanning top-level only', 'mint not created/initialized in this tx (likely pool-init or swap)']
[CREATOR][DEBUG] bonding_curve=no context: slot=406789665 blockTime=1773662414 err=None
[CREATOR][DEBUG] validation_notes=['could not scope create_outer_index; scanning top-level only', 'mint not created/initialized in this tx (likely pool-init or swap)']
[CREATOR][DEBUG] bonding_curve=no context: slot=406789666 blockTime=1773662414 err=None
[CREATOR][DEBUG] validation_notes=['could not scope create_outer_index; scanning top-level only', 'mint not created/initialized in this tx (likely pool-init or swap)']
[CREATOR][DEBUG] bonding_curve=no context: slot=406789666 blockTime=1773662414 err=None
[CREATOR][DEBUG] validation_notes=['could not scope create_outer_index; scanning top-level only', 'mint not created/initialized in this tx (likely pool-init or swap)']
[CREATOR][DEBUG] bonding_curve=no context: slot=406789666 blockTime=1773662414 err=None
[CREATOR][DEBUG] validation_notes=['could not scope create_outer_index; scanning top-level only', 'mint not created/initialized in this tx (likely pool-init or swap)']
[CREATOR][DEBUG] bonding_curve=no context: slot=406789677 blockTime=1773662418 err=None
[CREATOR][DEBUG] validation_notes=['could not scope create_outer_index; scanning top-level only', 'mint not created/initialized in this tx (likely pool-init or swap)']
[CREATOR][DEBUG] bonding_curve=no context: slot=406789699 blockTime=1773662427 err=None
[CREATOR][DEBUG] validation_notes=['could not scope create_outer_index; scanning top-level only', 'mint not created/initialized in this tx (likely pool-init or swap)']
[CREATOR][DEBUG] bonding_curve=no context: slot=406789700 blockTime=1773662428 err=None
[CREATOR][DEBUG] validation_notes=['mint not created/initialized in this tx (likely pool-init or swap)']
[CREATOR][DEBUG] bonding_curve=no context: slot=406789702 blockTime=1773662428 err=None
[CREATOR][DEBUG] validation_notes=['could not scope create_outer_index; scanning top-level only', 'mint not created/initialized in this tx (likely pool-init or swap)']
[CREATOR][DEBUG] bonding_curve=no context: slot=406789702 blockTime=1773662428 err=None
[CREATOR][DEBUG] validation_notes=['could not scope create_outer_index; scanning top-level only', 'mint not created/initialized in this tx (likely pool-init or swap)']
[CREATOR][DEBUG] bonding_curve=no context: slot=406789702 blockTime=1773662428 err=None
[CREATOR][DEBUG] validation_notes=['could not scope create_outer_index; scanning top-level only', 'mint not created/initialized in this tx (likely pool-init or swap)']
[CREATOR][DEBUG] bonding_curve=no context: slot=406789702 blockTime=1773662428 err=None
[CREATOR][DEBUG] validation_notes=['could not scope create_outer_index; scanning top-level only', 'mint not created/initialized in this tx (likely pool-init or swap)']
[CREATOR][DEBUG] bonding_curve=no context: slot=406789702 blockTime=1773662428 err=None
[CREATOR][DEBUG] validation_notes=['could not scope create_outer_index; scanning top-level only', 'mint not created/initialized in this tx (likely pool-init or swap)']
[CREATOR][DEBUG] bonding_curve=no context: slot=406789702 blockTime=1773662428 err=None
[CREATOR][DEBUG] validation_notes=['could not scope create_outer_index; scanning top-level only', 'mint not created/initialized in this tx (likely pool-init or swap)']
[CREATOR][DEBUG] bonding_curve=no context: slot=406789703 blockTime=1773662429 err=None
[CREATOR][DEBUG] validation_notes=['could not scope create_outer_index; scanning top-level only', 'mint not created/initialized in this tx (likely pool-init or swap)']
[CREATOR][DEBUG] bonding_curve=no context: slot=406789703 blockTime=1773662429 err=None
[CREATOR][DEBUG] validation_notes=['could not scope create_outer_index; scanning top-level only', 'mint not created/initialized in this tx (likely pool-init or swap)']
[CREATOR][DEBUG] bonding_curve=no context: slot=406789703 blockTime=1773662429 err=None
[CREATOR][DEBUG] validation_notes=['could not scope create_outer_index; scanning top-level only', 'mint not created/initialized in this tx (likely pool-init or swap)']
[CREATOR][DEBUG] bonding_curve=no context: slot=406789703 blockTime=1773662429 err=None
[CREATOR][DEBUG] validation_notes=['could not scope create_outer_index; scanning top-level only', 'mint not created/initialized in this tx (likely pool-init or swap)']
[CREATOR][DEBUG] bonding_curve=no context: slot=406789703 blockTime=1773662429 err=None
[CREATOR][DEBUG] validation_notes=['could not scope create_outer_index; scanning top-level only', 'mint not created/initialized in this tx (likely pool-init or swap)']
[CREATOR][DEBUG] bonding_curve=no context: slot=406789703 blockTime=1773662429 err=None
[CREATOR][DEBUG] validation_notes=['could not scope create_outer_index; scanning top-level only', 'mint not created/initialized in this tx (likely pool-init or swap)']
[CREATOR][DEBUG] bonding_curve=no context: slot=406789703 blockTime=1773662429 err=None
[CREATOR][DEBUG] validation_notes=['could not scope create_outer_index; scanning top-level only', 'mint not created/initialized in this tx (likely pool-init or swap)']
[CREATOR][DEBUG] bonding_curve=no context: slot=406789703 blockTime=1773662429 err=None
[CREATOR][DEBUG] validation_notes=['could not scope create_outer_index; scanning top-level only', 'mint not created/initialized in this tx (likely pool-init or swap)']
[CREATOR][DEBUG] bonding_curve=no context: slot=406789703 blockTime=1773662429 err=None
[CREATOR][DEBUG] validation_notes=['could not scope create_outer_index; scanning top-level only', 'mint not created/initialized in this tx (likely pool-init or swap)']
[CREATOR][DEBUG] bonding_curve=no context: slot=406789703 blockTime=1773662429 err=None
[CREATOR][DEBUG] validation_notes=['could not scope create_outer_index; scanning top-level only', 'mint not created/initialized in this tx (likely pool-init or swap)']
[CREATOR][DEBUG] bonding_curve=no context: slot=406789703 blockTime=1773662429 err=None
[CREATOR][DEBUG] validation_notes=['could not scope create_outer_index; scanning top-level only', 'mint not created/initialized in this tx (likely pool-init or swap)']
[CREATOR][DEBUG] bonding_curve=no context: slot=406789703 blockTime=1773662429 err=None
[CREATOR][DEBUG] validation_notes=['could not scope create_outer_index; scanning top-level only', 'mint not created/initialized in this tx (likely pool-init or swap)']
[CREATOR][DEBUG] bonding_curve=no context: slot=406789704 blockTime=1773662429 err=None
[CREATOR][DEBUG] validation_notes=['could not scope create_outer_index; scanning top-level only', 'mint not created/initialized in this tx (likely pool-init or swap)']
[CREATOR][DEBUG] bonding_curve=no context: slot=406789704 blockTime=1773662429 err=None
[CREATOR][DEBUG] validation_notes=['could not scope create_outer_index; scanning top-level only', 'mint not created/initialized in this tx (likely pool-init or swap)']
[CREATOR][DEBUG] bonding_curve=no context: slot=406789704 blockTime=1773662429 err=None
[CREATOR][DEBUG] validation_notes=['could not scope create_outer_index; scanning top-level only', 'mint not created/initialized in this tx (likely pool-init or swap)']
[CREATOR][DEBUG] bonding_curve=no context: slot=406789704 blockTime=1773662429 err=None
[CREATOR][DEBUG] validation_notes=['could not scope create_outer_index; scanning top-level only', 'mint not created/initialized in this tx (likely pool-init or swap)']
[CREATOR][DEBUG] bonding_curve=no context: slot=406789704 blockTime=1773662429 err=None
[CREATOR][DEBUG] validation_notes=['could not scope create_outer_index; scanning top-level only', 'mint not created/initialized in this tx (likely pool-init or swap)']
[CREATOR][DEBUG] bonding_curve=no context: slot=406789704 blockTime=1773662429 err=None
[CREATOR][DEBUG] validation_notes=['could not scope create_outer_index; scanning top-level only', 'mint not created/initialized in this tx (likely pool-init or swap)']
[CREATOR][DEBUG] bonding_curve=no context: slot=406789704 blockTime=1773662429 err=None
[CREATOR][DEBUG] validation_notes=['could not scope create_outer_index; scanning top-level only', 'mint not created/initialized in this tx (likely pool-init or swap)']
[CREATOR][DEBUG] bonding_curve=no context: slot=406789704 blockTime=1773662429 err=None
[CREATOR][DEBUG] validation_notes=['could not scope create_outer_index; scanning top-level only', 'mint not created/initialized in this tx (likely pool-init or swap)']
[CREATOR][DEBUG] bonding_curve=no context: slot=406789704 blockTime=1773662429 err=None
[CREATOR][DEBUG] validation_notes=['could not scope create_outer_index; scanning top-level only', 'mint not created/initialized in this tx (likely pool-init or swap)']
[CREATOR][DEBUG] bonding_curve=no context: slot=406789704 blockTime=1773662429 err=None
[CREATOR][DEBUG] validation_notes=['could not scope create_outer_index; scanning top-level only', 'mint not created/initialized in this tx (likely pool-init or swap)']
[CREATOR][DEBUG] bonding_curve=no context: slot=406789704 blockTime=1773662429 err=None
[CREATOR][DEBUG] validation_notes=['could not scope create_outer_index; scanning top-level only', 'mint not created/initialized in this tx (likely pool-init or swap)']
[CREATOR][DEBUG] bonding_curve=no context: slot=406789704 blockTime=1773662429 err=None
[CREATOR][DEBUG] validation_notes=['could not scope create_outer_index; scanning top-level only', 'mint not created/initialized in this tx (likely pool-init or swap)']
[CREATOR][DEBUG] bonding_curve=no context: slot=406789707 blockTime=1773662430 err=None
[CREATOR][DEBUG] validation_notes=['could not scope create_outer_index; scanning top-level only', 'mint not created/initialized in this tx (likely pool-init or swap)']
[CREATOR][DEBUG] bonding_curve=no context: slot=406789707 blockTime=1773662430 err=None
[CREATOR][DEBUG] validation_notes=['mint not created/initialized in this tx (likely pool-init or swap)']
[CREATOR][DEBUG] bonding_curve=no context: slot=406789708 blockTime=1773662431 err=None
[CREATOR][DEBUG] validation_notes=['could not scope create_outer_index; scanning top-level only', 'mint not created/initialized in this tx (likely pool-init or swap)']
[CREATOR][DEBUG] bonding_curve=no context: slot=406789714 blockTime=1773662433 err=None
[CREATOR][DEBUG] validation_notes=['could not scope create_outer_index; scanning top-level only', 'mint not created/initialized in this tx (likely pool-init or swap)']
[CREATOR][DEBUG] bonding_curve=no context: slot=406789717 blockTime=1773662434 err=None
[CREATOR][DEBUG] validation_notes=['could not scope create_outer_index; scanning top-level only', 'mint not created/initialized in this tx (likely pool-init or swap)']
[CREATOR][DEBUG] bonding_curve=no context: slot=406789719 blockTime=1773662435 err=None
[CREATOR][DEBUG] validation_notes=['could not scope create_outer_index; scanning top-level only', 'mint not created/initialized in this tx (likely pool-init or swap)']
[CREATOR][DEBUG] bonding_curve=no context: slot=406789720 blockTime=1773662435 err=None
[CREATOR][DEBUG] validation_notes=['could not scope create_outer_index; scanning top-level only', 'mint not created/initialized in this tx (likely pool-init or swap)']
[CREATOR][DEBUG] bonding_curve=no context: slot=406789724 blockTime=1773662437 err=None
[CREATOR][DEBUG] validation_notes=['could not scope create_outer_index; scanning top-level only', 'mint not created/initialized in this tx (likely pool-init or swap)']
[CREATOR][DEBUG] bonding_curve=no context: slot=406789726 blockTime=1773662438 err=None
[CREATOR][DEBUG] validation_notes=['could not scope create_outer_index; scanning top-level only', 'mint not created/initialized in this tx (likely pool-init or swap)']
[CREATOR][DEBUG] bonding_curve=no context: slot=406789727 blockTime=1773662438 err=None
[CREATOR][DEBUG] validation_notes=['could not scope create_outer_index; scanning top-level only', 'mint not created/initialized in this tx (likely pool-init or swap)']
[CREATOR][DEBUG] bonding_curve=no context: slot=406789728 blockTime=1773662438 err=None
[CREATOR][DEBUG] validation_notes=['could not scope create_outer_index; scanning top-level only', 'mint not created/initialized in this tx (likely pool-init or swap)']
[CREATOR][DEBUG] bonding_curve=no context: slot=406789731 blockTime=1773662440 err=None
[CREATOR][DEBUG] validation_notes=['could not scope create_outer_index; scanning top-level only', 'mint not created/initialized in this tx (likely pool-init or swap)']
[CREATOR][DEBUG] bonding_curve=no context: slot=406789747 blockTime=1773662446 err=None
[CREATOR][DEBUG] validation_notes=['could not scope create_outer_index; scanning top-level only', 'mint not created/initialized in this tx (likely pool-init or swap)']
[CREATOR][DEBUG] bonding_curve=no context: slot=406789763 blockTime=1773662453 err=None
[CREATOR][DEBUG] validation_notes=['could not scope create_outer_index; scanning top-level only', 'mint not created/initialized in this tx (likely pool-init or swap)']
[CREATOR][DEBUG] bonding_curve=no context: slot=406789774 blockTime=1773662457 err=None
[CREATOR][DEBUG] validation_notes=['could not scope create_outer_index; scanning top-level only', 'mint not created/initialized in this tx (likely pool-init or swap)']
[CREATOR][DEBUG] bonding_curve=no context: slot=406789776 blockTime=1773662458 err=None
[CREATOR][DEBUG] validation_notes=['could not scope create_outer_index; scanning top-level only', 'mint not created/initialized in this tx (likely pool-init or swap)']
[CREATOR][DEBUG] bonding_curve=no context: slot=406789777 blockTime=1773662458 err=None
[CREATOR][DEBUG] validation_notes=['could not scope create_outer_index; scanning top-level only', 'mint not created/initialized in this tx (likely pool-init or swap)']
[CREATOR][DEBUG] bonding_curve=no context: slot=406789778 blockTime=1773662459 err=None
[CREATOR][DEBUG] validation_notes=['could not scope create_outer_index; scanning top-level only', 'mint not created/initialized in this tx (likely pool-init or swap)']
[CREATOR][DEBUG] bonding_curve=no context: slot=406789779 blockTime=1773662459 err=None
[CREATOR][DEBUG] validation_notes=['could not scope create_outer_index; scanning top-level only', 'mint not created/initialized in this tx (likely pool-init or swap)']
[CREATOR] Page 2: checked=80/758 candidates (budget=80), no strict CREATE yet
[RPC_METRICS] record_request source_file=unknown method=getSignaturesForAddress credits=10 cache_action=none ts=1773665497.850316
[CREATOR] Page 3: prefilter candidates=680 (checking first 80), skipped_post_migration=0, skipped_errored=320
[CREATOR][DEBUG] bonding_curve=no context: slot=406788706 blockTime=1773662037 err=None
[CREATOR][DEBUG] validation_notes=['mint not created/initialized in this tx (likely pool-init or swap)']
[CREATOR][DEBUG] bonding_curve=no context: slot=406788709 blockTime=1773662039 err=None
[CREATOR][DEBUG] validation_notes=['could not scope create_outer_index; scanning top-level only', 'mint not created/initialized in this tx (likely pool-init or swap)']
[CREATOR][DEBUG] bonding_curve=no context: slot=406788709 blockTime=1773662039 err=None
[CREATOR][DEBUG] validation_notes=['could not scope create_outer_index; scanning top-level only', 'mint not created/initialized in this tx (likely pool-init or swap)']
[CREATOR][DEBUG] bonding_curve=no context: slot=406788709 blockTime=1773662039 err=None
[CREATOR][DEBUG] validation_notes=['could not scope create_outer_index; scanning top-level only', 'mint not created/initialized in this tx (likely pool-init or swap)']
[CREATOR][DEBUG] bonding_curve=no context: slot=406788709 blockTime=1773662039 err=None
[CREATOR][DEBUG] validation_notes=['could not scope create_outer_index; scanning top-level only', 'mint not created/initialized in this tx (likely pool-init or swap)']
[CREATOR][DEBUG] bonding_curve=no context: slot=406788709 blockTime=1773662039 err=None
[CREATOR][DEBUG] validation_notes=['could not scope create_outer_index; scanning top-level only', 'mint not created/initialized in this tx (likely pool-init or swap)']
[CREATOR][DEBUG] bonding_curve=no context: slot=406788709 blockTime=1773662039 err=None
[CREATOR][DEBUG] validation_notes=['could not scope create_outer_index; scanning top-level only', 'mint not created/initialized in this tx (likely pool-init or swap)']
[CREATOR][DEBUG] bonding_curve=no context: slot=406788709 blockTime=1773662039 err=None
[CREATOR][DEBUG] validation_notes=['could not scope create_outer_index; scanning top-level only', 'mint not created/initialized in this tx (likely pool-init or swap)']
[CREATOR][DEBUG] bonding_curve=no context: slot=406788709 blockTime=1773662039 err=None
[CREATOR][DEBUG] validation_notes=['could not scope create_outer_index; scanning top-level only', 'mint not created/initialized in this tx (likely pool-init or swap)']
[CREATOR][DEBUG] bonding_curve=no context: slot=406788709 blockTime=1773662039 err=None
[CREATOR][DEBUG] validation_notes=['could not scope create_outer_index; scanning top-level only', 'mint not created/initialized in this tx (likely pool-init or swap)']
[CREATOR][DEBUG] bonding_curve=no context: slot=406788709 blockTime=1773662039 err=None
[CREATOR][DEBUG] validation_notes=['could not scope create_outer_index; scanning top-level only', 'mint not created/initialized in this tx (likely pool-init or swap)']
[CREATOR][DEBUG] bonding_curve=no context: slot=406788709 blockTime=1773662039 err=None
[CREATOR][DEBUG] validation_notes=['could not scope create_outer_index; scanning top-level only', 'mint not created/initialized in this tx (likely pool-init or swap)']
[CREATOR][DEBUG] bonding_curve=no context: slot=406788709 blockTime=1773662039 err=None
[CREATOR][DEBUG] validation_notes=['could not scope create_outer_index; scanning top-level only', 'mint not created/initialized in this tx (likely pool-init or swap)']
[CREATOR][DEBUG] bonding_curve=no context: slot=406788710 blockTime=1773662039 err=None
[CREATOR][DEBUG] validation_notes=['could not scope create_outer_index; scanning top-level only', 'mint not created/initialized in this tx (likely pool-init or swap)']
[CREATOR][DEBUG] bonding_curve=no context: slot=406788710 blockTime=1773662039 err=None
[CREATOR][DEBUG] validation_notes=['could not scope create_outer_index; scanning top-level only', 'mint not created/initialized in this tx (likely pool-init or swap)']
[CREATOR][DEBUG] bonding_curve=no context: slot=406788710 blockTime=1773662039 err=None
[CREATOR][DEBUG] validation_notes=['could not scope create_outer_index; scanning top-level only', 'mint not created/initialized in this tx (likely pool-init or swap)']
[CREATOR][DEBUG] bonding_curve=no context: slot=406788710 blockTime=1773662039 err=None
[CREATOR][DEBUG] validation_notes=['could not scope create_outer_index; scanning top-level only', 'mint not created/initialized in this tx (likely pool-init or swap)']
[CREATOR][DEBUG] bonding_curve=no context: slot=406788710 blockTime=1773662039 err=None
[CREATOR][DEBUG] validation_notes=['could not scope create_outer_index; scanning top-level only', 'mint not created/initialized in this tx (likely pool-init or swap)']
[CREATOR][DEBUG] bonding_curve=no context: slot=406788710 blockTime=1773662039 err=None
[CREATOR][DEBUG] validation_notes=['could not scope create_outer_index; scanning top-level only', 'mint not created/initialized in this tx (likely pool-init or swap)']
[CREATOR][DEBUG] bonding_curve=no context: slot=406788710 blockTime=1773662039 err=None
[CREATOR][DEBUG] validation_notes=['could not scope create_outer_index; scanning top-level only', 'mint not created/initialized in this tx (likely pool-init or swap)']
[CREATOR][DEBUG] bonding_curve=no context: slot=406788711 blockTime=1773662039 err=None
[CREATOR][DEBUG] validation_notes=['could not scope create_outer_index; scanning top-level only', 'mint not created/initialized in this tx (likely pool-init or swap)']
[CREATOR][DEBUG] bonding_curve=no context: slot=406788711 blockTime=1773662039 err=None
[CREATOR][DEBUG] validation_notes=['could not scope create_outer_index; scanning top-level only', 'mint not created/initialized in this tx (likely pool-init or swap)']
[CREATOR][DEBUG] bonding_curve=no context: slot=406788711 blockTime=1773662039 err=None
[CREATOR][DEBUG] validation_notes=['could not scope create_outer_index; scanning top-level only', 'mint not created/initialized in this tx (likely pool-init or swap)']
[CREATOR][DEBUG] bonding_curve=no context: slot=406788711 blockTime=1773662039 err=None
[CREATOR][DEBUG] validation_notes=['could not scope create_outer_index; scanning top-level only', 'mint not created/initialized in this tx (likely pool-init or swap)']
[CREATOR][DEBUG] bonding_curve=no context: slot=406788711 blockTime=1773662039 err=None
[CREATOR][DEBUG] validation_notes=['could not scope create_outer_index; scanning top-level only', 'mint not created/initialized in this tx (likely pool-init or swap)']
[CREATOR][DEBUG] bonding_curve=no context: slot=406788711 blockTime=1773662039 err=None
[CREATOR][DEBUG] validation_notes=['could not scope create_outer_index; scanning top-level only', 'mint not created/initialized in this tx (likely pool-init or swap)']
[CREATOR][DEBUG] bonding_curve=no context: slot=406788712 blockTime=1773662040 err=None
[CREATOR][DEBUG] validation_notes=['could not scope create_outer_index; scanning top-level only', 'mint not created/initialized in this tx (likely pool-init or swap)']
[CREATOR][DEBUG] bonding_curve=no context: slot=406788713 blockTime=1773662040 err=None
[CREATOR][DEBUG] validation_notes=['could not scope create_outer_index; scanning top-level only', 'mint not created/initialized in this tx (likely pool-init or swap)']
[CREATOR][DEBUG] bonding_curve=no context: slot=406788713 blockTime=1773662040 err=None
[CREATOR][DEBUG] validation_notes=['could not scope create_outer_index; scanning top-level only', 'mint not created/initialized in this tx (likely pool-init or swap)']
[CREATOR][DEBUG] bonding_curve=no context: slot=406788714 blockTime=1773662040 err=None
[CREATOR][DEBUG] validation_notes=['mint not created/initialized in this tx (likely pool-init or swap)']
[CREATOR][DEBUG] bonding_curve=no context: slot=406788716 blockTime=1773662041 err=None
[CREATOR][DEBUG] validation_notes=['could not scope create_outer_index; scanning top-level only', 'mint not created/initialized in this tx (likely pool-init or swap)']
[CREATOR][DEBUG] bonding_curve=no context: slot=406788718 blockTime=1773662042 err=None
[CREATOR][DEBUG] validation_notes=['could not scope create_outer_index; scanning top-level only', 'mint not created/initialized in this tx (likely pool-init or swap)']
[CREATOR][DEBUG] bonding_curve=no context: slot=406788718 blockTime=1773662042 err=None
[CREATOR][DEBUG] validation_notes=['could not scope create_outer_index; scanning top-level only', 'mint not created/initialized in this tx (likely pool-init or swap)']
[CREATOR][DEBUG] bonding_curve=no context: slot=406788719 blockTime=1773662042 err=None
[CREATOR][DEBUG] validation_notes=['mint not created/initialized in this tx (likely pool-init or swap)']
[CREATOR][DEBUG] bonding_curve=no context: slot=406788721 blockTime=1773662043 err=None
[CREATOR][DEBUG] validation_notes=['mint not created/initialized in this tx (likely pool-init or swap)']
[CREATOR][DEBUG] bonding_curve=no context: slot=406788722 blockTime=1773662044 err=None
[CREATOR][DEBUG] validation_notes=['could not scope create_outer_index; scanning top-level only', 'mint not created/initialized in this tx (likely pool-init or swap)']
[CREATOR][DEBUG] bonding_curve=no context: slot=406788725 blockTime=1773662045 err=None
[CREATOR][DEBUG] validation_notes=['could not scope create_outer_index; scanning top-level only', 'mint not created/initialized in this tx (likely pool-init or swap)']
[CREATOR][DEBUG] bonding_curve=no context: slot=406788725 blockTime=1773662045 err=None
[CREATOR][DEBUG] validation_notes=['could not scope create_outer_index; scanning top-level only', 'mint not created/initialized in this tx (likely pool-init or swap)']
[CREATOR][DEBUG] bonding_curve=no context: slot=406788725 blockTime=1773662045 err=None
[CREATOR][DEBUG] validation_notes=['could not scope create_outer_index; scanning top-level only', 'mint not created/initialized in this tx (likely pool-init or swap)']
[CREATOR][DEBUG] bonding_curve=no context: slot=406788726 blockTime=1773662045 err=None
[CREATOR][DEBUG] validation_notes=['could not scope create_outer_index; scanning top-level only', 'mint not created/initialized in this tx (likely pool-init or swap)']
[CREATOR][DEBUG] bonding_curve=no context: slot=406788726 blockTime=1773662045 err=None
[CREATOR][DEBUG] validation_notes=['could not scope create_outer_index; scanning top-level only', 'mint not created/initialized in this tx (likely pool-init or swap)']
[CREATOR][DEBUG] bonding_curve=no context: slot=406788732 blockTime=1773662048 err=None
[CREATOR][DEBUG] validation_notes=['could not scope create_outer_index; scanning top-level only', 'mint not created/initialized in this tx (likely pool-init or swap)']
[CREATOR][DEBUG] bonding_curve=no context: slot=406788732 blockTime=1773662048 err=None
[CREATOR][DEBUG] validation_notes=['mint not created/initialized in this tx (likely pool-init or swap)']
[CREATOR][DEBUG] bonding_curve=no context: slot=406788732 blockTime=1773662048 err=None
[CREATOR][DEBUG] validation_notes=['could not scope create_outer_index; scanning top-level only', 'mint not created/initialized in this tx (likely pool-init or swap)']
[CREATOR][DEBUG] bonding_curve=no context: slot=406788732 blockTime=1773662048 err=None
[CREATOR][DEBUG] validation_notes=['could not scope create_outer_index; scanning top-level only', 'mint not created/initialized in this tx (likely pool-init or swap)']
[CREATOR][DEBUG] bonding_curve=no context: slot=406788732 blockTime=1773662048 err=None
[CREATOR][DEBUG] validation_notes=['could not scope create_outer_index; scanning top-level only', 'mint not created/initialized in this tx (likely pool-init or swap)']
[CREATOR][DEBUG] bonding_curve=no context: slot=406788734 blockTime=1773662049 err=None
[CREATOR][DEBUG] validation_notes=['could not scope create_outer_index; scanning top-level only', 'mint not created/initialized in this tx (likely pool-init or swap)']
[CREATOR][DEBUG] bonding_curve=no context: slot=406788734 blockTime=1773662049 err=None
[CREATOR][DEBUG] validation_notes=['could not scope create_outer_index; scanning top-level only', 'mint not created/initialized in this tx (likely pool-init or swap)']
[CREATOR][DEBUG] bonding_curve=no context: slot=406788734 blockTime=1773662049 err=None
[CREATOR][DEBUG] validation_notes=['could not scope create_outer_index; scanning top-level only', 'mint not created/initialized in this tx (likely pool-init or swap)']
[CREATOR][DEBUG] bonding_curve=no context: slot=406788735 blockTime=1773662049 err=None
[CREATOR][DEBUG] validation_notes=['could not scope create_outer_index; scanning top-level only', 'mint not created/initialized in this tx (likely pool-init or swap)']
[CREATOR][DEBUG] bonding_curve=no context: slot=406788735 blockTime=1773662049 err=None
[CREATOR][DEBUG] validation_notes=['could not scope create_outer_index; scanning top-level only', 'mint not created/initialized in this tx (likely pool-init or swap)']
[CREATOR][DEBUG] bonding_curve=no context: slot=406788736 blockTime=1773662049 err=None
[CREATOR][DEBUG] validation_notes=['could not scope create_outer_index; scanning top-level only', 'mint not created/initialized in this tx (likely pool-init or swap)']
[CREATOR][DEBUG] bonding_curve=no context: slot=406788736 blockTime=1773662049 err=None
[CREATOR][DEBUG] validation_notes=['could not scope create_outer_index; scanning top-level only', 'mint not created/initialized in this tx (likely pool-init or swap)']
[CREATOR][DEBUG] bonding_curve=no context: slot=406788737 blockTime=1773662050 err=None
[CREATOR][DEBUG] validation_notes=['could not scope create_outer_index; scanning top-level only', 'mint not created/initialized in this tx (likely pool-init or swap)']
[CREATOR][DEBUG] bonding_curve=no context: slot=406788739 blockTime=1773662051 err=None
[CREATOR][DEBUG] validation_notes=['could not scope create_outer_index; scanning top-level only', 'mint not created/initialized in this tx (likely pool-init or swap)']
[CREATOR][DEBUG] bonding_curve=no context: slot=406788740 blockTime=1773662051 err=None
[CREATOR][DEBUG] validation_notes=['could not scope create_outer_index; scanning top-level only', 'mint not created/initialized in this tx (likely pool-init or swap)', 'pumpfun program id not found; relying on strict system/mint evidence']
[CREATOR][DEBUG] bonding_curve=no context: slot=406788741 blockTime=1773662051 err=None
[CREATOR][DEBUG] validation_notes=['could not scope create_outer_index; scanning top-level only', 'mint not created/initialized in this tx (likely pool-init or swap)']
[CREATOR][DEBUG] bonding_curve=no context: slot=406788741 blockTime=1773662051 err=None
[CREATOR][DEBUG] validation_notes=['could not scope create_outer_index; scanning top-level only', 'mint not created/initialized in this tx (likely pool-init or swap)']
[CREATOR][DEBUG] bonding_curve=no context: slot=406788745 blockTime=1773662053 err=None
[CREATOR][DEBUG] validation_notes=['could not scope create_outer_index; scanning top-level only', 'mint not created/initialized in this tx (likely pool-init or swap)']
[CREATOR][DEBUG] bonding_curve=no context: slot=406788746 blockTime=1773662053 err=None
[CREATOR][DEBUG] validation_notes=['could not scope create_outer_index; scanning top-level only', 'mint not created/initialized in this tx (likely pool-init or swap)']
[CREATOR][DEBUG] bonding_curve=no context: slot=406788746 blockTime=1773662053 err=None
[CREATOR][DEBUG] validation_notes=['could not scope create_outer_index; scanning top-level only', 'mint not created/initialized in this tx (likely pool-init or swap)']
[CREATOR][DEBUG] bonding_curve=no context: slot=406788748 blockTime=1773662054 err=None
[CREATOR][DEBUG] validation_notes=['could not scope create_outer_index; scanning top-level only', 'mint not created/initialized in this tx (likely pool-init or swap)']
[CREATOR][DEBUG] bonding_curve=no context: slot=406788750 blockTime=1773662055 err=None
[CREATOR][DEBUG] validation_notes=['could not scope create_outer_index; scanning top-level only', 'mint not created/initialized in this tx (likely pool-init or swap)']
[CREATOR][DEBUG] bonding_curve=no context: slot=406788751 blockTime=1773662055 err=None
[CREATOR][DEBUG] validation_notes=['could not scope create_outer_index; scanning top-level only', 'mint not created/initialized in this tx (likely pool-init or swap)']
[CREATOR][DEBUG] bonding_curve=no context: slot=406788752 blockTime=1773662055 err=None
[CREATOR][DEBUG] validation_notes=['could not scope create_outer_index; scanning top-level only', 'mint not created/initialized in this tx (likely pool-init or swap)']
[CREATOR][DEBUG] bonding_curve=no context: slot=406788753 blockTime=1773662056 err=None
[CREATOR][DEBUG] validation_notes=['could not scope create_outer_index; scanning top-level only', 'mint not created/initialized in this tx (likely pool-init or swap)']
[CREATOR][DEBUG] bonding_curve=no context: slot=406788753 blockTime=1773662056 err=None
[CREATOR][DEBUG] validation_notes=['could not scope create_outer_index; scanning top-level only', 'mint not created/initialized in this tx (likely pool-init or swap)']
[CREATOR][DEBUG] bonding_curve=no context: slot=406788753 blockTime=1773662056 err=None
[CREATOR][DEBUG] validation_notes=['could not scope create_outer_index; scanning top-level only', 'mint not created/initialized in this tx (likely pool-init or swap)']
[CREATOR][DEBUG] bonding_curve=no context: slot=406788753 blockTime=1773662056 err=None
[CREATOR][DEBUG] validation_notes=['could not scope create_outer_index; scanning top-level only', 'mint not created/initialized in this tx (likely pool-init or swap)']
[CREATOR][DEBUG] bonding_curve=no context: slot=406788754 blockTime=1773662056 err=None
[CREATOR][DEBUG] validation_notes=['mint not created/initialized in this tx (likely pool-init or swap)']
[CREATOR][DEBUG] bonding_curve=no context: slot=406788755 blockTime=1773662057 err=None
[CREATOR][DEBUG] validation_notes=['could not scope create_outer_index; scanning top-level only', 'mint not created/initialized in this tx (likely pool-init or swap)']
[CREATOR][DEBUG] bonding_curve=no context: slot=406788756 blockTime=1773662057 err=None
[CREATOR][DEBUG] validation_notes=['could not scope create_outer_index; scanning top-level only', 'mint not created/initialized in this tx (likely pool-init or swap)']
[CREATOR][DEBUG] bonding_curve=no context: slot=406788757 blockTime=1773662057 err=None
[CREATOR][DEBUG] validation_notes=['could not scope create_outer_index; scanning top-level only', 'mint not created/initialized in this tx (likely pool-init or swap)']
[CREATOR][DEBUG] bonding_curve=no context: slot=406788757 blockTime=1773662057 err=None
[CREATOR][DEBUG] validation_notes=['could not scope create_outer_index; scanning top-level only', 'mint not created/initialized in this tx (likely pool-init or swap)']
[CREATOR][DEBUG] bonding_curve=no context: slot=406788757 blockTime=1773662057 err=None
[CREATOR][DEBUG] validation_notes=['could not scope create_outer_index; scanning top-level only', 'mint not created/initialized in this tx (likely pool-init or swap)']
[CREATOR][DEBUG] bonding_curve=no context: slot=406788757 blockTime=1773662057 err=None
[CREATOR][DEBUG] validation_notes=['could not scope create_outer_index; scanning top-level only', 'mint not created/initialized in this tx (likely pool-init or swap)']
[CREATOR][DEBUG] bonding_curve=no context: slot=406788758 blockTime=1773662058 err=None
[CREATOR][DEBUG] validation_notes=['could not scope create_outer_index; scanning top-level only', 'mint not created/initialized in this tx (likely pool-init or swap)']
[CREATOR][DEBUG] bonding_curve=no context: slot=406788760 blockTime=1773662058 err=None
[CREATOR][DEBUG] validation_notes=['could not scope create_outer_index; scanning top-level only', 'mint not created/initialized in this tx (likely pool-init or swap)']
[CREATOR][DEBUG] bonding_curve=no context: slot=406788768 blockTime=1773662061 err=None
[CREATOR][DEBUG] validation_notes=['could not scope create_outer_index; scanning top-level only', 'mint not created/initialized in this tx (likely pool-init or swap)']
[CREATOR][DEBUG] bonding_curve=no context: slot=406788768 blockTime=1773662061 err=None
[CREATOR][DEBUG] validation_notes=['could not scope create_outer_index; scanning top-level only', 'mint not created/initialized in this tx (likely pool-init or swap)']
[CREATOR] Page 3: checked=80/680 candidates (budget=80), no strict CREATE yet
[RPC_METRICS] record_request source_file=unknown method=getSignaturesForAddress credits=10 cache_action=none ts=1773665511.118678
[CREATOR] Page 4: prefilter candidates=140 (checking first 80), skipped_post_migration=0, skipped_errored=52
[CREATOR] ✓ Found initializemint2 for mint=5cDhM4yMKipQkjSGdvYnqPdiJz685Z96rbe6GSYppump via program_id=TokenzQdBNbLqP5VEhdkAS6EPFLC1PHnBqCXEpPxuEb program=spl-token
[CREATOR] ✅ Found STRICT Pump.fun CREATE tx: 2CDDrj2Ca9nm4eUwc9qJJ2ZFQmKkuSfRn9MAR7dogHAbvriU2VuVfjXvafw3qFTXMaMVTtsUVegjpFWcbec28RLL
[CREATOR] ✓ CREATE fee payer (creator): Fg1YufwTKKtCWG3AhJ8RrREHubjPUTiZQ3GeRigoZcaq
[CREATOR] ✓ Bonding curve: 6gXoMo7ceGRAbsxepABdxXfkVGgG1DQXSoQK46sSM5Jy (proven_end=False)
[RPC_METRICS] record_request source_file=unknown method=getSignaturesForAddress credits=10 cache_action=none ts=1773665511.49682
[WEBSOCKET] 🔍 Migration found. listen_to_launches=True
[WEBSOCKET] 🚨 Migration #5 detected: 636codKsYLQRxzzX3NFvrAqcBwyRmiWz7rFRLm8kTipCS5TgCbf2cAk1buEqooWwJxyQmcbqhke8RQK83URrrKcU
[TX_CACHE] 🌐 MISS: fetching 636codKsYLQRxzzX...
[RPC_METRICS] record_request source_file=unknown method=getSignaturesForAddress credits=10 cache_action=none ts=1773665511.73491
[RPC_METRICS] record_request source_file=pumpfun_curve_listener method=getTransaction credits=10 cache_action=none ts=1773665511.908331
[TX_CACHE] 💾 CACHED: 636codKsYLQRxzzX... (32378 bytes)
[EVENT] 🚀 MIGRATION DETECTED: 8NfsVJPQoUzMsRkm63dhTBdGkCn6AJd4GF5qYpoTpump
[EVENT] Migration signature: 636codKsYLQRxzzX3NFvrAqcBwyRmiWz7rFRLm8kTipCS5TgCbf2cAk1buEqooWwJxyQmcbqhke8RQK83URrrKcU
[DB] ✅ Created minimal token entry for 8NfsVJPQoUzMsRkm63dhTBdGkCn6AJd4GF5qYpoTpump
[RPC_METRICS] record_request source_file=unknown method=getSignaturesForAddress credits=10 cache_action=none ts=1773665512.001775
[RPC_METRICS] record_request source_file=unknown method=getSignaturesForAddress credits=10 cache_action=none ts=1773665512.190259
[RPC_METRICS] record_request source_file=unknown method=getSignaturesForAddress credits=10 cache_action=none ts=1773665512.375551
[CREATOR] 🕐 Using on-chain time from earliest tx: 2026-03-16T11:53:38Z
[CREATOR] ✅ Extracted from earliest tx: Fg1YufwTKKtCWG3AhJ8RrREHubjPUTiZQ3GeRigoZcaq (confirmed) | CREATE tx validated: 2CDDrj2Ca9nm4eUwc9qJ...
[CLUSTER] Error checking creator Fg1YufwTKKtCWG3AhJ8RrREHubjPUTiZQ3GeRigoZcaq: No module named 'cluster_risk_checker'
[DB] ✅ Updated token entry with creator: Fg1YufwT... | Created: 2026-03-16T11:53:38Z | CREATE tx: 2CDDrj2Ca9nm4eUwc9qJ...
[SETTINGS] Token history ❌ OFF - skipping token history analysis
[MIGRATION] ✅ CRITICAL PATH COMPLETE - Token 5cDhM4yM... with creator Fg1YufwT... is now visible in UI
[BACKGROUND] 📤 Background tasks spawned (fire-and-forget)
[BACKGROUND] 🚀 Starting background funding and clustering tasks...
[FUNDING] ⏳ Starting creator funding extraction for Fg1YufwT...
[REALTIME_FUNDING] 📊 Recording RPC metrics for creator funding extraction: Fg1YufwTKKtCWG3A...
[PERF] SQLite optimizations applied (WAL mode, 50MB cache, 60s busy timeout)
[REALTIME_FUNDING] 🔍 Extracting creator funding for Fg1YufwTKKtCWG3A...
[REALTIME_FUNDING]    Migration timestamp: 2026-03-16T11:53:38Z
[REALTIME_FUNDING]    Will fetch up to 1 month of history
[REALTIME_FUNDING]    Fetching all pre-migration transactions from Helius API...
[REALTIME_FUNDING]    ℹ No cursor found for Fg1YufwTKKtCWG3A... (first-time scan)
[REALTIME_FUNDING]    [PAGE 1] RPC CALL #1...
[RPC_METRICS] record_request source_file=realtime_creator_funding_extractor method=helius_enhanced_addresses_transactions credits=100 cache_action=full_scan ts=1773665513.3295202
[REALTIME_FUNDING]    [PAGE 1] fetched=13 txs
[RPC_METRICS] record_request source_file=realtime_creator_funding_extractor method=sns_primary_domains credits=0 cache_action=none ts=1773665513.579736
[REALTIME_FUNDING]    [PAGE 1] 🚫 37 dust
[REALTIME_FUNDING]    Total transactions fetched: 13
[REALTIME_FUNDING]    [PAGE 2] RPC CALL #2...
[POOL_DETECT_RETRY] ⏱️  Retry attempt after 30s for 5cDhM4yMKipQkjSG...
[RPC_METRICS] record_request source_file=realtime_creator_funding_extractor method=helius_enhanced_addresses_transactions credits=100 cache_action=full_scan ts=1773665514.3508632
[REALTIME_FUNDING]    [PAGE 2] No more transactions
[REALTIME_FUNDING]    ✓ Inbound: 0 funders (0.00 SOL)
[REALTIME_FUNDING]    ✓ Outbound: 25 recipients (10.19 SOL)
[REALTIME_FUNDING]    ℹ Filtered 37 dust transfers
[EXTRACTION] ✅ COMPLETED for Fg1YufwTKKtCWG3A... | Funders: 0, Recipients: 25
[REALTIME_FUNDING] ✅ Updated cursor for Fg1YufwTKKtCWG3A... (fetched 13 txs)
[BLOCKSEC] Found 100 active addresses (used 2+ times)
[BLOCKSEC] Found 100 unlabeled addresses, preparing batch...
[BLOCKSEC] Batch failed: Rate limited. Next batch in 44 minutes
[REALTIME_FUNDING]    🔍 Searching for OUTGOING transfers after migration...
[RPC_METRICS] record_request source_file=realtime_creator_funding_extractor method=getSignaturesForAddress credits=10 cache_action=none ts=1773665515.62163
[RPC_METRICS] record_request source_file=realtime_creator_funding_extractor method=getTransaction credits=10 cache_action=miss ts=1773665515.675914
[RPC_METRICS] record_request source_file=realtime_creator_funding_extractor method=getTransaction credits=10 cache_action=miss ts=1773665515.7487419
[RPC_METRICS] record_request source_file=realtime_creator_funding_extractor method=getTransaction credits=10 cache_action=miss ts=1773665515.80527
[RPC_METRICS] record_request source_file=realtime_creator_funding_extractor method=getTransaction credits=10 cache_action=miss ts=1773665515.883092
[RPC_METRICS] record_request source_file=realtime_creator_funding_extractor method=getTransaction credits=10 cache_action=miss ts=1773665515.982795
[RPC_METRICS] record_request source_file=realtime_creator_funding_extractor method=getTransaction credits=10 cache_action=miss ts=1773665516.065684
[RPC_METRICS] record_request source_file=realtime_creator_funding_extractor method=getTransaction credits=10 cache_action=miss ts=1773665516.156553
[RPC_METRICS] record_request source_file=realtime_creator_funding_extractor method=getTransaction credits=10 cache_action=miss ts=1773665516.276337
[RPC_METRICS] record_request source_file=realtime_creator_funding_extractor method=getTransaction credits=10 cache_action=miss ts=1773665516.382411
[RPC_METRICS] record_request source_file=realtime_creator_funding_extractor method=getTransaction credits=10 cache_action=miss ts=1773665516.476112
[RPC_METRICS] record_request source_file=realtime_creator_funding_extractor method=getTransaction credits=10 cache_action=miss ts=1773665516.565239
[RPC_METRICS] record_request source_file=realtime_creator_funding_extractor method=getTransaction credits=10 cache_action=miss ts=1773665516.620287
[RPC_METRICS] record_request source_file=realtime_creator_funding_extractor method=getTransaction credits=10 cache_action=miss ts=1773665516.706932
[REALTIME_FUNDING] ✅ Extracted outgoing transfers for Fg1YufwTKKtCWG3A...
[FUNDING] ✅ Creator funding extraction complete
[FUNDER_EXTRACTION] ⏭️ Skipped (auto_extract_funders toggle is OFF)
[CLUSTERING] ⏳ Queueing network clustering task...
[CLUSTER_QUEUE] 📋 Task 'super_clusters_rebuild' enqueued | Queue size: 1
[CLUSTERING] ✅ Clustering task enqueued for processing
[CLUSTER_QUEUE] 🚀 Queue processor started
[CLUSTER_QUEUE] ⏳ Processing task 'super_clusters_rebuild' (0 in queue)
[CLUSTERING] 🔄 Rebuilding super_clusters from funding data...
[CLUSTERING]    Found 325 creators with complete funding extraction
[CLUSTERING] ✅ Assigned 23 creators to networks
[CLUSTERING] ✅ Assigned 100 funders to networks (funding real addresses)
[CLUSTERING] ✅ Updated super_cluster metadata
[CLUSTER_QUEUE] ✅ Task 'super_clusters_rebuild' completed successfully
[POOL_DETECT] No valid pool found in transaction. Trying fallback vault discovery...
[POOL_DETECT_FALLBACK] Failed to resolve pool via vaults
[POOL_DETECT] All pool discovery methods failed for 8NfsVJPQoUzMsRkm63dhTBdGkCn6AJd4GF5qYpoTpump
[POOL_DETECT] No valid pool found (primary + fallback exhausted)
[POOL_DETECT] Final discovery result: source=none pool=None
[POOL_DETECT] Scheduling retry discovery in 10s, 30s, 60s
[ANALYZER_INIT] Token: 8NfsVJPQoUzMsRkm63dhTBdGkCn6AJd4GF5qYpoTpump
[ANALYZER_INIT] RPC: https://mainnet.helius-rpc.com/?api-key=16f1a5fc-2592-466c-a5d4-b5799ae8da96
[CREATOR] Extracting bonding curve from *strict* CREATE tx for 8NfsVJPQoUzMsRkm63dh...
[POOL_DETECT] No valid pool found in transaction. Trying fallback vault discovery...
[RPC_METRICS] record_request source_file=unknown method=getSignaturesForAddress credits=10 cache_action=none ts=1773665518.4260108
[CREATOR] Page 1: prefilter candidates=769 (checking first 80), skipped_post_migration=0, skipped_errored=26
[CREATOR] ✓ Found initializemint2 for mint=8NfsVJPQoUzMsRkm63dhTBdGkCn6AJd4GF5qYpoTpump via program_id=TokenzQdBNbLqP5VEhdkAS6EPFLC1PHnBqCXEpPxuEb program=spl-token
[CREATOR] Oldest#1 2DYJrgWGAjjXMyTU... strict_create=True mint_create=False mint_init=True bonding_curve=yes
[CREATOR] ✅ Found STRICT Pump.fun CREATE tx: 2DYJrgWGAjjXMyTUYMLWq2aMZkLXgFrST6hEcbDh9pHAXi93BRJtiCJcB3a4yxQteEpvCa3puDeptTNdDrFwVLCW
[CREATOR] ✓ CREATE fee payer (creator): HZYRptoebKb6wwCwoTDUutD54oxut346b18SmxDxeHGR
[CREATOR] ✓ Bonding curve: 7JSR7vVvdL7BR8vPEaj7k81rndmKDyYpGWRFo8ViokXH (proven_end=False)
[RPC_METRICS] record_request source_file=unknown method=getSignaturesForAddress credits=10 cache_action=none ts=1773665518.7827141
[RPC_METRICS] record_request source_file=unknown method=getSignaturesForAddress credits=10 cache_action=none ts=1773665518.964617
[CREATOR] 🕐 Using on-chain time from earliest tx: 2026-03-13T23:38:45Z
[CREATOR] ✅ Extracted from earliest tx: HZYRptoebKb6wwCwoTDUutD54oxut346b18SmxDxeHGR (confirmed) | CREATE tx validated: 2DYJrgWGAjjXMyTUYMLW...
[CLUSTER] Error checking creator HZYRptoebKb6wwCwoTDUutD54oxut346b18SmxDxeHGR: No module named 'cluster_risk_checker'
[DB] ✅ Updated token entry with creator: HZYRptoe... | Created: 2026-03-13T23:38:45Z | CREATE tx: 2DYJrgWGAjjXMyTUYMLW...
[SETTINGS] Token history ❌ OFF - skipping token history analysis
[MIGRATION] ✅ CRITICAL PATH COMPLETE - Token 8NfsVJPQ... with creator HZYRptoe... is now visible in UI
[BACKGROUND] 📤 Background tasks spawned (fire-and-forget)
[BACKGROUND] 🚀 Starting background funding and clustering tasks...
[FUNDING] ⏳ Starting creator funding extraction for HZYRptoe...
[REALTIME_FUNDING] 📊 Recording RPC metrics for creator funding extraction: HZYRptoebKb6wwCw...
[PERF] SQLite optimizations applied (WAL mode, 50MB cache, 60s busy timeout)
[REALTIME_FUNDING] 🔍 Extracting creator funding for HZYRptoebKb6wwCw...
[REALTIME_FUNDING]    Migration timestamp: 2026-03-13T23:38:45Z
[REALTIME_FUNDING]    Will fetch up to 1 month of history
[REALTIME_FUNDING]    Fetching all pre-migration transactions from Helius API...
[REALTIME_FUNDING]    ℹ No cursor found for HZYRptoebKb6wwCw... (first-time scan)
[REALTIME_FUNDING]    [PAGE 1] RPC CALL #1...
[POOL_DETECT_FALLBACK] Failed to resolve pool via vaults
[POOL_DETECT] All pool discovery methods failed for 5cDhM4yMKipQkjSGdvYnqPdiJz685Z96rbe6GSYppump
[POOL_DETECT_RETRY] ⏭️  Still no pool after 30s
[RPC_METRICS] record_request source_file=realtime_creator_funding_extractor method=helius_enhanced_addresses_transactions credits=100 cache_action=full_scan ts=1773665520.7667809
[REALTIME_FUNDING]    [PAGE 1] fetched=100 txs
[RPC_METRICS] record_request source_file=realtime_creator_funding_extractor method=sns_primary_domains credits=0 cache_action=none ts=1773665520.899167
[DOMAIN] 📝 Found 1 domain(s) in tx 5KaprtYt6vieVxca... {'🚀boostlegends-volumebot⭐.sol'}
[DOMAIN] 📝 Found 1 domain(s) in tx rcmqJNHpsb9qAAew... {'🚀boostlegends-volumebot⭐.sol'}
[DOMAIN] 📝 Found 1 domain(s) in tx 5k11zmGH5RrWLkec... {'🚀boostlegends-volumebot⭐.sol'}
[DOMAIN] 📝 Found 1 domain(s) in tx 2ZqjRgYXbtrpQgnz... {'Flip.gg → Trusted Since 2021......-33807.flipgg.sol'}
[DOMAIN] 📝 Found 1 domain(s) in tx 5Bqnq5GVFCGnz7En... {'Eligible wallet? → Flip.gg🍀🎰-33806.flipgg.sol'}
[DOMAIN] 📝 Found 1 domain(s) in tx 2uH46knaUmYGr2Xy... {'Eligible wallet? → Flip.gg🍀🎰-33806.flipgg.sol'}
[DOMAIN] 📝 Found 1 domain(s) in tx fuFBnHdmswqBMTKM... {'Flip.gg → Trusted Since 2021......-33807.flipgg.sol'}
[DOMAIN] 📝 Found 1 domain(s) in tx JwDgxEn3RxoVy5mX... {'Flip.gg → Trusted Since 2021......-33807.flipgg.sol'}
[DOMAIN] 📝 Found 1 domain(s) in tx 3youN4cowKwSyr1x... {'Flip.gg → Trusted Since 2021......-33807.flipgg.sol'}
[DOMAIN] 📝 Found 1 domain(s) in tx 3HYVvrmw4EzZKLS7... {'Flip.gg → Trusted Since 2021......-33807.flipgg.sol'}
[DOMAIN] 📝 Found 1 domain(s) in tx 4B379aFWjQ5iAaJM... {'Eligible wallet? → Flip.gg🍀🎰-33806.flipgg.sol'}
[DOMAIN] 📝 Found 1 domain(s) in tx MmQbKcU1QqBinTSe... {'Eligible wallet? → Flip.gg🍀🎰-33806.flipgg.sol'}
[DOMAIN] 📝 Found 1 domain(s) in tx 3vqm6nUqhWAqhVoC... {'Eligible wallet? → Flip.gg🍀🎰-33806.flipgg.sol'}
[DOMAIN] 📝 Found 1 domain(s) in tx 3o3JcQJv52GG5T3g... {'Flip.gg → Trusted Since 2021......-33807.flipgg.sol'}
[DOMAIN] 📝 Found 1 domain(s) in tx 4VDaPZD11sbTKqLg... {'🚀boostlegends-volumebot⭐.sol'}
[DOMAIN] 📝 Found 1 domain(s) in tx 4rCrBPhjhapumByy... {'Flip.gg → Trusted Since 2021......-33803.flipgg.sol'}
[DOMAIN] 📝 Found 1 domain(s) in tx Hy71ew3pMCWAuJ1a... {'Eligible wallet? → Flip.gg🍀🎰-33802.flipgg.sol'}
[DOMAIN] 📝 Found 1 domain(s) in tx 3McFWqQveFPcKvPr... {'Flip.gg → Trusted Since 2021......-33803.flipgg.sol'}
[DOMAIN] 📝 Found 1 domain(s) in tx 123p9g2GfByYK9oV... {'Eligible wallet? → Flip.gg🍀🎰-33802.flipgg.sol'}
[DOMAIN] 📝 Found 1 domain(s) in tx 3mjFCquvqSTrUbBX... {'🚀boostlegends-volumebot⭐.sol'}
[DOMAIN] 📝 Found 1 domain(s) in tx 3jzbsMxpXUUbhQYy... {'🚀boostlegends-volumebot⭐.sol'}
[RPC_METRICS] record_request source_file=realtime_creator_funding_extractor method=sns_primary_domains credits=0 cache_action=none ts=1773665521.285797
[DOMAIN] 📝 Found 1 domain(s) in tx 5hh9K4x3RGH99ifG... {'Eligible wallet? → Flip.gg🍀🎰-33800.flipgg.sol'}
[RPC_METRICS] record_request source_file=realtime_creator_funding_extractor method=sns_primary_domains credits=0 cache_action=none ts=1773665521.4370291
[DOMAIN] 📝 Found 1 domain(s) in tx 2Htn2L1LLeNyKXSj... {'Flip.gg → Trusted Since 2021......-33801.flipgg.sol'}
[DOMAIN] 📝 Found 1 domain(s) in tx 2AoeDxi9Qnob1DV2... {'Flip.gg → Trusted Since 2021......-33801.flipgg.sol'}
[DOMAIN] 📝 Found 1 domain(s) in tx 5Qz545tbu6k23qmQ... {'Eligible wallet? → Flip.gg🍀🎰-33800.flipgg.sol'}
[DOMAIN] 📝 Found 1 domain(s) in tx 5AVyNVVB2mZ471LH... {'Flip.gg → Trusted Since 2021......-33801.flipgg.sol'}
[DOMAIN] 📝 Found 1 domain(s) in tx uSRNH4VWVitD54Vo... {'Eligible wallet? → Flip.gg🍀🎰-33800.flipgg.sol'}
[DOMAIN] 📝 Found 1 domain(s) in tx 4zJ6hZbp15HbRNp1... {'Eligible wallet? → Flip.gg🍀🎰-33800.flipgg.sol'}
[DOMAIN] 📝 Found 1 domain(s) in tx FPA7pPDqggycS8Ri... {'Flip.gg → Trusted Since 2021......-33801.flipgg.sol'}
[DOMAIN] 📝 Found 1 domain(s) in tx C8eopLs3qp1HWVwq... {'Flip.gg → Trusted Since 2021......-33801.flipgg.sol'}
[DOMAIN] 📝 Found 1 domain(s) in tx 2nGVNc2rbTg9csCn... {'Flip.gg → Trusted Since 2021......-33801.flipgg.sol'}
[DOMAIN] 📝 Found 1 domain(s) in tx 5896uC14wbpyhts1... {'Flip.gg → Trusted Since 2021......-33801.flipgg.sol'}
[DOMAIN] 📝 Found 1 domain(s) in tx 2L6kY4Pb4aBLXYK2... {'Flip.gg → Trusted Since 2021......-33801.flipgg.sol'}
[DOMAIN] 📝 Found 1 domain(s) in tx iRue8WJrhEB43c9f... {'Flip.gg → Trusted Since 2021......-33801.flipgg.sol'}
[DOMAIN] 📝 Found 1 domain(s) in tx 5FPdu5LrsztyhwR1... {'Eligible wallet? → Flip.gg🍀🎰-33800.flipgg.sol'}
[DOMAIN] 📝 Found 1 domain(s) in tx 3U3N7Tyee2YJZoNp... {'Flip.gg → Trusted Since 2021......-33801.flipgg.sol'}
[DOMAIN] 📝 Found 1 domain(s) in tx 2RS8CEnDEL8hRRYQ... {'Eligible wallet? → Flip.gg🍀🎰-33800.flipgg.sol'}
[DOMAIN] 📝 Found 1 domain(s) in tx 44zPvtjFJdvo5noL... {'Flip.gg → Trusted Since 2021......-33801.flipgg.sol'}
[DOMAIN] 📝 Found 1 domain(s) in tx 5ggxEH9GimsyrQ93... {'Eligible wallet? → Flip.gg🍀🎰-33800.flipgg.sol'}
[DOMAIN] 📝 Found 1 domain(s) in tx 44g6KzuKStEqAsFq... {'Flip.gg → Trusted Since 2021......-33801.flipgg.sol'}
[DOMAIN] 📝 Found 1 domain(s) in tx 7faEC1JVvV4tduGb... {'Eligible wallet? → Flip.gg🍀🎰-33800.flipgg.sol'}
[DOMAIN] 📝 Found 1 domain(s) in tx 5j8sitQwNaKXqfTU... {'Flip.gg → Trusted Since 2021......-33801.flipgg.sol'}
[DOMAIN] 📝 Found 1 domain(s) in tx 4xEwRrtXkSL3ZQHq... {'Eligible wallet? → Flip.gg🍀🎰-33800.flipgg.sol'}
[DOMAIN] 📝 Found 1 domain(s) in tx 3qCX7ka4c6NQ7A4j... {'Eligible wallet? → Flip.gg🍀🎰-33800.flipgg.sol'}
[DOMAIN] 📝 Found 1 domain(s) in tx 1mXYbiocBcR3Epkt... {'Flip.gg → Trusted Since 2021......-33801.flipgg.sol'}
[DOMAIN] 📝 Found 1 domain(s) in tx 5h8nAKLAHxx4UqpE... {'Eligible wallet? → Flip.gg🍀🎰-33800.flipgg.sol'}
[DOMAIN] 📝 Found 1 domain(s) in tx eVy2DFaqddSnh5Dj... {'Flip.gg → Trusted Since 2021......-33801.flipgg.sol'}
[DOMAIN] 📝 Found 1 domain(s) in tx 4BYwoC65WFxhHbpu... {'Eligible wallet? → Flip.gg🍀🎰-33800.flipgg.sol'}
[DOMAIN] 📝 Found 1 domain(s) in tx 3UX8SeVnVAHwUbf8... {'Flip.gg → Trusted Since 2021......-33801.flipgg.sol'}
[DOMAIN] 📝 Found 1 domain(s) in tx XuDLyst426xXvx86... {'Flip.gg → Trusted Since 2021......-33801.flipgg.sol'}
[DOMAIN] 📝 Found 1 domain(s) in tx 5SejTNHHhtZxpxCR... {'Eligible wallet? → Flip.gg🍀🎰-33800.flipgg.sol'}
[DOMAIN] 📝 Found 1 domain(s) in tx 4GGETzCLRp15gtu3... {'Eligible wallet? → Flip.gg🍀🎰-33800.flipgg.sol'}
[DOMAIN] 📝 Found 1 domain(s) in tx 4hsUApHbDYY6PTBR... {'Eligible wallet? → Flip.gg🍀🎰-33800.flipgg.sol'}
[DOMAIN] 📝 Found 1 domain(s) in tx 3hRprA9ZYCH6bNr2... {'Eligible wallet? → Flip.gg🍀🎰-33800.flipgg.sol'}
[DOMAIN] 📝 Found 1 domain(s) in tx 5CffhHA9NxZQT3u5... {'Flip.gg → Trusted Since 2021......-33801.flipgg.sol'}
[DOMAIN] 📝 Found 1 domain(s) in tx 2FTK6veS3YC8H8XX... {'Flip.gg → Trusted Since 2021......-33801.flipgg.sol'}
[DOMAIN] 📝 Found 1 domain(s) in tx 5SEbeQaAHWebFnXK... {'Flip.gg → Trusted Since 2021......-33801.flipgg.sol'}
[DOMAIN] 📝 Found 1 domain(s) in tx 38qKT4y8WATyhbjT... {'Eligible wallet? → Flip.gg🍀🎰-33800.flipgg.sol'}
[DOMAIN] 📝 Found 1 domain(s) in tx FmkP4zpbbihYhtWi... {'Flip.gg → Trusted Since 2021......-33801.flipgg.sol'}
[DOMAIN] 📝 Found 1 domain(s) in tx 22YwLxo5eAGyJXUn... {'Eligible wallet? → Flip.gg🍀🎰-33800.flipgg.sol'}
[DOMAIN] 📝 Found 1 domain(s) in tx 5UqB7K6zx3CtsUJW... {'Flip.gg → Trusted Since 2021......-33801.flipgg.sol'}
[DOMAIN] 📝 Found 1 domain(s) in tx 4djiHa8sFd6NUmEB... {'Flip.gg → Trusted Since 2021......-33801.flipgg.sol'}
[DOMAIN] 📝 Found 1 domain(s) in tx u4Sp7zQ8vSohu4an... {'Eligible wallet? → Flip.gg🍀🎰-33800.flipgg.sol'}
[DOMAIN] 📝 Found 1 domain(s) in tx 55YALqYmWcaA2jHt... {'Eligible wallet? → Flip.gg🍀🎰-33800.flipgg.sol'}
[DOMAIN] 📝 Found 1 domain(s) in tx 5XGM3UKiB4rU8PR1... {'Flip.gg → Trusted Since 2021......-33801.flipgg.sol'}
[DOMAIN] 📝 Found 1 domain(s) in tx 3bAnrXY9CsfstQZF... {'Flip.gg → Trusted Since 2021......-33801.flipgg.sol'}
[DOMAIN] 📝 Found 1 domain(s) in tx 36KGsZN1UYTmT6dk... {'Eligible wallet? → Flip.gg🍀🎰-33800.flipgg.sol'}
[DOMAIN] 📝 Found 1 domain(s) in tx pedJEZcfK1wwaLts... {'Flip.gg → Trusted Since 2021......-33801.flipgg.sol'}
[DOMAIN] 📝 Found 1 domain(s) in tx 2dnXfwJYA7aBSLxk... {'Flip.gg → Trusted Since 2021......-33801.flipgg.sol'}
[DOMAIN] 📝 Found 1 domain(s) in tx 4SkpRDVpWKC84Wv8... {'Flip.gg → Trusted Since 2021......-33801.flipgg.sol'}
[DOMAIN] 📝 Found 1 domain(s) in tx 4EgQxdpjgj2m47QQ... {'Flip.gg → Trusted Since 2021......-33801.flipgg.sol'}
[DOMAIN] 📝 Found 1 domain(s) in tx 2yTyNt1PHWqaMuuX... {'Eligible wallet? → Flip.gg🍀🎰-33800.flipgg.sol'}
[DOMAIN] 📝 Found 1 domain(s) in tx 2NSAdUHnTnVoFqL9... {'Flip.gg → Trusted Since 2021......-33801.flipgg.sol'}
[DOMAIN] 📝 Found 1 domain(s) in tx PShCwft4XJ5e18Se... {'Flip.gg → Trusted Since 2021......-33801.flipgg.sol'}
[DOMAIN] 📝 Found 1 domain(s) in tx 61gcEHsQZZbsk3MS... {'Eligible wallet? → Flip.gg🍀🎰-33800.flipgg.sol'}
[DOMAIN] 📝 Found 1 domain(s) in tx 5p4749fC3gLLdppb... {'Eligible wallet? → Flip.gg🍀🎰-33800.flipgg.sol'}
[DOMAIN] 📝 Found 1 domain(s) in tx 2ycxXc5xDjaSnTGv... {'Eligible wallet? → Flip.gg🍀🎰-33800.flipgg.sol'}
[DOMAIN] 📝 Found 1 domain(s) in tx 5mRKYLqRdQWmegsK... {'Eligible wallet? → Flip.gg🍀🎰-33800.flipgg.sol'}
[CLUSTER_QUEUE] 🏁 Queue processor stopped
[CLUSTER_QUEUE] 📊 Stats: Queued=3, Processed=3, Failed=0, Retried=0
[RPC_METRICS] record_request source_file=realtime_creator_funding_extractor method=sns_primary_domains credits=0 cache_action=none ts=1773665522.023703
[REALTIME_FUNDING]    [PAGE 1] ✓ 2 new funders | 🚫 1435 dust
[REALTIME_FUNDING]    Total transactions fetched: 100
[REALTIME_FUNDING]    [PAGE 2] RPC CALL #2...
[RPC_METRICS] record_request source_file=realtime_creator_funding_extractor method=helius_enhanced_addresses_transactions credits=100 cache_action=full_scan ts=1773665523.151107
[REALTIME_FUNDING]    [PAGE 2] fetched=100 txs
[DOMAIN] 📝 Found 1 domain(s) in tx W9KufBNhSYS1UfyK... {'Eligible wallet? → Flip.gg🍀🎰-33800.flipgg.sol'}
[DOMAIN] 📝 Found 1 domain(s) in tx DRShFtHD2Ro2A47D... {'Eligible wallet? → Flip.gg🍀🎰-33800.flipgg.sol'}
[DOMAIN] 📝 Found 1 domain(s) in tx 3foZwyxPZMPBNRkX... {'Flip.gg → Trusted Since 2021......-33801.flipgg.sol'}
[DOMAIN] 📝 Found 1 domain(s) in tx 3tS8evUMZLbJSTpC... {'Eligible wallet? → Flip.gg🍀🎰-33800.flipgg.sol'}
[DOMAIN] 📝 Found 1 domain(s) in tx 2ZcFHLQNzvHEsbEs... {'Eligible wallet? → Flip.gg🍀🎰-33800.flipgg.sol'}
[DOMAIN] 📝 Found 1 domain(s) in tx 25o7zVyidtA4tbsB... {'Flip.gg → Trusted Since 2021......-33801.flipgg.sol'}
[DOMAIN] 📝 Found 1 domain(s) in tx 4LeSoao3FKSUXkLX... {'Eligible wallet? → Flip.gg🍀🎰-33800.flipgg.sol'}
[DOMAIN] 📝 Found 1 domain(s) in tx 3caZqazjJD75TqzG... {'Flip.gg → Trusted Since 2021......-33801.flipgg.sol'}
[DOMAIN] 📝 Found 1 domain(s) in tx 4hC8Cv21NrMtc3uE... {'Flip.gg → Trusted Since 2021......-33801.flipgg.sol'}
[DOMAIN] 📝 Found 1 domain(s) in tx 2ua14dpgM6s4KCgL... {'Flip.gg → Trusted Since 2021......-33801.flipgg.sol'}
[DOMAIN] 📝 Found 1 domain(s) in tx VpuN5yZpDwptLcjH... {'Eligible wallet? → Flip.gg🍀🎰-33800.flipgg.sol'}
[DOMAIN] 📝 Found 1 domain(s) in tx daixc2gS9EAghjqY... {'Eligible wallet? → Flip.gg🍀🎰-33800.flipgg.sol'}
[DOMAIN] 📝 Found 1 domain(s) in tx 24ip2bdYmtRQd9D1... {'Eligible wallet? → Flip.gg🍀🎰-33800.flipgg.sol'}
[DOMAIN] 📝 Found 1 domain(s) in tx 1yAmieBmD5oiwXSG... {'Flip.gg → Trusted Since 2021......-33801.flipgg.sol'}
[DOMAIN] 📝 Found 1 domain(s) in tx 8QCmPAwMvfPSqNeL... {'Flip.gg → Trusted Since 2021......-33801.flipgg.sol'}
[DOMAIN] 📝 Found 1 domain(s) in tx ch8S4n7s5pXjFGoR... {'Eligible wallet? → Flip.gg🍀🎰-33800.flipgg.sol'}
[DOMAIN] 📝 Found 1 domain(s) in tx 215znriPr7d4PUR6... {'Eligible wallet? → Flip.gg🍀🎰-33800.flipgg.sol'}
[DOMAIN] 📝 Found 1 domain(s) in tx 5pEbdG6NhPHfEJW2... {'Flip.gg → Trusted Since 2021......-33801.flipgg.sol'}
[DOMAIN] 📝 Found 1 domain(s) in tx 5ZyYyVhNUq53ZcoN... {'Flip.gg → Trusted Since 2021......-33801.flipgg.sol'}
[DOMAIN] 📝 Found 1 domain(s) in tx BoGzJy8QHxDr1oY9... {'Eligible wallet? → Flip.gg🍀🎰-33800.flipgg.sol'}
[DOMAIN] 📝 Found 1 domain(s) in tx 2qDK9zM75bmsagFH... {'Flip.gg → Trusted Since 2021......-33801.flipgg.sol'}
[DOMAIN] 📝 Found 1 domain(s) in tx 5h7k1T35viAgx5Xk... {'Eligible wallet? → Flip.gg🍀🎰-33800.flipgg.sol'}
[DOMAIN] 📝 Found 1 domain(s) in tx 3fxu84rLAft3vXvf... {'Flip.gg → Trusted Since 2021......-33801.flipgg.sol'}
[DOMAIN] 📝 Found 1 domain(s) in tx 4RkXZXpDYLLhnTsV... {'Eligible wallet? → Flip.gg🍀🎰-33800.flipgg.sol'}
[DOMAIN] 📝 Found 1 domain(s) in tx 4TGy1EmWb1SArgLx... {'Flip.gg → Trusted Since 2021......-33801.flipgg.sol'}
[DOMAIN] 📝 Found 1 domain(s) in tx 411F1juuBuYLhwwL... {'Flip.gg → Trusted Since 2021......-33801.flipgg.sol'}
[DOMAIN] 📝 Found 1 domain(s) in tx 47BV9zTTqge7tnJb... {'Eligible wallet? → Flip.gg🍀🎰-33800.flipgg.sol'}
[DOMAIN] 📝 Found 1 domain(s) in tx 66hfqPtEt536rR3A... {'Flip.gg → Trusted Since 2021......-33801.flipgg.sol'}
[DOMAIN] 📝 Found 1 domain(s) in tx 3FwCzqcKpfoMzWW4... {'Eligible wallet? → Flip.gg🍀🎰-33800.flipgg.sol'}
[DOMAIN] 📝 Found 1 domain(s) in tx 3towfn8hpkma67bg... {'Flip.gg → Trusted Since 2021......-33801.flipgg.sol'}
[DOMAIN] 📝 Found 1 domain(s) in tx 5GAmkMjXB8iitZrA... {'Eligible wallet? → Flip.gg🍀🎰-33800.flipgg.sol'}
[DOMAIN] 📝 Found 1 domain(s) in tx t1S5thP3Z8azn9dW... {'Eligible wallet? → Flip.gg🍀🎰-33800.flipgg.sol'}
[DOMAIN] 📝 Found 1 domain(s) in tx 5FCRUMJ5dxd9Wp4W... {'Eligible wallet? → Flip.gg🍀🎰-33800.flipgg.sol'}
[DOMAIN] 📝 Found 1 domain(s) in tx 2tmyrzMvCU4AR7rx... {'Flip.gg → Trusted Since 2021......-33801.flipgg.sol'}
[DOMAIN] 📝 Found 1 domain(s) in tx 3RWWQefSCsNMdxx2... {'Flip.gg → Trusted Since 2021......-33801.flipgg.sol'}
[DOMAIN] 📝 Found 1 domain(s) in tx 3B4weWYNF3fcGojB... {'Eligible wallet? → Flip.gg🍀🎰-33800.flipgg.sol'}
[DOMAIN] 📝 Found 1 domain(s) in tx 31vzScx1bJMJq5AZ... {'Flip.gg → Trusted Since 2021......-33801.flipgg.sol'}
[DOMAIN] 📝 Found 1 domain(s) in tx U5PWvHZnt8Nu3zQ2... {'Flip.gg → Trusted Since 2021......-33801.flipgg.sol'}
[DOMAIN] 📝 Found 1 domain(s) in tx 4JGXumdaJ7KaEfBr... {'Eligible wallet? → Flip.gg🍀🎰-33800.flipgg.sol'}
[DOMAIN] 📝 Found 1 domain(s) in tx N1wLbJyCkVdoYsqL... {'Flip.gg → Trusted Since 2021......-33801.flipgg.sol'}
[DOMAIN] 📝 Found 1 domain(s) in tx 3nxHih2Vg4R8X5U8... {'Flip.gg → Trusted Since 2021......-33801.flipgg.sol'}
[DOMAIN] 📝 Found 1 domain(s) in tx 3QiJRtDWkxHgkZ3c... {'Flip.gg → Trusted Since 2021......-33801.flipgg.sol'}
[DOMAIN] 📝 Found 1 domain(s) in tx fPwvYu4X5bxFFEHv... {'Eligible wallet? → Flip.gg🍀🎰-33800.flipgg.sol'}
[DOMAIN] 📝 Found 1 domain(s) in tx 4wHAw691ZSzXczPy... {'Eligible wallet? → Flip.gg🍀🎰-33800.flipgg.sol'}
[DOMAIN] 📝 Found 1 domain(s) in tx Byc3MwBX8fRWxb8N... {'Flip.gg → Trusted Since 2021......-33801.flipgg.sol'}
[DOMAIN] 📝 Found 1 domain(s) in tx 2jbmhxihUnSMB4z8... {'Eligible wallet? → Flip.gg🍀🎰-33800.flipgg.sol'}
[DOMAIN] 📝 Found 1 domain(s) in tx QyZWowdemuDArYLf... {'Flip.gg → Trusted Since 2021......-33801.flipgg.sol'}
[DOMAIN] 📝 Found 1 domain(s) in tx bBwxWD8bSVVWzsXy... {'Flip.gg → Trusted Since 2021......-33801.flipgg.sol'}
[DOMAIN] 📝 Found 1 domain(s) in tx 6iWA6D5vwS5vb2Uq... {'Flip.gg → Trusted Since 2021......-33801.flipgg.sol'}
[DOMAIN] 📝 Found 1 domain(s) in tx 5xbqv8ohtTsdRK6v... {'Eligible wallet? → Flip.gg🍀🎰-33800.flipgg.sol'}
[DOMAIN] 📝 Found 1 domain(s) in tx 5YPm27d2ffNBKHXb... {'Eligible wallet? → Flip.gg🍀🎰-33800.flipgg.sol'}
[DOMAIN] 📝 Found 1 domain(s) in tx 5UadH4NxAameuPoJ... {'Eligible wallet? → Flip.gg🍀🎰-33800.flipgg.sol'}
[DOMAIN] 📝 Found 1 domain(s) in tx 4RcmbLFXdxeUagJX... {'Eligible wallet? → Flip.gg🍀🎰-33800.flipgg.sol'}
[DOMAIN] 📝 Found 1 domain(s) in tx 55hBvmNqgJpnheUQ... {'Eligible wallet? → Flip.gg🍀🎰-33800.flipgg.sol'}
[DOMAIN] 📝 Found 1 domain(s) in tx wbh3iqXTeK485BSC... {'Eligible wallet? → Flip.gg🍀🎰-33800.flipgg.sol'}
[DOMAIN] 📝 Found 1 domain(s) in tx 5F6SmQWKzja4nReM... {'Eligible wallet? → Flip.gg🍀🎰-33800.flipgg.sol'}
[DOMAIN] 📝 Found 1 domain(s) in tx 4xyAALZ5mp2hBYw9... {'Flip.gg → Trusted Since 2021......-33801.flipgg.sol'}
[DOMAIN] 📝 Found 1 domain(s) in tx 27hL8EdC6WU1Mmon... {'Eligible wallet? → Flip.gg🍀🎰-33800.flipgg.sol'}
[DOMAIN] 📝 Found 1 domain(s) in tx 3nwwJDHeX5CkEynL... {'Eligible wallet? → Flip.gg🍀🎰-33800.flipgg.sol'}
[DOMAIN] 📝 Found 1 domain(s) in tx 2v1Hkp94VURDdGTw... {'Eligible wallet? → Flip.gg🍀🎰-33800.flipgg.sol'}
[DOMAIN] 📝 Found 1 domain(s) in tx s97swnVpkKkTw1ci... {'Eligible wallet? → Flip.gg🍀🎰-33800.flipgg.sol'}
[DOMAIN] 📝 Found 1 domain(s) in tx 63tRBD8PXqU2DYgV... {'Eligible wallet? → Flip.gg🍀🎰-33800.flipgg.sol'}
[DOMAIN] 📝 Found 1 domain(s) in tx 53A2vNbCDa9FTxMG... {'Flip.gg → Trusted Since 2021......-33801.flipgg.sol'}
[DOMAIN] 📝 Found 1 domain(s) in tx 5JTXW6bnGWeSmPc1... {'Flip.gg → Trusted Since 2021......-33801.flipgg.sol'}
[DOMAIN] 📝 Found 1 domain(s) in tx 3vHmzE1VJ35G1Sok... {'Eligible wallet? → Flip.gg🍀🎰-33800.flipgg.sol'}
[DOMAIN] 📝 Found 1 domain(s) in tx 2gHoULDroNRN3cfS... {'Flip.gg → Trusted Since 2021......-33801.flipgg.sol'}
[DOMAIN] 📝 Found 1 domain(s) in tx 2t8J2r8ofmeduytu... {'Flip.gg → Trusted Since 2021......-33801.flipgg.sol'}
[DOMAIN] 📝 Found 1 domain(s) in tx 353JnuS8RJpaCLMU... {'Flip.gg → Trusted Since 2021......-33801.flipgg.sol'}
[DOMAIN] 📝 Found 1 domain(s) in tx 2Y1wuP3yrxFh6aB5... {'Flip.gg → Trusted Since 2021......-33801.flipgg.sol'}
[DOMAIN] 📝 Found 1 domain(s) in tx 5ZjTQ56fxErPKHfK... {'Eligible wallet? → Flip.gg🍀🎰-33800.flipgg.sol'}
[DOMAIN] 📝 Found 1 domain(s) in tx scGdpqNif7GhD3DQ... {'Eligible wallet? → Flip.gg🍀🎰-33800.flipgg.sol'}
[DOMAIN] 📝 Found 1 domain(s) in tx 3qEygN3sPQ7CKBR7... {'Eligible wallet? → Flip.gg🍀🎰-33800.flipgg.sol'}
[DOMAIN] 📝 Found 1 domain(s) in tx 4tgmvYzgaqx8oMcK... {'Eligible wallet? → Flip.gg🍀🎰-33800.flipgg.sol'}
[DOMAIN] 📝 Found 1 domain(s) in tx 2dbdAEz5A8VAi3sr... {'Eligible wallet? → Flip.gg🍀🎰-33800.flipgg.sol'}
[DOMAIN] 📝 Found 1 domain(s) in tx 4jQCCQEg6PARbMNr... {'Flip.gg → Trusted Since 2021......-33801.flipgg.sol'}
[DOMAIN] 📝 Found 1 domain(s) in tx 2EHX92E2wUVD9aHc... {'Flip.gg → Trusted Since 2021......-33801.flipgg.sol'}
[DOMAIN] 📝 Found 1 domain(s) in tx 63B5nWmywafgFPbL... {'Flip.gg → Trusted Since 2021......-33801.flipgg.sol'}
[DOMAIN] 📝 Found 1 domain(s) in tx 5azd2fb7xkPqrRe6... {'Flip.gg → Trusted Since 2021......-33801.flipgg.sol'}
[DOMAIN] 📝 Found 1 domain(s) in tx 3UPk7k69yXT8McHq... {'Eligible wallet? → Flip.gg🍀🎰-33800.flipgg.sol'}
[DOMAIN] 📝 Found 1 domain(s) in tx 67fbsumPnzNQeQ3M... {'Eligible wallet? → Flip.gg🍀🎰-33800.flipgg.sol'}
[DOMAIN] 📝 Found 1 domain(s) in tx 3EWF4GyhsBuxZHxe... {'Flip.gg → Trusted Since 2021......-33801.flipgg.sol'}
[DOMAIN] 📝 Found 1 domain(s) in tx 3dCoXovKYU2R4uEk... {'Eligible wallet? → Flip.gg🍀🎰-33800.flipgg.sol'}
[DOMAIN] 📝 Found 1 domain(s) in tx 3pTCPd5NZ9fedYWS... {'Flip.gg → Trusted Since 2021......-33801.flipgg.sol'}
[DOMAIN] 📝 Found 1 domain(s) in tx 2baozNCHUT2zWQc6... {'Eligible wallet? → Flip.gg🍀🎰-33800.flipgg.sol'}
[DOMAIN] 📝 Found 1 domain(s) in tx 4ZHjsE2TZVqHUXnN... {'Eligible wallet? → Flip.gg🍀🎰-33800.flipgg.sol'}
[DOMAIN] 📝 Found 1 domain(s) in tx 3NqJoPHHeBqjGkJE... {'Flip.gg → Trusted Since 2021......-33801.flipgg.sol'}
[DOMAIN] 📝 Found 1 domain(s) in tx 5Jnz3V1UYh9dBBsP... {'Eligible wallet? → Flip.gg🍀🎰-33800.flipgg.sol'}
[DOMAIN] 📝 Found 1 domain(s) in tx eg9bzEajURo7H2dc... {'Eligible wallet? → Flip.gg🍀🎰-33800.flipgg.sol'}
[DOMAIN] 📝 Found 1 domain(s) in tx wFyCw14smoAs18nQ... {'Flip.gg → Trusted Since 2021......-33801.flipgg.sol'}
[DOMAIN] 📝 Found 1 domain(s) in tx 61VXeEbLjZHv6izz... {'Eligible wallet? → Flip.gg🍀🎰-33800.flipgg.sol'}
[DOMAIN] 📝 Found 1 domain(s) in tx 3T8SRD41pkRsuay7... {'Flip.gg → Trusted Since 2021......-33801.flipgg.sol'}
[DOMAIN] 📝 Found 1 domain(s) in tx 5H1hNRnYqjSuaYjy... {'Flip.gg → Trusted Since 2021......-33801.flipgg.sol'}
[DOMAIN] 📝 Found 1 domain(s) in tx 5cdrHvqXmu64Ugon... {'Flip.gg → Trusted Since 2021......-33801.flipgg.sol'}
[DOMAIN] 📝 Found 1 domain(s) in tx 3i55JqofMqr6cbp2... {'Eligible wallet? → Flip.gg🍀🎰-33800.flipgg.sol'}
[DOMAIN] 📝 Found 1 domain(s) in tx 579kq6w35rD1eHoA... {'Flip.gg → Trusted Since 2021......-33801.flipgg.sol'}
[DOMAIN] 📝 Found 1 domain(s) in tx 5rcnF2xwNW5gYQZP... {'Eligible wallet? → Flip.gg🍀🎰-33800.flipgg.sol'}
[DOMAIN] 📝 Found 1 domain(s) in tx 3JN1J1o21bbJ1o4Q... {'Flip.gg → Trusted Since 2021......-33801.flipgg.sol'}
[DOMAIN] 📝 Found 1 domain(s) in tx 3i3J3V3ttyMQUKfN... {'Eligible wallet? → Flip.gg🍀🎰-33800.flipgg.sol'}
[DOMAIN] 📝 Found 1 domain(s) in tx 3xCfxSkzQdAwTaGL... {'Flip.gg → Trusted Since 2021......-33801.flipgg.sol'}
[DOMAIN] 📝 Found 1 domain(s) in tx 4bXuGkbzXx2JUyWj... {'Eligible wallet? → Flip.gg🍀🎰-33800.flipgg.sol'}
[REALTIME_FUNDING]    [PAGE 2] 🚫 1900 dust
[REALTIME_FUNDING]    Total transactions fetched: 200
[REALTIME_FUNDING]    [PAGE 3] RPC CALL #3...
[RPC_METRICS] record_request source_file=realtime_creator_funding_extractor method=helius_enhanced_addresses_transactions credits=100 cache_action=full_scan ts=1773665525.032217
[REALTIME_FUNDING]    [PAGE 3] fetched=100 txs
[DOMAIN] 📝 Found 1 domain(s) in tx 3i3J3V3ttyMQUKfN... {'Eligible wallet? → Flip.gg🍀🎰-33800.flipgg.sol'}
[DOMAIN] 📝 Found 1 domain(s) in tx 5HRBkjUgiffatbDa... {'Eligible wallet? → Flip.gg🍀🎰-33800.flipgg.sol'}
[DOMAIN] 📝 Found 1 domain(s) in tx 2xXHpx5XZbdbhR3d... {'Flip.gg → Trusted Since 2021......-33801.flipgg.sol'}
[DOMAIN] 📝 Found 1 domain(s) in tx 3VTY9DpADnhVKYBi... {'Eligible wallet? → Flip.gg🍀🎰-33800.flipgg.sol'}
[DOMAIN] 📝 Found 1 domain(s) in tx 31FPSVGbxDGNqZnM... {'Eligible wallet? → Flip.gg🍀🎰-33800.flipgg.sol'}
[DOMAIN] 📝 Found 1 domain(s) in tx 7AdBzjrH32i4zByn... {'Flip.gg → Trusted Since 2021......-33801.flipgg.sol'}
[DOMAIN] 📝 Found 1 domain(s) in tx 5fuocQQPfhckVHH5... {'Flip.gg → Trusted Since 2021......-33801.flipgg.sol'}
[DOMAIN] 📝 Found 1 domain(s) in tx 2wCGwYxSRcK5ySPv... {'Eligible wallet? → Flip.gg🍀🎰-33800.flipgg.sol'}
[DOMAIN] 📝 Found 1 domain(s) in tx 3QbsnPDAXQibAEVQ... {'Eligible wallet? → Flip.gg🍀🎰-33800.flipgg.sol'}
[DOMAIN] 📝 Found 1 domain(s) in tx vVyW7wK5g3cK1WxJ... {'Eligible wallet? → Flip.gg🍀🎰-33800.flipgg.sol'}
[DOMAIN] 📝 Found 1 domain(s) in tx 2LsUpQ2NhTWmMJof... {'Flip.gg → Trusted Since 2021......-33801.flipgg.sol'}
[DOMAIN] 📝 Found 1 domain(s) in tx 2QHMhArqD5gHXHCW... {'Eligible wallet? → Flip.gg🍀🎰-33800.flipgg.sol'}
[DOMAIN] 📝 Found 1 domain(s) in tx 3VfhbXSGuwrnarSd... {'Flip.gg → Trusted Since 2021......-33801.flipgg.sol'}
[DOMAIN] 📝 Found 1 domain(s) in tx ZWkwskYqARyPNmAV... {'Eligible wallet? → Flip.gg🍀🎰-33800.flipgg.sol'}
[DOMAIN] 📝 Found 1 domain(s) in tx ehvGDhrpD5dq6Cbm... {'Eligible wallet? → Flip.gg🍀🎰-33800.flipgg.sol'}
[DOMAIN] 📝 Found 1 domain(s) in tx 4Qofk2EpaSrEgSNL... {'Flip.gg → Trusted Since 2021......-33801.flipgg.sol'}
[DOMAIN] 📝 Found 1 domain(s) in tx 2iyktZKVvGVmu52q... {'Flip.gg → Trusted Since 2021......-33801.flipgg.sol'}
[DOMAIN] 📝 Found 1 domain(s) in tx 67p55H8Pj8M8V4wV... {'Flip.gg → Trusted Since 2021......-33801.flipgg.sol'}
[DOMAIN] 📝 Found 1 domain(s) in tx z18P3aT7rWSZN62T... {'Flip.gg → Trusted Since 2021......-33801.flipgg.sol'}
[DOMAIN] 📝 Found 1 domain(s) in tx a4DDjABr7YDoCNcn... {'Flip.gg → Trusted Since 2021......-33801.flipgg.sol'}
[DOMAIN] 📝 Found 1 domain(s) in tx 4ZxajPKf1opPGzZQ... {'Flip.gg → Trusted Since 2021......-33801.flipgg.sol'}
[DOMAIN] 📝 Found 1 domain(s) in tx 5uzCACuzqwHphfRq... {'Eligible wallet? → Flip.gg🍀🎰-33800.flipgg.sol'}
[DOMAIN] 📝 Found 1 domain(s) in tx 39JDivauu3HN8acC... {'Flip.gg → Trusted Since 2021......-33801.flipgg.sol'}
[DOMAIN] 📝 Found 1 domain(s) in tx xyYtZzEnnqjbnU6M... {'Eligible wallet? → Flip.gg🍀🎰-33800.flipgg.sol'}
[DOMAIN] 📝 Found 1 domain(s) in tx 5aS5WtgX48YjeTRE... {'Flip.gg → Trusted Since 2021......-33801.flipgg.sol'}
[DOMAIN] 📝 Found 1 domain(s) in tx 3LeSiS6K46cbS3nF... {'Eligible wallet? → Flip.gg🍀🎰-33800.flipgg.sol'}
[DOMAIN] 📝 Found 1 domain(s) in tx 5m1iDpZaNXVH1fnR... {'Flip.gg → Trusted Since 2021......-33801.flipgg.sol'}
[DOMAIN] 📝 Found 1 domain(s) in tx 4M49vgUBDxTWzDJ8... {'Flip.gg → Trusted Since 2021......-33801.flipgg.sol'}
[DOMAIN] 📝 Found 1 domain(s) in tx 4USA12jBQ4Vwn5oC... {'Eligible wallet? → Flip.gg🍀🎰-33800.flipgg.sol'}
[DOMAIN] 📝 Found 1 domain(s) in tx V5DEd945vkB23bY4... {'Eligible wallet? → Flip.gg🍀🎰-33800.flipgg.sol'}
[DOMAIN] 📝 Found 1 domain(s) in tx 2YCK6nckwcRJCSxZ... {'Flip.gg → Trusted Since 2021......-33801.flipgg.sol'}
[DOMAIN] 📝 Found 1 domain(s) in tx 1YMs78LdbRjYKgaf... {'Eligible wallet? → Flip.gg🍀🎰-33800.flipgg.sol'}
[DOMAIN] 📝 Found 1 domain(s) in tx 2ufPHT6cFA2PAJzS... {'Eligible wallet? → Flip.gg🍀🎰-33800.flipgg.sol'}
[DOMAIN] 📝 Found 1 domain(s) in tx 433yAz9axeXVXZj2... {'Eligible wallet? → Flip.gg🍀🎰-33800.flipgg.sol'}
[DOMAIN] 📝 Found 1 domain(s) in tx 3Hd5ugjgWG9gAriQ... {'Eligible wallet? → Flip.gg🍀🎰-33800.flipgg.sol'}
[DOMAIN] 📝 Found 1 domain(s) in tx BzkGxsU9JZNkMAtD... {'Flip.gg → Trusted Since 2021......-33801.flipgg.sol'}
[DOMAIN] 📝 Found 1 domain(s) in tx 587LQ6N4XZfgDdAW... {'Flip.gg → Trusted Since 2021......-33801.flipgg.sol'}
[DOMAIN] 📝 Found 1 domain(s) in tx gzDqfXnSgdF7WQjb... {'Eligible wallet? → Flip.gg🍀🎰-33800.flipgg.sol'}
[DOMAIN] 📝 Found 1 domain(s) in tx 4C72iz6sbxQCBjyB... {'Flip.gg → Trusted Since 2021......-33801.flipgg.sol'}
[DOMAIN] 📝 Found 1 domain(s) in tx 4uQg8uNfyGSuuLTW... {'Flip.gg → Trusted Since 2021......-33801.flipgg.sol'}
[DOMAIN] 📝 Found 1 domain(s) in tx wu7DdRxfwDkJsM1V... {'Eligible wallet? → Flip.gg🍀🎰-33800.flipgg.sol'}
[DOMAIN] 📝 Found 1 domain(s) in tx 61y5yiTAWThgVrGL... {'Flip.gg → Trusted Since 2021......-33801.flipgg.sol'}
[DOMAIN] 📝 Found 1 domain(s) in tx o9Xsaf9VhXVNa1Cx... {'Eligible wallet? → Flip.gg🍀🎰-33800.flipgg.sol'}
[DOMAIN] 📝 Found 1 domain(s) in tx 5Y8h82iXE2PdNv2A... {'Flip.gg → Trusted Since 2021......-33801.flipgg.sol'}
[DOMAIN] 📝 Found 1 domain(s) in tx 5b7MqXPCkPug7LjQ... {'Flip.gg → Trusted Since 2021......-33801.flipgg.sol'}
[DOMAIN] 📝 Found 1 domain(s) in tx 2rRo5aNy5Wph897L... {'Eligible wallet? → Flip.gg🍀🎰-33800.flipgg.sol'}
[DOMAIN] 📝 Found 1 domain(s) in tx 2Te1ivG4xniccXPk... {'Eligible wallet? → Flip.gg🍀🎰-33800.flipgg.sol'}
[DOMAIN] 📝 Found 1 domain(s) in tx 516WpgnUKoDH2xtn... {'Eligible wallet? → Flip.gg🍀🎰-33800.flipgg.sol'}
[DOMAIN] 📝 Found 1 domain(s) in tx 3ufDMnhEgHoox9FV... {'Flip.gg → Trusted Since 2021......-33801.flipgg.sol'}
[DOMAIN] 📝 Found 1 domain(s) in tx 3s8o64DXg6A739Fi... {'Flip.gg → Trusted Since 2021......-33801.flipgg.sol'}
[DOMAIN] 📝 Found 1 domain(s) in tx 2NeBuyr8hB1QgTfi... {'Eligible wallet? → Flip.gg🍀🎰-33800.flipgg.sol'}
[DOMAIN] 📝 Found 1 domain(s) in tx 41L29P7Vonp2PBw7... {'Flip.gg → Trusted Since 2021......-33801.flipgg.sol'}
[DOMAIN] 📝 Found 1 domain(s) in tx 3j8eCo1oFi78bSd2... {'Eligible wallet? → Flip.gg🍀🎰-33800.flipgg.sol'}
[DOMAIN] 📝 Found 1 domain(s) in tx 4KCn9CWuQdMSUWws... {'Eligible wallet? → Flip.gg🍀🎰-33800.flipgg.sol'}
[DOMAIN] 📝 Found 1 domain(s) in tx 4yXJbwYWa7U7RUGP... {'Eligible wallet? → Flip.gg🍀🎰-33800.flipgg.sol'}
[DOMAIN] 📝 Found 1 domain(s) in tx 4jPKTEoSt434PbaK... {'Eligible wallet? → Flip.gg🍀🎰-33800.flipgg.sol'}
[DOMAIN] 📝 Found 1 domain(s) in tx UKwcUfBiwZma9WzF... {'Flip.gg → Trusted Since 2021......-33801.flipgg.sol'}
[DOMAIN] 📝 Found 1 domain(s) in tx 5TtmRLjNaakRJQey... {'Flip.gg → Trusted Since 2021......-33801.flipgg.sol'}
[DOMAIN] 📝 Found 1 domain(s) in tx 3CBRnRCyvhQ2vtfY... {'Flip.gg → Trusted Since 2021......-33801.flipgg.sol'}
[DOMAIN] 📝 Found 1 domain(s) in tx WjAbDMfbBi3RMDX2... {'Eligible wallet? → Flip.gg🍀🎰-33800.flipgg.sol'}
[DOMAIN] 📝 Found 1 domain(s) in tx 4ocaqPJYtYKoZZUz... {'Flip.gg → Trusted Since 2021......-33801.flipgg.sol'}
[DOMAIN] 📝 Found 1 domain(s) in tx 4aTsucbdAYzQwgVB... {'Flip.gg → Trusted Since 2021......-33801.flipgg.sol'}
[DOMAIN] 📝 Found 1 domain(s) in tx 2zXF9Qsdf8TEC8nB... {'Flip.gg → Trusted Since 2021......-33801.flipgg.sol'}
[DOMAIN] 📝 Found 1 domain(s) in tx 56qwdb8de6kZuV2S... {'Flip.gg → Trusted Since 2021......-33801.flipgg.sol'}
[DOMAIN] 📝 Found 1 domain(s) in tx 54gct9sU25tBfxsu... {'Flip.gg → Trusted Since 2021......-33801.flipgg.sol'}
[DOMAIN] 📝 Found 1 domain(s) in tx 54SnLee25eUzshB6... {'Eligible wallet? → Flip.gg🍀🎰-33800.flipgg.sol'}
[DOMAIN] 📝 Found 1 domain(s) in tx 63eqD3T6ZS7hzfBd... {'Eligible wallet? → Flip.gg🍀🎰-33800.flipgg.sol'}
[DOMAIN] 📝 Found 1 domain(s) in tx JT5Ue4JEd1NnW2Bb... {'Flip.gg → Trusted Since 2021......-33801.flipgg.sol'}
[DOMAIN] 📝 Found 1 domain(s) in tx r3t6nYiqngLUM7mB... {'Flip.gg → Trusted Since 2021......-33801.flipgg.sol'}
[DOMAIN] 📝 Found 1 domain(s) in tx 2cpkXKcgkj34ZXwo... {'Flip.gg → Trusted Since 2021......-33801.flipgg.sol'}
[DOMAIN] 📝 Found 1 domain(s) in tx 25hrpKhNUg7sV81w... {'Flip.gg → Trusted Since 2021......-33801.flipgg.sol'}
[DOMAIN] 📝 Found 1 domain(s) in tx 5qDCaN7n1tZqosnr... {'Flip.gg → Trusted Since 2021......-33801.flipgg.sol'}
[DOMAIN] 📝 Found 1 domain(s) in tx 3wucGZqMamQL51NS... {'Flip.gg → Trusted Since 2021......-33801.flipgg.sol'}
[DOMAIN] 📝 Found 1 domain(s) in tx 5eamTRVzMAZ3UfZZ... {'Flip.gg → Trusted Since 2021......-33801.flipgg.sol'}
[DOMAIN] 📝 Found 1 domain(s) in tx 5SSrviqiP38BKzSV... {'Eligible wallet? → Flip.gg🍀🎰-33800.flipgg.sol'}
[DOMAIN] 📝 Found 1 domain(s) in tx 4zfCRTjU5FZJV7jL... {'Flip.gg → Trusted Since 2021......-33801.flipgg.sol'}
[DOMAIN] 📝 Found 1 domain(s) in tx 2WqsCcjqfcfZTzCT... {'Flip.gg → Trusted Since 2021......-33801.flipgg.sol'}
[DOMAIN] 📝 Found 1 domain(s) in tx 4zqQHe81TdufR8Z8... {'Eligible wallet? → Flip.gg🍀🎰-33800.flipgg.sol'}
[DOMAIN] 📝 Found 1 domain(s) in tx 24ZNu91LbzMwSSXT... {'Eligible wallet? → Flip.gg🍀🎰-33800.flipgg.sol'}
[DOMAIN] 📝 Found 1 domain(s) in tx L7tc3FqKJmKXWsfb... {'Flip.gg → Trusted Since 2021......-33801.flipgg.sol'}
[DOMAIN] 📝 Found 1 domain(s) in tx ifnn5NCY2ztFGyaY... {'Flip.gg → Trusted Since 2021......-33801.flipgg.sol'}
[DOMAIN] 📝 Found 1 domain(s) in tx 5o1bLYg8oL8XfAtE... {'Eligible wallet? → Flip.gg🍀🎰-33800.flipgg.sol'}
[DOMAIN] 📝 Found 1 domain(s) in tx w4KoZ8yXSojJxQW9... {'Flip.gg → Trusted Since 2021......-33801.flipgg.sol'}
[DOMAIN] 📝 Found 1 domain(s) in tx 4VgrowdA6HxkcPNq... {'Flip.gg → Trusted Since 2021......-33801.flipgg.sol'}
[DOMAIN] 📝 Found 1 domain(s) in tx 2ULueGYy4HCgKqwH... {'Flip.gg → Trusted Since 2021......-33801.flipgg.sol'}
[DOMAIN] 📝 Found 1 domain(s) in tx 4G3479kZYhsvVLCJ... {'Eligible wallet? → Flip.gg🍀🎰-33800.flipgg.sol'}
[DOMAIN] 📝 Found 1 domain(s) in tx 2mhn9hUyzy6gy7Jt... {'Flip.gg → Trusted Since 2021......-33801.flipgg.sol'}
[DOMAIN] 📝 Found 1 domain(s) in tx 5qBQqVjrGZQ1KEsY... {'Eligible wallet? → Flip.gg🍀🎰-33800.flipgg.sol'}
[DOMAIN] 📝 Found 1 domain(s) in tx 5gKCyH5QmdwNVj9F... {'Eligible wallet? → Flip.gg🍀🎰-33800.flipgg.sol'}
[DOMAIN] 📝 Found 1 domain(s) in tx 5b1uR1VpRYg6nJPL... {'Flip.gg → Trusted Since 2021......-33801.flipgg.sol'}
[DOMAIN] 📝 Found 1 domain(s) in tx TC56j84ByeGAmo2g... {'Eligible wallet? → Flip.gg🍀🎰-33800.flipgg.sol'}
[DOMAIN] 📝 Found 1 domain(s) in tx 4EQkuRPKRBWVAJTS... {'Flip.gg → Trusted Since 2021......-33801.flipgg.sol'}
[DOMAIN] 📝 Found 1 domain(s) in tx 4fiGg9MLWaNucvu3... {'Eligible wallet? → Flip.gg🍀🎰-33800.flipgg.sol'}
[DOMAIN] 📝 Found 1 domain(s) in tx 2ktNGSnz7iNL81nB... {'🚀boostlegends-volumebot⭐.sol'}
[RPC_METRICS] record_request source_file=realtime_creator_funding_extractor method=sns_primary_domains credits=0 cache_action=none ts=1773665525.931498
[RPC_METRICS] record_request source_file=realtime_creator_funding_extractor method=sns_primary_domains credits=0 cache_action=none ts=1773665526.102738
[RPC_METRICS] record_request source_file=realtime_creator_funding_extractor method=sns_primary_domains credits=0 cache_action=none ts=1773665526.23587
[REALTIME_FUNDING]    [PAGE 3] ✓ 1 new funders | 🚫 1785 dust
[REALTIME_FUNDING]    Total transactions fetched: 300
[REALTIME_FUNDING]    [PAGE 4] RPC CALL #4...
[RPC_METRICS] record_request source_file=realtime_creator_funding_extractor method=helius_enhanced_addresses_transactions credits=100 cache_action=full_scan ts=1773665528.137224
[POOL_DETECT_RETRY] ⏱️  Retry attempt after 10s for 8NfsVJPQoUzMsRkm...
[REALTIME_FUNDING]    [PAGE 4] fetched=100 txs
[RPC_METRICS] record_request source_file=realtime_creator_funding_extractor method=sns_primary_domains credits=0 cache_action=none ts=1773665528.250113
[DOMAIN] 📝 Found 1 domain(s) in tx 5Uuvmvg283ZvXoJM... {'Flip.gg → Trusted Since 2021......-33257.flipgg.sol'}
[DOMAIN] 📝 Found 1 domain(s) in tx dvCwgHq9uNsCxkss... {'Flip.gg → Trusted Since 2021......-33257.flipgg.sol'}
[DOMAIN] 📝 Found 1 domain(s) in tx 5jwcThdY6LuQbdqL... {'Eligible wallet? → Flip.gg🍀🎰-33256.flipgg.sol'}
[DOMAIN] 📝 Found 1 domain(s) in tx 2cauG3CG7UaCMGww... {'Eligible wallet? → Flip.gg🍀🎰-33256.flipgg.sol'}
[DOMAIN] 📝 Found 1 domain(s) in tx 3MY4RbMHBcNSPEQk... {'Eligible wallet? → Flip.gg🍀🎰-33256.flipgg.sol'}
[DOMAIN] 📝 Found 1 domain(s) in tx 3EyHjAYvbgyGkMSD... {'Flip.gg → Trusted Since 2021......-33257.flipgg.sol'}
[DOMAIN] 📝 Found 1 domain(s) in tx 5rQWkfP41Ar99ZYX... {'Flip.gg → Trusted Since 2021......-33257.flipgg.sol'}
[DOMAIN] 📝 Found 1 domain(s) in tx 2pYqACqrHbjTDy3d... {'Eligible wallet? → Flip.gg🍀🎰-33256.flipgg.sol'}
[DOMAIN] 📝 Found 1 domain(s) in tx RzDZ1xTzA8AjNvmo... {'Eligible wallet? → Flip.gg🍀🎰-33256.flipgg.sol'}
[DOMAIN] 📝 Found 1 domain(s) in tx 4WN3o2VpJETRKfzm... {'Eligible wallet? → Flip.gg🍀🎰-33256.flipgg.sol'}
[DOMAIN] 📝 Found 1 domain(s) in tx 2uM35LLs71BRM3N2... {'Flip.gg → Trusted Since 2021......-33257.flipgg.sol'}
[RPC_METRICS] record_request source_file=realtime_creator_funding_extractor method=sns_primary_domains credits=0 cache_action=none ts=1773665528.505271
[DOMAIN] 📝 Found 1 domain(s) in tx 27opjmNRU5SbYyGm... {'Flip.gg → Trusted Since 2021......-33203.flipgg.sol'}
[DOMAIN] 📝 Found 1 domain(s) in tx 64UNySYAupdTTo6K... {'Flip.gg → Trusted Since 2021......-33203.flipgg.sol'}
[DOMAIN] 📝 Found 1 domain(s) in tx JJu4tBjk7bwPS8Ro... {'Eligible wallet? → Flip.gg🍀🎰-33202.flipgg.sol'}
[DOMAIN] 📝 Found 1 domain(s) in tx 49jrubKLNiijfbeT... {'Eligible wallet? → Flip.gg🍀🎰-33202.flipgg.sol'}
[DOMAIN] 📝 Found 1 domain(s) in tx 2KUCRpeMutuNC4Vr... {'Flip.gg → Trusted Since 2021......-33203.flipgg.sol'}
[DOMAIN] 📝 Found 1 domain(s) in tx kCgZc3iJABhzvBG1... {'Eligible wallet? → Flip.gg🍀🎰-33202.flipgg.sol'}
[DOMAIN] 📝 Found 1 domain(s) in tx KH56JAmjs7Ur9Nz2... {'Eligible wallet? → Flip.gg🍀🎰-33202.flipgg.sol'}
[DOMAIN] 📝 Found 1 domain(s) in tx 4sfurg5SZdRnreP8... {'Flip.gg → Trusted Since 2021......-33203.flipgg.sol'}
[DOMAIN] 📝 Found 1 domain(s) in tx 5ierJVUQHujeRmW8... {'Eligible wallet? → Flip.gg🍀🎰-33202.flipgg.sol'}
[DOMAIN] 📝 Found 1 domain(s) in tx 38auiPAwzQP1Prtk... {'Flip.gg → Trusted Since 2021......-33203.flipgg.sol'}
[DOMAIN] 📝 Found 1 domain(s) in tx 34MEA1RQXCHCFQnU... {'Eligible wallet? → Flip.gg🍀🎰-33202.flipgg.sol'}
[DOMAIN] 📝 Found 1 domain(s) in tx 54tM2qtkm77P3ipm... {'Eligible wallet? → Flip.gg🍀🎰-33202.flipgg.sol'}
[DOMAIN] 📝 Found 1 domain(s) in tx 3XFV57arNQ6gWRnh... {'Flip.gg → Trusted Since 2021......-33203.flipgg.sol'}
[DOMAIN] 📝 Found 1 domain(s) in tx 2yrN7fZDqSVvj5oZ... {'Flip.gg → Trusted Since 2021......-33203.flipgg.sol'}
[DOMAIN] 📝 Found 1 domain(s) in tx 3qPzpykA2jGedPYp... {'Flip.gg → Trusted Since 2021......-33203.flipgg.sol'}
[DOMAIN] 📝 Found 1 domain(s) in tx 3bwCyZLDQHXtMA1c... {'Eligible wallet? → Flip.gg🍀🎰-33202.flipgg.sol'}
[DOMAIN] 📝 Found 1 domain(s) in tx 5LnGwh5rv1BydMNE... {'Eligible wallet? → Flip.gg🍀🎰-33202.flipgg.sol'}
[DOMAIN] 📝 Found 1 domain(s) in tx 4AVK4r6dqPwHv2iA... {'Eligible wallet? → Flip.gg🍀🎰-33202.flipgg.sol'}
[DOMAIN] 📝 Found 1 domain(s) in tx 4Awg4yFjNEMUAbte... {'Flip.gg → Trusted Since 2021......-33203.flipgg.sol'}
[DOMAIN] 📝 Found 1 domain(s) in tx 3j4JEZPr9aTgZiTt... {'Flip.gg → Trusted Since 2021......-33203.flipgg.sol'}
[DOMAIN] 📝 Found 1 domain(s) in tx 32XEEbzH3dEUHuiU... {'Eligible wallet? → Flip.gg🍀🎰-33202.flipgg.sol'}
[DOMAIN] 📝 Found 1 domain(s) in tx 4cMJXubeeGh6PSmz... {'Flip.gg → Trusted Since 2021......-33203.flipgg.sol'}
[DOMAIN] 📝 Found 1 domain(s) in tx 5fyvu6qCgVxnMjWx... {'Eligible wallet? → Flip.gg🍀🎰-33202.flipgg.sol'}
[DOMAIN] 📝 Found 1 domain(s) in tx 5jEnEfwiAAw3wKxR... {'Eligible wallet? → Flip.gg🍀🎰-33202.flipgg.sol'}
[DOMAIN] 📝 Found 1 domain(s) in tx 5hY613iC4Wqjueco... {'Flip.gg → Trusted Since 2021......-33203.flipgg.sol'}
[DOMAIN] 📝 Found 1 domain(s) in tx 3JqPkMysaFYhU8oA... {'Flip.gg → Trusted Since 2021......-33203.flipgg.sol'}
[RPC_METRICS] record_request source_file=realtime_creator_funding_extractor method=sns_primary_domains credits=0 cache_action=none ts=1773665528.8579578
[RPC_METRICS] record_request source_file=realtime_creator_funding_extractor method=sns_primary_domains credits=0 cache_action=none ts=1773665528.998476
[RPC_METRICS] record_request source_file=realtime_creator_funding_extractor method=sns_primary_domains credits=0 cache_action=none ts=1773665529.134818
[RPC_METRICS] record_request source_file=realtime_creator_funding_extractor method=sns_primary_domains credits=0 cache_action=none ts=1773665529.274564
[RPC_METRICS] record_request source_file=realtime_creator_funding_extractor method=sns_primary_domains credits=0 cache_action=none ts=1773665529.420619
[RPC_METRICS] record_request source_file=realtime_creator_funding_extractor method=sns_primary_domains credits=0 cache_action=none ts=1773665529.563933
[RPC_METRICS] record_request source_file=realtime_creator_funding_extractor method=sns_primary_domains credits=0 cache_action=none ts=1773665529.737233
[RPC_METRICS] record_request source_file=realtime_creator_funding_extractor method=sns_primary_domains credits=0 cache_action=none ts=1773665530.0510561
[RPC_METRICS] record_request source_file=realtime_creator_funding_extractor method=sns_primary_domains credits=0 cache_action=none ts=1773665530.190312
[RPC_METRICS] record_request source_file=realtime_creator_funding_extractor method=sns_primary_domains credits=0 cache_action=none ts=1773665530.3295639
[RPC_METRICS] record_request source_file=realtime_creator_funding_extractor method=sns_primary_domains credits=0 cache_action=none ts=1773665530.513984
[RPC_METRICS] record_request source_file=realtime_creator_funding_extractor method=sns_primary_domains credits=0 cache_action=none ts=1773665530.662667
[RPC_METRICS] record_request source_file=realtime_creator_funding_extractor method=sns_primary_domains credits=0 cache_action=none ts=1773665530.8157299
[RPC_METRICS] record_request source_file=realtime_creator_funding_extractor method=sns_primary_domains credits=0 cache_action=none ts=1773665530.967943
[RPC_METRICS] record_request source_file=realtime_creator_funding_extractor method=sns_primary_domains credits=0 cache_action=none ts=1773665531.111105
[RPC_METRICS] record_request source_file=realtime_creator_funding_extractor method=sns_primary_domains credits=0 cache_action=none ts=1773665531.266303
[RPC_METRICS] record_request source_file=realtime_creator_funding_extractor method=sns_primary_domains credits=0 cache_action=none ts=1773665531.404743
[RPC_METRICS] record_request source_file=realtime_creator_funding_extractor method=sns_primary_domains credits=0 cache_action=none ts=1773665531.544598
[RPC_METRICS] record_request source_file=realtime_creator_funding_extractor method=sns_primary_domains credits=0 cache_action=none ts=1773665531.6894069
[POOL_DETECT] No valid pool found in transaction. Trying fallback vault discovery...
[RPC_METRICS] record_request source_file=realtime_creator_funding_extractor method=sns_primary_domains credits=0 cache_action=none ts=1773665531.830506
[RPC_METRICS] record_request source_file=realtime_creator_funding_extractor method=sns_primary_domains credits=0 cache_action=none ts=1773665531.976513
[RPC_METRICS] record_request source_file=realtime_creator_funding_extractor method=sns_primary_domains credits=0 cache_action=none ts=1773665532.130219
[RPC_METRICS] record_request source_file=realtime_creator_funding_extractor method=sns_primary_domains credits=0 cache_action=none ts=1773665532.276824
[RPC_METRICS] record_request source_file=realtime_creator_funding_extractor method=sns_primary_domains credits=0 cache_action=none ts=1773665532.421314
[RPC_METRICS] record_request source_file=realtime_creator_funding_extractor method=sns_primary_domains credits=0 cache_action=none ts=1773665532.563775
[RPC_METRICS] record_request source_file=realtime_creator_funding_extractor method=sns_primary_domains credits=0 cache_action=none ts=1773665532.724444
[RPC_METRICS] record_request source_file=realtime_creator_funding_extractor method=sns_primary_domains credits=0 cache_action=none ts=1773665532.859231
[RPC_METRICS] record_request source_file=realtime_creator_funding_extractor method=sns_primary_domains credits=0 cache_action=none ts=1773665533.0616
[RPC_METRICS] record_request source_file=realtime_creator_funding_extractor method=sns_primary_domains credits=0 cache_action=none ts=1773665533.199338
[POOL_DETECT_FALLBACK] Failed to resolve pool via vaults
[POOL_DETECT] All pool discovery methods failed for 8NfsVJPQoUzMsRkm63dhTBdGkCn6AJd4GF5qYpoTpump
[POOL_DETECT_RETRY] ⏭️  Still no pool after 10s
[RPC_METRICS] record_request source_file=realtime_creator_funding_extractor method=sns_primary_domains credits=0 cache_action=none ts=1773665533.341001
[RPC_METRICS] record_request source_file=realtime_creator_funding_extractor method=sns_primary_domains credits=0 cache_action=none ts=1773665533.484713
[RPC_METRICS] record_request source_file=realtime_creator_funding_extractor method=sns_primary_domains credits=0 cache_action=none ts=1773665533.6232479
[RPC_METRICS] record_request source_file=realtime_creator_funding_extractor method=sns_primary_domains credits=0 cache_action=none ts=1773665533.772737
[RPC_METRICS] record_request source_file=realtime_creator_funding_extractor method=sns_primary_domains credits=0 cache_action=none ts=1773665533.908042
[RPC_METRICS] record_request source_file=realtime_creator_funding_extractor method=sns_primary_domains credits=0 cache_action=none ts=1773665534.048668
[RPC_METRICS] record_request source_file=realtime_creator_funding_extractor method=sns_primary_domains credits=0 cache_action=none ts=1773665534.187053
[DOMAIN] 📝 Found 1 domain(s) in tx dtpoXMUjibFWsX63... {'pumpview▪️fun.🚀best-solana-scanner.sol'}
[DOMAIN] 📝 Found 1 domain(s) in tx iqxLaQHJvZF94eyP... {'Flip.gg → Trusted Since 2021......-33193.flipgg.sol'}
[DOMAIN] 📝 Found 1 domain(s) in tx 54EB3CDYyGUGkEbJ... {'pumpview▪️fun.🚀best-solana-scanner.sol'}
[RPC_METRICS] record_request source_file=realtime_creator_funding_extractor method=sns_primary_domains credits=0 cache_action=none ts=1773665534.372481
[REALTIME_FUNDING]    [PAGE 4] ✓ 2 new funders | 🚫 793 dust | 🪙 36 token ops
[REALTIME_FUNDING]    Total transactions fetched: 400
[REALTIME_FUNDING]    [PAGE 5] RPC CALL #5...
[RPC_METRICS] record_request source_file=realtime_creator_funding_extractor method=helius_enhanced_addresses_transactions credits=100 cache_action=full_scan ts=1773665535.70884
[REALTIME_FUNDING]    [PAGE 5] fetched=100 txs
[DOMAIN] 📝 Found 1 domain(s) in tx 2B1rjyhDVAhC1bs7... {'tg👉solgatherbot✅high◽reward◽smart◽arbitrage✅telegram👉solgatherbot.solgather.sol'}
[DOMAIN] 📝 Found 1 domain(s) in tx 3krJLghjLHjeiAKS... {'tg👉solgatherbot✅high◽reward◽smart◽arbitrage✅telegram👉solgatherbot.solgather.sol'}
[DOMAIN] 📝 Found 1 domain(s) in tx 58PfT1H4iJCNxsvo... {'pumpview▪️fun.🚀best-solana-scanner.sol'}
[DOMAIN] 📝 Found 1 domain(s) in tx 2RrKjzfQgCFwQwhc... {'Eligible wallet? → Flip.gg🍀🎰-33168.flipgg.sol'}
[DOMAIN] 📝 Found 1 domain(s) in tx CGZtug2jPTC3v5at... {'Flip.gg → Trusted Since 2021......-33169.flipgg.sol'}
[DOMAIN] 📝 Found 1 domain(s) in tx 3WE9PiP5LXdayXzx... {'Eligible wallet? → Flip.gg🍀🎰-33168.flipgg.sol'}
[DOMAIN] 📝 Found 1 domain(s) in tx 2QeQjU7Fnb34mANE... {'Eligible wallet? → Flip.gg🍀🎰-33168.flipgg.sol'}
[DOMAIN] 📝 Found 1 domain(s) in tx jLXbetoeQYWFYQZs... {'Eligible wallet? → Flip.gg🍀🎰-33168.flipgg.sol'}
[DOMAIN] 📝 Found 1 domain(s) in tx 2tqGVT33C7j183xn... {'Eligible wallet? → Flip.gg🍀🎰-33168.flipgg.sol'}
[DOMAIN] 📝 Found 1 domain(s) in tx 3K28h6W2eD857wib... {'Eligible wallet? → Flip.gg🍀🎰-33168.flipgg.sol'}
[DOMAIN] 📝 Found 1 domain(s) in tx 4iQKg1Q9mWXiiSvX... {'Flip.gg → Trusted Since 2021......-33169.flipgg.sol'}
[DOMAIN] 📝 Found 1 domain(s) in tx 2LXFib7wrJmeVRd6... {'Eligible wallet? → Flip.gg🍀🎰-33168.flipgg.sol'}
[DOMAIN] 📝 Found 1 domain(s) in tx 5ND5iyp8QsjckQwV... {'Flip.gg → Trusted Since 2021......-33169.flipgg.sol'}
[DOMAIN] 📝 Found 1 domain(s) in tx 22zp2ARv1fxvoTnB... {'Flip.gg → Trusted Since 2021......-33169.flipgg.sol'}
[DOMAIN] 📝 Found 1 domain(s) in tx 4M83DLo5s1p6ZVE4... {'Eligible wallet? → Flip.gg🍀🎰-33168.flipgg.sol'}
[DOMAIN] 📝 Found 1 domain(s) in tx 3iTDCoM43gDvmC1o... {'Flip.gg → Trusted Since 2021......-33169.flipgg.sol'}
[DOMAIN] 📝 Found 1 domain(s) in tx 4mmXgULCBPdQcrto... {'Flip.gg → Trusted Since 2021......-33169.flipgg.sol'}
[DOMAIN] 📝 Found 1 domain(s) in tx 3GXrnGkSekMSVpqJ... {'Flip.gg → Trusted Since 2021......-33169.flipgg.sol'}
[DOMAIN] 📝 Found 1 domain(s) in tx 3odiPQAMe9F7PqDQ... {'Eligible wallet? → Flip.gg🍀🎰-33168.flipgg.sol'}
[DOMAIN] 📝 Found 1 domain(s) in tx kMcezEkcH9u9Daab... {'Flip.gg → Trusted Since 2021......-33169.flipgg.sol'}
[DOMAIN] 📝 Found 1 domain(s) in tx 5ZioRU4TLZSxRRUe... {'Flip.gg → Trusted Since 2021......-33167.flipgg.sol'}
[DOMAIN] 📝 Found 1 domain(s) in tx yo7oajm1B51Ugs5H... {'Eligible wallet? → Flip.gg🍀🎰-33166.flipgg.sol'}
[DOMAIN] 📝 Found 1 domain(s) in tx 2vuHyFihUC2mxFAV... {'tg👉solgatherbot✅high◽reward◽smart◽arbitrage✅telegram👉solgatherbot.solgather.sol'}
[DOMAIN] 📝 Found 1 domain(s) in tx i3CmPnhfaD7p1wbY... {'tg👉solgatherbot✅high◽reward◽smart◽arbitrage✅telegram👉solgatherbot.solgather.sol'}
[DOMAIN] 📝 Found 1 domain(s) in tx MEhNduy4k8eJo1Bs... {'tg👉solgatherbot✅high◽reward◽smart◽arbitrage✅telegram👉solgatherbot.solgather.sol'}
[DOMAIN] 📝 Found 1 domain(s) in tx 2fxwm6YbwbUdQC32... {'tg👉solgatherbot✅high◽reward◽smart◽arbitrage✅telegram👉solgatherbot.solgather.sol'}
[DOMAIN] 📝 Found 1 domain(s) in tx tDu52epnu357Bp55... {'tg👉solgatherbot✅high◽reward◽smart◽arbitrage✅telegram👉solgatherbot.solgather.sol'}
[REALTIME_FUNDING]    [PAGE 5] 🚫 818 dust
[REALTIME_FUNDING]    Total transactions fetched: 500
[REALTIME_FUNDING]    [PAGE 6] RPC CALL #6...
[RPC_METRICS] record_request source_file=realtime_creator_funding_extractor method=helius_enhanced_addresses_transactions credits=100 cache_action=full_scan ts=1773665537.134536
[REALTIME_FUNDING]    [PAGE 6] fetched=30 txs
[DOMAIN] 📝 Found 1 domain(s) in tx 5Zce15vxGtGNwbAT... {'tg👉solgatherbot✅high◽reward◽smart◽arbitrage✅telegram👉solgatherbot.solgather.sol'}
[DOMAIN] 📝 Found 1 domain(s) in tx 2FJNpFEPghcSzeqa... {'tg👉solgatherbot✅high◽reward◽smart◽arbitrage✅telegram👉solgatherbot.solgather.sol'}
[DOMAIN] 📝 Found 1 domain(s) in tx 5M1BNAg4qw31DpmX... {'tg👉solgatherbot✅high◽reward◽smart◽arbitrage✅telegram👉solgatherbot.solgather.sol'}
[DOMAIN] 📝 Found 1 domain(s) in tx 3o8qwsJpEJiGSrXr... {'tg👉solgatherbot✅high◽reward◽smart◽arbitrage✅telegram👉solgatherbot.solgather.sol'}
[DOMAIN] 📝 Found 1 domain(s) in tx 4N9i2Roiyra8tQkk... {'pumpview▪️fun.🚀best-solana-scanner.sol'}
[RPC_METRICS] record_request source_file=realtime_creator_funding_extractor method=sns_primary_domains credits=0 cache_action=none ts=1773665537.2631948
[DOMAIN] 📝 Found 1 domain(s) in tx 4U9bZGzvudJoiQ5z... {'Eligible wallet? → Flip.gg🍀🎰-33064.flipgg.sol'}
[RPC_METRICS] record_request source_file=realtime_creator_funding_extractor method=sns_primary_domains credits=0 cache_action=none ts=1773665537.4232051
[DOMAIN] 📝 Found 1 domain(s) in tx GJ16RdkTydvXubQm... {'Flip.gg → Trusted Since 2021......-33065.flipgg.sol'}
[DOMAIN] 📝 Found 1 domain(s) in tx FPRGUXTK74y6Vt2m... {'Flip.gg → Trusted Since 2021......-33065.flipgg.sol'}
[DOMAIN] 📝 Found 1 domain(s) in tx deWXcTw7yvabJttj... {'Eligible wallet? → Flip.gg🍀🎰-33064.flipgg.sol'}
[REALTIME_FUNDING]    [PAGE 6] 🚫 365 dust
[REALTIME_FUNDING]    Total transactions fetched: 530
[REALTIME_FUNDING]    [PAGE 7] RPC CALL #7...
[RPC_METRICS] record_request source_file=realtime_creator_funding_extractor method=helius_enhanced_addresses_transactions credits=100 cache_action=full_scan ts=1773665538.237532
[REALTIME_FUNDING]    [PAGE 7] No more transactions
[REALTIME_FUNDING]    ✓ Inbound: 5 funders (7.33 SOL)
[REALTIME_FUNDING]    ✓ Outbound: 275 recipients (16.79 SOL)
[REALTIME_FUNDING]    ℹ Filtered 7096 dust transfers
[REALTIME_FUNDING]    ℹ Filtered 36 token operations (swaps, migrations)
[REALTIME_FUNDING]    Funder #1: HXgwBPEa74WtpUXS... → 6.90 SOL
[REALTIME_FUNDING]    Funder #2: 6KbEmW1MhQMBN5yi... → 0.22 SOL
[REALTIME_FUNDING]    Funder #3: 4Y16D76AuammxjE8... → 0.18 SOL
[EXTRACTION] ✅ COMPLETED for HZYRptoebKb6wwCw... | Funders: 5, Recipients: 275
[REALTIME_FUNDING] ✅ Cached creator funding for HZYRptoebKb6wwCw...
[REALTIME_FUNDING] ✅ Updated cursor for HZYRptoebKb6wwCw... (fetched 530 txs)
[REALTIME_FUNDING] 🚀 Post-launch automation triggered
[BLOCKSEC] Found 100 active addresses (used 2+ times)
[BLOCKSEC] Found 100 unlabeled addresses, preparing batch...
[BLOCKSEC] Batch failed: Rate limited. Next batch in 44 minutes
[POST_LAUNCH] 🚀 Starting automation for creator HZYRptoebKb6wwCw...
[NETWORK] ⚠ Error assigning network: no such column: ccf.creator_addresses
[METRICS] 📊 Updating metrics for 5 funders
[METRICS] ⚠ Error updating metrics: no such table: funder_distribution_metrics
[COORDINATION] ✅ Creator HZYRptoebKb6wwCw... has unique funders (no coordination detected)
[NETWORK_ANALYSIS] 🔍 Analyzing creator HZYRptoebKb6wwCw... with CrossFundingClusterAnalyzer
[ANALYZER] Loaded 0 unique creators
[NETWORK_ANALYSIS] 📊 Building atomic funder networks...
[ANALYZER] Atomic funder networks saved: 175 (creator_count>=2)
[ANALYZER]  └─ of which CEX/infra (excluded from clustering): 33
[NETWORK_ANALYSIS] 🔗 Building funder clusters...
[ANALYZER] Atomic funder networks saved: 175 (creator_count>=2)
[ANALYZER]  └─ of which CEX/infra (excluded from clustering): 33
[ANALYZER] Funder clusters built: 20 (non-CEX topology)
[NETWORK_ANALYSIS] 👥 Building creator clusters...
[NETWORK_ANALYSIS] 🌐 Detecting network coordinators...
[NETWORK_ANALYSIS] 📈 Analyzing unified cluster for HZYRptoebKb6wwCw...
[NETWORK_ANALYSIS] ✅ Network analysis complete for HZYRptoebKb6wwCw...
[CLUSTERS] ✅ Rebuilt clusters for HZYRptoebKb6wwCw... (members: 276 addresses)
[UI] ℹ No WebSocket manager - skipping WebSocket broadcast
[UI] 📝 Updated: metrics, clusters
[POST_LAUNCH] ✅ Automation complete for HZYRptoebKb6wwCw...
[POOL_DETECT_RETRY] ⏱️  Retry attempt after 60s for EAsDGjK8FpXBK38c...
Solscan API error: Cannot connect to host api.solscan.io:443 ssl:default [nodename nor servname provided, or not known]
Bonfida API error: Cannot connect to host api.bonfida.com:443 ssl:default [nodename nor servname provided, or not known]
[RPC_METRICS] record_request source_file=automatic_cex_detection method=getTransactionsForAddress credits=0 cache_action=none ts=1773665540.851585
Solscan API error: Cannot connect to host api.solscan.io:443 ssl:default [nodename nor servname provided, or not known]
Bonfida API error: Cannot connect to host api.bonfida.com:443 ssl:default [nodename nor servname provided, or not known]
[RPC_METRICS] record_request source_file=automatic_cex_detection method=getTransactionsForAddress credits=0 cache_action=none ts=1773665540.899273
Solscan API error: Cannot connect to host api.solscan.io:443 ssl:default [nodename nor servname provided, or not known]
Bonfida API error: Cannot connect to host api.bonfida.com:443 ssl:default [nodename nor servname provided, or not known]
[RPC_METRICS] record_request source_file=automatic_cex_detection method=getTransactionsForAddress credits=0 cache_action=none ts=1773665540.948443
Solscan API error: Cannot connect to host api.solscan.io:443 ssl:default [nodename nor servname provided, or not known]
Bonfida API error: Cannot connect to host api.bonfida.com:443 ssl:default [nodename nor servname provided, or not known]
[RPC_METRICS] record_request source_file=automatic_cex_detection method=getTransactionsForAddress credits=0 cache_action=none ts=1773665540.997511
Solscan API error: Cannot connect to host api.solscan.io:443 ssl:default [nodename nor servname provided, or not known]
Bonfida API error: Cannot connect to host api.bonfida.com:443 ssl:default [nodename nor servname provided, or not known]
[RPC_METRICS] record_request source_file=automatic_cex_detection method=getTransactionsForAddress credits=0 cache_action=none ts=1773665541.043962
[AUTO-CEX] Classification complete: 5 classified, 0 confirmed, 0 likely (from 5 addresses)
[REALTIME_FUNDING]    🔍 Searching for OUTGOING transfers after migration...
[RPC_METRICS] record_request source_file=realtime_creator_funding_extractor method=getSignaturesForAddress credits=10 cache_action=none ts=1773665541.218695
[RPC_METRICS] record_request source_file=realtime_creator_funding_extractor method=getTransaction credits=10 cache_action=miss ts=1773665541.401692
[RPC_METRICS] record_request source_file=realtime_creator_funding_extractor method=getTransaction credits=10 cache_action=miss ts=1773665541.515696
[RPC_METRICS] record_request source_file=realtime_creator_funding_extractor method=getTransaction credits=10 cache_action=miss ts=1773665541.63759
[RPC_METRICS] record_request source_file=realtime_creator_funding_extractor method=getTransaction credits=10 cache_action=miss ts=1773665541.783655
[RPC_METRICS] record_request source_file=realtime_creator_funding_extractor method=getTransaction credits=10 cache_action=miss ts=1773665541.8999732
[RPC_METRICS] record_request source_file=realtime_creator_funding_extractor method=getTransaction credits=10 cache_action=miss ts=1773665542.0024378
[RPC_METRICS] record_request source_file=realtime_creator_funding_extractor method=getTransaction credits=10 cache_action=miss ts=1773665542.207275
[RPC_METRICS] record_request source_file=realtime_creator_funding_extractor method=getTransaction credits=10 cache_action=miss ts=1773665542.3198678
[RPC_METRICS] record_request source_file=realtime_creator_funding_extractor method=getTransaction credits=10 cache_action=miss ts=1773665542.4363022
[RPC_METRICS] record_request source_file=realtime_creator_funding_extractor method=getTransaction credits=10 cache_action=miss ts=1773665542.5401978
[RPC_METRICS] record_request source_file=realtime_creator_funding_extractor method=getTransaction credits=10 cache_action=miss ts=1773665542.8485582
[RPC_METRICS] record_request source_file=realtime_creator_funding_extractor method=getTransaction credits=10 cache_action=miss ts=1773665542.954165
[RPC_METRICS] record_request source_file=realtime_creator_funding_extractor method=getTransaction credits=10 cache_action=miss ts=1773665543.055465
[RPC_METRICS] record_request source_file=realtime_creator_funding_extractor method=getTransaction credits=10 cache_action=miss ts=1773665543.153635
[RPC_METRICS] record_request source_file=realtime_creator_funding_extractor method=getTransaction credits=10 cache_action=miss ts=1773665543.275603
[RPC_METRICS] record_request source_file=realtime_creator_funding_extractor method=getTransaction credits=10 cache_action=miss ts=1773665543.3953679
[RPC_METRICS] record_request source_file=realtime_creator_funding_extractor method=getTransaction credits=10 cache_action=miss ts=1773665543.7889988
[RPC_METRICS] record_request source_file=realtime_creator_funding_extractor method=getTransaction credits=10 cache_action=miss ts=1773665544.017468
[RPC_METRICS] record_request source_file=realtime_creator_funding_extractor method=getTransaction credits=10 cache_action=miss ts=1773665544.349747
[RPC_METRICS] record_request source_file=realtime_creator_funding_extractor method=getTransaction credits=10 cache_action=miss ts=1773665544.523682
[RPC_METRICS] record_request source_file=realtime_creator_funding_extractor method=getTransaction credits=10 cache_action=miss ts=1773665544.651436
[RPC_METRICS] record_request source_file=realtime_creator_funding_extractor method=getTransaction credits=10 cache_action=miss ts=1773665544.7946398
[RPC_METRICS] record_request source_file=realtime_creator_funding_extractor method=getTransaction credits=10 cache_action=miss ts=1773665544.9290922
[RPC_METRICS] record_request source_file=realtime_creator_funding_extractor method=getTransaction credits=10 cache_action=miss ts=1773665545.059566
[RPC_METRICS] record_request source_file=realtime_creator_funding_extractor method=getTransaction credits=10 cache_action=miss ts=1773665545.155743
[RPC_METRICS] record_request source_file=realtime_creator_funding_extractor method=getTransaction credits=10 cache_action=miss ts=1773665545.287622
[POOL_DETECT] No valid pool found in transaction. Trying fallback vault discovery...
[RPC_METRICS] record_request source_file=realtime_creator_funding_extractor method=getTransaction credits=10 cache_action=miss ts=1773665545.3946502
[RPC_METRICS] record_request source_file=realtime_creator_funding_extractor method=getTransaction credits=10 cache_action=miss ts=1773665545.532665
[RPC_METRICS] record_request source_file=realtime_creator_funding_extractor method=getTransaction credits=10 cache_action=miss ts=1773665545.638237
[RPC_METRICS] record_request source_file=realtime_creator_funding_extractor method=getSignaturesForAddress credits=10 cache_action=none ts=1773665545.830527
[RPC_METRICS] record_request source_file=realtime_creator_funding_extractor method=getSignaturesForAddress credits=10 cache_action=none ts=1773665546.0322418
[RPC_METRICS] record_request source_file=realtime_creator_funding_extractor method=getSignaturesForAddress credits=10 cache_action=none ts=1773665546.213373
[RPC_METRICS] record_request source_file=realtime_creator_funding_extractor method=getSignaturesForAddress credits=10 cache_action=none ts=1773665546.3971589
[POOL_DETECT_FALLBACK] Failed to resolve pool via vaults
[POOL_DETECT] All pool discovery methods failed for EAsDGjK8FpXBK38cN8HVuzCWuHfQt6A9r9P8Efcpump
[POOL_DETECT_RETRY] ⏭️  Still no pool after 60s
[RPC_METRICS] record_request source_file=realtime_creator_funding_extractor method=getSignaturesForAddress credits=10 cache_action=none ts=1773665546.590202
[RPC_METRICS] record_request source_file=realtime_creator_funding_extractor method=getSignaturesForAddress credits=10 cache_action=none ts=1773665546.770137
[RPC_METRICS] record_request source_file=realtime_creator_funding_extractor method=getSignaturesForAddress credits=10 cache_action=none ts=1773665546.953205
[RPC_METRICS] record_request source_file=realtime_creator_funding_extractor method=getSignaturesForAddress credits=10 cache_action=none ts=1773665547.200927
[RPC_METRICS] record_request source_file=realtime_creator_funding_extractor method=getSignaturesForAddress credits=10 cache_action=none ts=1773665547.387402
[RPC_METRICS] record_request source_file=realtime_creator_funding_extractor method=getSignaturesForAddress credits=10 cache_action=none ts=1773665547.5955908
[REALTIME_FUNDING] ✅ Extracted outgoing transfers for HZYRptoebKb6wwCw...
[FUNDING] ✅ Creator funding extraction complete
[FUNDER_EXTRACTION] ⏭️ Skipped (auto_extract_funders toggle is OFF)
[CLUSTERING] ⏳ Queueing network clustering task...
[CLUSTER_QUEUE] 📋 Task 'super_clusters_rebuild' enqueued | Queue size: 1
[CLUSTERING] ✅ Clustering task enqueued for processing
[CLUSTER_QUEUE] 🚀 Queue processor started
[CLUSTER_QUEUE] ⏳ Processing task 'super_clusters_rebuild' (0 in queue)
[CLUSTERING] 🔄 Rebuilding super_clusters from funding data...
[CLUSTERING]    Found 325 creators with complete funding extraction
[CLUSTERING] ✅ Assigned 23 creators to networks
[CLUSTERING] ✅ Assigned 100 funders to networks (funding real addresses)
[CLUSTERING] ✅ Updated super_cluster metadata
[CLUSTER_QUEUE] ✅ Task 'super_clusters_rebuild' completed successfully
[CLUSTER_QUEUE] 🏁 Queue processor stopped
[CLUSTER_QUEUE] 📊 Stats: Queued=4, Processed=4, Failed=0, Retried=0
[POOL_DETECT_RETRY] ⏱️  Retry attempt after 30s for 8NfsVJPQoUzMsRkm...
[POOL_DETECT] No valid pool found in transaction. Trying fallback vault discovery...
[POOL_DETECT_FALLBACK] Failed to resolve pool via vaults
[POOL_DETECT] All pool discovery methods failed for 8NfsVJPQoUzMsRkm63dhTBdGkCn6AJd4GF5qYpoTpump
[POOL_DETECT_RETRY] ⏭️  Still no pool after 30s
[POOL_DETECT_RETRY] ⏱️  Retry attempt after 60s for 5cDhM4yMKipQkjSG...
[POOL_DETECT] No valid pool found in transaction. Trying fallback vault discovery...
[POOL_DETECT_FALLBACK] Failed to resolve pool via vaults
[POOL_DETECT] All pool discovery methods failed for 5cDhM4yMKipQkjSGdvYnqPdiJz685Z96rbe6GSYppump
[POOL_DETECT_RETRY] ⏭️  Still no pool after 60s
[POOL_DETECT_RETRY] ⏱️  Retry attempt after 60s for 8NfsVJPQoUzMsRkm...
[POOL_DETECT] No valid pool found in transaction. Trying fallback vault discovery...
[POOL_DETECT_FALLBACK] Failed to resolve pool via vaults
[POOL_DETECT] All pool discovery methods failed for 8NfsVJPQoUzMsRkm63dhTBdGkCn6AJd4GF5qYpoTpump
[POOL_DETECT_RETRY] ⏭️  Still no pool after 60s
[WEBSOCKET] 🔍 Migration found. listen_to_launches=True
[WEBSOCKET] 🚨 Migration #6 detected: 52wvbU5nZn9HJqycwAy7TLMcB7LrNY3HJ4DqXFWeHq4Fd6sqxBcsaSqAc1QgSUf2hv3yF7DY3a99iqLCDCgCqHGG
[TX_CACHE] 🌐 MISS: fetching 52wvbU5nZn9HJqyc...
[RPC_METRICS] record_request source_file=pumpfun_curve_listener method=getTransaction credits=10 cache_action=none ts=1773665650.545557
[TX_CACHE] 💾 CACHED: 52wvbU5nZn9HJqyc... (32392 bytes)
[EVENT] 🚀 MIGRATION DETECTED: EwXrb5kGhRTNKCo7TpAjc4PoWuq9GbveWpiCMtdKpump
[EVENT] Migration signature: 52wvbU5nZn9HJqycwAy7TLMcB7LrNY3HJ4DqXFWeHq4Fd6sqxBcsaSqAc1QgSUf2hv3yF7DY3a99iqLCDCgCqHGG
[DB] ✅ Created minimal token entry for EwXrb5kGhRTNKCo7TpAjc4PoWuq9GbveWpiCMtdKpump
[POOL_DETECT] No valid pool found in transaction. Trying fallback vault discovery...
[WEBSOCKET] 🔍 Migration found. listen_to_launches=True
[WEBSOCKET] 🚨 Migration #7 detected: 2FGfWqSjAhzTR5uZHV9qsyrnyAuFACPHr6bupHe5jysHQfePh4upar7UqjVXnuzKtd4QP7GVW68YEQ1hkj21cEr6
[TX_CACHE] 🌐 MISS: fetching 2FGfWqSjAhzTR5uZ...
[RPC_METRICS] record_request source_file=pumpfun_curve_listener method=getTransaction credits=10 cache_action=none ts=1773665654.036213
[TX_CACHE] 💾 CACHED: 2FGfWqSjAhzTR5uZ... (32377 bytes)
[EVENT] 🚀 MIGRATION DETECTED: ATTsaTaBTHPtXUv74Xonkpec2SeCd1JyVVrVVuFFpump
[EVENT] Migration signature: 2FGfWqSjAhzTR5uZHV9qsyrnyAuFACPHr6bupHe5jysHQfePh4upar7UqjVXnuzKtd4QP7GVW68YEQ1hkj21cEr6
[DB] ✅ Created minimal token entry for ATTsaTaBTHPtXUv74Xonkpec2SeCd1JyVVrVVuFFpump
[POOL_DETECT_FALLBACK] Failed to resolve pool via vaults
[POOL_DETECT] All pool discovery methods failed for EwXrb5kGhRTNKCo7TpAjc4PoWuq9GbveWpiCMtdKpump
[POOL_DETECT] No valid pool found (primary + fallback exhausted)
[POOL_DETECT] Final discovery result: source=none pool=None
[POOL_DETECT] Scheduling retry discovery in 10s, 30s, 60s
[PRICE] ✅ Initial price fetched: $3.16e-05 | Market Cap: $3.16e+04 | Source: dexscreener
[ANALYZER_INIT] Token: EwXrb5kGhRTNKCo7TpAjc4PoWuq9GbveWpiCMtdKpump
[ANALYZER_INIT] RPC: https://mainnet.helius-rpc.com/?api-key=16f1a5fc-2592-466c-a5d4-b5799ae8da96
[CREATOR] Extracting bonding curve from *strict* CREATE tx for EwXrb5kGhRTNKCo7TpAj...
[POOL_DETECT] No valid pool found in transaction. Trying fallback vault discovery...
[RPC_METRICS] record_request source_file=unknown method=getSignaturesForAddress credits=10 cache_action=none ts=1773665658.417575
[CREATOR] Page 1: prefilter candidates=766 (checking first 80), skipped_post_migration=0, skipped_errored=234
[POOL_DETECT_FALLBACK] Failed to resolve pool via vaults
[POOL_DETECT] All pool discovery methods failed for ATTsaTaBTHPtXUv74Xonkpec2SeCd1JyVVrVVuFFpump
[POOL_DETECT] No valid pool found (primary + fallback exhausted)
[POOL_DETECT] Final discovery result: source=none pool=None
[POOL_DETECT] Scheduling retry discovery in 10s, 30s, 60s
[ANALYZER_INIT] Token: ATTsaTaBTHPtXUv74Xonkpec2SeCd1JyVVrVVuFFpump
[ANALYZER_INIT] RPC: https://mainnet.helius-rpc.com/?api-key=16f1a5fc-2592-466c-a5d4-b5799ae8da96
[CREATOR] Extracting bonding curve from *strict* CREATE tx for ATTsaTaBTHPtXUv74Xon...
[CREATOR][DEBUG] bonding_curve=no context: slot=406797704 blockTime=1773665595 err=None
[CREATOR][DEBUG] validation_notes=['could not scope create_outer_index; scanning top-level only', 'mint not created/initialized in this tx (likely pool-init or swap)']
[CREATOR] Oldest#1 2UUmkPmaM2BXoguH... strict_create=False mint_create=False mint_init=False bonding_curve=no
[RPC_METRICS] record_request source_file=unknown method=getSignaturesForAddress credits=10 cache_action=none ts=1773665658.776033
[CREATOR] Page 1: prefilter candidates=393 (checking first 80), skipped_post_migration=0, skipped_errored=52
[CREATOR][DEBUG] bonding_curve=no context: slot=406797705 blockTime=1773665595 err=None
[CREATOR][DEBUG] validation_notes=['could not scope create_outer_index; scanning top-level only', 'mint not created/initialized in this tx (likely pool-init or swap)']
[CREATOR] Oldest#2 mS472z4nnTfvn2nC... strict_create=False mint_create=False mint_init=False bonding_curve=no
[CREATOR][DEBUG] bonding_curve=no context: slot=406797705 blockTime=1773665595 err=None
[CREATOR][DEBUG] validation_notes=['could not scope create_outer_index; scanning top-level only', 'mint not created/initialized in this tx (likely pool-init or swap)']
[CREATOR] Oldest#3 7fc877jZ1BMvNqtH... strict_create=False mint_create=False mint_init=False bonding_curve=no
[CREATOR] ✓ Found initializemint2 for mint=ATTsaTaBTHPtXUv74Xonkpec2SeCd1JyVVrVVuFFpump via program_id=TokenzQdBNbLqP5VEhdkAS6EPFLC1PHnBqCXEpPxuEb program=spl-token
[CREATOR] Oldest#1 4SbSEeSFFyyQPoNB... strict_create=True mint_create=False mint_init=True bonding_curve=yes
[CREATOR] ✅ Found STRICT Pump.fun CREATE tx: 4SbSEeSFFyyQPoNBMxJg3PJevoCRfx9WNts3VPuu498nAHdWhqpEUQWdwttvvtKPosDK32QcswznepvvZWVVfoYX
[CREATOR] ✓ CREATE fee payer (creator): 22a8SKcjZxTT2umT9Aeo2PkePGcPSDuWBmrCimWgfmbC
[CREATOR] ✓ Bonding curve: 29HXykeCsg8CRTm5jxhWnVk37KVW3UoQaFQoFDcioYcD (proven_end=False)
[RPC_METRICS] record_request source_file=unknown method=getSignaturesForAddress credits=10 cache_action=none ts=1773665659.148921
[CREATOR][DEBUG] bonding_curve=no context: slot=406797705 blockTime=1773665595 err=None
[CREATOR][DEBUG] validation_notes=['could not scope create_outer_index; scanning top-level only', 'mint not created/initialized in this tx (likely pool-init or swap)']
[CREATOR] Oldest#4 7hQabUfTEaW86KGr... strict_create=False mint_create=False mint_init=False bonding_curve=no
[CREATOR][DEBUG] bonding_curve=no context: slot=406797705 blockTime=1773665595 err=None
[CREATOR][DEBUG] validation_notes=['could not scope create_outer_index; scanning top-level only', 'mint not created/initialized in this tx (likely pool-init or swap)']
[CREATOR] Oldest#5 2EVpnvSXBDbAa4Ds... strict_create=False mint_create=False mint_init=False bonding_curve=no
[RPC_METRICS] record_request source_file=unknown method=getSignaturesForAddress credits=10 cache_action=none ts=1773665659.3349671
[CREATOR] 🕐 Using on-chain time from earliest tx: 2026-03-13T20:14:16Z
[CREATOR] ✅ Extracted from earliest tx: 22a8SKcjZxTT2umT9Aeo2PkePGcPSDuWBmrCimWgfmbC (confirmed) | CREATE tx validated: 4SbSEeSFFyyQPoNBMxJg...
[CLUSTER] Error checking creator 22a8SKcjZxTT2umT9Aeo2PkePGcPSDuWBmrCimWgfmbC: No module named 'cluster_risk_checker'
[DB] ✅ Updated token entry with creator: 22a8SKcj... | Created: 2026-03-13T20:14:16Z | CREATE tx: 4SbSEeSFFyyQPoNBMxJg...
[SETTINGS] Token history ❌ OFF - skipping token history analysis
[MIGRATION] ✅ CRITICAL PATH COMPLETE - Token ATTsaTaB... with creator 22a8SKcj... is now visible in UI
[BACKGROUND] 📤 Background tasks spawned (fire-and-forget)
[BACKGROUND] 🚀 Starting background funding and clustering tasks...
[FUNDING] ⏳ Starting creator funding extraction for 22a8SKcj...
[REALTIME_FUNDING] 📊 Recording RPC metrics for creator funding extraction: 22a8SKcjZxTT2umT...
[PERF] SQLite optimizations applied (WAL mode, 50MB cache, 60s busy timeout)
[REALTIME_FUNDING] 🔍 Extracting creator funding for 22a8SKcjZxTT2umT...
[REALTIME_FUNDING]    Migration timestamp: 2026-03-13T20:14:16Z
[REALTIME_FUNDING]    Will fetch up to 1 month of history
[REALTIME_FUNDING]    Fetching all pre-migration transactions from Helius API...
[REALTIME_FUNDING]    ℹ No cursor found for 22a8SKcjZxTT2umT... (first-time scan)
[REALTIME_FUNDING]    [PAGE 1] RPC CALL #1...
[CREATOR][DEBUG] bonding_curve=no context: slot=406797705 blockTime=1773665595 err=None
[CREATOR][DEBUG] validation_notes=['mint not created/initialized in this tx (likely pool-init or swap)']
[CREATOR][DEBUG] bonding_curve=no context: slot=406797706 blockTime=1773665595 err=None
[CREATOR][DEBUG] validation_notes=['could not scope create_outer_index; scanning top-level only', 'mint not created/initialized in this tx (likely pool-init or swap)']
[CREATOR][DEBUG] bonding_curve=no context: slot=406797706 blockTime=1773665595 err=None
[CREATOR][DEBUG] validation_notes=['could not scope create_outer_index; scanning top-level only', 'mint not created/initialized in this tx (likely pool-init or swap)']
[CREATOR][DEBUG] bonding_curve=no context: slot=406797706 blockTime=1773665595 err=None
[CREATOR][DEBUG] validation_notes=['could not scope create_outer_index; scanning top-level only', 'mint not created/initialized in this tx (likely pool-init or swap)']
[RPC_METRICS] record_request source_file=realtime_creator_funding_extractor method=helius_enhanced_addresses_transactions credits=100 cache_action=full_scan ts=1773665660.3817432
[REALTIME_FUNDING]    [PAGE 1] fetched=40 txs
[CREATOR][DEBUG] bonding_curve=no context: slot=406797706 blockTime=1773665595 err=None
[CREATOR][DEBUG] validation_notes=['could not scope create_outer_index; scanning top-level only', 'mint not created/initialized in this tx (likely pool-init or swap)']
[RPC_METRICS] record_request source_file=realtime_creator_funding_extractor method=sns_primary_domains credits=0 cache_action=none ts=1773665660.603766
[CREATOR][DEBUG] bonding_curve=no context: slot=406797706 blockTime=1773665595 err=None
[CREATOR][DEBUG] validation_notes=['could not scope create_outer_index; scanning top-level only', 'mint not created/initialized in this tx (likely pool-init or swap)']
[DOMAIN] 📝 Found 1 domain(s) in tx 4Y6LHxk5dSXR1vE7... {'Eligible wallet? → Flip.gg🍀🎰-33774.flipgg.sol'}
[DOMAIN] 📝 Found 1 domain(s) in tx 4qZ7Luos3bdSjPs8... {'Flip.gg → Trusted Since 2021......-33775.flipgg.sol'}
[DOMAIN] 📝 Found 1 domain(s) in tx 45DDXL6Bjzn3pWEh... {'Eligible wallet? → Flip.gg🍀🎰-33774.flipgg.sol'}
[DOMAIN] 📝 Found 1 domain(s) in tx 66h9Uf3bMtz9Soif... {'Flip.gg → Trusted Since 2021......-33775.flipgg.sol'}
[DOMAIN] 📝 Found 1 domain(s) in tx pWmqGrBpZVFsG1aF... {'Flip.gg → Trusted Since 2021......-33775.flipgg.sol'}
[DOMAIN] 📝 Found 1 domain(s) in tx 4a7X7YmyFHhHQM5U... {'Flip.gg → Trusted Since 2021......-33775.flipgg.sol'}
[DOMAIN] 📝 Found 1 domain(s) in tx 2CkWmK4RZde6iFZ5... {'Flip.gg → Trusted Since 2021......-33775.flipgg.sol'}
[DOMAIN] 📝 Found 1 domain(s) in tx 2AGpjEdBXWeAkDEX... {'Eligible wallet? → Flip.gg🍀🎰-33774.flipgg.sol'}
[DOMAIN] 📝 Found 1 domain(s) in tx p5AnuYsq2dEAsQd3... {'Eligible wallet? → Flip.gg🍀🎰-33774.flipgg.sol'}
[DOMAIN] 📝 Found 1 domain(s) in tx 3QF2Hq9YhpQDLzu6... {'Eligible wallet? → Flip.gg🍀🎰-33774.flipgg.sol'}
[DOMAIN] 📝 Found 1 domain(s) in tx 3VFhyeCvmtKz37Cw... {'Eligible wallet? → Flip.gg🍀🎰-33774.flipgg.sol'}
[DOMAIN] 📝 Found 1 domain(s) in tx 3sS7P7qRvMEeJUQn... {'Flip.gg → Trusted Since 2021......-33775.flipgg.sol'}
[DOMAIN] 📝 Found 1 domain(s) in tx 3b7wiKgJ9WCoPEMN... {'Flip.gg → Trusted Since 2021......-33775.flipgg.sol'}
[RPC_METRICS] record_request source_file=realtime_creator_funding_extractor method=sns_primary_domains credits=0 cache_action=none ts=1773665660.879602
[CREATOR][DEBUG] bonding_curve=no context: slot=406797706 blockTime=1773665595 err=None
[CREATOR][DEBUG] validation_notes=['could not scope create_outer_index; scanning top-level only', 'mint not created/initialized in this tx (likely pool-init or swap)']
[CREATOR][DEBUG] bonding_curve=no context: slot=406797706 blockTime=1773665595 err=None
[CREATOR][DEBUG] validation_notes=['could not scope create_outer_index; scanning top-level only', 'mint not created/initialized in this tx (likely pool-init or swap)']
[RPC_METRICS] record_request source_file=realtime_creator_funding_extractor method=sns_primary_domains credits=0 cache_action=none ts=1773665661.0192618
[DOMAIN] 📝 Found 1 domain(s) in tx 2zj9Zk2UH4zbKuXc... {'Flip.gg → Trusted Since 2021......-33773.flipgg.sol'}
[DOMAIN] 📝 Found 1 domain(s) in tx Kzy33oaFXG9R5RJ1... {'Eligible wallet? → Flip.gg🍀🎰-33772.flipgg.sol'}
[DOMAIN] 📝 Found 1 domain(s) in tx sjyUpauuu2a1im8y... {'Eligible wallet? → Flip.gg🍀🎰-33772.flipgg.sol'}
[DOMAIN] 📝 Found 1 domain(s) in tx 3181VKt2YAZDSYk9... {'Flip.gg → Trusted Since 2021......-33773.flipgg.sol'}
[DOMAIN] 📝 Found 1 domain(s) in tx 2wSqANMMk1qKhv5F... {'Eligible wallet? → Flip.gg🍀🎰-33772.flipgg.sol'}
[DOMAIN] 📝 Found 1 domain(s) in tx 44o48ayzvNzvd2tb... {'Flip.gg → Trusted Since 2021......-33773.flipgg.sol'}
[DOMAIN] 📝 Found 1 domain(s) in tx 5Q9NK74Bch5oYhhF... {'🚀boostlegends-volumebot⭐.sol'}
[DOMAIN] 📝 Found 1 domain(s) in tx 3q2K9xaKpsUyiEuG... {'Flip.gg → Trusted Since 2021......-33773.flipgg.sol'}
[DOMAIN] 📝 Found 1 domain(s) in tx 2fKdzJBqjoip6uax... {'🚀boostlegends-volumebot⭐.sol'}
[DOMAIN] 📝 Found 1 domain(s) in tx 2tcLjHSw36gW3rgy... {'🚀boostlegends-volumebot⭐.sol'}
[DOMAIN] 📝 Found 1 domain(s) in tx 5eYarnUDMvVoZpxJ... {'🚀boostlegends-volumebot⭐.sol'}
[DOMAIN] 📝 Found 1 domain(s) in tx 63UmnDuD4DSDLAWh... {'Flip.gg → Trusted Since 2021......-33767.flipgg.sol'}
[DOMAIN] 📝 Found 1 domain(s) in tx 2nzsVfqxhDY8J6dr... {'Eligible wallet? → Flip.gg🍀🎰-33766.flipgg.sol'}
[DOMAIN] 📝 Found 1 domain(s) in tx 2N4Ls4yyH8AVUB8s... {'Flip.gg → Trusted Since 2021......-33767.flipgg.sol'}
[DOMAIN] 📝 Found 1 domain(s) in tx 2xnf3XwrRYL54GBZ... {'Eligible wallet? → Flip.gg🍀🎰-33766.flipgg.sol'}
[DOMAIN] 📝 Found 1 domain(s) in tx 3HohJRkgxK275PKm... {'Flip.gg → Trusted Since 2021......-33767.flipgg.sol'}
[FUNDING] 🏛️ CEX FUNDER: Binance Hot Wallet → 22a8SKcjZxTT2umT... (5.28 SOL)
[REALTIME_FUNDING]    [PAGE 1] ✓ 1 new funders | 🚫 319 dust
[CREATOR][DEBUG] bonding_curve=no context: slot=406797706 blockTime=1773665595 err=None
[CREATOR][DEBUG] validation_notes=['could not scope create_outer_index; scanning top-level only', 'mint not created/initialized in this tx (likely pool-init or swap)']
[CREATOR][DEBUG] bonding_curve=no context: slot=406797706 blockTime=1773665595 err=None
[CREATOR][DEBUG] validation_notes=['could not scope create_outer_index; scanning top-level only', 'mint not created/initialized in this tx (likely pool-init or swap)']
[REALTIME_FUNDING]    Total transactions fetched: 40
[REALTIME_FUNDING]    [PAGE 2] RPC CALL #2...
[CREATOR][DEBUG] bonding_curve=no context: slot=406797707 blockTime=1773665596 err=None
[CREATOR][DEBUG] validation_notes=['could not scope create_outer_index; scanning top-level only', 'mint not created/initialized in this tx (likely pool-init or swap)']
[CREATOR][DEBUG] bonding_curve=no context: slot=406797707 blockTime=1773665596 err=None
[CREATOR][DEBUG] validation_notes=['mint not created/initialized in this tx (likely pool-init or swap)']
[RPC_METRICS] record_request source_file=realtime_creator_funding_extractor method=helius_enhanced_addresses_transactions credits=100 cache_action=full_scan ts=1773665661.94652
[REALTIME_FUNDING]    [PAGE 2] No more transactions
[REALTIME_FUNDING]    ✓ Inbound: 1 funders (5.28 SOL)
[REALTIME_FUNDING]    ✓ Outbound: 36 recipients (42.37 SOL)
[REALTIME_FUNDING]    ℹ Filtered 319 dust transfers
[REALTIME_FUNDING]    Funder #1: 5tzFkiKscXHK5ZXC... → 5.28 SOL
[EXTRACTION] ✅ COMPLETED for 22a8SKcjZxTT2umT... | Funders: 1, Recipients: 36
[REALTIME_FUNDING] ✅ Cached creator funding for 22a8SKcjZxTT2umT...
[REALTIME_FUNDING] ✅ Updated cursor for 22a8SKcjZxTT2umT... (fetched 40 txs)
[REALTIME_FUNDING] 🚀 Post-launch automation triggered
[BLOCKSEC] Found 100 active addresses (used 2+ times)
[BLOCKSEC] Found 100 unlabeled addresses, preparing batch...
[BLOCKSEC] Batch failed: Rate limited. Next batch in 42 minutes
[POST_LAUNCH] 🚀 Starting automation for creator 22a8SKcjZxTT2umT...
[NETWORK] ⚠ Error assigning network: no such column: ccf.creator_addresses
[METRICS] 📊 Updating metrics for 1 funders
[METRICS] ⚠ Error updating metrics: no such table: funder_distribution_metrics
[COORDINATION] 🔴 Found 1 coordinated funders
[COORDINATION] ⚠ Error detecting coordinated funders: table coordinated_funders has no column named creator_count
[NETWORK_ANALYSIS] 🔍 Analyzing creator 22a8SKcjZxTT2umT... with CrossFundingClusterAnalyzer
[ANALYZER] Loaded 0 unique creators
[NETWORK_ANALYSIS] 📊 Building atomic funder networks...
[ANALYZER] Atomic funder networks saved: 175 (creator_count>=2)
[ANALYZER]  └─ of which CEX/infra (excluded from clustering): 33
[NETWORK_ANALYSIS] 🔗 Building funder clusters...
[ANALYZER] Atomic funder networks saved: 175 (creator_count>=2)
[ANALYZER]  └─ of which CEX/infra (excluded from clustering): 33
[ANALYZER] Funder clusters built: 20 (non-CEX topology)
[NETWORK_ANALYSIS] 👥 Building creator clusters...
[NETWORK_ANALYSIS] 🌐 Detecting network coordinators...
[NETWORK_ANALYSIS] 📈 Analyzing unified cluster for 22a8SKcjZxTT2umT...
[NETWORK_ANALYSIS] ✅ Network analysis complete for 22a8SKcjZxTT2umT...
[CLUSTERS] ✅ Rebuilt clusters for 22a8SKcjZxTT2umT... (members: 37 addresses)
[UI] ℹ No WebSocket manager - skipping WebSocket broadcast
[UI] 📝 Updated: metrics, clusters
[POST_LAUNCH] ✅ Automation complete for 22a8SKcjZxTT2umT...
[CREATOR][DEBUG] bonding_curve=no context: slot=406797707 blockTime=1773665596 err=None
[CREATOR][DEBUG] validation_notes=['could not scope create_outer_index; scanning top-level only', 'mint not created/initialized in this tx (likely pool-init or swap)']
[CREATOR][DEBUG] bonding_curve=no context: slot=406797707 blockTime=1773665596 err=None
[CREATOR][DEBUG] validation_notes=['could not scope create_outer_index; scanning top-level only', 'mint not created/initialized in this tx (likely pool-init or swap)']
[CREATOR][DEBUG] bonding_curve=no context: slot=406797707 blockTime=1773665596 err=None
[CREATOR][DEBUG] validation_notes=['could not scope create_outer_index; scanning top-level only', 'mint not created/initialized in this tx (likely pool-init or swap)']
[REALTIME_FUNDING]    🔍 Searching for OUTGOING transfers after migration...
[RPC_METRICS] record_request source_file=realtime_creator_funding_extractor method=getSignaturesForAddress credits=10 cache_action=none ts=1773665664.0315819
[CREATOR][DEBUG] bonding_curve=no context: slot=406797707 blockTime=1773665596 err=None
[CREATOR][DEBUG] validation_notes=['could not scope create_outer_index; scanning top-level only', 'mint not created/initialized in this tx (likely pool-init or swap)']
[RPC_METRICS] record_request source_file=realtime_creator_funding_extractor method=getTransaction credits=10 cache_action=miss ts=1773665664.113197
[RPC_METRICS] record_request source_file=realtime_creator_funding_extractor method=getTransaction credits=10 cache_action=miss ts=1773665664.204084
[CREATOR][DEBUG] bonding_curve=no context: slot=406797707 blockTime=1773665596 err=None
[CREATOR][DEBUG] validation_notes=['could not scope create_outer_index; scanning top-level only', 'mint not created/initialized in this tx (likely pool-init or swap)']
[RPC_METRICS] record_request source_file=realtime_creator_funding_extractor method=getTransaction credits=10 cache_action=miss ts=1773665664.294037
[RPC_METRICS] record_request source_file=realtime_creator_funding_extractor method=getTransaction credits=10 cache_action=miss ts=1773665664.39072
[CREATOR][DEBUG] bonding_curve=no context: slot=406797708 blockTime=1773665596 err=None
[CREATOR][DEBUG] validation_notes=['could not scope create_outer_index; scanning top-level only', 'mint not created/initialized in this tx (likely pool-init or swap)']
[RPC_METRICS] record_request source_file=realtime_creator_funding_extractor method=getTransaction credits=10 cache_action=miss ts=1773665664.480428
[CREATOR][DEBUG] bonding_curve=no context: slot=406797708 blockTime=1773665596 err=None
[CREATOR][DEBUG] validation_notes=['mint not created/initialized in this tx (likely pool-init or swap)']
[RPC_METRICS] record_request source_file=realtime_creator_funding_extractor method=getTransaction credits=10 cache_action=miss ts=1773665664.574545
[RPC_METRICS] record_request source_file=realtime_creator_funding_extractor method=getTransaction credits=10 cache_action=miss ts=1773665664.649958
[RPC_METRICS] record_request source_file=realtime_creator_funding_extractor method=getTransaction credits=10 cache_action=miss ts=1773665664.74633
[RPC_METRICS] record_request source_file=realtime_creator_funding_extractor method=getTransaction credits=10 cache_action=miss ts=1773665664.8216991
[CREATOR][DEBUG] bonding_curve=no context: slot=406797708 blockTime=1773665596 err=None
[CREATOR][DEBUG] validation_notes=['could not scope create_outer_index; scanning top-level only', 'mint not created/initialized in this tx (likely pool-init or swap)']
[RPC_METRICS] record_request source_file=realtime_creator_funding_extractor method=getTransaction credits=10 cache_action=miss ts=1773665664.905041
[CREATOR][DEBUG] bonding_curve=no context: slot=406797708 blockTime=1773665596 err=None
[CREATOR][DEBUG] validation_notes=['could not scope create_outer_index; scanning top-level only', 'mint not created/initialized in this tx (likely pool-init or swap)']
[POOL_DETECT_RETRY] ⏱️  Retry attempt after 10s for EwXrb5kGhRTNKCo7...
[RPC_METRICS] record_request source_file=realtime_creator_funding_extractor method=getTransaction credits=10 cache_action=miss ts=1773665664.980659
[RPC_METRICS] record_request source_file=realtime_creator_funding_extractor method=getTransaction credits=10 cache_action=miss ts=1773665665.057943
[CREATOR][DEBUG] bonding_curve=no context: slot=406797709 blockTime=1773665597 err=None
[CREATOR][DEBUG] validation_notes=['could not scope create_outer_index; scanning top-level only', 'mint not created/initialized in this tx (likely pool-init or swap)']
[RPC_METRICS] record_request source_file=realtime_creator_funding_extractor method=getTransaction credits=10 cache_action=miss ts=1773665665.139499
[RPC_METRICS] record_request source_file=realtime_creator_funding_extractor method=getTransaction credits=10 cache_action=miss ts=1773665665.217181
[CREATOR][DEBUG] bonding_curve=no context: slot=406797709 blockTime=1773665597 err=None
[CREATOR][DEBUG] validation_notes=['could not scope create_outer_index; scanning top-level only', 'mint not created/initialized in this tx (likely pool-init or swap)']
[RPC_METRICS] record_request source_file=realtime_creator_funding_extractor method=getTransaction credits=10 cache_action=miss ts=1773665665.303659
[RPC_METRICS] record_request source_file=realtime_creator_funding_extractor method=getTransaction credits=10 cache_action=miss ts=1773665665.382449
[CREATOR][DEBUG] bonding_curve=no context: slot=406797709 blockTime=1773665597 err=None
[CREATOR][DEBUG] validation_notes=['could not scope create_outer_index; scanning top-level only', 'mint not created/initialized in this tx (likely pool-init or swap)']
[RPC_METRICS] record_request source_file=realtime_creator_funding_extractor method=getTransaction credits=10 cache_action=miss ts=1773665665.468926
[RPC_METRICS] record_request source_file=realtime_creator_funding_extractor method=getTransaction credits=10 cache_action=miss ts=1773665665.5517619
[RPC_METRICS] record_request source_file=realtime_creator_funding_extractor method=getTransaction credits=10 cache_action=miss ts=1773665665.63765
[CREATOR][DEBUG] bonding_curve=no context: slot=406797710 blockTime=1773665597 err=None
[CREATOR][DEBUG] validation_notes=['could not scope create_outer_index; scanning top-level only', 'mint not created/initialized in this tx (likely pool-init or swap)']
[RPC_METRICS] record_request source_file=realtime_creator_funding_extractor method=getTransaction credits=10 cache_action=miss ts=1773665665.717464
[RPC_METRICS] record_request source_file=realtime_creator_funding_extractor method=getTransaction credits=10 cache_action=miss ts=1773665665.793775
[RPC_METRICS] record_request source_file=realtime_creator_funding_extractor method=getTransaction credits=10 cache_action=miss ts=1773665665.86927
[CREATOR][DEBUG] bonding_curve=no context: slot=406797710 blockTime=1773665597 err=None
[CREATOR][DEBUG] validation_notes=['could not scope create_outer_index; scanning top-level only', 'mint not created/initialized in this tx (likely pool-init or swap)']
[RPC_METRICS] record_request source_file=realtime_creator_funding_extractor method=getTransaction credits=10 cache_action=miss ts=1773665665.945834
[CREATOR][DEBUG] bonding_curve=no context: slot=406797711 blockTime=1773665597 err=None
[CREATOR][DEBUG] validation_notes=['could not scope create_outer_index; scanning top-level only', 'mint not created/initialized in this tx (likely pool-init or swap)']
[RPC_METRICS] record_request source_file=realtime_creator_funding_extractor method=getTransaction credits=10 cache_action=miss ts=1773665666.085391
[RPC_METRICS] record_request source_file=realtime_creator_funding_extractor method=getTransaction credits=10 cache_action=miss ts=1773665666.161768
[CREATOR][DEBUG] bonding_curve=no context: slot=406797712 blockTime=1773665598 err=None
[CREATOR][DEBUG] validation_notes=['could not scope create_outer_index; scanning top-level only', 'mint not created/initialized in this tx (likely pool-init or swap)']
[RPC_METRICS] record_request source_file=realtime_creator_funding_extractor method=getTransaction credits=10 cache_action=miss ts=1773665666.236591
[RPC_METRICS] record_request source_file=realtime_creator_funding_extractor method=getTransaction credits=10 cache_action=miss ts=1773665666.3359659
[CREATOR][DEBUG] bonding_curve=no context: slot=406797712 blockTime=1773665598 err=None
[CREATOR][DEBUG] validation_notes=['mint not created/initialized in this tx (likely pool-init or swap)']
[RPC_METRICS] record_request source_file=realtime_creator_funding_extractor method=getTransaction credits=10 cache_action=miss ts=1773665666.418226
[RPC_METRICS] record_request source_file=realtime_creator_funding_extractor method=getTransaction credits=10 cache_action=miss ts=1773665666.493676
[CREATOR][DEBUG] bonding_curve=no context: slot=406797712 blockTime=1773665598 err=None
[CREATOR][DEBUG] validation_notes=['could not scope create_outer_index; scanning top-level only', 'mint not created/initialized in this tx (likely pool-init or swap)']
[RPC_METRICS] record_request source_file=realtime_creator_funding_extractor method=getTransaction credits=10 cache_action=miss ts=1773665666.572821
[RPC_METRICS] record_request source_file=realtime_creator_funding_extractor method=getTransaction credits=10 cache_action=miss ts=1773665666.6605198
[CREATOR][DEBUG] bonding_curve=no context: slot=406797712 blockTime=1773665598 err=None
[CREATOR][DEBUG] validation_notes=['could not scope create_outer_index; scanning top-level only', 'mint not created/initialized in this tx (likely pool-init or swap)']
[RPC_METRICS] record_request source_file=realtime_creator_funding_extractor method=getTransaction credits=10 cache_action=miss ts=1773665666.753081
[RPC_METRICS] record_request source_file=realtime_creator_funding_extractor method=getTransaction credits=10 cache_action=miss ts=1773665666.848963
[CREATOR][DEBUG] bonding_curve=no context: slot=406797712 blockTime=1773665598 err=None
[CREATOR][DEBUG] validation_notes=['could not scope create_outer_index; scanning top-level only', 'mint not created/initialized in this tx (likely pool-init or swap)']
[RPC_METRICS] record_request source_file=realtime_creator_funding_extractor method=getTransaction credits=10 cache_action=miss ts=1773665666.926794
[RPC_METRICS] record_request source_file=realtime_creator_funding_extractor method=getTransaction credits=10 cache_action=miss ts=1773665667.016311
[CREATOR][DEBUG] bonding_curve=no context: slot=406797713 blockTime=1773665598 err=None
[CREATOR][DEBUG] validation_notes=['could not scope create_outer_index; scanning top-level only', 'mint not created/initialized in this tx (likely pool-init or swap)']
[RPC_METRICS] record_request source_file=realtime_creator_funding_extractor method=getTransaction credits=10 cache_action=miss ts=1773665667.0994382
[CREATOR][DEBUG] bonding_curve=no context: slot=406797713 blockTime=1773665598 err=None
[CREATOR][DEBUG] validation_notes=['could not scope create_outer_index; scanning top-level only', 'mint not created/initialized in this tx (likely pool-init or swap)']
[RPC_METRICS] record_request source_file=realtime_creator_funding_extractor method=getTransaction credits=10 cache_action=miss ts=1773665667.1816509
[RPC_METRICS] record_request source_file=realtime_creator_funding_extractor method=getTransaction credits=10 cache_action=miss ts=1773665667.260751
[CREATOR][DEBUG] bonding_curve=no context: slot=406797713 blockTime=1773665598 err=None
[CREATOR][DEBUG] validation_notes=['could not scope create_outer_index; scanning top-level only', 'mint not created/initialized in this tx (likely pool-init or swap)']
[RPC_METRICS] record_request source_file=realtime_creator_funding_extractor method=getTransaction credits=10 cache_action=miss ts=1773665667.356291
[RPC_METRICS] record_request source_file=realtime_creator_funding_extractor method=getTransaction credits=10 cache_action=miss ts=1773665667.434497
[CREATOR][DEBUG] bonding_curve=no context: slot=406797714 blockTime=1773665599 err=None
[CREATOR][DEBUG] validation_notes=['could not scope create_outer_index; scanning top-level only', 'mint not created/initialized in this tx (likely pool-init or swap)']
[RPC_METRICS] record_request source_file=realtime_creator_funding_extractor method=getTransaction credits=10 cache_action=miss ts=1773665667.52765
[RPC_METRICS] record_request source_file=realtime_creator_funding_extractor method=getTransaction credits=10 cache_action=miss ts=1773665667.61662
[CREATOR][DEBUG] bonding_curve=no context: slot=406797715 blockTime=1773665599 err=None
[CREATOR][DEBUG] validation_notes=['could not scope create_outer_index; scanning top-level only', 'mint not created/initialized in this tx (likely pool-init or swap)']
[RPC_METRICS] record_request source_file=realtime_creator_funding_extractor method=getTransaction credits=10 cache_action=miss ts=1773665667.690889
[REALTIME_FUNDING] ✅ Extracted outgoing transfers for 22a8SKcjZxTT2umT...
[FUNDING] ✅ Creator funding extraction complete
[FUNDER_EXTRACTION] ⏭️ Skipped (auto_extract_funders toggle is OFF)
[CLUSTERING] ⏳ Queueing network clustering task...
[CLUSTER_QUEUE] 📋 Task 'super_clusters_rebuild' enqueued | Queue size: 1
[CLUSTERING] ✅ Clustering task enqueued for processing
[CLUSTER_QUEUE] 🚀 Queue processor started
[CLUSTER_QUEUE] ⏳ Processing task 'super_clusters_rebuild' (0 in queue)
[CLUSTERING] 🔄 Rebuilding super_clusters from funding data...
[CLUSTERING]    Found 326 creators with complete funding extraction
[CREATOR][DEBUG] bonding_curve=no context: slot=406797715 blockTime=1773665599 err=None
[CREATOR][DEBUG] validation_notes=['could not scope create_outer_index; scanning top-level only', 'mint not created/initialized in this tx (likely pool-init or swap)']
[CLUSTERING] ✅ Assigned 23 creators to networks
[CLUSTERING] ✅ Assigned 100 funders to networks (funding real addresses)
[CLUSTERING] ✅ Updated super_cluster metadata
[CLUSTER_QUEUE] ✅ Task 'super_clusters_rebuild' completed successfully
[CREATOR][DEBUG] bonding_curve=no context: slot=406797715 blockTime=1773665599 err=None
[CREATOR][DEBUG] validation_notes=['could not scope create_outer_index; scanning top-level only', 'mint not created/initialized in this tx (likely pool-init or swap)']
[CREATOR][DEBUG] bonding_curve=no context: slot=406797715 blockTime=1773665599 err=None
[CREATOR][DEBUG] validation_notes=['could not scope create_outer_index; scanning top-level only', 'mint not created/initialized in this tx (likely pool-init or swap)']
[CREATOR][DEBUG] bonding_curve=no context: slot=406797715 blockTime=1773665599 err=None
[CREATOR][DEBUG] validation_notes=['mint not created/initialized in this tx (likely pool-init or swap)']
[POOL_DETECT] No valid pool found in transaction. Trying fallback vault discovery...
[CREATOR][DEBUG] bonding_curve=no context: slot=406797715 blockTime=1773665599 err=None
[CREATOR][DEBUG] validation_notes=['could not scope create_outer_index; scanning top-level only', 'mint not created/initialized in this tx (likely pool-init or swap)']
[POOL_DETECT_RETRY] ⏱️  Retry attempt after 10s for ATTsaTaBTHPtXUv7...
[CREATOR][DEBUG] bonding_curve=no context: slot=406797716 blockTime=1773665599 err=None
[CREATOR][DEBUG] validation_notes=['could not scope create_outer_index; scanning top-level only', 'mint not created/initialized in this tx (likely pool-init or swap)']
[CREATOR][DEBUG] bonding_curve=no context: slot=406797716 blockTime=1773665599 err=None
[CREATOR][DEBUG] validation_notes=['could not scope create_outer_index; scanning top-level only', 'mint not created/initialized in this tx (likely pool-init or swap)']
[CREATOR][DEBUG] bonding_curve=no context: slot=406797716 blockTime=1773665599 err=None
[CREATOR][DEBUG] validation_notes=['could not scope create_outer_index; scanning top-level only', 'mint not created/initialized in this tx (likely pool-init or swap)']
[CREATOR][DEBUG] bonding_curve=no context: slot=406797717 blockTime=1773665600 err=None
[CREATOR][DEBUG] validation_notes=['could not scope create_outer_index; scanning top-level only', 'mint not created/initialized in this tx (likely pool-init or swap)']
[CREATOR][DEBUG] bonding_curve=no context: slot=406797717 blockTime=1773665600 err=None
[CREATOR][DEBUG] validation_notes=['could not scope create_outer_index; scanning top-level only', 'mint not created/initialized in this tx (likely pool-init or swap)']
[CREATOR][DEBUG] bonding_curve=no context: slot=406797717 blockTime=1773665600 err=None
[CREATOR][DEBUG] validation_notes=['could not scope create_outer_index; scanning top-level only', 'mint not created/initialized in this tx (likely pool-init or swap)']
[POOL_DETECT_FALLBACK] Failed to resolve pool via vaults
[POOL_DETECT] All pool discovery methods failed for EwXrb5kGhRTNKCo7TpAjc4PoWuq9GbveWpiCMtdKpump
[POOL_DETECT_RETRY] ⏭️  Still no pool after 10s
[CREATOR][DEBUG] bonding_curve=no context: slot=406797717 blockTime=1773665600 err=None
[CREATOR][DEBUG] validation_notes=['could not scope create_outer_index; scanning top-level only', 'mint not created/initialized in this tx (likely pool-init or swap)']
[CREATOR][DEBUG] bonding_curve=no context: slot=406797718 blockTime=1773665600 err=None
[CREATOR][DEBUG] validation_notes=['could not scope create_outer_index; scanning top-level only', 'mint not created/initialized in this tx (likely pool-init or swap)']
[CREATOR][DEBUG] bonding_curve=no context: slot=406797718 blockTime=1773665600 err=None
[CREATOR][DEBUG] validation_notes=['could not scope create_outer_index; scanning top-level only', 'mint not created/initialized in this tx (likely pool-init or swap)']
[CREATOR][DEBUG] bonding_curve=no context: slot=406797718 blockTime=1773665600 err=None
[CREATOR][DEBUG] validation_notes=['could not scope create_outer_index; scanning top-level only', 'mint not created/initialized in this tx (likely pool-init or swap)']
[CREATOR][DEBUG] bonding_curve=no context: slot=406797719 blockTime=1773665600 err=None
[CREATOR][DEBUG] validation_notes=['could not scope create_outer_index; scanning top-level only', 'mint not created/initialized in this tx (likely pool-init or swap)']
[CREATOR][DEBUG] bonding_curve=no context: slot=406797720 blockTime=1773665601 err=None
[CREATOR][DEBUG] validation_notes=['could not scope create_outer_index; scanning top-level only', 'mint not created/initialized in this tx (likely pool-init or swap)']
[CREATOR][DEBUG] bonding_curve=no context: slot=406797720 blockTime=1773665601 err=None
[CREATOR][DEBUG] validation_notes=['could not scope create_outer_index; scanning top-level only', 'mint not created/initialized in this tx (likely pool-init or swap)']
[CREATOR][DEBUG] bonding_curve=no context: slot=406797720 blockTime=1773665601 err=None
[CREATOR][DEBUG] validation_notes=['mint not created/initialized in this tx (likely pool-init or swap)']
[CREATOR][DEBUG] bonding_curve=no context: slot=406797720 blockTime=1773665601 err=None
[CREATOR][DEBUG] validation_notes=['mint not created/initialized in this tx (likely pool-init or swap)']
[CREATOR][DEBUG] bonding_curve=no context: slot=406797720 blockTime=1773665601 err=None
[CREATOR][DEBUG] validation_notes=['mint not created/initialized in this tx (likely pool-init or swap)']
[CREATOR][DEBUG] bonding_curve=no context: slot=406797720 blockTime=1773665601 err=None
[CREATOR][DEBUG] validation_notes=['mint not created/initialized in this tx (likely pool-init or swap)']
[CREATOR][DEBUG] bonding_curve=no context: slot=406797720 blockTime=1773665601 err=None
[CREATOR][DEBUG] validation_notes=['mint not created/initialized in this tx (likely pool-init or swap)']
[CREATOR][DEBUG] bonding_curve=no context: slot=406797720 blockTime=1773665601 err=None
[CREATOR][DEBUG] validation_notes=['mint not created/initialized in this tx (likely pool-init or swap)']
[CREATOR][DEBUG] bonding_curve=no context: slot=406797720 blockTime=1773665601 err=None
[CREATOR][DEBUG] validation_notes=['mint not created/initialized in this tx (likely pool-init or swap)']
[POOL_DETECT] No valid pool found in transaction. Trying fallback vault discovery...
[CREATOR][DEBUG] bonding_curve=no context: slot=406797720 blockTime=1773665601 err=None
[CREATOR][DEBUG] validation_notes=['mint not created/initialized in this tx (likely pool-init or swap)']
[CREATOR][DEBUG] bonding_curve=no context: slot=406797720 blockTime=1773665601 err=None
[CREATOR][DEBUG] validation_notes=['mint not created/initialized in this tx (likely pool-init or swap)']
[CREATOR][DEBUG] bonding_curve=no context: slot=406797720 blockTime=1773665601 err=None
[CREATOR][DEBUG] validation_notes=['could not scope create_outer_index; scanning top-level only', 'mint not created/initialized in this tx (likely pool-init or swap)']
[CREATOR][DEBUG] bonding_curve=no context: slot=406797720 blockTime=1773665601 err=None
[CREATOR][DEBUG] validation_notes=['could not scope create_outer_index; scanning top-level only', 'mint not created/initialized in this tx (likely pool-init or swap)']
[CLUSTER_QUEUE] 🏁 Queue processor stopped
[CLUSTER_QUEUE] 📊 Stats: Queued=5, Processed=5, Failed=0, Retried=0
[CREATOR][DEBUG] bonding_curve=no context: slot=406797720 blockTime=1773665601 err=None
[CREATOR][DEBUG] validation_notes=['could not scope create_outer_index; scanning top-level only', 'mint not created/initialized in this tx (likely pool-init or swap)']
[CREATOR][DEBUG] bonding_curve=no context: slot=406797720 blockTime=1773665601 err=None
[CREATOR][DEBUG] validation_notes=['could not scope create_outer_index; scanning top-level only', 'mint not created/initialized in this tx (likely pool-init or swap)']
[CREATOR][DEBUG] bonding_curve=no context: slot=406797720 blockTime=1773665601 err=None
[CREATOR][DEBUG] validation_notes=['mint not created/initialized in this tx (likely pool-init or swap)']
[CREATOR][DEBUG] bonding_curve=no context: slot=406797720 blockTime=1773665601 err=None
[CREATOR][DEBUG] validation_notes=['mint not created/initialized in this tx (likely pool-init or swap)']
[POOL_DETECT_FALLBACK] Failed to resolve pool via vaults
[POOL_DETECT] All pool discovery methods failed for ATTsaTaBTHPtXUv74Xonkpec2SeCd1JyVVrVVuFFpump
[POOL_DETECT_RETRY] ⏭️  Still no pool after 10s
[CREATOR][DEBUG] bonding_curve=no context: slot=406797720 blockTime=1773665601 err=None
[CREATOR][DEBUG] validation_notes=['could not scope create_outer_index; scanning top-level only', 'mint not created/initialized in this tx (likely pool-init or swap)']
[CREATOR][DEBUG] bonding_curve=no context: slot=406797720 blockTime=1773665601 err=None
[CREATOR][DEBUG] validation_notes=['mint not created/initialized in this tx (likely pool-init or swap)']
[CREATOR][DEBUG] bonding_curve=no context: slot=406797720 blockTime=1773665601 err=None
[CREATOR][DEBUG] validation_notes=['mint not created/initialized in this tx (likely pool-init or swap)']
[CREATOR][DEBUG] bonding_curve=no context: slot=406797720 blockTime=1773665601 err=None
[CREATOR][DEBUG] validation_notes=['could not scope create_outer_index; scanning top-level only', 'mint not created/initialized in this tx (likely pool-init or swap)']
[CREATOR][DEBUG] bonding_curve=no context: slot=406797720 blockTime=1773665601 err=None
[CREATOR][DEBUG] validation_notes=['could not scope create_outer_index; scanning top-level only', 'mint not created/initialized in this tx (likely pool-init or swap)']
[CREATOR] Page 1: checked=80/766 candidates (budget=80), no strict CREATE yet
[RPC_METRICS] record_request source_file=unknown method=getSignaturesForAddress credits=10 cache_action=none ts=1773665674.417814
[CREATOR] Page 2: prefilter candidates=207 (checking first 80), skipped_post_migration=0, skipped_errored=47
[CREATOR] ✓ Found initializemint2 for mint=EwXrb5kGhRTNKCo7TpAjc4PoWuq9GbveWpiCMtdKpump via program_id=TokenzQdBNbLqP5VEhdkAS6EPFLC1PHnBqCXEpPxuEb program=spl-token
[CREATOR] ✅ Found STRICT Pump.fun CREATE tx: 5c6BwyBCPULpNEVpZ8aBWhap8SCLw9S29oMRBiDt8pK68hW8vKQ5NFLXAARuiYCCik1ftKEhojA7f4wbWAy53Brt
[CREATOR] ✓ CREATE fee payer (creator): AvcWA3ngM55sSpjh1FZthmqA7V6BHo4f555a8w3Wv3ij
[CREATOR] ✓ Bonding curve: 2QSeQJBQPRmgshVfNtweJHRGUW36hrpTxJczB95FAZf3 (proven_end=False)
[RPC_METRICS] record_request source_file=unknown method=getSignaturesForAddress credits=10 cache_action=none ts=1773665674.737889
[RPC_METRICS] record_request source_file=unknown method=getSignaturesForAddress credits=10 cache_action=none ts=1773665674.9251578
[RPC_METRICS] record_request source_file=unknown method=getSignaturesForAddress credits=10 cache_action=none ts=1773665675.1074991
[CREATOR] 🕐 Using on-chain time from earliest tx: 2026-03-16T12:52:57Z
[CREATOR] ✅ Extracted from earliest tx: AvcWA3ngM55sSpjh1FZthmqA7V6BHo4f555a8w3Wv3ij (confirmed) | CREATE tx validated: 5c6BwyBCPULpNEVpZ8aB...
[CLUSTER] Error checking creator AvcWA3ngM55sSpjh1FZthmqA7V6BHo4f555a8w3Wv3ij: No module named 'cluster_risk_checker'
[DB] ✅ Updated token entry with creator: AvcWA3ng... | Created: 2026-03-16T12:52:57Z | CREATE tx: 5c6BwyBCPULpNEVpZ8aB...
[SETTINGS] Token history ❌ OFF - skipping token history analysis
[MIGRATION] ✅ CRITICAL PATH COMPLETE - Token EwXrb5kG... with creator AvcWA3ng... is now visible in UI
[BACKGROUND] 📤 Background tasks spawned (fire-and-forget)
[BACKGROUND] 🚀 Starting background funding and clustering tasks...
[FUNDING] ⏳ Starting creator funding extraction for AvcWA3ng...
[REALTIME_FUNDING] 📊 Recording RPC metrics for creator funding extraction: AvcWA3ngM55sSpjh...
[PERF] SQLite optimizations applied (WAL mode, 50MB cache, 60s busy timeout)
[REALTIME_FUNDING] 🔍 Extracting creator funding for AvcWA3ngM55sSpjh...
[REALTIME_FUNDING]    Migration timestamp: 2026-03-16T12:52:57Z
[REALTIME_FUNDING]    Will fetch up to 1 month of history
[REALTIME_FUNDING]    Fetching all pre-migration transactions from Helius API...
[REALTIME_FUNDING]    ℹ No cursor found for AvcWA3ngM55sSpjh... (first-time scan)
[REALTIME_FUNDING]    [PAGE 1] RPC CALL #1...
[RPC_METRICS] record_request source_file=realtime_creator_funding_extractor method=helius_enhanced_addresses_transactions credits=100 cache_action=full_scan ts=1773665676.0481951
[REALTIME_FUNDING]    [PAGE 1] fetched=100 txs
[DOMAIN] 📝 Found 1 domain(s) in tx 5gRsviCwJ5BNwQcU... {'🚀boostlegends-volumebot⭐.sol'}
[DOMAIN] 📝 Found 1 domain(s) in tx 2icGxX1UkUorGa56... {'🚀boostlegends-volumebot⭐.sol'}
[DOMAIN] 📝 Found 1 domain(s) in tx FzCDtffhdHyrmszo... {'🚀boostlegends-volumebot⭐.sol'}
[DOMAIN] 📝 Found 1 domain(s) in tx 3BBbbUF9ef5v2agK... {'telegramSolReapbot.trumpgamecoin.sol'}
[DOMAIN] 📝 Found 1 domain(s) in tx Kgkcti2n8mHjUHAL... {'telegramSolReapbot.trumpgamecoin.sol'}
[DOMAIN] 📝 Found 1 domain(s) in tx vccgxRzxrWGx1ysy... {'telegramSolReapbot.trumpgamecoin.sol'}
[DOMAIN] 📝 Found 1 domain(s) in tx 52SbGHbgT5Xjd6f7... {'telegramSolReapbot.trumpgamecoin.sol'}
[DOMAIN] 📝 Found 1 domain(s) in tx 2vWntgzGFbbiJnoF... {'telegramSolReapbot.trumpgamecoin.sol'}
[DOMAIN] 📝 Found 1 domain(s) in tx 4MZCjuoCYTzuysQg... {'telegramSolReapbot.trumpgamecoin.sol'}
[DOMAIN] 📝 Found 1 domain(s) in tx 4JrTtzzskdMmwpbY... {'telegramSolReapbot.trumpgamecoin.sol'}
[DOMAIN] 📝 Found 1 domain(s) in tx ZSQk9TG2pJoywQGU... {'telegramSolReapbot.trumpgamecoin.sol'}
[DOMAIN] 📝 Found 1 domain(s) in tx 3pZ1UGrUbtHA1DoQ... {'telegramSolReapbot.trumpgamecoin.sol'}
[DOMAIN] 📝 Found 1 domain(s) in tx 3knzge8iwWc9Pm57... {'telegramSolReapbot.trumpgamecoin.sol'}
[DOMAIN] 📝 Found 1 domain(s) in tx MjRwMd7t3cLDe4SN... {'telegramSolReapbot.trumpgamecoin.sol'}
[DOMAIN] 📝 Found 1 domain(s) in tx 4FV61CFT3ydmb7wW... {'telegramSolReapbot.trumpgamecoin.sol'}
[DOMAIN] 📝 Found 1 domain(s) in tx 5TeBwzzkrLMmhNwd... {'telegramSolReapbot.trumpgamecoin.sol'}
[RPC_METRICS] record_request source_file=realtime_creator_funding_extractor method=sns_primary_domains credits=0 cache_action=none ts=1773665676.3784032
[RPC_METRICS] record_request source_file=realtime_creator_funding_extractor method=sns_primary_domains credits=0 cache_action=none ts=1773665676.5139709
[RPC_METRICS] record_request source_file=realtime_creator_funding_extractor method=sns_primary_domains credits=0 cache_action=none ts=1773665676.664129
[DOMAIN] 📝 Found 1 domain(s) in tx 5UCiwpNDv6ShuBjj... {'Flip.gg → Trusted Since 2021......-33997.flipgg.sol'}
[DOMAIN] 📝 Found 1 domain(s) in tx 3EYXb6ygSLqVGQEG... {'Flip.gg → Trusted Since 2021......-33997.flipgg.sol'}
[DOMAIN] 📝 Found 1 domain(s) in tx GXDqF2ezDGnSSZqw... {'Flip.gg → Trusted Since 2021......-33997.flipgg.sol'}
[DOMAIN] 📝 Found 1 domain(s) in tx jZymtxdLxkKMzeV5... {'Eligible wallet? → Flip.gg🍀🎰-33996.flipgg.sol'}
[DOMAIN] 📝 Found 1 domain(s) in tx 2EQuFeGup7M7ezpN... {'Eligible wallet? → Flip.gg🍀🎰-33996.flipgg.sol'}
[DOMAIN] 📝 Found 1 domain(s) in tx 5KkLQqoMCmETez9u... {'Eligible wallet? → Flip.gg🍀🎰-33996.flipgg.sol'}
[REALTIME_FUNDING]      ✅ Jito tip (0.000010 SOL, 40.0%) detected in  tx 2eFF69iBa7q5vio28HFp...
[DOMAIN] 📝 Found 1 domain(s) in tx FXo7sPqZActR3wan... {'🚀boostlegends-volumebot⭐.sol'}
[RPC_METRICS] record_request source_file=realtime_creator_funding_extractor method=sns_primary_domains credits=0 cache_action=none ts=1773665676.888808
[JITO] 🪂 Batch inserted 1 Jito events
[REALTIME_FUNDING]    [PAGE 1] ✓ 2 new funders | 🚫 578 dust
[REALTIME_FUNDING]    Total transactions fetched: 100
[REALTIME_FUNDING]    [PAGE 2] RPC CALL #2...
[RPC_METRICS] record_request source_file=realtime_creator_funding_extractor method=helius_enhanced_addresses_transactions credits=100 cache_action=full_scan ts=1773665678.179668
[REALTIME_FUNDING]    [PAGE 2] fetched=100 txs
[REALTIME_FUNDING]      ✅ Jito tip (0.000010 SOL, 40.0%) detected in  tx fLBJgQUgzH4hr9JT7Yo9...
[DOMAIN] 📝 Found 1 domain(s) in tx 63onAmUXdkqhjeN2... {'Flip.gg → Trusted Since 2021......-33967.flipgg.sol'}
[DOMAIN] 📝 Found 1 domain(s) in tx 4dDP9wy5ahKtCgjG... {'Eligible wallet? → Flip.gg🍀🎰-33966.flipgg.sol'}
[DOMAIN] 📝 Found 1 domain(s) in tx 3kfjEBeWcgshgaAD... {'Flip.gg → Trusted Since 2021......-33967.flipgg.sol'}
[DOMAIN] 📝 Found 1 domain(s) in tx 3VW3jXW2SP2UqnBL... {'Eligible wallet? → Flip.gg🍀🎰-33966.flipgg.sol'}
[DOMAIN] 📝 Found 1 domain(s) in tx 2QM8VN7hRQL24Ecm... {'Eligible wallet? → Flip.gg🍀🎰-33952.flipgg.sol'}
[DOMAIN] 📝 Found 1 domain(s) in tx 2TzjjeTLrUim889k... {'Flip.gg → Trusted Since 2021......-33953.flipgg.sol'}
[RPC_METRICS] record_request source_file=realtime_creator_funding_extractor method=sns_primary_domains credits=0 cache_action=none ts=1773665678.408223
[DOMAIN] 📝 Found 1 domain(s) in tx 3pyHsXkswo1oNX7j... {'Flip.gg → Trusted Since 2021......-33797.flipgg.sol'}
[RPC_METRICS] record_request source_file=realtime_creator_funding_extractor method=sns_primary_domains credits=0 cache_action=none ts=1773665678.571858
[DOMAIN] 📝 Found 1 domain(s) in tx 3KGrEvGMju9w9yz7... {'Eligible wallet? → Flip.gg🍀🎰-33796.flipgg.sol'}
[DOMAIN] 📝 Found 1 domain(s) in tx 2hFJepY9svbcy2yL... {'Eligible wallet? → Flip.gg🍀🎰-33796.flipgg.sol'}
[DOMAIN] 📝 Found 1 domain(s) in tx 2VNs5fZikfattyRs... {'Flip.gg → Trusted Since 2021......-33797.flipgg.sol'}
[REALTIME_FUNDING]      ✅ Jito tip (0.000010 SOL, 40.0%) detected in AvcWA3ngM55sSpjh1FZthmqA7V6BHo4f555a8w3Wv3ij transferred 5.177064 USD1 to AQAGYQsdU853WAKhXM79CgNdoyhrRwXvYHX6qrDyC1FS. tx 5CE9Y6dnzPB3StNWf6ov...
[RPC_METRICS] record_request source_file=realtime_creator_funding_extractor method=sns_primary_domains credits=0 cache_action=none ts=1773665678.763524
[RPC_METRICS] record_request source_file=realtime_creator_funding_extractor method=sns_primary_domains credits=0 cache_action=none ts=1773665678.89677
[DOMAIN] 📝 Found 1 domain(s) in tx 3c2tH8QHE2ytKy3z... {'Eligible wallet? → Flip.gg🍀🎰-33744.flipgg.sol'}
[DOMAIN] 📝 Found 1 domain(s) in tx PuXF4W9SZUoRFLVA... {'Eligible wallet? → Flip.gg🍀🎰-33744.flipgg.sol'}
[DOMAIN] 📝 Found 1 domain(s) in tx nCVAqf4tDfZRHxxT... {'Eligible wallet? → Flip.gg🍀🎰-33744.flipgg.sol'}
[DOMAIN] 📝 Found 1 domain(s) in tx 3r6xwa3S97yrMQWx... {'Flip.gg → Trusted Since 2021......-33745.flipgg.sol'}
[RPC_METRICS] record_request source_file=realtime_creator_funding_extractor method=sns_primary_domains credits=0 cache_action=none ts=1773665679.087605
[RPC_METRICS] record_request source_file=realtime_creator_funding_extractor method=sns_primary_domains credits=0 cache_action=none ts=1773665679.27132
[DOMAIN] 📝 Found 1 domain(s) in tx qgdQYJf59pBxnMpa... {'🚀boostlegends-volumebot⭐.sol'}
[DOMAIN] 📝 Found 1 domain(s) in tx 3dthj4CnBJXqVo2e... {'🚀boostlegends-volumebot⭐.sol'}
[DOMAIN] 📝 Found 1 domain(s) in tx g1zNSaXGVgHLppLm... {'🚀boostlegends-volumebot⭐.sol'}
[REALTIME_FUNDING]      ✅ Jito tip (0.000010 SOL, 40.0%) detected in  tx yFA3ZgJd21guHLZJaEPk...
[DOMAIN] 📝 Found 1 domain(s) in tx 23j7WWCdg4d66riT... {'Eligible wallet? → Flip.gg🍀🎰-33730.flipgg.sol'}
[DOMAIN] 📝 Found 1 domain(s) in tx 2cAfK6HVXTcrkBUg... {'Flip.gg → Trusted Since 2021......-33731.flipgg.sol'}
[DOMAIN] 📝 Found 1 domain(s) in tx f5GkH17RgZ1HPRHr... {'Eligible wallet? → Flip.gg🍀🎰-33730.flipgg.sol'}
[DOMAIN] 📝 Found 1 domain(s) in tx 4TAoLZjbs4aAu1f7... {'Flip.gg → Trusted Since 2021......-33731.flipgg.sol'}
[DOMAIN] 📝 Found 1 domain(s) in tx 4B4ud5Ey2RgSsvB3... {'Flip.gg → Trusted Since 2021......-33731.flipgg.sol'}
[DOMAIN] 📝 Found 1 domain(s) in tx 51P6zXExoRhew1By... {'Eligible wallet? → Flip.gg🍀🎰-33730.flipgg.sol'}
[DOMAIN] 📝 Found 1 domain(s) in tx 3F5VwrhDhQFfGNzT... {'Eligible wallet? → Flip.gg🍀🎰-33730.flipgg.sol'}
[DOMAIN] 📝 Found 1 domain(s) in tx NehzA3UssdUSCTTV... {'Flip.gg → Trusted Since 2021......-33731.flipgg.sol'}
[DOMAIN] 📝 Found 1 domain(s) in tx 5wvZ3F6kTFdKL6yt... {'Eligible wallet? → Flip.gg🍀🎰-33730.flipgg.sol'}
[DOMAIN] 📝 Found 1 domain(s) in tx 3yjHReYcJJwZT6ic... {'Flip.gg → Trusted Since 2021......-33731.flipgg.sol'}
[DOMAIN] 📝 Found 1 domain(s) in tx 5Ys6n7wzmDvt6koK... {'Flip.gg → Trusted Since 2021......-33731.flipgg.sol'}
[DOMAIN] 📝 Found 1 domain(s) in tx 3A2KRNcf5YP7btdN... {'Eligible wallet? → Flip.gg🍀🎰-33730.flipgg.sol'}
[DOMAIN] 📝 Found 1 domain(s) in tx 5gzaVgMmmGvYbi2m... {'Flip.gg → Trusted Since 2021......-33731.flipgg.sol'}
[DOMAIN] 📝 Found 1 domain(s) in tx 4EHwnPZJjwfgqiAp... {'Eligible wallet? → Flip.gg🍀🎰-33730.flipgg.sol'}
[DOMAIN] 📝 Found 1 domain(s) in tx 5VE1ervtd1bodRvV... {'Flip.gg → Trusted Since 2021......-33731.flipgg.sol'}
[DOMAIN] 📝 Found 1 domain(s) in tx 431i7LEx8SjdgDC6... {'Eligible wallet? → Flip.gg🍀🎰-33730.flipgg.sol'}
[DOMAIN] 📝 Found 1 domain(s) in tx 46z5kBbDfdnLEjuf... {'Eligible wallet? → Flip.gg🍀🎰-33730.flipgg.sol'}
[DOMAIN] 📝 Found 1 domain(s) in tx cgxYjJrapXCfa9Y3... {'Flip.gg → Trusted Since 2021......-33731.flipgg.sol'}
[DOMAIN] 📝 Found 1 domain(s) in tx 3mhTfn7xGGApDKGF... {'Eligible wallet? → Flip.gg🍀🎰-33730.flipgg.sol'}
[DOMAIN] 📝 Found 1 domain(s) in tx 3nM6A5b94F28FBvb... {'Flip.gg → Trusted Since 2021......-33725.flipgg.sol'}
[DOMAIN] 📝 Found 1 domain(s) in tx 5LJsPNkSaQ4n7FF7... {'Flip.gg → Trusted Since 2021......-33725.flipgg.sol'}
[DOMAIN] 📝 Found 1 domain(s) in tx 5nUigR2XgfSpo2FH... {'Flip.gg → Trusted Since 2021......-33725.flipgg.sol'}
[DOMAIN] 📝 Found 1 domain(s) in tx 541ekVhAYYevnr1C... {'Flip.gg → Trusted Since 2021......-33725.flipgg.sol'}
[DOMAIN] 📝 Found 1 domain(s) in tx aSEKceLKAUuiVjgx... {'Flip.gg → Trusted Since 2021......-33725.flipgg.sol'}
[RPC_METRICS] record_request source_file=realtime_creator_funding_extractor method=sns_primary_domains credits=0 cache_action=none ts=1773665680.2067032
[JITO] 🪂 Batch inserted 3 Jito events
[REALTIME_FUNDING]    [PAGE 2] ✓ 1 new funders | 🚫 887 dust
[REALTIME_FUNDING]    Total transactions fetched: 200
[REALTIME_FUNDING]    [PAGE 3] RPC CALL #3...
[RPC_METRICS] record_request source_file=realtime_creator_funding_extractor method=helius_enhanced_addresses_transactions credits=100 cache_action=full_scan ts=1773665681.7500758
[REALTIME_FUNDING]    [PAGE 3] fetched=100 txs
[DOMAIN] 📝 Found 1 domain(s) in tx 5LJsPNkSaQ4n7FF7... {'Flip.gg → Trusted Since 2021......-33725.flipgg.sol'}
[DOMAIN] 📝 Found 1 domain(s) in tx 5nUigR2XgfSpo2FH... {'Flip.gg → Trusted Since 2021......-33725.flipgg.sol'}
[DOMAIN] 📝 Found 1 domain(s) in tx 541ekVhAYYevnr1C... {'Flip.gg → Trusted Since 2021......-33725.flipgg.sol'}
[DOMAIN] 📝 Found 1 domain(s) in tx aSEKceLKAUuiVjgx... {'Flip.gg → Trusted Since 2021......-33725.flipgg.sol'}
[DOMAIN] 📝 Found 1 domain(s) in tx 5ozD9Spjoo7oPkMs... {'Flip.gg → Trusted Since 2021......-33725.flipgg.sol'}
[DOMAIN] 📝 Found 1 domain(s) in tx 1Lm3fDRXmZLHsZo8... {'Flip.gg → Trusted Since 2021......-33725.flipgg.sol'}
[REALTIME_FUNDING]      ✅ Jito tip (0.000010 SOL, 40.0%) detected in  tx 2BfMz7cR4uLpohU4p8AS...
[DOMAIN] 📝 Found 1 domain(s) in tx 27EeUPfgbh5VPGiA... {'Tg: SolReapbot | High Reward Smart Arbitrage ✅ 极速高回报狙击套利 电报👉 SolReapbot .trumpgamecoin.sol'}
[DOMAIN] 📝 Found 1 domain(s) in tx 4MV712r5eYv2XYDA... {'Eligible wallet? → Flip.gg🍀🎰-33562.flipgg.sol'}
[DOMAIN] 📝 Found 1 domain(s) in tx gGzbHzMyZidnBQxH... {'Eligible wallet? → Flip.gg🍀🎰-33562.flipgg.sol'}
[RPC_METRICS] record_request source_file=realtime_creator_funding_extractor method=sns_primary_domains credits=0 cache_action=none ts=1773665681.943562
[DOMAIN] 📝 Found 1 domain(s) in tx 4Ftp9b4CrCVZj4dk... {'Eligible wallet? → Flip.gg🍀🎰-33548.flipgg.sol'}
[RPC_METRICS] record_request source_file=realtime_creator_funding_extractor method=sns_primary_domains credits=0 cache_action=none ts=1773665682.174804
[DOMAIN] 📝 Found 1 domain(s) in tx 2CzxPvuYnh9x96jC... {'Flip.gg → Trusted Since 2021......-33549.flipgg.sol'}
[DOMAIN] 📝 Found 1 domain(s) in tx NcaeLt5D7BKwKgCu... {'pumpview▪️fun➖ai-tokens-analysis.sol'}
[DOMAIN] 📝 Found 1 domain(s) in tx 2cS8ENzb73gEVZwz... {'Eligible wallet? → Flip.gg🍀🎰-33524.flipgg.sol'}
[DOMAIN] 📝 Found 1 domain(s) in tx 2J7jcz7EpyQ1fKbx... {'Eligible wallet? → Flip.gg🍀🎰-33524.flipgg.sol'}
[DOMAIN] 📝 Found 1 domain(s) in tx 3rhsPen4JKFLVkUh... {'Eligible wallet? → Flip.gg🍀🎰-33524.flipgg.sol'}
[DOMAIN] 📝 Found 1 domain(s) in tx 4s2ESbWwsKLTRe71... {'Eligible wallet? → Flip.gg🍀🎰-33524.flipgg.sol'}
[DOMAIN] 📝 Found 1 domain(s) in tx 5TQQ24uRDw2sr3R1... {'Eligible wallet? → Flip.gg🍀🎰-33524.flipgg.sol'}
[DOMAIN] 📝 Found 1 domain(s) in tx kiFpEKwDqySFufoQ... {'Eligible wallet? → Flip.gg🍀🎰-33524.flipgg.sol'}
[DOMAIN] 📝 Found 1 domain(s) in tx 5Mb19UCP5KC3HEgy... {'Eligible wallet? → Flip.gg🍀🎰-33524.flipgg.sol'}
[DOMAIN] 📝 Found 1 domain(s) in tx 25uZkWpF3qupredA... {'Eligible wallet? → Flip.gg🍀🎰-33524.flipgg.sol'}
[DOMAIN] 📝 Found 1 domain(s) in tx 4N8uRCd5vyAYZ9k6... {'Eligible wallet? → Flip.gg🍀🎰-33524.flipgg.sol'}
[DOMAIN] 📝 Found 1 domain(s) in tx 4jVrJYVA2hDCeo1E... {'Eligible wallet? → Flip.gg🍀🎰-33524.flipgg.sol'}
[DOMAIN] 📝 Found 1 domain(s) in tx 2nW8Eofpun37pN3q... {'Eligible wallet? → Flip.gg🍀🎰-33524.flipgg.sol'}
[DOMAIN] 📝 Found 1 domain(s) in tx UKvDMrzoTEsfimyG... {'Eligible wallet? → Flip.gg🍀🎰-33524.flipgg.sol'}
[DOMAIN] 📝 Found 1 domain(s) in tx 4po28vV5SzkmnhgJ... {'Eligible wallet? → Flip.gg🍀🎰-33524.flipgg.sol'}
[DOMAIN] 📝 Found 1 domain(s) in tx 26mova2kzUHKUDqH... {'Eligible wallet? → Flip.gg🍀🎰-33524.flipgg.sol'}
[RPC_METRICS] record_request source_file=realtime_creator_funding_extractor method=sns_primary_domains credits=0 cache_action=none ts=1773665682.492002
[JITO] 🪂 Batch inserted 1 Jito events
[REALTIME_FUNDING]    [PAGE 3] ✓ 1 new funders | 🚫 908 dust
[REALTIME_FUNDING]    Total transactions fetched: 300
[REALTIME_FUNDING]    [PAGE 4] RPC CALL #4...
[RPC_METRICS] record_request source_file=realtime_creator_funding_extractor method=helius_enhanced_addresses_transactions credits=100 cache_action=full_scan ts=1773665684.662477
[REALTIME_FUNDING]    [PAGE 4] fetched=100 txs
[DOMAIN] 📝 Found 1 domain(s) in tx 63wjcU77UGzXjLJj... {'Eligible wallet? → Flip.gg🍀🎰-33510.flipgg.sol'}
[DOMAIN] 📝 Found 1 domain(s) in tx 2J6JFZzHVVQBWuH2... {'Eligible wallet? → Flip.gg🍀🎰-33510.flipgg.sol'}
[DOMAIN] 📝 Found 1 domain(s) in tx 31RWMAaHfv9GH12k... {'Flip.gg → Trusted Since 2021......-33511.flipgg.sol'}
[DOMAIN] 📝 Found 1 domain(s) in tx m8hKuP63gkPnnFhz... {'Flip.gg → Trusted Since 2021......-33511.flipgg.sol'}
[DOMAIN] 📝 Found 1 domain(s) in tx 2YJW1SDebgz8asfJ... {'Eligible wallet? → Flip.gg🍀🎰-33510.flipgg.sol'}
[DOMAIN] 📝 Found 1 domain(s) in tx 5MeWXci8rD7xGc1K... {'Flip.gg → Trusted Since 2021......-33511.flipgg.sol'}
[DOMAIN] 📝 Found 1 domain(s) in tx 5h6BdYe3ANrCVhED... {'Eligible wallet? → Flip.gg🍀🎰-33510.flipgg.sol'}
[DOMAIN] 📝 Found 1 domain(s) in tx 2HrRTsBNG7tL7ie8... {'pumpview.fun➖ai-tokens-scanner.sol'}
[DOMAIN] 📝 Found 1 domain(s) in tx 5Zjdz7xZfrvnuVEN... {'电报: SolReapbot | AI MEV 狙击机器人 | 高达5倍回报 ✅ AI-Powered MEV Sniper Bot | Up to 5x Returns TG👉 SolReapbot ✅.mind-the-store.sol'}
[RPC_METRICS] record_request source_file=realtime_creator_funding_extractor method=sns_primary_domains credits=0 cache_action=none ts=1773665685.054513
[RPC_METRICS] record_request source_file=realtime_creator_funding_extractor method=sns_primary_domains credits=0 cache_action=none ts=1773665685.2249851
[DOMAIN] 📝 Found 1 domain(s) in tx 3icGS42XwjfcFsSL... {'Eligible wallet? → Flip.gg🍀🎰-33496.flipgg.sol'}
[DOMAIN] 📝 Found 1 domain(s) in tx 3fcVM9zQ5irDQKzK... {'Eligible wallet? → Flip.gg🍀🎰-33496.flipgg.sol'}
[DOMAIN] 📝 Found 1 domain(s) in tx 357TUGAEiAUznqKm... {'Eligible wallet? → Flip.gg🍀🎰-33496.flipgg.sol'}
[DOMAIN] 📝 Found 1 domain(s) in tx 24iVgf3VdzhML3cV... {'Eligible wallet? → Flip.gg🍀🎰-33496.flipgg.sol'}
[RPC_METRICS] record_request source_file=realtime_creator_funding_extractor method=sns_primary_domains credits=0 cache_action=none ts=1773665685.439407
[DOMAIN] 📝 Found 1 domain(s) in tx 5d2pMbiawLWSufie... {'2.astralane.sol'}
[REALTIME_FUNDING]      ✅ Jito tip (0.000010 SOL, 40.0%) detected in  tx 3tbLsBVRqcdm2XgnKurH...
[DOMAIN] 📝 Found 1 domain(s) in tx 3r6acgYxEBu6xfK2... {'Flip.gg → Trusted Since 2021......-33491.flipgg.sol'}
[DOMAIN] 📝 Found 1 domain(s) in tx 1tFfFaAkcR3XpX8q... {'Flip.gg → Trusted Since 2021......-33491.flipgg.sol'}
[DOMAIN] 📝 Found 1 domain(s) in tx 34uL5vvVD2wJMSQe... {'Eligible wallet? → Flip.gg🍀🎰-33490.flipgg.sol'}
[DOMAIN] 📝 Found 1 domain(s) in tx 2dGYix3RsmohebtK... {'Eligible wallet? → Flip.gg🍀🎰-33490.flipgg.sol'}
[DOMAIN] 📝 Found 1 domain(s) in tx 577waAKgkqsSc4a6... {'Eligible wallet? → Flip.gg🍀🎰-33490.flipgg.sol'}
[DOMAIN] 📝 Found 1 domain(s) in tx 2BLYAWsy7z3DD1Ab... {'Flip.gg → Trusted Since 2021......-33491.flipgg.sol'}
[DOMAIN] 📝 Found 1 domain(s) in tx 5E8kcE458M66HP4r... {'Flip.gg → Trusted Since 2021......-33491.flipgg.sol'}
[DOMAIN] 📝 Found 1 domain(s) in tx 2M5Fn1nVJJPb3erA... {'Flip.gg → Trusted Since 2021......-33491.flipgg.sol'}
[DOMAIN] 📝 Found 1 domain(s) in tx 2Yv3PER3WacehcJG... {'Flip.gg → Trusted Since 2021......-33491.flipgg.sol'}
[DOMAIN] 📝 Found 1 domain(s) in tx cqaFPxQjUR8ANrEy... {'Eligible wallet? → Flip.gg🍀🎰-33490.flipgg.sol'}
[DOMAIN] 📝 Found 1 domain(s) in tx 4NtrLu5GD5XeTCbE... {'Flip.gg → Trusted Since 2021......-33491.flipgg.sol'}
[DOMAIN] 📝 Found 1 domain(s) in tx 2mYhTCyUsKVX1Gra... {'Flip.gg → Trusted Since 2021......-33491.flipgg.sol'}
[DOMAIN] 📝 Found 1 domain(s) in tx 5N9FHbenwrWAWwms... {'Eligible wallet? → Flip.gg🍀🎰-33490.flipgg.sol'}
[DOMAIN] 📝 Found 1 domain(s) in tx 5mvc3uFgTXzWgRyo... {'Eligible wallet? → Flip.gg🍀🎰-33490.flipgg.sol'}
[DOMAIN] 📝 Found 1 domain(s) in tx 28cYfzNnpvdaoYXB... {'Eligible wallet? → Flip.gg🍀🎰-33490.flipgg.sol'}
[REALTIME_FUNDING]      ✅ Jito tip (0.000010 SOL, 40.0%) detected in  tx 2qZKxXvcrU9sehwsdzdr...
[DOMAIN] 📝 Found 1 domain(s) in tx 3fnhHbYRpBjLwdKb... {'pumpview▪️fun➖ai-tokens-analysis.sol'}
[REALTIME_FUNDING]      ✅ Jito tip (0.000010 SOL, 40.0%) detected in  tx 4Kt72DkLEjJtNXE83FMR...
[DOMAIN] 📝 Found 1 domain(s) in tx 5duiZ8AXw8mANA2A... {'Flip.gg → Trusted Since 2021......-33491.flipgg.sol'}
[DOMAIN] 📝 Found 1 domain(s) in tx 21FybnwHSiuwdSLj... {'Eligible wallet? → Flip.gg🍀🎰-33490.flipgg.sol'}
[DOMAIN] 📝 Found 1 domain(s) in tx 25oxrN3zuYaM6XVy... {'Flip.gg → Trusted Since 2021......-33491.flipgg.sol'}
[DOMAIN] 📝 Found 1 domain(s) in tx gDiwkfpCom62nbay... {'Flip.gg → Trusted Since 2021......-33491.flipgg.sol'}
[DOMAIN] 📝 Found 1 domain(s) in tx 2b7XPys6t1y4fzEx... {'Eligible wallet? → Flip.gg🍀🎰-33490.flipgg.sol'}
[DOMAIN] 📝 Found 1 domain(s) in tx 52cbkh6s68WSCvYj... {'Eligible wallet? → Flip.gg🍀🎰-33490.flipgg.sol'}
[DOMAIN] 📝 Found 1 domain(s) in tx rmy3TSnvcJH4TGPN... {'Flip.gg → Trusted Since 2021......-33491.flipgg.sol'}
[DOMAIN] 📝 Found 1 domain(s) in tx XjYem6WrxmA4u5ks... {'Eligible wallet? → Flip.gg🍀🎰-33490.flipgg.sol'}
[DOMAIN] 📝 Found 1 domain(s) in tx 4SW952iAXX5CkBNK... {'Eligible wallet? → Flip.gg🍀🎰-33490.flipgg.sol'}
[DOMAIN] 📝 Found 1 domain(s) in tx vbbbd6Me9Uenr68h... {'Flip.gg → Trusted Since 2021......-33491.flipgg.sol'}
[RPC_METRICS] record_request source_file=realtime_creator_funding_extractor method=sns_primary_domains credits=0 cache_action=none ts=1773665685.832814
[JITO] 🪂 Batch inserted 3 Jito events
[REALTIME_FUNDING]    [PAGE 4] ✓ 1 new funders | 🚫 827 dust
[REALTIME_FUNDING]    Total transactions fetched: 400
[REALTIME_FUNDING]    [PAGE 5] RPC CALL #5...
[RPC_METRICS] record_request source_file=realtime_creator_funding_extractor method=helius_enhanced_addresses_transactions credits=100 cache_action=full_scan ts=1773665687.691775
[REALTIME_FUNDING]    [PAGE 5] fetched=100 txs
[DOMAIN] 📝 Found 1 domain(s) in tx bo1MATqWSnNwBZWi... {'pumpview.fun➖ai-tokens-scanner.sol'}
[REALTIME_FUNDING]      ✅ Jito tip (0.000010 SOL, 40.0%) detected in  tx 354Cu9nZMC7XBrkJYSaK...
[DOMAIN] 📝 Found 1 domain(s) in tx hhrk8o7JH8p7SAzG... {'Tg: SolReapbot | High Reward Smart Arbitrage ✅ 极速高回报狙击套利 电报👉 SolReapbot .trumpgamecoin.sol'}
[DOMAIN] 📝 Found 1 domain(s) in tx 2scAufPBNkP7pDQY... {'电报: SolReapbot | AI MEV 狙击机器人 | 高达5倍回报 ✅ AI-Powered MEV Sniper Bot | Up to 5x Returns TG👉 SolReapbot ✅.mind-the-store.sol'}
[DOMAIN] 📝 Found 1 domain(s) in tx 4FVfpuTQx1jKmWHh... {'Tg: SolReapbot | High Reward Smart Arbitrage ✅ 极速高回报狙击套利 电报👉 SolReapbot .trumpgamecoin.sol'}
[REALTIME_FUNDING]      ✅ Jito tip (0.000010 SOL, 40.0%) detected in  tx 4hedz2dk3SbpRS55eReA...
[DOMAIN] 📝 Found 1 domain(s) in tx Ewott8q8g5Dzqnjc... {'电报: SolReapbot | AI MEV 狙击机器人 | 高达5倍回报 ✅ AI-Powered MEV Sniper Bot | Up to 5x Returns TG👉 SolReapbot ✅.mind-the-store.sol'}
[DOMAIN] 📝 Found 1 domain(s) in tx 4Jihnz5M7WhzmXp1... {'pumpview▪️fun➖ai-tokens-analysis.sol'}
[DOMAIN] 📝 Found 1 domain(s) in tx kSq8b9Y7PiLbSqhq... {'Eligible wallet? → Flip.gg🍀🎰-33464.flipgg.sol'}
[DOMAIN] 📝 Found 1 domain(s) in tx 4pQ2eQDcfBUrC9sw... {'Flip.gg → Trusted Since 2021......-33465.flipgg.sol'}
[DOMAIN] 📝 Found 1 domain(s) in tx 3RKRuiyVDvjzWk4n... {'Eligible wallet? → Flip.gg🍀🎰-33464.flipgg.sol'}
[DOMAIN] 📝 Found 1 domain(s) in tx JpXtCxkZGY3m5u1U... {'Flip.gg → Trusted Since 2021......-33465.flipgg.sol'}
[DOMAIN] 📝 Found 1 domain(s) in tx 4V2bzruR78fZqZJz... {'Flip.gg → Trusted Since 2021......-33465.flipgg.sol'}
[DOMAIN] 📝 Found 1 domain(s) in tx 5sDepi5rGYYSm7ef... {'Eligible wallet? → Flip.gg🍀🎰-33464.flipgg.sol'}
[DOMAIN] 📝 Found 1 domain(s) in tx 4KH4TeYEtZM3Vfy1... {'Flip.gg → Trusted Since 2021......-33465.flipgg.sol'}
[DOMAIN] 📝 Found 1 domain(s) in tx bCGDa48zkN6B1Z7T... {'Eligible wallet? → Flip.gg🍀🎰-33464.flipgg.sol'}
[REALTIME_FUNDING]      ✅ Jito tip (0.000010 SOL, 40.0%) detected in  tx 3WsEYi9LzvKriRdZRm4v...
[DOMAIN] 📝 Found 1 domain(s) in tx 3zgAN583aQfEB8Bi... {'Eligible wallet? → Flip.gg🍀🎰-33464.flipgg.sol'}
[DOMAIN] 📝 Found 1 domain(s) in tx 39rZsZYrvN5McyUP... {'Eligible wallet? → Flip.gg🍀🎰-33464.flipgg.sol'}
[DOMAIN] 📝 Found 1 domain(s) in tx 1j4ioRC9ogn93C9L... {'Flip.gg → Trusted Since 2021......-33465.flipgg.sol'}
[DOMAIN] 📝 Found 1 domain(s) in tx 5cwM4LkqM2PknLMQ... {'Flip.gg → Trusted Since 2021......-33465.flipgg.sol'}
[REALTIME_FUNDING]      ✅ Jito tip (0.000010 SOL, 40.0%) detected in  tx 2ZJGdSGrMPWgEayDVV2S...
[RPC_METRICS] record_request source_file=realtime_creator_funding_extractor method=sns_primary_domains credits=0 cache_action=none ts=1773665687.995997
[RPC_METRICS] record_request source_file=realtime_creator_funding_extractor method=sns_primary_domains credits=0 cache_action=none ts=1773665688.1345978
[DOMAIN] 📝 Found 1 domain(s) in tx 3LwpePUD8NKr74NP... {'Eligible wallet? → Flip.gg🍀🎰-33324.flipgg.sol'}
[RPC_METRICS] record_request source_file=realtime_creator_funding_extractor method=sns_primary_domains credits=0 cache_action=none ts=1773665688.3075478
[DOMAIN] 📝 Found 1 domain(s) in tx 65f1y38Q11SAAeL1... {'Flip.gg → Trusted Since 2021......-33325.flipgg.sol'}
[RPC_METRICS] record_request source_file=realtime_creator_funding_extractor method=sns_primary_domains credits=0 cache_action=none ts=1773665688.460602
[REALTIME_FUNDING]      ✅ Jito tip (0.000010 SOL, 40.0%) detected in  tx 5JKJcHjkwzjmXQf7jMsc...
[RPC_METRICS] record_request source_file=realtime_creator_funding_extractor method=sns_primary_domains credits=0 cache_action=none ts=1773665688.6120782
[RPC_METRICS] record_request source_file=realtime_creator_funding_extractor method=sns_primary_domains credits=0 cache_action=none ts=1773665688.7573388
[JITO] 🪂 Batch inserted 5 Jito events
[REALTIME_FUNDING]    [PAGE 5] 🚫 644 dust
[REALTIME_FUNDING]    Total transactions fetched: 500
[REALTIME_FUNDING]    [PAGE 6] RPC CALL #6...
[RPC_METRICS] record_request source_file=realtime_creator_funding_extractor method=helius_enhanced_addresses_transactions credits=100 cache_action=full_scan ts=1773665690.036108
[REALTIME_FUNDING]    [PAGE 6] fetched=100 txs
[RPC_METRICS] record_request source_file=realtime_creator_funding_extractor method=sns_primary_domains credits=0 cache_action=none ts=1773665690.1721442
[DOMAIN] 📝 Found 1 domain(s) in tx 5TdurrTNSRM9GrNU... {'Flip.gg → Trusted Since 2021......-33295.flipgg.sol'}
[RPC_METRICS] record_request source_file=realtime_creator_funding_extractor method=sns_primary_domains credits=0 cache_action=none ts=1773665690.336705
[DOMAIN] 📝 Found 1 domain(s) in tx 35czKHBPuP14jNTB... {'Eligible wallet? → Flip.gg🍀🎰-33294.flipgg.sol'}
[DOMAIN] 📝 Found 1 domain(s) in tx 2urD3LTKb8oSV1hP... {'Flip.gg → Trusted Since 2021......-33295.flipgg.sol'}
[DOMAIN] 📝 Found 1 domain(s) in tx 61Fspz7wT1LaZa6U... {'Eligible wallet? → Flip.gg🍀🎰-33294.flipgg.sol'}
[DOMAIN] 📝 Found 1 domain(s) in tx FPWpRCXS8VkVqHpk... {'Eligible wallet? → Flip.gg🍀🎰-33294.flipgg.sol'}
[DOMAIN] 📝 Found 1 domain(s) in tx 3V8oAUkzg6yCnWcz... {'Flip.gg → Trusted Since 2021......-33295.flipgg.sol'}
[DOMAIN] 📝 Found 1 domain(s) in tx 4BMsy2vf8mDuU269... {'Flip.gg → Trusted Since 2021......-33295.flipgg.sol'}
[DOMAIN] 📝 Found 1 domain(s) in tx 3ZM9tbcn22rwHyBb... {'Eligible wallet? → Flip.gg🍀🎰-33294.flipgg.sol'}
[DOMAIN] 📝 Found 1 domain(s) in tx LsG3jynRkshX5Mcz... {'Flip.gg → Trusted Since 2021......-33295.flipgg.sol'}
[DOMAIN] 📝 Found 1 domain(s) in tx 1JzYDwRcLD8377Rm... {'Flip.gg → Trusted Since 2021......-33295.flipgg.sol'}
[RPC_METRICS] record_request source_file=realtime_creator_funding_extractor method=sns_primary_domains credits=0 cache_action=none ts=1773665690.585875
[RPC_METRICS] record_request source_file=realtime_creator_funding_extractor method=sns_primary_domains credits=0 cache_action=none ts=1773665690.732634
[REALTIME_FUNDING]      ✅ Jito tip (0.000010 SOL, 40.0%) detected in  tx 4v8Dfmx93GvuXghfCehT...
[DOMAIN] 📝 Found 1 domain(s) in tx 2A1w3cPj3SywYauD... {'Eligible wallet? → Flip.gg🍀🎰-33270.flipgg.sol'}
[DOMAIN] 📝 Found 1 domain(s) in tx 3m252EmUADZpCg94... {'Eligible wallet? → Flip.gg🍀🎰-33270.flipgg.sol'}
[DOMAIN] 📝 Found 1 domain(s) in tx 2xpZonTgT55HGkoj... {'Eligible wallet? → Flip.gg🍀🎰-33270.flipgg.sol'}
[DOMAIN] 📝 Found 1 domain(s) in tx 53T8bD7oFqqMoMqr... {'Eligible wallet? → Flip.gg🍀🎰-33270.flipgg.sol'}
[DOMAIN] 📝 Found 1 domain(s) in tx rNRQk7ddGQttKMt8... {'Flip.gg → Trusted Since 2021......-33271.flipgg.sol'}
[DOMAIN] 📝 Found 1 domain(s) in tx 9UbC42RuZoP4BAk8... {'Flip.gg → Trusted Since 2021......-33271.flipgg.sol'}
[DOMAIN] 📝 Found 1 domain(s) in tx 4w4kq6MVav5LohRa... {'Flip.gg → Trusted Since 2021......-33271.flipgg.sol'}
[DOMAIN] 📝 Found 1 domain(s) in tx 4hENAd4gdZ4bw8Bn... {'Eligible wallet? → Flip.gg🍀🎰-33270.flipgg.sol'}
[DOMAIN] 📝 Found 1 domain(s) in tx 5S2jCpnq17efrjcZ... {'Eligible wallet? → Flip.gg🍀🎰-33258.flipgg.sol'}
[DOMAIN] 📝 Found 1 domain(s) in tx 31pHF5bWiH2QATKP... {'Flip.gg → Trusted Since 2021......-33259.flipgg.sol'}
[RPC_METRICS] record_request source_file=realtime_creator_funding_extractor method=sns_primary_domains credits=0 cache_action=none ts=1773665691.136887
[RPC_METRICS] record_request source_file=realtime_creator_funding_extractor method=sns_primary_domains credits=0 cache_action=none ts=1773665691.297206
[REALTIME_FUNDING]      ✅ Jito tip (0.000010 SOL, 40.0%) detected in  tx 31WGcHWmbGgDGkvGcTSX...
[JITO] 🪂 Batch inserted 2 Jito events
[REALTIME_FUNDING]    [PAGE 6] 🚫 618 dust
[REALTIME_FUNDING]    Total transactions fetched: 600
[REALTIME_FUNDING]    [PAGE 7] RPC CALL #7...
[RPC_METRICS] record_request source_file=realtime_creator_funding_extractor method=helius_enhanced_addresses_transactions credits=100 cache_action=full_scan ts=1773665692.717963
[REALTIME_FUNDING]    [PAGE 7] fetched=100 txs
[DOMAIN] 📝 Found 1 domain(s) in tx Q6MjdT2YnXbZZL1C... {'pumpview▪️fun.🚀best-solana-scanner.sol'}
[RPC_METRICS] record_request source_file=realtime_creator_funding_extractor method=sns_primary_domains credits=0 cache_action=none ts=1773665692.841182
[RPC_METRICS] record_request source_file=realtime_creator_funding_extractor method=sns_primary_domains credits=0 cache_action=none ts=1773665692.979321
[DOMAIN] 📝 Found 1 domain(s) in tx SMMRb7A91RmJBHhL... {'dexlift_bot🔥dex-trending.sol'}
[DOMAIN] 📝 Found 1 domain(s) in tx 5r55jkwFMfcoxgvM... {'dexmojibot💯dex-trending.sol'}
[DOMAIN] 📝 Found 1 domain(s) in tx 4Vczd8bHuDgWtEnU... {'chartup🧪volume-bot.sol'}
[DOMAIN] 📝 Found 1 domain(s) in tx 2CDwHQsLPJW3bd6j... {'Eligible wallet? → Flip.gg🍀🎰-33244.flipgg.sol'}
[DOMAIN] 📝 Found 1 domain(s) in tx 5hmsGCaw1xiD7gNZ... {'Eligible wallet? → Flip.gg🍀🎰-33244.flipgg.sol'}
[DOMAIN] 📝 Found 1 domain(s) in tx 3UQ3WRHAJcHgf2Fd... {'pumpview▪️fun.🚀best-solana-scanner.sol'}
[DOMAIN] 📝 Found 1 domain(s) in tx 633adj3cVXsXUhw9... {'Flip.gg → Trusted Since 2021......-33237.flipgg.sol'}
[DOMAIN] 📝 Found 1 domain(s) in tx 2BdiiqNoJjrkXbsu... {'Eligible wallet? → Flip.gg🍀🎰-33236.flipgg.sol'}
[DOMAIN] 📝 Found 1 domain(s) in tx 3d44PjhFcYVoN2cD... {'Flip.gg → Trusted Since 2021......-33237.flipgg.sol'}
[DOMAIN] 📝 Found 1 domain(s) in tx 4AXyZZeFz5yg8TKA... {'Eligible wallet? → Flip.gg🍀🎰-33236.flipgg.sol'}
[DOMAIN] 📝 Found 1 domain(s) in tx 3MmLS2zjejk62fpY... {'Flip.gg → Trusted Since 2021......-33237.flipgg.sol'}
[DOMAIN] 📝 Found 1 domain(s) in tx 4FbXm9rF2oeaGPic... {'Eligible wallet? → Flip.gg🍀🎰-33236.flipgg.sol'}
[RPC_METRICS] record_request source_file=realtime_creator_funding_extractor method=sns_primary_domains credits=0 cache_action=none ts=1773665693.288946
[REALTIME_FUNDING]      ✅ Jito tip (0.000010 SOL, 40.0%) detected in  tx 3fzMKqeP2bnG1RUfSq56...
[DOMAIN] 📝 Found 1 domain(s) in tx 427hfCQ5bAChJbGG... {'Eligible wallet? → Flip.gg🍀🎰-33224.flipgg.sol'}
[DOMAIN] 📝 Found 1 domain(s) in tx 4HzzsLk7yRohrSqa... {'Flip.gg → Trusted Since 2021......-33225.flipgg.sol'}
[DOMAIN] 📝 Found 1 domain(s) in tx 2VCUntuy7H1d8xMq... {'Eligible wallet? → Flip.gg🍀🎰-33224.flipgg.sol'}
[DOMAIN] 📝 Found 1 domain(s) in tx 5D7dWZz9FDHDZigs... {'Flip.gg → Trusted Since 2021......-33225.flipgg.sol'}
[DOMAIN] 📝 Found 1 domain(s) in tx Lr7Fd1wk5uUVS2kr... {'Eligible wallet? → Flip.gg🍀🎰-33224.flipgg.sol'}
[DOMAIN] 📝 Found 1 domain(s) in tx 2RyZWUKPtrQTkFJ8... {'Eligible wallet? → Flip.gg🍀🎰-33224.flipgg.sol'}
[DOMAIN] 📝 Found 1 domain(s) in tx 3fXy9CCEBVLA1MJL... {'Flip.gg → Trusted Since 2021......-33225.flipgg.sol'}
[DOMAIN] 📝 Found 1 domain(s) in tx 3MvFka4tiVx3Nbuw... {'Flip.gg → Trusted Since 2021......-33225.flipgg.sol'}
[DOMAIN] 📝 Found 1 domain(s) in tx 2eYAm5vNXpyCJccq... {'Flip.gg → Trusted Since 2021......-33225.flipgg.sol'}
[DOMAIN] 📝 Found 1 domain(s) in tx 2yWVR8poggg9v8sr... {'Eligible wallet? → Flip.gg🍀🎰-33224.flipgg.sol'}
[DOMAIN] 📝 Found 1 domain(s) in tx 3uvFPovC1YXGvB4e... {'pumpview▪️fun.🚀best-solana-scanner.sol'}
[DOMAIN] 📝 Found 1 domain(s) in tx 3eTEbAPXrMXEfPsi... {'Flip.gg → Trusted Since 2021......-33225.flipgg.sol'}
[DOMAIN] 📝 Found 1 domain(s) in tx 2KR11h7i4MqiKeYf... {'Eligible wallet? → Flip.gg🍀🎰-33224.flipgg.sol'}
[DOMAIN] 📝 Found 1 domain(s) in tx N8BJzXmRaY8KHc46... {'pumpview▪️fun.🚀best-solana-scanner.sol'}
[DOMAIN] 📝 Found 1 domain(s) in tx 39t67gZEgN151awV... {'Eligible wallet? → Flip.gg🍀🎰-33106.flipgg.sol'}
[DOMAIN] 📝 Found 1 domain(s) in tx 32dNewsjVCxfoPbD... {'Flip.gg → Trusted Since 2021......-33107.flipgg.sol'}
[JITO] 🪂 Batch inserted 1 Jito events
[REALTIME_FUNDING]    [PAGE 7] 🚫 786 dust
[REALTIME_FUNDING]    Total transactions fetched: 700
[REALTIME_FUNDING]    [PAGE 8] RPC CALL #8...
[RPC_METRICS] record_request source_file=realtime_creator_funding_extractor method=helius_enhanced_addresses_transactions credits=100 cache_action=full_scan ts=1773665695.2838771
[REALTIME_FUNDING]    [PAGE 8] fetched=100 txs
[DOMAIN] 📝 Found 1 domain(s) in tx 34VpGiQswAcgzK3w... {'pumpview▪️fun.🚀best-solana-scanner.sol'}
[RPC_METRICS] record_request source_file=realtime_creator_funding_extractor method=sns_primary_domains credits=0 cache_action=none ts=1773665695.38447
[DOMAIN] 📝 Found 1 domain(s) in tx wm8aoZ7fc6MpJfim... {'Eligible wallet? → Flip.gg🍀🎰-33088.flipgg.sol'}
