mint,created_at,creator_address,price_highest,market_cap_highest,rug_probability,risk_level,rug_indicator,super_cluster_id,cluster_network_count,cluster_creator_count,cluster_risk_level
HEYKwDJRoSsiLNQ9F9bZFKo7yxum1WbTFCgiHTX5h6tb,2026-02-16T17:05:43Z,6xvfppHXtf464GWLabpoQCQcV8aduorTvaDaajExevcQ,1.9052671078e-07,190.53,,,,NONE,0,0,NONE
GYniUGX4rDrqVjNoZyLafqvroU8VAP5PwHAncPgipump,2026-02-16T16:52:01Z,5Kz5DQFEmaXAp1yBMbHkhiaVMGgPq6nGZGTgjttN41zH,3.0129542705e-11,0.03,,,,NONE,0,0,NONE
3xHvvEomh6jFDQ1WEqS3NzPwr7a5F11VASQy3eu1pump,2026-02-16T16:39:32Z,571uzWpMeRuHEuWFC61FFsnXYV8DbE33QuBjCJhMqXh4,3.0589429639e-10,0.31,,,,NONE,0,0,NONE
GJpaM3MuA4n9wydQbPt4mZL26sDHpXEt7KX6Dkeupump,2026-02-16T16:38:41Z,BkCVq9WRAkYTPawzEZRacW1TuB5M2344BzduEZmKM5dh,1.0119193917e-08,10.12,,,,NONE,0,0,NONE
CRNjUJn2xQoEwJj2N16WJSMcZ5Eti8xHuoSpW6r6pump,2026-02-16T16:38:28Z,KdmQv6CP5TcWrgcHnmDWjGyUYeygc4uuKwdPiEAFjvh,1.8581992569e-10,0.19,,,,NONE,0,0,NONE
D4P55nDfh8LqSRTVeRAQbR3mSrTRqaYkancbVkGnpump,2026-02-16T16:38:23Z,GvhAwkqH1BUR7eD7EcaYNnYjBTCmYUnuNUDokEM8HRff,2.4223214824e-11,0.02,,,,NONE,0,0,NONE
8VQErzhWAQEt1AXW1fNnA5g21sMBf1byBJHyNuDvpump,2026-02-16T16:36:40Z,DHxcvwiyVig8mZq15qzt32HQN8oK17KfvzeBrxsoXus5,5.7600540707e-08,57.60,,,,NONE,0,0,NONE
JBgThRJrPNxER2yaYp6FNZM8pjDg4nTSDgVCrf68pump,2026-02-16T16:28:46Z,7cu9jh7ce54at8KQopdCdAVfNfVp8Y9XepXxy823XWKU,,,,,,NONE,0,0,NONE
HvcgiuDuy7JT4VyhM1FXAvPXpeSsqZ4SQVbg5Zq8pump,2026-02-16T16:28:26Z,HkAzojYPgmY8jw98AdtByg1gLdBXzbV9X59qtiwb5h87,2.7642592160e-11,0.03,,,,NONE,0,0,NONE
AwjrxReqLBVC6ozN5XLqkgrweveuL7T6pKQBz3Lpump,2026-02-16T16:27:17Z,3zKHSzzFDiuxUEtpX2XRzzuLXXGKFY2TRh7TiPtJ1Dp4,,,,,,NONE,0,0,NONE
5aoYikfdb7ed33JqFeJUeCYPPLWcoqV7fDt4CoRGpump,2026-02-16T16:25:49Z,HGbFD4jhBZCDykz2xySP95i3ancAwXs5BXvGsHhynmBo,4.5132069475e-11,0.05,,,,NONE,0,0,NONE
ndbPV2nmoPZNcM2jM2LoqgdZSFaCdB19f5Zb19hpump,2026-02-16T16:21:34Z,2GwzAG8X8dPBFpKbenthhh6W6pJT3rfY21NmpaFgbTry,1.1248298570e-07,112.48,,,,NONE,0,0,NONE
24JxjsfbtyUakE4LrjqJ7NS3bJAQME9kmj5UdjC5pump,2026-02-16T16:18:36Z,Hm3MExkSB2BsYSGyKLUA3TooRmqLUvAC3JS8Abp6poLy,3.0240000000e-05,30247.14,,,,NONE,0,0,NONE
449pYD2LdRB5p8ycyk2mcFzvbU1qZtVvd66dQ9xcpump,2026-02-16T16:17:06Z,8wGLS3EY5hQAUxUKes3adQnBRa71PGXjj3zR1NKe8j4n,6.3523022267e-10,0.64,,,,NONE,0,0,NONE
54rpB2bJpqfFNDG4sX1H8b7fLcAA3ftoQqCFCxQVpump,2026-02-16T16:14:11Z,5hAgYC8TJCcEZV7LTXAzkTrm7YL29YXyQQJPCNrG84zM,6.1047984298e-08,61.05,,,,NONE,0,0,NONE
5qUSag9KzJBwZpvsEUeMNuyYEZ6AB8G3YPhWN6sqpump,2026-02-16T15:55:34Z,CRHi4vH6iqc8kByKQD8xmZstZsHZdM4JWTmU6w5H7Pfo,1.1696095423e-10,0.12,,,,NONE,0,0,NONE
7Fi817h8YaESdWf6HYmC6yCMWxW6krFrRAXTMovnpump,2026-02-16T14:13:09Z,DJQwtiowTJmAvAu4vhCaFgPiS3nnKD5r5agZgBQEdHK2,5.1028459103e-08,51.03,,,,NONE,0,0,NONE
HLHM4F1vRMKu5i2c4QjTzjYyiJc9RMGnXAcRdKD2pump,2026-02-16T13:53:35Z,EyY1DMZ6mGCx8BU7n3gPRW6DQnZWxGQC4CTJJLWPxarx,2.7657451236e-08,27.66,,,,net_00237,1,3,LOW
HLHM4F1vRMKu5i2c4QjTzjYyiJc9RMGnXAcRdKD2pump,2026-02-16T13:53:35Z,EyY1DMZ6mGCx8BU7n3gPRW6DQnZWxGQC4CTJJLWPxarx,2.7657451236e-08,27.66,,,,net_00625,1,2,LOW
HLHM4F1vRMKu5i2c4QjTzjYyiJc9RMGnXAcRdKD2pump,2026-02-16T13:53:35Z,EyY1DMZ6mGCx8BU7n3gPRW6DQnZWxGQC4CTJJLWPxarx,2.7657451236e-08,27.66,,,,net_00647,23,152,CRITICAL
HLHM4F1vRMKu5i2c4QjTzjYyiJc9RMGnXAcRdKD2pump,2026-02-16T13:53:35Z,EyY1DMZ6mGCx8BU7n3gPRW6DQnZWxGQC4CTJJLWPxarx,2.7657451236e-08,27.66,,,,net_00706,1,2,LOW
HLHM4F1vRMKu5i2c4QjTzjYyiJc9RMGnXAcRdKD2pump,2026-02-16T13:53:35Z,EyY1DMZ6mGCx8BU7n3gPRW6DQnZWxGQC4CTJJLWPxarx,2.7657451236e-08,27.66,,,,net_01090,1,3,LOW
6gbFztbV8mRbnaEZ16vVWnC6oVmxUD4rwvnZjmvpump,2026-02-16T13:41:43Z,EFaQQTGywnD4CjQQvTugUiyVT4LV9G6MsWqiub8X6unN,3.3539671638e-08,33.54,,,,net_00147,1,2,LOW
6gbFztbV8mRbnaEZ16vVWnC6oVmxUD4rwvnZjmvpump,2026-02-16T13:41:43Z,EFaQQTGywnD4CjQQvTugUiyVT4LV9G6MsWqiub8X6unN,3.3539671638e-08,33.54,,,,net_00255,1,2,LOW
6gbFztbV8mRbnaEZ16vVWnC6oVmxUD4rwvnZjmvpump,2026-02-16T13:41:43Z,EFaQQTGywnD4CjQQvTugUiyVT4LV9G6MsWqiub8X6unN,3.3539671638e-08,33.54,,,,net_00317,1,2,LOW
6gbFztbV8mRbnaEZ16vVWnC6oVmxUD4rwvnZjmvpump,2026-02-16T13:41:43Z,EFaQQTGywnD4CjQQvTugUiyVT4LV9G6MsWqiub8X6unN,3.3539671638e-08,33.54,,,,net_00385,1,5,LOW
6gbFztbV8mRbnaEZ16vVWnC6oVmxUD4rwvnZjmvpump,2026-02-16T13:41:43Z,EFaQQTGywnD4CjQQvTugUiyVT4LV9G6MsWqiub8X6unN,3.3539671638e-08,33.54,,,,net_00405,1,3,LOW
6gbFztbV8mRbnaEZ16vVWnC6oVmxUD4rwvnZjmvpump,2026-02-16T13:41:43Z,EFaQQTGywnD4CjQQvTugUiyVT4LV9G6MsWqiub8X6unN,3.3539671638e-08,33.54,,,,net_00442,1,5,LOW
6gbFztbV8mRbnaEZ16vVWnC6oVmxUD4rwvnZjmvpump,2026-02-16T13:41:43Z,EFaQQTGywnD4CjQQvTugUiyVT4LV9G6MsWqiub8X6unN,3.3539671638e-08,33.54,,,,net_00486,1,2,LOW
6gbFztbV8mRbnaEZ16vVWnC6oVmxUD4rwvnZjmvpump,2026-02-16T13:41:43Z,EFaQQTGywnD4CjQQvTugUiyVT4LV9G6MsWqiub8X6unN,3.3539671638e-08,33.54,,,,net_00513,1,2,LOW
6gbFztbV8mRbnaEZ16vVWnC6oVmxUD4rwvnZjmvpump,2026-02-16T13:41:43Z,EFaQQTGywnD4CjQQvTugUiyVT4LV9G6MsWqiub8X6unN,3.3539671638e-08,33.54,,,,net_00588,1,3,LOW
6gbFztbV8mRbnaEZ16vVWnC6oVmxUD4rwvnZjmvpump,2026-02-16T13:41:43Z,EFaQQTGywnD4CjQQvTugUiyVT4LV9G6MsWqiub8X6unN,3.3539671638e-08,33.54,,,,net_00610,1,4,LOW
6gbFztbV8mRbnaEZ16vVWnC6oVmxUD4rwvnZjmvpump,2026-02-16T13:41:43Z,EFaQQTGywnD4CjQQvTugUiyVT4LV9G6MsWqiub8X6unN,3.3539671638e-08,33.54,,,,net_00636,1,3,LOW
6gbFztbV8mRbnaEZ16vVWnC6oVmxUD4rwvnZjmvpump,2026-02-16T13:41:43Z,EFaQQTGywnD4CjQQvTugUiyVT4LV9G6MsWqiub8X6unN,3.3539671638e-08,33.54,,,,net_00650,1,2,LOW
6gbFztbV8mRbnaEZ16vVWnC6oVmxUD4rwvnZjmvpump,2026-02-16T13:41:43Z,EFaQQTGywnD4CjQQvTugUiyVT4LV9G6MsWqiub8X6unN,3.3539671638e-08,33.54,,,,net_00688,1,3,LOW
6gbFztbV8mRbnaEZ16vVWnC6oVmxUD4rwvnZjmvpump,2026-02-16T13:41:43Z,EFaQQTGywnD4CjQQvTugUiyVT4LV9G6MsWqiub8X6unN,3.3539671638e-08,33.54,,,,net_00696,1,2,LOW
6gbFztbV8mRbnaEZ16vVWnC6oVmxUD4rwvnZjmvpump,2026-02-16T13:41:43Z,EFaQQTGywnD4CjQQvTugUiyVT4LV9G6MsWqiub8X6unN,3.3539671638e-08,33.54,,,,net_00703,1,2,LOW
6gbFztbV8mRbnaEZ16vVWnC6oVmxUD4rwvnZjmvpump,2026-02-16T13:41:43Z,EFaQQTGywnD4CjQQvTugUiyVT4LV9G6MsWqiub8X6unN,3.3539671638e-08,33.54,,,,net_00704,1,5,LOW
6gbFztbV8mRbnaEZ16vVWnC6oVmxUD4rwvnZjmvpump,2026-02-16T13:41:43Z,EFaQQTGywnD4CjQQvTugUiyVT4LV9G6MsWqiub8X6unN,3.3539671638e-08,33.54,,,,net_00728,1,7,MEDIUM
6gbFztbV8mRbnaEZ16vVWnC6oVmxUD4rwvnZjmvpump,2026-02-16T13:41:43Z,EFaQQTGywnD4CjQQvTugUiyVT4LV9G6MsWqiub8X6unN,3.3539671638e-08,33.54,,,,net_00739,1,4,LOW
6gbFztbV8mRbnaEZ16vVWnC6oVmxUD4rwvnZjmvpump,2026-02-16T13:41:43Z,EFaQQTGywnD4CjQQvTugUiyVT4LV9G6MsWqiub8X6unN,3.3539671638e-08,33.54,,,,net_00800,1,7,MEDIUM
6gbFztbV8mRbnaEZ16vVWnC6oVmxUD4rwvnZjmvpump,2026-02-16T13:41:43Z,EFaQQTGywnD4CjQQvTugUiyVT4LV9G6MsWqiub8X6unN,3.3539671638e-08,33.54,,,,net_00830,1,3,LOW
6gbFztbV8mRbnaEZ16vVWnC6oVmxUD4rwvnZjmvpump,2026-02-16T13:41:43Z,EFaQQTGywnD4CjQQvTugUiyVT4LV9G6MsWqiub8X6unN,3.3539671638e-08,33.54,,,,net_00862,1,2,LOW
6gbFztbV8mRbnaEZ16vVWnC6oVmxUD4rwvnZjmvpump,2026-02-16T13:41:43Z,EFaQQTGywnD4CjQQvTugUiyVT4LV9G6MsWqiub8X6unN,3.3539671638e-08,33.54,,,,net_00981,1,2,LOW
6gbFztbV8mRbnaEZ16vVWnC6oVmxUD4rwvnZjmvpump,2026-02-16T13:41:43Z,EFaQQTGywnD4CjQQvTugUiyVT4LV9G6MsWqiub8X6unN,3.3539671638e-08,33.54,,,,net_00992,1,2,LOW
GkDY92hamTR9Vv8QDHhq548KgoSb5fpCXTjFdNAVpump,2026-02-16T13:18:55Z,HwWXrNYDrxFQgFVE8dfUtDeSbm1H8P8Bq5peR9aNGZWz,1.4970808901e-08,14.97,,,,NONE,0,0,NONE
A8Gt5Ji9MBUU28MXc66QRDnbBP1PmyUN9mhtt9uupump,2026-02-16T12:43:11Z,3SsboM1iwAbsaF3gfwTEy5mcNW5dgr42JvhDcE7QS3Mt,2.4217963219e-10,0.24,,,,NONE,0,0,NONE
CuvxpKXpbsqRuqLUJ3eymMkAujZ2CDwxYVH74mk2pump,2026-02-16T12:41:46Z,2fXwbZcXYevos9FsoTBpnuL5F5vUiZALYBVCbYXnf69K,,,,,,NONE,0,0,NONE
HGyyHopsYG9Xvv7hnwD9EMYAySRtCqLxEBgsb1Ykpump,2026-02-16T12:40:04Z,GtPfmn3Cnbf5DBtQtbq9hW3WpUY1X9aEjjJvGpMFAtpJ,1.3540570513e-07,135.41,,,,NONE,0,0,NONE
43daNFzoKXzy6DPNUQQXMSwMVXLkyqCcbrLC4KjSpump,2026-02-16T12:38:59Z,7HPJYWyQwqQLrvosnEU1oRW722PcFaYANNVipEBkdwmp,5.8259595603e-07,582.60,,,,NONE,0,0,NONE
UtXpkpDx7RQfuykyfSbugpSPyLce3oigNHQNbnFpump,2026-02-16T12:32:29Z,9yvVLKSSyLLgMhapX4L4Ki5522FFCBsoF8hMV3n4FLBo,,,,,,NONE,0,0,NONE
5tVEXd4vUJQRDS4Fzixcsp9YTLdWZG67UiKPVccppump,2026-02-16T12:24:21Z,G4GHspRmc5WQCUiBPuPr9yXQib6ErNWAQWWcfF7FvUCj,3.4134767106e-09,3.41,,,,NONE,0,0,NONE
GXbgigBpFQcitHChpF7RKL9fpAnA4nf671MgUVmEpump,2026-02-16T12:23:04Z,BAqUBRxWqXNb1ariksBZmrax8h8f3ow6f8HGtXxms7Vh,1.1403914622e-07,114.04,,,,NONE,0,0,NONE
J1HyTYkSxMPUfyv55hoFZzzvhqtwnhSFwGJcZYJvpump,2026-02-16T12:21:54Z,AoUVnVo2q3pMNBPbGHVuZE3A2baBRhDkNMNRhtF2u1KV,2.5028970702e-07,250.29,,,,net_00042,1,2,LOW
BKVCU8LtjBUSBUR3aSYxB4ZNcBE4gjnVLvdzwu3hpump,2026-02-16T12:02:39Z,FrHdpmJFB2MQM549VntUc1yC2acf9yY97JJh9ccgDVPv,1.4041432491e-07,140.41,,,,net_00024,33,5,LOW
7zD6RbP5VhjHW5Jai3XHdb5zcitDfJE3vGwNzDKmpump,2026-02-16T11:52:32Z,A8Z1ejQGk45EJibBPJviWnM3UvwKSuYun53nSCkWKM52,2.5773667137e-10,0.26,,,,net_00015,1,4,LOW
7zD6RbP5VhjHW5Jai3XHdb5zcitDfJE3vGwNzDKmpump,2026-02-16T11:52:32Z,A8Z1ejQGk45EJibBPJviWnM3UvwKSuYun53nSCkWKM52,2.5773667137e-10,0.26,,,,net_00028,38,11,MEDIUM
7zD6RbP5VhjHW5Jai3XHdb5zcitDfJE3vGwNzDKmpump,2026-02-16T11:52:32Z,A8Z1ejQGk45EJibBPJviWnM3UvwKSuYun53nSCkWKM52,2.5773667137e-10,0.26,,,,net_00088,1,3,LOW
7zD6RbP5VhjHW5Jai3XHdb5zcitDfJE3vGwNzDKmpump,2026-02-16T11:52:32Z,A8Z1ejQGk45EJibBPJviWnM3UvwKSuYun53nSCkWKM52,2.5773667137e-10,0.26,,,,net_00100,1,2,LOW
7zD6RbP5VhjHW5Jai3XHdb5zcitDfJE3vGwNzDKmpump,2026-02-16T11:52:32Z,A8Z1ejQGk45EJibBPJviWnM3UvwKSuYun53nSCkWKM52,2.5773667137e-10,0.26,,,,net_00148,1,2,LOW
7zD6RbP5VhjHW5Jai3XHdb5zcitDfJE3vGwNzDKmpump,2026-02-16T11:52:32Z,A8Z1ejQGk45EJibBPJviWnM3UvwKSuYun53nSCkWKM52,2.5773667137e-10,0.26,,,,net_00155,1,2,LOW
7zD6RbP5VhjHW5Jai3XHdb5zcitDfJE3vGwNzDKmpump,2026-02-16T11:52:32Z,A8Z1ejQGk45EJibBPJviWnM3UvwKSuYun53nSCkWKM52,2.5773667137e-10,0.26,,,,net_00186,1,2,LOW
7zD6RbP5VhjHW5Jai3XHdb5zcitDfJE3vGwNzDKmpump,2026-02-16T11:52:32Z,A8Z1ejQGk45EJibBPJviWnM3UvwKSuYun53nSCkWKM52,2.5773667137e-10,0.26,,,,net_00373,1,5,LOW
7zD6RbP5VhjHW5Jai3XHdb5zcitDfJE3vGwNzDKmpump,2026-02-16T11:52:32Z,A8Z1ejQGk45EJibBPJviWnM3UvwKSuYun53nSCkWKM52,2.5773667137e-10,0.26,,,,net_00441,1,2,LOW
7zD6RbP5VhjHW5Jai3XHdb5zcitDfJE3vGwNzDKmpump,2026-02-16T11:52:32Z,A8Z1ejQGk45EJibBPJviWnM3UvwKSuYun53nSCkWKM52,2.5773667137e-10,0.26,,,,net_00592,1,8,MEDIUM
7zD6RbP5VhjHW5Jai3XHdb5zcitDfJE3vGwNzDKmpump,2026-02-16T11:52:32Z,A8Z1ejQGk45EJibBPJviWnM3UvwKSuYun53nSCkWKM52,2.5773667137e-10,0.26,,,,net_00658,1,2,LOW
7zD6RbP5VhjHW5Jai3XHdb5zcitDfJE3vGwNzDKmpump,2026-02-16T11:52:32Z,A8Z1ejQGk45EJibBPJviWnM3UvwKSuYun53nSCkWKM52,2.5773667137e-10,0.26,,,,net_00766,1,2,LOW
7zD6RbP5VhjHW5Jai3XHdb5zcitDfJE3vGwNzDKmpump,2026-02-16T11:52:32Z,A8Z1ejQGk45EJibBPJviWnM3UvwKSuYun53nSCkWKM52,2.5773667137e-10,0.26,,,,net_00800,1,7,MEDIUM
7zD6RbP5VhjHW5Jai3XHdb5zcitDfJE3vGwNzDKmpump,2026-02-16T11:52:32Z,A8Z1ejQGk45EJibBPJviWnM3UvwKSuYun53nSCkWKM52,2.5773667137e-10,0.26,,,,net_00820,1,2,LOW
3FFTHwa3PBeT5FCUVdz1SEVbSTKUhnUQp7y4YxmBpump,2026-02-16T11:51:32Z,FSYojWVXvrXNkFfvCAptVhpnWHuJoNzQNu7QSgsecCEz,2.0296006205e-07,202.96,,,,NONE,0,0,NONE
FJyWUykcE4oQx2Lok2nCfRwRaM1YpG1vR2bpjaU3pump,2026-02-16T11:35:56Z,Fh6dFXof133DWm6cbTb1oFM5rUJ6CYBHGf1FBcHRBJ2P,1.8061617452e-10,0.18,,,,net_00096,1,2,LOW
FJyWUykcE4oQx2Lok2nCfRwRaM1YpG1vR2bpjaU3pump,2026-02-16T11:35:56Z,Fh6dFXof133DWm6cbTb1oFM5rUJ6CYBHGf1FBcHRBJ2P,1.8061617452e-10,0.18,,,,net_00171,1,2,LOW
FJyWUykcE4oQx2Lok2nCfRwRaM1YpG1vR2bpjaU3pump,2026-02-16T11:35:56Z,Fh6dFXof133DWm6cbTb1oFM5rUJ6CYBHGf1FBcHRBJ2P,1.8061617452e-10,0.18,,,,net_00279,1,2,LOW
FJyWUykcE4oQx2Lok2nCfRwRaM1YpG1vR2bpjaU3pump,2026-02-16T11:35:56Z,Fh6dFXof133DWm6cbTb1oFM5rUJ6CYBHGf1FBcHRBJ2P,1.8061617452e-10,0.18,,,,net_00394,1,2,LOW
FJyWUykcE4oQx2Lok2nCfRwRaM1YpG1vR2bpjaU3pump,2026-02-16T11:35:56Z,Fh6dFXof133DWm6cbTb1oFM5rUJ6CYBHGf1FBcHRBJ2P,1.8061617452e-10,0.18,,,,net_00647,23,152,CRITICAL
FJyWUykcE4oQx2Lok2nCfRwRaM1YpG1vR2bpjaU3pump,2026-02-16T11:35:56Z,Fh6dFXof133DWm6cbTb1oFM5rUJ6CYBHGf1FBcHRBJ2P,1.8061617452e-10,0.18,,,,net_00725,1,2,LOW
4kTvk674brYM2DzPA4mXzsfmLwFVJVhFTV57JWZgpump,2026-02-16T11:34:47Z,7E2xT3VyL4bocnq5mWLaVFtZf7j4346aAqziuJ4NHqkp,3.6359148902e-09,3.64,,,,NONE,0,0,NONE
82a9DCie6mGDroiHYGbktZ5QQ1YebyHD6r8RtGRVpump,2026-02-16T11:20:38Z,ARhhBLMxwKdTdiCu89f8ZS8QnTEYFF3cr8RBSbdiAAfz,8.8404382001e-10,0.88,,,,net_00124,14,36,HIGH
ETqhkFpa6oWK7mNexTNS9vKaRbZw3yzjTT14oKgpump,2026-02-16T11:15:40Z,2w8ssLMPboEZ6CeEv4BvFRXQ34M4Vx1nRmnaLQDmBhWS,8.4607219943e-09,8.46,,,,NONE,0,0,NONE
4tbXEsjpmYKYGLoGSmrFnYBKnz2RhFrSdeFr12Wfpump,2026-02-16T11:15:24Z,2FLEtG94UJ9hp17y3tf3Xp9xwsz4d2o2YcSgrb8LyfWw,5.8579919885e-11,0.06,,,,NONE,0,0,NONE
NEhe1bJZ2NbHhXXfNVm5JmDfJQLqALavfAAKRMtTono,2026-02-16T11:05:11Z,862TYSvRYoiHAK3F3WwTRYAfuGiQaGdxedN9AGvRGWo2,2.0282886824e-09,2.03,,,,net_00783,1,2,LOW
NEhe1bJZ2NbHhXXfNVm5JmDfJQLqALavfAAKRMtTono,2026-02-16T11:05:11Z,862TYSvRYoiHAK3F3WwTRYAfuGiQaGdxedN9AGvRGWo2,2.0282886824e-09,2.03,,,,net_01090,1,3,LOW
HfUUCEkA4V6yDDHPq1DUsMQsBbisQgH9rYjLJcENpump,2026-02-16T10:59:41Z,8KTxLV4VcVKwHNUbRYKfbMPanK1iPSJFHQnVqxYjt2eT,8.3863096829e-08,83.86,,,,NONE,0,0,NONE
7rMRsW8gNuJaGWxQrvycDMMffpRk9ZYACHZAQcZepump,2026-02-16T10:55:13Z,AQ2NALYAhY852UYgTG3UQtC4Mh5iZDQpnmZ9vY968exC,1.2928144454e-09,1.29,,,,NONE,0,0,NONE
2XdQfA3Gjrt1wVeL1cCUwxnBVDHht5qFDUoMqCxrpump,2026-02-16T10:45:24Z,CXCydLZZG6gvee5E4QQXXsyDj9V1edMLdNNToRmdHtQx,6.9928649482e-11,0.07,,,,NONE,0,0,NONE
43BYPi9AUAeKS855Ra6qEsw2bSRqgr7LnDq7fv46pump,2026-02-16T10:43:39Z,vFFhsJX1Lo6mjms7HG3KxmtKEJKmbcCtLLk9V7zTYw3,3.6410445316e-10,0.36,,,,NONE,0,0,NONE
84ynArYLRQw4Tv4pSTuZ8DHX1b1bTMGLWsQbGagUpump,2026-02-16T10:22:42Z,Eri4HNpJTyrcpKccuo7iuaErfUFUBNesTwoVyF9kvBrR,2.0622648375e-11,0.02,,,,NONE,0,0,NONE
GhhJA1FketUUJLXc5RhUVDjgFnY5pHqh1Cehs3g1pump,2026-02-16T10:21:09Z,5z6tifpt1p7oAzXZnWsKP65QJxcbe8D1ftCAeVU1GCWv,6.0971999593e-08,60.97,,,,NONE,0,0,NONE
CAgk2Rapm2aYKfTW2g8JjqGatzAsmZMNLtJesV43pump,2026-02-16T10:11:09Z,6qvoJTqkMmjh37rg5M7JSVyUejYZMke3ynLuWG2egNdM,1.6853372335e-09,1.69,,,,NONE,0,0,NONE
AiiQVF8Ljv7tUpxNTKeXcdzyUYWqgdMFGDztKRJmpump,2026-02-16T10:01:47Z,D8n8Dy6DWC9691mR4NroSA9TdxXBxDV6Rr639RapanS4,1.0088140886e-11,0.01,,,,net_00028,38,11,MEDIUM
AiiQVF8Ljv7tUpxNTKeXcdzyUYWqgdMFGDztKRJmpump,2026-02-16T10:01:47Z,D8n8Dy6DWC9691mR4NroSA9TdxXBxDV6Rr639RapanS4,1.0088140886e-11,0.01,,,,net_00084,1,7,MEDIUM
AiiQVF8Ljv7tUpxNTKeXcdzyUYWqgdMFGDztKRJmpump,2026-02-16T10:01:47Z,D8n8Dy6DWC9691mR4NroSA9TdxXBxDV6Rr639RapanS4,1.0088140886e-11,0.01,,,,net_00356,1,3,LOW
AiiQVF8Ljv7tUpxNTKeXcdzyUYWqgdMFGDztKRJmpump,2026-02-16T10:01:47Z,D8n8Dy6DWC9691mR4NroSA9TdxXBxDV6Rr639RapanS4,1.0088140886e-11,0.01,,,,net_00373,1,5,LOW
AiiQVF8Ljv7tUpxNTKeXcdzyUYWqgdMFGDztKRJmpump,2026-02-16T10:01:47Z,D8n8Dy6DWC9691mR4NroSA9TdxXBxDV6Rr639RapanS4,1.0088140886e-11,0.01,,,,net_00537,1,2,LOW
AiiQVF8Ljv7tUpxNTKeXcdzyUYWqgdMFGDztKRJmpump,2026-02-16T10:01:47Z,D8n8Dy6DWC9691mR4NroSA9TdxXBxDV6Rr639RapanS4,1.0088140886e-11,0.01,,,,net_00624,1,2,LOW
AiiQVF8Ljv7tUpxNTKeXcdzyUYWqgdMFGDztKRJmpump,2026-02-16T10:01:47Z,D8n8Dy6DWC9691mR4NroSA9TdxXBxDV6Rr639RapanS4,1.0088140886e-11,0.01,,,,net_00879,1,4,LOW
AiiQVF8Ljv7tUpxNTKeXcdzyUYWqgdMFGDztKRJmpump,2026-02-16T10:01:47Z,D8n8Dy6DWC9691mR4NroSA9TdxXBxDV6Rr639RapanS4,1.0088140886e-11,0.01,,,,net_00938,1,2,LOW
AiiQVF8Ljv7tUpxNTKeXcdzyUYWqgdMFGDztKRJmpump,2026-02-16T10:01:47Z,D8n8Dy6DWC9691mR4NroSA9TdxXBxDV6Rr639RapanS4,1.0088140886e-11,0.01,,,,net_00945,1,2,LOW
AiiQVF8Ljv7tUpxNTKeXcdzyUYWqgdMFGDztKRJmpump,2026-02-16T10:01:47Z,D8n8Dy6DWC9691mR4NroSA9TdxXBxDV6Rr639RapanS4,1.0088140886e-11,0.01,,,,net_00957,1,2,LOW
7bwBbZ5edokqFMdp68EjyYqwTUXdX3ET2n9bD4T8pump,2026-02-16T09:38:40Z,G21g2wLkSPxTJDHRVXvkyNJXJpSzTALY4pGidUdijSAn,9.3823432005e-09,9.38,,,,NONE,0,0,NONE
5QkNuHeLv5jK1HnQQiM5QAytLToihfVcVLJLAqkhpump,2026-02-16T09:38:17Z,79hbkFpa1s6kLP4TC8gwAiRNHqL3Cnu6bHR8uN7Zwbwe,4.6089734141e-08,46.09,,,,NONE,0,0,NONE
SoiNj2B9guChiKy8WMFmu55ooHjvaUwkJcCAjXspump,2026-02-16T09:23:05Z,3c7Gk1wRTfhiKuwM9v7LqxU5Gx55GJkizZsSXwjvNdLx,6.7540999679e-09,6.75,,,,NONE,0,0,NONE
8oyNg6sv32JhjbzAGKtPskhGqzFMQca2FagTN3AJpump,2026-02-16T09:07:11Z,EB1KHV23s1794LQC4JBFUvf6SmW7b5paEVCHnYFHkrF,4.0144248568e-08,40.14,,,,NONE,0,0,NONE
BHE2EggxupoCEiDxdXt67DAtYJ3CsHtjac6EiY8ipump,2026-02-16T08:58:15Z,gangJEP5geDHjPVRhDS5dTF5e6GtRvtNogMEEVs91RV,3.2404314579e-08,32.40,,,,net_00042,1,2,LOW
BHE2EggxupoCEiDxdXt67DAtYJ3CsHtjac6EiY8ipump,2026-02-16T08:58:15Z,gangJEP5geDHjPVRhDS5dTF5e6GtRvtNogMEEVs91RV,3.2404314579e-08,32.40,,,,net_00080,1,2,LOW
BHE2EggxupoCEiDxdXt67DAtYJ3CsHtjac6EiY8ipump,2026-02-16T08:58:15Z,gangJEP5geDHjPVRhDS5dTF5e6GtRvtNogMEEVs91RV,3.2404314579e-08,32.40,,,,net_00089,1,2,LOW
BHE2EggxupoCEiDxdXt67DAtYJ3CsHtjac6EiY8ipump,2026-02-16T08:58:15Z,gangJEP5geDHjPVRhDS5dTF5e6GtRvtNogMEEVs91RV,3.2404314579e-08,32.40,,,,net_00118,1,2,LOW
BHE2EggxupoCEiDxdXt67DAtYJ3CsHtjac6EiY8ipump,2026-02-16T08:58:15Z,gangJEP5geDHjPVRhDS5dTF5e6GtRvtNogMEEVs91RV,3.2404314579e-08,32.40,,,,net_00119,1,2,LOW
BHE2EggxupoCEiDxdXt67DAtYJ3CsHtjac6EiY8ipump,2026-02-16T08:58:15Z,gangJEP5geDHjPVRhDS5dTF5e6GtRvtNogMEEVs91RV,3.2404314579e-08,32.40,,,,net_00121,1,2,LOW
BHE2EggxupoCEiDxdXt67DAtYJ3CsHtjac6EiY8ipump,2026-02-16T08:58:15Z,gangJEP5geDHjPVRhDS5dTF5e6GtRvtNogMEEVs91RV,3.2404314579e-08,32.40,,,,net_00137,1,2,LOW
BHE2EggxupoCEiDxdXt67DAtYJ3CsHtjac6EiY8ipump,2026-02-16T08:58:15Z,gangJEP5geDHjPVRhDS5dTF5e6GtRvtNogMEEVs91RV,3.2404314579e-08,32.40,,,,net_00240,1,2,LOW
BHE2EggxupoCEiDxdXt67DAtYJ3CsHtjac6EiY8ipump,2026-02-16T08:58:15Z,gangJEP5geDHjPVRhDS5dTF5e6GtRvtNogMEEVs91RV,3.2404314579e-08,32.40,,,,net_00243,1,2,LOW
BHE2EggxupoCEiDxdXt67DAtYJ3CsHtjac6EiY8ipump,2026-02-16T08:58:15Z,gangJEP5geDHjPVRhDS5dTF5e6GtRvtNogMEEVs91RV,3.2404314579e-08,32.40,,,,net_00286,1,2,LOW
BHE2EggxupoCEiDxdXt67DAtYJ3CsHtjac6EiY8ipump,2026-02-16T08:58:15Z,gangJEP5geDHjPVRhDS5dTF5e6GtRvtNogMEEVs91RV,3.2404314579e-08,32.40,,,,net_00297,1,2,LOW
BHE2EggxupoCEiDxdXt67DAtYJ3CsHtjac6EiY8ipump,2026-02-16T08:58:15Z,gangJEP5geDHjPVRhDS5dTF5e6GtRvtNogMEEVs91RV,3.2404314579e-08,32.40,,,,net_00319,1,2,LOW
BHE2EggxupoCEiDxdXt67DAtYJ3CsHtjac6EiY8ipump,2026-02-16T08:58:15Z,gangJEP5geDHjPVRhDS5dTF5e6GtRvtNogMEEVs91RV,3.2404314579e-08,32.40,,,,net_00332,1,2,LOW
BHE2EggxupoCEiDxdXt67DAtYJ3CsHtjac6EiY8ipump,2026-02-16T08:58:15Z,gangJEP5geDHjPVRhDS5dTF5e6GtRvtNogMEEVs91RV,3.2404314579e-08,32.40,,,,net_00395,1,2,LOW
BHE2EggxupoCEiDxdXt67DAtYJ3CsHtjac6EiY8ipump,2026-02-16T08:58:15Z,gangJEP5geDHjPVRhDS5dTF5e6GtRvtNogMEEVs91RV,3.2404314579e-08,32.40,,,,net_00398,1,2,LOW
BHE2EggxupoCEiDxdXt67DAtYJ3CsHtjac6EiY8ipump,2026-02-16T08:58:15Z,gangJEP5geDHjPVRhDS5dTF5e6GtRvtNogMEEVs91RV,3.2404314579e-08,32.40,,,,net_00402,1,2,LOW
BHE2EggxupoCEiDxdXt67DAtYJ3CsHtjac6EiY8ipump,2026-02-16T08:58:15Z,gangJEP5geDHjPVRhDS5dTF5e6GtRvtNogMEEVs91RV,3.2404314579e-08,32.40,,,,net_00440,1,2,LOW
BHE2EggxupoCEiDxdXt67DAtYJ3CsHtjac6EiY8ipump,2026-02-16T08:58:15Z,gangJEP5geDHjPVRhDS5dTF5e6GtRvtNogMEEVs91RV,3.2404314579e-08,32.40,,,,net_00443,1,4,LOW
BHE2EggxupoCEiDxdXt67DAtYJ3CsHtjac6EiY8ipump,2026-02-16T08:58:15Z,gangJEP5geDHjPVRhDS5dTF5e6GtRvtNogMEEVs91RV,3.2404314579e-08,32.40,,,,net_00444,1,2,LOW
BHE2EggxupoCEiDxdXt67DAtYJ3CsHtjac6EiY8ipump,2026-02-16T08:58:15Z,gangJEP5geDHjPVRhDS5dTF5e6GtRvtNogMEEVs91RV,3.2404314579e-08,32.40,,,,net_00445,1,2,LOW
BHE2EggxupoCEiDxdXt67DAtYJ3CsHtjac6EiY8ipump,2026-02-16T08:58:15Z,gangJEP5geDHjPVRhDS5dTF5e6GtRvtNogMEEVs91RV,3.2404314579e-08,32.40,,,,net_00477,1,2,LOW
BHE2EggxupoCEiDxdXt67DAtYJ3CsHtjac6EiY8ipump,2026-02-16T08:58:15Z,gangJEP5geDHjPVRhDS5dTF5e6GtRvtNogMEEVs91RV,3.2404314579e-08,32.40,,,,net_00575,1,2,LOW
BHE2EggxupoCEiDxdXt67DAtYJ3CsHtjac6EiY8ipump,2026-02-16T08:58:15Z,gangJEP5geDHjPVRhDS5dTF5e6GtRvtNogMEEVs91RV,3.2404314579e-08,32.40,,,,net_00578,1,2,LOW
BHE2EggxupoCEiDxdXt67DAtYJ3CsHtjac6EiY8ipump,2026-02-16T08:58:15Z,gangJEP5geDHjPVRhDS5dTF5e6GtRvtNogMEEVs91RV,3.2404314579e-08,32.40,,,,net_00590,1,2,LOW
BHE2EggxupoCEiDxdXt67DAtYJ3CsHtjac6EiY8ipump,2026-02-16T08:58:15Z,gangJEP5geDHjPVRhDS5dTF5e6GtRvtNogMEEVs91RV,3.2404314579e-08,32.40,,,,net_00614,1,2,LOW
BHE2EggxupoCEiDxdXt67DAtYJ3CsHtjac6EiY8ipump,2026-02-16T08:58:15Z,gangJEP5geDHjPVRhDS5dTF5e6GtRvtNogMEEVs91RV,3.2404314579e-08,32.40,,,,net_00643,1,2,LOW
BHE2EggxupoCEiDxdXt67DAtYJ3CsHtjac6EiY8ipump,2026-02-16T08:58:15Z,gangJEP5geDHjPVRhDS5dTF5e6GtRvtNogMEEVs91RV,3.2404314579e-08,32.40,,,,net_00742,1,2,LOW
BHE2EggxupoCEiDxdXt67DAtYJ3CsHtjac6EiY8ipump,2026-02-16T08:58:15Z,gangJEP5geDHjPVRhDS5dTF5e6GtRvtNogMEEVs91RV,3.2404314579e-08,32.40,,,,net_00780,1,2,LOW
BHE2EggxupoCEiDxdXt67DAtYJ3CsHtjac6EiY8ipump,2026-02-16T08:58:15Z,gangJEP5geDHjPVRhDS5dTF5e6GtRvtNogMEEVs91RV,3.2404314579e-08,32.40,,,,net_00790,1,3,LOW
BHE2EggxupoCEiDxdXt67DAtYJ3CsHtjac6EiY8ipump,2026-02-16T08:58:15Z,gangJEP5geDHjPVRhDS5dTF5e6GtRvtNogMEEVs91RV,3.2404314579e-08,32.40,,,,net_00848,1,2,LOW
BHE2EggxupoCEiDxdXt67DAtYJ3CsHtjac6EiY8ipump,2026-02-16T08:58:15Z,gangJEP5geDHjPVRhDS5dTF5e6GtRvtNogMEEVs91RV,3.2404314579e-08,32.40,,,,net_00871,1,2,LOW
BHE2EggxupoCEiDxdXt67DAtYJ3CsHtjac6EiY8ipump,2026-02-16T08:58:15Z,gangJEP5geDHjPVRhDS5dTF5e6GtRvtNogMEEVs91RV,3.2404314579e-08,32.40,,,,net_00925,1,2,LOW
BHE2EggxupoCEiDxdXt67DAtYJ3CsHtjac6EiY8ipump,2026-02-16T08:58:15Z,gangJEP5geDHjPVRhDS5dTF5e6GtRvtNogMEEVs91RV,3.2404314579e-08,32.40,,,,net_00930,1,2,LOW
BHE2EggxupoCEiDxdXt67DAtYJ3CsHtjac6EiY8ipump,2026-02-16T08:58:15Z,gangJEP5geDHjPVRhDS5dTF5e6GtRvtNogMEEVs91RV,3.2404314579e-08,32.40,,,,net_00951,1,2,LOW
BHE2EggxupoCEiDxdXt67DAtYJ3CsHtjac6EiY8ipump,2026-02-16T08:58:15Z,gangJEP5geDHjPVRhDS5dTF5e6GtRvtNogMEEVs91RV,3.2404314579e-08,32.40,,,,net_00983,1,2,LOW
BHE2EggxupoCEiDxdXt67DAtYJ3CsHtjac6EiY8ipump,2026-02-16T08:58:15Z,gangJEP5geDHjPVRhDS5dTF5e6GtRvtNogMEEVs91RV,3.2404314579e-08,32.40,,,,net_00986,1,2,LOW
BHE2EggxupoCEiDxdXt67DAtYJ3CsHtjac6EiY8ipump,2026-02-16T08:58:15Z,gangJEP5geDHjPVRhDS5dTF5e6GtRvtNogMEEVs91RV,3.2404314579e-08,32.40,,,,net_01077,1,2,LOW
8AarZ45LcxwdEnoADTtcCpM9KN58Nir2T69tAWL3pump,2026-02-16T08:53:04Z,7ZXscSuAtWsTetqUTMWs475zKYheYN45PCTGXhxjJjWo,,,,,,NONE,0,0,NONE
2K6Gws8MpTBXg5SUoq5eHbxZtG4jQEZgekBJYZ2Qpump,2026-02-16T08:32:35Z,8LrLUczV6gu1BzQiNmiGUBxcTeU1AycgL76bDssThCU7,1.5240737555e-07,152.41,,,,NONE,0,0,NONE
GQ1mxLDsMF6oJ8znBfLz5abSdyCd7epwauYh4sjSpump,2026-02-16T08:24:53Z,4x8L843uLk4LwUE2PbSBbqG7e7kCpv9nN8q16gxDHnuX,2.1672937393e-09,2.17,,,,net_00021,44,7,MEDIUM
6ntVRHQKVsvizpHAwVhwrkvW8pgSUmFyZ4gAVwh6pump,2026-02-16T08:21:32Z,3RkDGFWnVqX2fUccqY7N3x8tZpmTt5iSWSxcp2xfqYf8,3.6838460892e-09,3.68,,,,net_00124,14,36,HIGH
FRNhKLFtxXtsgoghjcGS7pQfyoZ7M87LerKgXu1rpump,2026-02-16T08:16:41Z,gvQqfp8LpZQBQogWAwq79WzkASQgc22bk2jX9616Pcx,1.0538631347e-07,105.39,,,,NONE,0,0,NONE
FoLXEuvxFz67UYzruab4AGMZasFthWbTNv3eHRrppump,2026-02-16T07:57:46Z,FrrRcVfMPs1JzSiXCHoz1tHd61TBFHv8RqrLp4WLz2vN,6.7606631139e-10,0.68,,,,NONE,0,0,NONE
6tL6N5hb68yY626vH3uzTwvT5ZsEfejUALDFC1UTpump,2026-02-16T07:55:43Z,DoJBbvvUSrzkkDyfHmJMQABxf6trjNmk2TnazdpRqJ8G,1.3806792632e-07,138.07,,,,NONE,0,0,NONE
5cMqGc91D9ViK3qfbhuPEEiFRggj5Sx5hSh4veLRpump,2026-02-16T07:54:58Z,7aYtXvmZ9HdHSFcAgJjE3EUnFMD9eNztU8ZdHjWsSZZN,3.7326753474e-10,0.37,,,,NONE,0,0,NONE
J8fnBKxEh2bgrLziVzn72WcCkgsSJwW7P62gn3Nopump,2026-02-16T07:51:48Z,DN2KNBZsRGSs6kcfxrSyR7Ri9eVmB6bCtx3nAvC8ueBw,5.8813715634e-07,588.14,,,,net_00938,1,2,LOW
J8fnBKxEh2bgrLziVzn72WcCkgsSJwW7P62gn3Nopump,2026-02-16T07:51:48Z,DN2KNBZsRGSs6kcfxrSyR7Ri9eVmB6bCtx3nAvC8ueBw,5.8813715634e-07,588.14,,,,net_01064,1,5,LOW
9ZbpTmYLnQXsYk3MJWRnmr8Sfr4cArY5Ymwu7F6hpump,2026-02-16T07:48:58Z,EFyHFaZiY4vu83T9p2KxVxUGt7GzyqevZxmNqS8jamsv,5.2543138922e-10,0.53,,,,NONE,0,0,NONE
5jBTtBmmnWQLXSeLVRdXZWGSv6As7Z8hDR4vxK8kpump,2026-02-16T07:48:24Z,HhNyAxGFZiF2ygxebTBYKj5DnVPghvfqp37NKZyVB6Zy,1.6839597974e-10,0.17,,,,NONE,0,0,NONE
FgcgMT9789b4gty9tWgTyZQk1YjobnkWUaDVswSwpump,2026-02-16T07:47:26Z,2y818eGm4tFsMqne6vg1CmjP5nsiu4q4PpTMr9FMjnTi,6.7959817084e-09,6.80,,,,NONE,0,0,NONE
FKPvoUKtnWwPi73SGLQrAux9DeP9RD8eGqrzcwynpump,2026-02-16T07:40:57Z,GcPLWZt37NuxML8qBCUqsQsboHBizzz8XP71mqZAuAPM,2.6856701496e-10,0.27,,,,NONE,0,0,NONE
CJ64txDYR1bjusnh888eMD31Pd9okiQ5x62dD3KSpump,2026-02-16T06:43:29Z,BbWHrSdn5xM9PdK182ALrE7fQrcRKx79HAwmuPo3SdaC,2.5653330078e-07,256.53,,,,NONE,0,0,NONE
4jdjBUaJCMDes5UYpLUNYCAhEELaHF8yhrtDdFiNbUbe,2026-02-16T06:22:39Z,7GhWwhaMgbKiRWxF93Bud6HnHMci6NCLTJyTxG8zFH51,5.5061238515e-08,55.06,,,,net_00033,1,2,LOW
4jdjBUaJCMDes5UYpLUNYCAhEELaHF8yhrtDdFiNbUbe,2026-02-16T06:22:39Z,7GhWwhaMgbKiRWxF93Bud6HnHMci6NCLTJyTxG8zFH51,5.5061238515e-08,55.06,,,,net_00050,1,2,LOW
4jdjBUaJCMDes5UYpLUNYCAhEELaHF8yhrtDdFiNbUbe,2026-02-16T06:22:39Z,7GhWwhaMgbKiRWxF93Bud6HnHMci6NCLTJyTxG8zFH51,5.5061238515e-08,55.06,,,,net_00147,1,2,LOW
4jdjBUaJCMDes5UYpLUNYCAhEELaHF8yhrtDdFiNbUbe,2026-02-16T06:22:39Z,7GhWwhaMgbKiRWxF93Bud6HnHMci6NCLTJyTxG8zFH51,5.5061238515e-08,55.06,,,,net_00166,1,3,LOW
4jdjBUaJCMDes5UYpLUNYCAhEELaHF8yhrtDdFiNbUbe,2026-02-16T06:22:39Z,7GhWwhaMgbKiRWxF93Bud6HnHMci6NCLTJyTxG8zFH51,5.5061238515e-08,55.06,,,,net_00513,1,2,LOW
4jdjBUaJCMDes5UYpLUNYCAhEELaHF8yhrtDdFiNbUbe,2026-02-16T06:22:39Z,7GhWwhaMgbKiRWxF93Bud6HnHMci6NCLTJyTxG8zFH51,5.5061238515e-08,55.06,,,,net_00524,1,2,LOW
4jdjBUaJCMDes5UYpLUNYCAhEELaHF8yhrtDdFiNbUbe,2026-02-16T06:22:39Z,7GhWwhaMgbKiRWxF93Bud6HnHMci6NCLTJyTxG8zFH51,5.5061238515e-08,55.06,,,,net_00558,1,3,LOW
4jdjBUaJCMDes5UYpLUNYCAhEELaHF8yhrtDdFiNbUbe,2026-02-16T06:22:39Z,7GhWwhaMgbKiRWxF93Bud6HnHMci6NCLTJyTxG8zFH51,5.5061238515e-08,55.06,,,,net_00599,1,2,LOW
4jdjBUaJCMDes5UYpLUNYCAhEELaHF8yhrtDdFiNbUbe,2026-02-16T06:22:39Z,7GhWwhaMgbKiRWxF93Bud6HnHMci6NCLTJyTxG8zFH51,5.5061238515e-08,55.06,,,,net_00631,1,3,LOW
4jdjBUaJCMDes5UYpLUNYCAhEELaHF8yhrtDdFiNbUbe,2026-02-16T06:22:39Z,7GhWwhaMgbKiRWxF93Bud6HnHMci6NCLTJyTxG8zFH51,5.5061238515e-08,55.06,,,,net_00673,1,2,LOW
4jdjBUaJCMDes5UYpLUNYCAhEELaHF8yhrtDdFiNbUbe,2026-02-16T06:22:39Z,7GhWwhaMgbKiRWxF93Bud6HnHMci6NCLTJyTxG8zFH51,5.5061238515e-08,55.06,,,,net_00688,1,3,LOW
4jdjBUaJCMDes5UYpLUNYCAhEELaHF8yhrtDdFiNbUbe,2026-02-16T06:22:39Z,7GhWwhaMgbKiRWxF93Bud6HnHMci6NCLTJyTxG8zFH51,5.5061238515e-08,55.06,,,,net_00696,1,2,LOW
4jdjBUaJCMDes5UYpLUNYCAhEELaHF8yhrtDdFiNbUbe,2026-02-16T06:22:39Z,7GhWwhaMgbKiRWxF93Bud6HnHMci6NCLTJyTxG8zFH51,5.5061238515e-08,55.06,,,,net_00744,1,4,LOW
4jdjBUaJCMDes5UYpLUNYCAhEELaHF8yhrtDdFiNbUbe,2026-02-16T06:22:39Z,7GhWwhaMgbKiRWxF93Bud6HnHMci6NCLTJyTxG8zFH51,5.5061238515e-08,55.06,,,,net_00750,1,6,MEDIUM
4jdjBUaJCMDes5UYpLUNYCAhEELaHF8yhrtDdFiNbUbe,2026-02-16T06:22:39Z,7GhWwhaMgbKiRWxF93Bud6HnHMci6NCLTJyTxG8zFH51,5.5061238515e-08,55.06,,,,net_00752,1,6,MEDIUM
4jdjBUaJCMDes5UYpLUNYCAhEELaHF8yhrtDdFiNbUbe,2026-02-16T06:22:39Z,7GhWwhaMgbKiRWxF93Bud6HnHMci6NCLTJyTxG8zFH51,5.5061238515e-08,55.06,,,,net_00862,1,2,LOW
4jdjBUaJCMDes5UYpLUNYCAhEELaHF8yhrtDdFiNbUbe,2026-02-16T06:22:39Z,7GhWwhaMgbKiRWxF93Bud6HnHMci6NCLTJyTxG8zFH51,5.5061238515e-08,55.06,,,,net_00971,1,2,LOW
4jdjBUaJCMDes5UYpLUNYCAhEELaHF8yhrtDdFiNbUbe,2026-02-16T06:22:39Z,7GhWwhaMgbKiRWxF93Bud6HnHMci6NCLTJyTxG8zFH51,5.5061238515e-08,55.06,,,,net_00981,1,2,LOW
4jdjBUaJCMDes5UYpLUNYCAhEELaHF8yhrtDdFiNbUbe,2026-02-16T06:22:39Z,7GhWwhaMgbKiRWxF93Bud6HnHMci6NCLTJyTxG8zFH51,5.5061238515e-08,55.06,,,,net_01062,1,2,LOW
4jdjBUaJCMDes5UYpLUNYCAhEELaHF8yhrtDdFiNbUbe,2026-02-16T06:22:39Z,7GhWwhaMgbKiRWxF93Bud6HnHMci6NCLTJyTxG8zFH51,5.5061238515e-08,55.06,,,,net_01069,1,4,LOW
7BB1fQS4iJFxCA44YvGbyrGSswsyjMeM3umBQ2dfpump,2026-02-16T06:12:51Z,FX71TmTwqoigjHpAcEMVciSvxJ2tm51GZomCBdy8JE8n,1.9146317242e-10,0.19,,,,NONE,0,0,NONE
2r43zYsj2PKRqirZhT1hxCY4REtQmG64RtpeF7Awpump,2026-02-16T06:04:36Z,9nXdu1Rsuemzoqgg8rvqPJAtRMoQDjXzxicKes1rsn23,3.1272175315e-10,0.31,,,,NONE,0,0,NONE
5Ten9jHmfmUA7VeRStwVKfycFRRm8yu94c4rXmgppump,2026-02-16T06:03:36Z,8iGng9Bp6KzcXT81Jz4YXFxSwHjsfvp1tryFbTdsgefw,1.4934976311e-09,1.49,,,,NONE,0,0,NONE
8TWr6Z4UZjWSLcboQRTxKSRgrCWkMWwk2DKQZ6Qepump,2026-02-16T05:52:41Z,FHAeLLMhzYWZ66CBrwQprp7ZhEQuxR6wCiBUWyY1meS9,6.2245999302e-08,62.25,,,,NONE,0,0,NONE
AN8rN5PhRXHFLBLsGzVqbhTFfCA3ooa8oUcacsKTpump,2026-02-16T05:38:03Z,HjQjWKyv6gR9RiRE1a6rfBhKiaEMe5LvBz97qmdEJBbu,7.2919832241e-09,7.29,,,,net_00533,1,4,LOW
AN8rN5PhRXHFLBLsGzVqbhTFfCA3ooa8oUcacsKTpump,2026-02-16T05:38:03Z,HjQjWKyv6gR9RiRE1a6rfBhKiaEMe5LvBz97qmdEJBbu,7.2919832241e-09,7.29,,,,net_00932,1,2,LOW
AN8rN5PhRXHFLBLsGzVqbhTFfCA3ooa8oUcacsKTpump,2026-02-16T05:38:03Z,HjQjWKyv6gR9RiRE1a6rfBhKiaEMe5LvBz97qmdEJBbu,7.2919832241e-09,7.29,,,,net_01069,1,4,LOW
8nSxemSzLokmkT4cJ6JbWy8raU76kVZz1avjfgo9pump,2026-02-16T05:35:01Z,DHmyueLGKqG7Cg9m4PNq6PZjJcmQEWRLSsQLYXMqJ2FW,1.6271119995e-08,16.27,,,,NONE,0,0,NONE
9EDQwyaEmUc2FYNX1JvraR4YS6cxrfsonr11eiwZpump,2026-02-16T05:33:46Z,HxPnofSjtcXzB74NGQA1xpFZRZkcDKbDAYcvoX9J7sRh,6.8239142618e-09,6.82,,,,NONE,0,0,NONE
HhP4Hq6ijB52v5oERFERkHnG6maCa5eaRzEoBaPhvQC6,2026-02-16T05:05:56Z,9Zu8AigeXgFAajBTni2VWw6Wmz7XxDqHmY5nQwdCWAyY,4.9607868387e-08,49.61,,,,net_00028,38,11,MEDIUM
HhP4Hq6ijB52v5oERFERkHnG6maCa5eaRzEoBaPhvQC6,2026-02-16T05:05:56Z,9Zu8AigeXgFAajBTni2VWw6Wmz7XxDqHmY5nQwdCWAyY,4.9607868387e-08,49.61,,,,net_00116,1,2,LOW
HhP4Hq6ijB52v5oERFERkHnG6maCa5eaRzEoBaPhvQC6,2026-02-16T05:05:56Z,9Zu8AigeXgFAajBTni2VWw6Wmz7XxDqHmY5nQwdCWAyY,4.9607868387e-08,49.61,,,,net_00343,1,2,LOW
HhP4Hq6ijB52v5oERFERkHnG6maCa5eaRzEoBaPhvQC6,2026-02-16T05:05:56Z,9Zu8AigeXgFAajBTni2VWw6Wmz7XxDqHmY5nQwdCWAyY,4.9607868387e-08,49.61,,,,net_00357,1,2,LOW
HhP4Hq6ijB52v5oERFERkHnG6maCa5eaRzEoBaPhvQC6,2026-02-16T05:05:56Z,9Zu8AigeXgFAajBTni2VWw6Wmz7XxDqHmY5nQwdCWAyY,4.9607868387e-08,49.61,,,,net_00361,1,2,LOW
HhP4Hq6ijB52v5oERFERkHnG6maCa5eaRzEoBaPhvQC6,2026-02-16T05:05:56Z,9Zu8AigeXgFAajBTni2VWw6Wmz7XxDqHmY5nQwdCWAyY,4.9607868387e-08,49.61,,,,net_00470,1,2,LOW
HhP4Hq6ijB52v5oERFERkHnG6maCa5eaRzEoBaPhvQC6,2026-02-16T05:05:56Z,9Zu8AigeXgFAajBTni2VWw6Wmz7XxDqHmY5nQwdCWAyY,4.9607868387e-08,49.61,,,,net_00477,1,2,LOW
HhP4Hq6ijB52v5oERFERkHnG6maCa5eaRzEoBaPhvQC6,2026-02-16T05:05:56Z,9Zu8AigeXgFAajBTni2VWw6Wmz7XxDqHmY5nQwdCWAyY,4.9607868387e-08,49.61,,,,net_00641,1,2,LOW
HhP4Hq6ijB52v5oERFERkHnG6maCa5eaRzEoBaPhvQC6,2026-02-16T05:05:56Z,9Zu8AigeXgFAajBTni2VWw6Wmz7XxDqHmY5nQwdCWAyY,4.9607868387e-08,49.61,,,,net_00894,1,2,LOW
HhP4Hq6ijB52v5oERFERkHnG6maCa5eaRzEoBaPhvQC6,2026-02-16T05:05:56Z,9Zu8AigeXgFAajBTni2VWw6Wmz7XxDqHmY5nQwdCWAyY,4.9607868387e-08,49.61,,,,net_00955,1,2,LOW
3A12w2h2SzND3Cx3XJTXc59HfEej97i7AsbRbhiDpump,2026-02-16T04:57:46Z,HjQjWKyv6gR9RiRE1a6rfBhKiaEMe5LvBz97qmdEJBbu,3.0073215650e-08,30.07,,,,net_00533,1,4,LOW
3A12w2h2SzND3Cx3XJTXc59HfEej97i7AsbRbhiDpump,2026-02-16T04:57:46Z,HjQjWKyv6gR9RiRE1a6rfBhKiaEMe5LvBz97qmdEJBbu,3.0073215650e-08,30.07,,,,net_00932,1,2,LOW
3A12w2h2SzND3Cx3XJTXc59HfEej97i7AsbRbhiDpump,2026-02-16T04:57:46Z,HjQjWKyv6gR9RiRE1a6rfBhKiaEMe5LvBz97qmdEJBbu,3.0073215650e-08,30.07,,,,net_01069,1,4,LOW
3vgJGbBDaBtLkca2cyfCRusFsqYoGC8mhTMaUaxhpump,2026-02-16T04:40:30Z,HyYNVYmnFmi87NsQqWzLJhUTPBKQUfgfhdbBa554nMFF,9.6742437654e-07,967.42,,,,net_00335,1,3,LOW
3vgJGbBDaBtLkca2cyfCRusFsqYoGC8mhTMaUaxhpump,2026-02-16T04:40:30Z,HyYNVYmnFmi87NsQqWzLJhUTPBKQUfgfhdbBa554nMFF,9.6742437654e-07,967.42,,,,net_00403,1,2,LOW
3vgJGbBDaBtLkca2cyfCRusFsqYoGC8mhTMaUaxhpump,2026-02-16T04:40:30Z,HyYNVYmnFmi87NsQqWzLJhUTPBKQUfgfhdbBa554nMFF,9.6742437654e-07,967.42,,,,net_00679,1,7,MEDIUM
3vgJGbBDaBtLkca2cyfCRusFsqYoGC8mhTMaUaxhpump,2026-02-16T04:40:30Z,HyYNVYmnFmi87NsQqWzLJhUTPBKQUfgfhdbBa554nMFF,9.6742437654e-07,967.42,,,,net_00806,1,2,LOW
3vgJGbBDaBtLkca2cyfCRusFsqYoGC8mhTMaUaxhpump,2026-02-16T04:40:30Z,HyYNVYmnFmi87NsQqWzLJhUTPBKQUfgfhdbBa554nMFF,9.6742437654e-07,967.42,,,,net_00972,1,2,LOW
CvVncVMrKpMJ4m5h3nLr84k6n7STmsQMYuJUJpioQNgS,2026-02-16T04:35:35Z,7GhWwhaMgbKiRWxF93Bud6HnHMci6NCLTJyTxG8zFH51,2.6079645991e-08,26.08,,,,net_00033,1,2,LOW
CvVncVMrKpMJ4m5h3nLr84k6n7STmsQMYuJUJpioQNgS,2026-02-16T04:35:35Z,7GhWwhaMgbKiRWxF93Bud6HnHMci6NCLTJyTxG8zFH51,2.6079645991e-08,26.08,,,,net_00050,1,2,LOW
CvVncVMrKpMJ4m5h3nLr84k6n7STmsQMYuJUJpioQNgS,2026-02-16T04:35:35Z,7GhWwhaMgbKiRWxF93Bud6HnHMci6NCLTJyTxG8zFH51,2.6079645991e-08,26.08,,,,net_00147,1,2,LOW
CvVncVMrKpMJ4m5h3nLr84k6n7STmsQMYuJUJpioQNgS,2026-02-16T04:35:35Z,7GhWwhaMgbKiRWxF93Bud6HnHMci6NCLTJyTxG8zFH51,2.6079645991e-08,26.08,,,,net_00166,1,3,LOW
CvVncVMrKpMJ4m5h3nLr84k6n7STmsQMYuJUJpioQNgS,2026-02-16T04:35:35Z,7GhWwhaMgbKiRWxF93Bud6HnHMci6NCLTJyTxG8zFH51,2.6079645991e-08,26.08,,,,net_00513,1,2,LOW
CvVncVMrKpMJ4m5h3nLr84k6n7STmsQMYuJUJpioQNgS,2026-02-16T04:35:35Z,7GhWwhaMgbKiRWxF93Bud6HnHMci6NCLTJyTxG8zFH51,2.6079645991e-08,26.08,,,,net_00524,1,2,LOW
CvVncVMrKpMJ4m5h3nLr84k6n7STmsQMYuJUJpioQNgS,2026-02-16T04:35:35Z,7GhWwhaMgbKiRWxF93Bud6HnHMci6NCLTJyTxG8zFH51,2.6079645991e-08,26.08,,,,net_00558,1,3,LOW
CvVncVMrKpMJ4m5h3nLr84k6n7STmsQMYuJUJpioQNgS,2026-02-16T04:35:35Z,7GhWwhaMgbKiRWxF93Bud6HnHMci6NCLTJyTxG8zFH51,2.6079645991e-08,26.08,,,,net_00599,1,2,LOW
CvVncVMrKpMJ4m5h3nLr84k6n7STmsQMYuJUJpioQNgS,2026-02-16T04:35:35Z,7GhWwhaMgbKiRWxF93Bud6HnHMci6NCLTJyTxG8zFH51,2.6079645991e-08,26.08,,,,net_00631,1,3,LOW
CvVncVMrKpMJ4m5h3nLr84k6n7STmsQMYuJUJpioQNgS,2026-02-16T04:35:35Z,7GhWwhaMgbKiRWxF93Bud6HnHMci6NCLTJyTxG8zFH51,2.6079645991e-08,26.08,,,,net_00673,1,2,LOW
CvVncVMrKpMJ4m5h3nLr84k6n7STmsQMYuJUJpioQNgS,2026-02-16T04:35:35Z,7GhWwhaMgbKiRWxF93Bud6HnHMci6NCLTJyTxG8zFH51,2.6079645991e-08,26.08,,,,net_00688,1,3,LOW
CvVncVMrKpMJ4m5h3nLr84k6n7STmsQMYuJUJpioQNgS,2026-02-16T04:35:35Z,7GhWwhaMgbKiRWxF93Bud6HnHMci6NCLTJyTxG8zFH51,2.6079645991e-08,26.08,,,,net_00696,1,2,LOW
CvVncVMrKpMJ4m5h3nLr84k6n7STmsQMYuJUJpioQNgS,2026-02-16T04:35:35Z,7GhWwhaMgbKiRWxF93Bud6HnHMci6NCLTJyTxG8zFH51,2.6079645991e-08,26.08,,,,net_00744,1,4,LOW
CvVncVMrKpMJ4m5h3nLr84k6n7STmsQMYuJUJpioQNgS,2026-02-16T04:35:35Z,7GhWwhaMgbKiRWxF93Bud6HnHMci6NCLTJyTxG8zFH51,2.6079645991e-08,26.08,,,,net_00750,1,6,MEDIUM
CvVncVMrKpMJ4m5h3nLr84k6n7STmsQMYuJUJpioQNgS,2026-02-16T04:35:35Z,7GhWwhaMgbKiRWxF93Bud6HnHMci6NCLTJyTxG8zFH51,2.6079645991e-08,26.08,,,,net_00752,1,6,MEDIUM
CvVncVMrKpMJ4m5h3nLr84k6n7STmsQMYuJUJpioQNgS,2026-02-16T04:35:35Z,7GhWwhaMgbKiRWxF93Bud6HnHMci6NCLTJyTxG8zFH51,2.6079645991e-08,26.08,,,,net_00862,1,2,LOW
CvVncVMrKpMJ4m5h3nLr84k6n7STmsQMYuJUJpioQNgS,2026-02-16T04:35:35Z,7GhWwhaMgbKiRWxF93Bud6HnHMci6NCLTJyTxG8zFH51,2.6079645991e-08,26.08,,,,net_00971,1,2,LOW
CvVncVMrKpMJ4m5h3nLr84k6n7STmsQMYuJUJpioQNgS,2026-02-16T04:35:35Z,7GhWwhaMgbKiRWxF93Bud6HnHMci6NCLTJyTxG8zFH51,2.6079645991e-08,26.08,,,,net_00981,1,2,LOW
CvVncVMrKpMJ4m5h3nLr84k6n7STmsQMYuJUJpioQNgS,2026-02-16T04:35:35Z,7GhWwhaMgbKiRWxF93Bud6HnHMci6NCLTJyTxG8zFH51,2.6079645991e-08,26.08,,,,net_01062,1,2,LOW
CvVncVMrKpMJ4m5h3nLr84k6n7STmsQMYuJUJpioQNgS,2026-02-16T04:35:35Z,7GhWwhaMgbKiRWxF93Bud6HnHMci6NCLTJyTxG8zFH51,2.6079645991e-08,26.08,,,,net_01069,1,4,LOW
4HqZ6V5H6aJFQtX4ARqczCnUXnERabwvYw15QBnspump,2026-02-16T04:27:06Z,J8GzkHKox6iS7D7Mvbk3RRoSrbhzfTgBg8nWNcjg4fUs,2.6502032955e-09,2.65,,,,net_00245,1,5,LOW
4HqZ6V5H6aJFQtX4ARqczCnUXnERabwvYw15QBnspump,2026-02-16T04:27:06Z,J8GzkHKox6iS7D7Mvbk3RRoSrbhzfTgBg8nWNcjg4fUs,2.6502032955e-09,2.65,,,,net_00706,1,2,LOW
4HqZ6V5H6aJFQtX4ARqczCnUXnERabwvYw15QBnspump,2026-02-16T04:27:06Z,J8GzkHKox6iS7D7Mvbk3RRoSrbhzfTgBg8nWNcjg4fUs,2.6502032955e-09,2.65,,,,net_00917,1,2,LOW
CS5RAA9xDzhqp1o57oaetUYYYdY3WaYXpQ1tw3sfN9X5,2026-02-16T04:23:16Z,EM2C5hJ1CubYKhikyCR2JiBrLiaWPpZUoXANPZ3PsBsD,5.7945225868e-07,579.45,,,,net_00258,1,7,MEDIUM
CS5RAA9xDzhqp1o57oaetUYYYdY3WaYXpQ1tw3sfN9X5,2026-02-16T04:23:16Z,EM2C5hJ1CubYKhikyCR2JiBrLiaWPpZUoXANPZ3PsBsD,5.7945225868e-07,579.45,,,,net_00405,1,3,LOW
CS5RAA9xDzhqp1o57oaetUYYYdY3WaYXpQ1tw3sfN9X5,2026-02-16T04:23:16Z,EM2C5hJ1CubYKhikyCR2JiBrLiaWPpZUoXANPZ3PsBsD,5.7945225868e-07,579.45,,,,net_00443,1,4,LOW
CS5RAA9xDzhqp1o57oaetUYYYdY3WaYXpQ1tw3sfN9X5,2026-02-16T04:23:16Z,EM2C5hJ1CubYKhikyCR2JiBrLiaWPpZUoXANPZ3PsBsD,5.7945225868e-07,579.45,,,,net_00502,1,10,MEDIUM
CS5RAA9xDzhqp1o57oaetUYYYdY3WaYXpQ1tw3sfN9X5,2026-02-16T04:23:16Z,EM2C5hJ1CubYKhikyCR2JiBrLiaWPpZUoXANPZ3PsBsD,5.7945225868e-07,579.45,,,,net_00522,1,2,LOW
CS5RAA9xDzhqp1o57oaetUYYYdY3WaYXpQ1tw3sfN9X5,2026-02-16T04:23:16Z,EM2C5hJ1CubYKhikyCR2JiBrLiaWPpZUoXANPZ3PsBsD,5.7945225868e-07,579.45,,,,net_00581,1,2,LOW
CS5RAA9xDzhqp1o57oaetUYYYdY3WaYXpQ1tw3sfN9X5,2026-02-16T04:23:16Z,EM2C5hJ1CubYKhikyCR2JiBrLiaWPpZUoXANPZ3PsBsD,5.7945225868e-07,579.45,,,,net_00973,1,2,LOW
CS5RAA9xDzhqp1o57oaetUYYYdY3WaYXpQ1tw3sfN9X5,2026-02-16T04:23:16Z,EM2C5hJ1CubYKhikyCR2JiBrLiaWPpZUoXANPZ3PsBsD,5.7945225868e-07,579.45,,,,net_01082,1,5,LOW
3L7ayXXHdDLPhRiqBH2oKvRatcrFmErFjdG5YJa1pump,2026-02-16T04:12:58Z,EtSjAVoggfbKhty7cf2zKL7YjWXRKiJrdxuhxwxF42Bi,3.6284475477e-08,36.28,,,,NONE,0,0,NONE
8yyBAFFfCA4fKw1Ai1SExtSf6DmVckGGDT8XgHUopump,2026-02-16T04:04:35Z,3K6kyZqR8NSDFz41LE8kqT33FwjgW1EpXqCTL9kmqzZj,1.0128946544e-08,10.13,,,,NONE,0,0,NONE
6XPkCRsd8EQqA3UtPp1RRUEsqh8bPw1e7iiCFS4Rpump,2026-02-16T04:02:10Z,DN2KNBZsRGSs6kcfxrSyR7Ri9eVmB6bCtx3nAvC8ueBw,1.4019321476e-07,140.19,,,,net_00938,1,2,LOW
6XPkCRsd8EQqA3UtPp1RRUEsqh8bPw1e7iiCFS4Rpump,2026-02-16T04:02:10Z,DN2KNBZsRGSs6kcfxrSyR7Ri9eVmB6bCtx3nAvC8ueBw,1.4019321476e-07,140.19,,,,net_01064,1,5,LOW
9nEmXwHsGs6awGcyvRkCrrW188Miq4ifbNzfeA9Spump,2026-02-16T03:46:33Z,6fb99QjauGt9zrJLZrfeofyLyjVzyS4nAvx9pZ76cTUd,1.0707032449e-08,10.71,,,,net_00079,1,2,LOW
9nEmXwHsGs6awGcyvRkCrrW188Miq4ifbNzfeA9Spump,2026-02-16T03:46:33Z,6fb99QjauGt9zrJLZrfeofyLyjVzyS4nAvx9pZ76cTUd,1.0707032449e-08,10.71,,,,net_00098,1,4,LOW
9nEmXwHsGs6awGcyvRkCrrW188Miq4ifbNzfeA9Spump,2026-02-16T03:46:33Z,6fb99QjauGt9zrJLZrfeofyLyjVzyS4nAvx9pZ76cTUd,1.0707032449e-08,10.71,,,,net_00294,1,3,LOW
9nEmXwHsGs6awGcyvRkCrrW188Miq4ifbNzfeA9Spump,2026-02-16T03:46:33Z,6fb99QjauGt9zrJLZrfeofyLyjVzyS4nAvx9pZ76cTUd,1.0707032449e-08,10.71,,,,net_00373,1,5,LOW
9nEmXwHsGs6awGcyvRkCrrW188Miq4ifbNzfeA9Spump,2026-02-16T03:46:33Z,6fb99QjauGt9zrJLZrfeofyLyjVzyS4nAvx9pZ76cTUd,1.0707032449e-08,10.71,,,,net_00394,1,2,LOW
9nEmXwHsGs6awGcyvRkCrrW188Miq4ifbNzfeA9Spump,2026-02-16T03:46:33Z,6fb99QjauGt9zrJLZrfeofyLyjVzyS4nAvx9pZ76cTUd,1.0707032449e-08,10.71,,,,net_00565,1,4,LOW
9nEmXwHsGs6awGcyvRkCrrW188Miq4ifbNzfeA9Spump,2026-02-16T03:46:33Z,6fb99QjauGt9zrJLZrfeofyLyjVzyS4nAvx9pZ76cTUd,1.0707032449e-08,10.71,,,,net_00647,23,152,CRITICAL
9nEmXwHsGs6awGcyvRkCrrW188Miq4ifbNzfeA9Spump,2026-02-16T03:46:33Z,6fb99QjauGt9zrJLZrfeofyLyjVzyS4nAvx9pZ76cTUd,1.0707032449e-08,10.71,,,,net_00992,1,2,LOW
2fsYJPLJuJZAyAMQmt4322oWTC2otv6XND6LK6AE5ia6,2026-02-16T03:35:36Z,ESkjM39HzdTxE3RmqcKFETawRBeG22ENfidsTyiaMy9J,5.0088034463e-07,500.88,,,,NONE,0,0,NONE
8XZfgRWxM3aMvaJeHgEQWZTqw392Epc7aX8N9jpdpump,2026-02-16T03:28:51Z,E24c5R7yHWHmPg1KyBrqTedjgcdRKcj28uwvLBbwi8hv,7.2265819759e-08,72.27,,,,NONE,0,0,NONE
HAr2ZAnwjKpFzjW4iiFa6xjd13TgHN1re8v4jMoMpump,2026-02-16T03:15:48Z,Dp1kxWBR9EvPSH1XotcJSQuibinhcCPU1Cfcxj3JYMcT,1.2325463767e-09,1.23,,,,NONE,0,0,NONE
HkmwJUU8zwyBSiktJ9udeHAG6YmpmdxC6NB3DpWNpump,2026-02-16T03:03:00Z,BVwQNMJEQU2kX7pLFWcKnC6UpAoDGUsT94ZWZj7q8B4,1.1368623047e-09,1.14,,,,NONE,0,0,NONE
BMP2fPaBaS5LfxrmGGK7XvZdPSGDtAoToRiW5Qxipump,2026-02-16T02:59:18Z,HNTgbXuQnaUz74pXufpkD5X8CMrshzj2JR8P8XHWNfC1,7.0361077483e-09,7.04,,,,NONE,0,0,NONE
7Pb4PipLPr5kk2fJNpPKwG4uypA156cLoB2XpEQWpump,2026-02-16T02:59:08Z,GVCseToGxqhtdSFmRRH5HG1hz1Cm6haFCXWcpg45xA2n,3.1100000000e-05,31108.26,,,,NONE,0,0,NONE
5HSqDxGCvpikXV72rRe7Yr97Dqy8iZ1jno6ib3x5pump,2026-02-16T02:59:08Z,96qpA8H8rbGUYypKL5mMC3R7pLaMqrek8tW5kmDL3xod,3.0427204402e-08,30.43,,,,NONE,0,0,NONE
E94JJR4AZ2Ldfn5151usKdfJyU7djVXMzGjhSYYLpump,2026-02-16T02:43:58Z,9LYbieJtmPCaBXdHfrPatYKx49FLFAC54GZxE6Wm3kGd,4.8835323343e-09,4.88,,,,NONE,0,0,NONE
68P2cWF7ZWWGcBS24fa3hgqjmbA95qUCNu5K6dAyRzXy,2026-02-16T02:29:44Z,D6bTtoSgLknJ9KrgDFUtB5WpqomrNEjBJipVVRoFh2DC,8.4448373080e-09,8.44,,,,NONE,0,0,NONE
HyXpFTmpocvNEvg8rLpxUesn3wB8WBiwjNLzfaScpump,2026-02-16T02:15:01Z,24XmpY1Xk2miETKYwFpLnHyqKLyewcQujMWXcfz6hHiv,1.0527574322e-12,0.00,,,,net_00036,1,2,LOW
HyXpFTmpocvNEvg8rLpxUesn3wB8WBiwjNLzfaScpump,2026-02-16T02:15:01Z,24XmpY1Xk2miETKYwFpLnHyqKLyewcQujMWXcfz6hHiv,1.0527574322e-12,0.00,,,,net_00037,42,17,MEDIUM
HyXpFTmpocvNEvg8rLpxUesn3wB8WBiwjNLzfaScpump,2026-02-16T02:15:01Z,24XmpY1Xk2miETKYwFpLnHyqKLyewcQujMWXcfz6hHiv,1.0527574322e-12,0.00,,,,net_00175,1,2,LOW
HyXpFTmpocvNEvg8rLpxUesn3wB8WBiwjNLzfaScpump,2026-02-16T02:15:01Z,24XmpY1Xk2miETKYwFpLnHyqKLyewcQujMWXcfz6hHiv,1.0527574322e-12,0.00,,,,net_00201,1,3,LOW
HyXpFTmpocvNEvg8rLpxUesn3wB8WBiwjNLzfaScpump,2026-02-16T02:15:01Z,24XmpY1Xk2miETKYwFpLnHyqKLyewcQujMWXcfz6hHiv,1.0527574322e-12,0.00,,,,net_00520,1,2,LOW
HyXpFTmpocvNEvg8rLpxUesn3wB8WBiwjNLzfaScpump,2026-02-16T02:15:01Z,24XmpY1Xk2miETKYwFpLnHyqKLyewcQujMWXcfz6hHiv,1.0527574322e-12,0.00,,,,net_00592,1,8,MEDIUM
HyXpFTmpocvNEvg8rLpxUesn3wB8WBiwjNLzfaScpump,2026-02-16T02:15:01Z,24XmpY1Xk2miETKYwFpLnHyqKLyewcQujMWXcfz6hHiv,1.0527574322e-12,0.00,,,,net_00824,1,2,LOW
9sprhms4dcfNnLDNrFPEWmpYfgtGdU3BVJ2N9uAApump,2026-02-16T02:07:21Z,8y83ZUQH8gsbYa9qEyYF6Wdqw3so7L9ThsWREuCVXWTr,1.8668777609e-08,18.67,,,,net_00915,1,4,LOW
69B4CdekUQ2ZbETNX7tggLmnZunxMXkV4gcZEELapump,2026-02-16T01:47:36Z,6LZs9rk7nKQWYqeb6XnUvLp8XaMyQdaog2VU87dsPuSj,3.2823874689e-08,32.82,,,,NONE,0,0,NONE
4MdtwK7ezBemvAWsW32HuvVD7o7j89Y3poYwJpWopump,2026-02-16T01:25:11Z,4TGb4yXdopy1FYAYofSvDRxGoNDEzTzWcpyqgdtFpx7t,4.5559636637e-08,45.56,,,,net_00024,33,5,LOW
4MdtwK7ezBemvAWsW32HuvVD7o7j89Y3poYwJpWopump,2026-02-16T01:25:11Z,4TGb4yXdopy1FYAYofSvDRxGoNDEzTzWcpyqgdtFpx7t,4.5559636637e-08,45.56,,,,net_00049,15,15,MEDIUM
4MdtwK7ezBemvAWsW32HuvVD7o7j89Y3poYwJpWopump,2026-02-16T01:25:11Z,4TGb4yXdopy1FYAYofSvDRxGoNDEzTzWcpyqgdtFpx7t,4.5559636637e-08,45.56,,,,net_00160,1,4,LOW
4MdtwK7ezBemvAWsW32HuvVD7o7j89Y3poYwJpWopump,2026-02-16T01:25:11Z,4TGb4yXdopy1FYAYofSvDRxGoNDEzTzWcpyqgdtFpx7t,4.5559636637e-08,45.56,,,,net_00171,1,2,LOW
4MdtwK7ezBemvAWsW32HuvVD7o7j89Y3poYwJpWopump,2026-02-16T01:25:11Z,4TGb4yXdopy1FYAYofSvDRxGoNDEzTzWcpyqgdtFpx7t,4.5559636637e-08,45.56,,,,net_00335,1,3,LOW
4MdtwK7ezBemvAWsW32HuvVD7o7j89Y3poYwJpWopump,2026-02-16T01:25:11Z,4TGb4yXdopy1FYAYofSvDRxGoNDEzTzWcpyqgdtFpx7t,4.5559636637e-08,45.56,,,,net_00443,1,4,LOW
4MdtwK7ezBemvAWsW32HuvVD7o7j89Y3poYwJpWopump,2026-02-16T01:25:11Z,4TGb4yXdopy1FYAYofSvDRxGoNDEzTzWcpyqgdtFpx7t,4.5559636637e-08,45.56,,,,net_00488,1,2,LOW
4MdtwK7ezBemvAWsW32HuvVD7o7j89Y3poYwJpWopump,2026-02-16T01:25:11Z,4TGb4yXdopy1FYAYofSvDRxGoNDEzTzWcpyqgdtFpx7t,4.5559636637e-08,45.56,,,,net_00515,1,3,LOW
4MdtwK7ezBemvAWsW32HuvVD7o7j89Y3poYwJpWopump,2026-02-16T01:25:11Z,4TGb4yXdopy1FYAYofSvDRxGoNDEzTzWcpyqgdtFpx7t,4.5559636637e-08,45.56,,,,net_00560,1,2,LOW
4MdtwK7ezBemvAWsW32HuvVD7o7j89Y3poYwJpWopump,2026-02-16T01:25:11Z,4TGb4yXdopy1FYAYofSvDRxGoNDEzTzWcpyqgdtFpx7t,4.5559636637e-08,45.56,,,,net_00679,1,7,MEDIUM
4MdtwK7ezBemvAWsW32HuvVD7o7j89Y3poYwJpWopump,2026-02-16T01:25:11Z,4TGb4yXdopy1FYAYofSvDRxGoNDEzTzWcpyqgdtFpx7t,4.5559636637e-08,45.56,,,,net_00763,1,2,LOW
4MdtwK7ezBemvAWsW32HuvVD7o7j89Y3poYwJpWopump,2026-02-16T01:25:11Z,4TGb4yXdopy1FYAYofSvDRxGoNDEzTzWcpyqgdtFpx7t,4.5559636637e-08,45.56,,,,net_00869,1,2,LOW
4MdtwK7ezBemvAWsW32HuvVD7o7j89Y3poYwJpWopump,2026-02-16T01:25:11Z,4TGb4yXdopy1FYAYofSvDRxGoNDEzTzWcpyqgdtFpx7t,4.5559636637e-08,45.56,,,,net_00882,1,7,MEDIUM
4MdtwK7ezBemvAWsW32HuvVD7o7j89Y3poYwJpWopump,2026-02-16T01:25:11Z,4TGb4yXdopy1FYAYofSvDRxGoNDEzTzWcpyqgdtFpx7t,4.5559636637e-08,45.56,,,,net_00953,1,2,LOW
4MdtwK7ezBemvAWsW32HuvVD7o7j89Y3poYwJpWopump,2026-02-16T01:25:11Z,4TGb4yXdopy1FYAYofSvDRxGoNDEzTzWcpyqgdtFpx7t,4.5559636637e-08,45.56,,,,net_00969,1,6,MEDIUM
4MdtwK7ezBemvAWsW32HuvVD7o7j89Y3poYwJpWopump,2026-02-16T01:25:11Z,4TGb4yXdopy1FYAYofSvDRxGoNDEzTzWcpyqgdtFpx7t,4.5559636637e-08,45.56,,,,net_01070,1,3,LOW
4MdtwK7ezBemvAWsW32HuvVD7o7j89Y3poYwJpWopump,2026-02-16T01:25:11Z,4TGb4yXdopy1FYAYofSvDRxGoNDEzTzWcpyqgdtFpx7t,4.5559636637e-08,45.56,,,,net_01094,1,6,MEDIUM
4MdtwK7ezBemvAWsW32HuvVD7o7j89Y3poYwJpWopump,2026-02-16T01:25:11Z,4TGb4yXdopy1FYAYofSvDRxGoNDEzTzWcpyqgdtFpx7t,4.5559636637e-08,45.56,,,,net_01096,1,2,LOW
4MdtwK7ezBemvAWsW32HuvVD7o7j89Y3poYwJpWopump,2026-02-16T01:25:11Z,4TGb4yXdopy1FYAYofSvDRxGoNDEzTzWcpyqgdtFpx7t,4.5559636637e-08,45.56,,,,net_01097,1,4,LOW
4z3smm7rf3r7BjMHwJdGiHAZPX5ohKK4bFXiGCtzpump,2026-02-16T01:24:27Z,5PyMyKTgaDSKaTHpCME1NDequa6ZB5nCi5Mffd88qadW,1.0975081161e-08,10.98,,,,NONE,0,0,NONE
98hKyrofSjuVadqxYvQRWFtVtNWxeHmSmi96FZDSpump,2026-02-16T00:59:30Z,HecbERJv9CjqNPw1tV4A5JK6PWhN76YgzB9rcg6bhsxh,1.1109999593e-07,111.10,,,,net_00022,1,4,LOW
98hKyrofSjuVadqxYvQRWFtVtNWxeHmSmi96FZDSpump,2026-02-16T00:59:30Z,HecbERJv9CjqNPw1tV4A5JK6PWhN76YgzB9rcg6bhsxh,1.1109999593e-07,111.10,,,,net_00039,1,4,LOW
98hKyrofSjuVadqxYvQRWFtVtNWxeHmSmi96FZDSpump,2026-02-16T00:59:30Z,HecbERJv9CjqNPw1tV4A5JK6PWhN76YgzB9rcg6bhsxh,1.1109999593e-07,111.10,,,,net_00059,1,4,LOW
98hKyrofSjuVadqxYvQRWFtVtNWxeHmSmi96FZDSpump,2026-02-16T00:59:30Z,HecbERJv9CjqNPw1tV4A5JK6PWhN76YgzB9rcg6bhsxh,1.1109999593e-07,111.10,,,,net_00062,1,4,LOW
98hKyrofSjuVadqxYvQRWFtVtNWxeHmSmi96FZDSpump,2026-02-16T00:59:30Z,HecbERJv9CjqNPw1tV4A5JK6PWhN76YgzB9rcg6bhsxh,1.1109999593e-07,111.10,,,,net_00085,1,4,LOW
98hKyrofSjuVadqxYvQRWFtVtNWxeHmSmi96FZDSpump,2026-02-16T00:59:30Z,HecbERJv9CjqNPw1tV4A5JK6PWhN76YgzB9rcg6bhsxh,1.1109999593e-07,111.10,,,,net_00106,1,4,LOW
98hKyrofSjuVadqxYvQRWFtVtNWxeHmSmi96FZDSpump,2026-02-16T00:59:30Z,HecbERJv9CjqNPw1tV4A5JK6PWhN76YgzB9rcg6bhsxh,1.1109999593e-07,111.10,,,,net_00232,1,4,LOW
98hKyrofSjuVadqxYvQRWFtVtNWxeHmSmi96FZDSpump,2026-02-16T00:59:30Z,HecbERJv9CjqNPw1tV4A5JK6PWhN76YgzB9rcg6bhsxh,1.1109999593e-07,111.10,,,,net_00251,1,4,LOW
98hKyrofSjuVadqxYvQRWFtVtNWxeHmSmi96FZDSpump,2026-02-16T00:59:30Z,HecbERJv9CjqNPw1tV4A5JK6PWhN76YgzB9rcg6bhsxh,1.1109999593e-07,111.10,,,,net_00302,1,4,LOW
98hKyrofSjuVadqxYvQRWFtVtNWxeHmSmi96FZDSpump,2026-02-16T00:59:30Z,HecbERJv9CjqNPw1tV4A5JK6PWhN76YgzB9rcg6bhsxh,1.1109999593e-07,111.10,,,,net_00340,1,4,LOW
98hKyrofSjuVadqxYvQRWFtVtNWxeHmSmi96FZDSpump,2026-02-16T00:59:30Z,HecbERJv9CjqNPw1tV4A5JK6PWhN76YgzB9rcg6bhsxh,1.1109999593e-07,111.10,,,,net_00383,1,4,LOW
98hKyrofSjuVadqxYvQRWFtVtNWxeHmSmi96FZDSpump,2026-02-16T00:59:30Z,HecbERJv9CjqNPw1tV4A5JK6PWhN76YgzB9rcg6bhsxh,1.1109999593e-07,111.10,,,,net_00419,1,4,LOW
98hKyrofSjuVadqxYvQRWFtVtNWxeHmSmi96FZDSpump,2026-02-16T00:59:30Z,HecbERJv9CjqNPw1tV4A5JK6PWhN76YgzB9rcg6bhsxh,1.1109999593e-07,111.10,,,,net_00461,1,4,LOW
98hKyrofSjuVadqxYvQRWFtVtNWxeHmSmi96FZDSpump,2026-02-16T00:59:30Z,HecbERJv9CjqNPw1tV4A5JK6PWhN76YgzB9rcg6bhsxh,1.1109999593e-07,111.10,,,,net_00469,1,4,LOW
98hKyrofSjuVadqxYvQRWFtVtNWxeHmSmi96FZDSpump,2026-02-16T00:59:30Z,HecbERJv9CjqNPw1tV4A5JK6PWhN76YgzB9rcg6bhsxh,1.1109999593e-07,111.10,,,,net_00506,1,4,LOW
98hKyrofSjuVadqxYvQRWFtVtNWxeHmSmi96FZDSpump,2026-02-16T00:59:30Z,HecbERJv9CjqNPw1tV4A5JK6PWhN76YgzB9rcg6bhsxh,1.1109999593e-07,111.10,,,,net_00508,1,4,LOW
98hKyrofSjuVadqxYvQRWFtVtNWxeHmSmi96FZDSpump,2026-02-16T00:59:30Z,HecbERJv9CjqNPw1tV4A5JK6PWhN76YgzB9rcg6bhsxh,1.1109999593e-07,111.10,,,,net_00527,1,4,LOW
98hKyrofSjuVadqxYvQRWFtVtNWxeHmSmi96FZDSpump,2026-02-16T00:59:30Z,HecbERJv9CjqNPw1tV4A5JK6PWhN76YgzB9rcg6bhsxh,1.1109999593e-07,111.10,,,,net_00584,1,4,LOW
98hKyrofSjuVadqxYvQRWFtVtNWxeHmSmi96FZDSpump,2026-02-16T00:59:30Z,HecbERJv9CjqNPw1tV4A5JK6PWhN76YgzB9rcg6bhsxh,1.1109999593e-07,111.10,,,,net_00632,1,4,LOW
98hKyrofSjuVadqxYvQRWFtVtNWxeHmSmi96FZDSpump,2026-02-16T00:59:30Z,HecbERJv9CjqNPw1tV4A5JK6PWhN76YgzB9rcg6bhsxh,1.1109999593e-07,111.10,,,,net_00657,1,4,LOW
98hKyrofSjuVadqxYvQRWFtVtNWxeHmSmi96FZDSpump,2026-02-16T00:59:30Z,HecbERJv9CjqNPw1tV4A5JK6PWhN76YgzB9rcg6bhsxh,1.1109999593e-07,111.10,,,,net_00662,1,4,LOW
98hKyrofSjuVadqxYvQRWFtVtNWxeHmSmi96FZDSpump,2026-02-16T00:59:30Z,HecbERJv9CjqNPw1tV4A5JK6PWhN76YgzB9rcg6bhsxh,1.1109999593e-07,111.10,,,,net_00684,1,4,LOW
98hKyrofSjuVadqxYvQRWFtVtNWxeHmSmi96FZDSpump,2026-02-16T00:59:30Z,HecbERJv9CjqNPw1tV4A5JK6PWhN76YgzB9rcg6bhsxh,1.1109999593e-07,111.10,,,,net_00707,1,4,LOW
98hKyrofSjuVadqxYvQRWFtVtNWxeHmSmi96FZDSpump,2026-02-16T00:59:30Z,HecbERJv9CjqNPw1tV4A5JK6PWhN76YgzB9rcg6bhsxh,1.1109999593e-07,111.10,,,,net_00804,1,4,LOW
98hKyrofSjuVadqxYvQRWFtVtNWxeHmSmi96FZDSpump,2026-02-16T00:59:30Z,HecbERJv9CjqNPw1tV4A5JK6PWhN76YgzB9rcg6bhsxh,1.1109999593e-07,111.10,,,,net_00963,1,4,LOW
98hKyrofSjuVadqxYvQRWFtVtNWxeHmSmi96FZDSpump,2026-02-16T00:59:30Z,HecbERJv9CjqNPw1tV4A5JK6PWhN76YgzB9rcg6bhsxh,1.1109999593e-07,111.10,,,,net_00968,1,4,LOW
DCzCshB6Uu5uA2jMaTscghQx4ojD5bXFgeJDzZVJpump,2026-02-16T00:54:23Z,4FncZQemyoVLx8drT5g3ujDd38HEKWXdFRSK4Eygi5x7,8.2377270094e-13,0.00,,,,NONE,0,0,NONE
9ZLXpBy6bfEJF2hDzSHZVLXi4VFz5dtHYPLfH58pump,2026-02-16T00:47:07Z,AzSnkLycuwPFMcGnJGWcduXKTREbu9ETS1r1p8ptMDnY,1.9819559126e-10,0.20,,,,NONE,0,0,NONE
5S5aRq1sQp7iAt8YYBbqR5Q5YMkn5FAx8aD7PN5rpump,2026-02-16T00:38:50Z,14AZaTw4WoaVWnZJZqD1uZDWxwr4oCo9uADvNWgM6cuw,1.5960631879e-08,15.96,,,,NONE,0,0,NONE
6NQdyKhK4ePTyhktvNwfXCYQUmmtevm6SVd1irHWpump,2026-02-16T00:25:23Z,x6yaaS3ZE7oG7k9uRjahXVBR8h5ib9ZzbvsKsZaDtvr,3.5103939187e-08,35.10,,,,net_00431,1,2,LOW
9DrWgvFyNyVN4wYkykLg2pJwgLh9mZyQ6pTeospepump,2026-02-16T00:13:22Z,431WUkmnPNaJrJwVN1juGQmabPL7fF7XZBRGKFiLLfBE,2.3389013322e-08,23.39,,,,NONE,0,0,NONE
8QAhrP6435BQY2LMpaQbZaijhiFT3k1rJ9oz8Yb7bN1e,2026-02-16T00:12:23Z,6PjmZ6PUEY5kTkZt7Pjx4i6yGRTERiUyFqAaH9NZFLmB,6.4491161136e-09,6.45,,,,net_00647,23,152,CRITICAL
8QAhrP6435BQY2LMpaQbZaijhiFT3k1rJ9oz8Yb7bN1e,2026-02-16T00:12:23Z,6PjmZ6PUEY5kTkZt7Pjx4i6yGRTERiUyFqAaH9NZFLmB,6.4491161136e-09,6.45,,,,net_00740,1,2,LOW
8QAhrP6435BQY2LMpaQbZaijhiFT3k1rJ9oz8Yb7bN1e,2026-02-16T00:12:23Z,6PjmZ6PUEY5kTkZt7Pjx4i6yGRTERiUyFqAaH9NZFLmB,6.4491161136e-09,6.45,,,,net_00876,1,2,LOW
H5pA1MvVndfbx8NKjoGceH54MLdhLG77xQi14CXSpump,2026-02-15T23:56:34Z,iqw7ThUZXPZbA5nxskaQN7nwdHNd2i16qmcyTbG5qcF,1.2568901899e-07,125.69,,,,NONE,0,0,NONE
62eFhsfHF5FnYnd1cmodYa8SfSwxJnJk5BrSwMh2pump,2026-02-15T23:56:11Z,6XRCHva2Bo77p7af8g5jsfybH9MgoJ2hmuVmSHCQmUH7,1.2903646684e-09,1.29,,,,NONE,0,0,NONE
DAEU36CohNjwMyVQqVR1ECD3KvUiNffRvA8vUcgE5NUu,2026-02-15T23:51:34Z,7Wxbnq5Ke4ZU2USdge56ui3owEXgTv5T3hzBssiCqxPN,1.8577199331e-10,0.19,,,,net_00308,1,2,LOW
DAEU36CohNjwMyVQqVR1ECD3KvUiNffRvA8vUcgE5NUu,2026-02-15T23:51:34Z,7Wxbnq5Ke4ZU2USdge56ui3owEXgTv5T3hzBssiCqxPN,1.8577199331e-10,0.19,,,,net_00318,1,5,LOW
DAEU36CohNjwMyVQqVR1ECD3KvUiNffRvA8vUcgE5NUu,2026-02-15T23:51:34Z,7Wxbnq5Ke4ZU2USdge56ui3owEXgTv5T3hzBssiCqxPN,1.8577199331e-10,0.19,,,,net_00373,1,5,LOW
DAEU36CohNjwMyVQqVR1ECD3KvUiNffRvA8vUcgE5NUu,2026-02-15T23:51:34Z,7Wxbnq5Ke4ZU2USdge56ui3owEXgTv5T3hzBssiCqxPN,1.8577199331e-10,0.19,,,,net_00556,1,2,LOW
DAEU36CohNjwMyVQqVR1ECD3KvUiNffRvA8vUcgE5NUu,2026-02-15T23:51:34Z,7Wxbnq5Ke4ZU2USdge56ui3owEXgTv5T3hzBssiCqxPN,1.8577199331e-10,0.19,,,,net_00610,1,4,LOW
DAEU36CohNjwMyVQqVR1ECD3KvUiNffRvA8vUcgE5NUu,2026-02-15T23:51:34Z,7Wxbnq5Ke4ZU2USdge56ui3owEXgTv5T3hzBssiCqxPN,1.8577199331e-10,0.19,,,,net_00666,1,2,LOW
DAEU36CohNjwMyVQqVR1ECD3KvUiNffRvA8vUcgE5NUu,2026-02-15T23:51:34Z,7Wxbnq5Ke4ZU2USdge56ui3owEXgTv5T3hzBssiCqxPN,1.8577199331e-10,0.19,,,,net_00751,1,2,LOW
DAEU36CohNjwMyVQqVR1ECD3KvUiNffRvA8vUcgE5NUu,2026-02-15T23:51:34Z,7Wxbnq5Ke4ZU2USdge56ui3owEXgTv5T3hzBssiCqxPN,1.8577199331e-10,0.19,,,,net_00830,1,3,LOW
FTGGz371ezGKFBvzVEMpYoQLj2QC1ghXZBmbEoZPvu2R,2026-02-15T23:28:18Z,2uqW2ydRQA3fgAJ1cQeohtAvyCxp2Qs6bnGnL9cwt9qy,1.1384001846e-07,113.84,,,,net_00003,1,2,LOW
FTGGz371ezGKFBvzVEMpYoQLj2QC1ghXZBmbEoZPvu2R,2026-02-15T23:28:18Z,2uqW2ydRQA3fgAJ1cQeohtAvyCxp2Qs6bnGnL9cwt9qy,1.1384001846e-07,113.84,,,,net_00008,1,2,LOW
FTGGz371ezGKFBvzVEMpYoQLj2QC1ghXZBmbEoZPvu2R,2026-02-15T23:28:18Z,2uqW2ydRQA3fgAJ1cQeohtAvyCxp2Qs6bnGnL9cwt9qy,1.1384001846e-07,113.84,,,,net_00011,1,2,LOW
FTGGz371ezGKFBvzVEMpYoQLj2QC1ghXZBmbEoZPvu2R,2026-02-15T23:28:18Z,2uqW2ydRQA3fgAJ1cQeohtAvyCxp2Qs6bnGnL9cwt9qy,1.1384001846e-07,113.84,,,,net_00102,1,2,LOW
FTGGz371ezGKFBvzVEMpYoQLj2QC1ghXZBmbEoZPvu2R,2026-02-15T23:28:18Z,2uqW2ydRQA3fgAJ1cQeohtAvyCxp2Qs6bnGnL9cwt9qy,1.1384001846e-07,113.84,,,,net_00103,1,2,LOW
FTGGz371ezGKFBvzVEMpYoQLj2QC1ghXZBmbEoZPvu2R,2026-02-15T23:28:18Z,2uqW2ydRQA3fgAJ1cQeohtAvyCxp2Qs6bnGnL9cwt9qy,1.1384001846e-07,113.84,,,,net_00111,1,2,LOW
FTGGz371ezGKFBvzVEMpYoQLj2QC1ghXZBmbEoZPvu2R,2026-02-15T23:28:18Z,2uqW2ydRQA3fgAJ1cQeohtAvyCxp2Qs6bnGnL9cwt9qy,1.1384001846e-07,113.84,,,,net_00115,1,2,LOW
FTGGz371ezGKFBvzVEMpYoQLj2QC1ghXZBmbEoZPvu2R,2026-02-15T23:28:18Z,2uqW2ydRQA3fgAJ1cQeohtAvyCxp2Qs6bnGnL9cwt9qy,1.1384001846e-07,113.84,,,,net_00158,1,2,LOW
FTGGz371ezGKFBvzVEMpYoQLj2QC1ghXZBmbEoZPvu2R,2026-02-15T23:28:18Z,2uqW2ydRQA3fgAJ1cQeohtAvyCxp2Qs6bnGnL9cwt9qy,1.1384001846e-07,113.84,,,,net_00188,1,2,LOW
FTGGz371ezGKFBvzVEMpYoQLj2QC1ghXZBmbEoZPvu2R,2026-02-15T23:28:18Z,2uqW2ydRQA3fgAJ1cQeohtAvyCxp2Qs6bnGnL9cwt9qy,1.1384001846e-07,113.84,,,,net_00214,1,2,LOW
FTGGz371ezGKFBvzVEMpYoQLj2QC1ghXZBmbEoZPvu2R,2026-02-15T23:28:18Z,2uqW2ydRQA3fgAJ1cQeohtAvyCxp2Qs6bnGnL9cwt9qy,1.1384001846e-07,113.84,,,,net_00216,1,2,LOW
FTGGz371ezGKFBvzVEMpYoQLj2QC1ghXZBmbEoZPvu2R,2026-02-15T23:28:18Z,2uqW2ydRQA3fgAJ1cQeohtAvyCxp2Qs6bnGnL9cwt9qy,1.1384001846e-07,113.84,,,,net_00326,1,2,LOW
FTGGz371ezGKFBvzVEMpYoQLj2QC1ghXZBmbEoZPvu2R,2026-02-15T23:28:18Z,2uqW2ydRQA3fgAJ1cQeohtAvyCxp2Qs6bnGnL9cwt9qy,1.1384001846e-07,113.84,,,,net_00338,1,4,LOW
FTGGz371ezGKFBvzVEMpYoQLj2QC1ghXZBmbEoZPvu2R,2026-02-15T23:28:18Z,2uqW2ydRQA3fgAJ1cQeohtAvyCxp2Qs6bnGnL9cwt9qy,1.1384001846e-07,113.84,,,,net_00342,1,2,LOW
FTGGz371ezGKFBvzVEMpYoQLj2QC1ghXZBmbEoZPvu2R,2026-02-15T23:28:18Z,2uqW2ydRQA3fgAJ1cQeohtAvyCxp2Qs6bnGnL9cwt9qy,1.1384001846e-07,113.84,,,,net_00384,1,2,LOW
FTGGz371ezGKFBvzVEMpYoQLj2QC1ghXZBmbEoZPvu2R,2026-02-15T23:28:18Z,2uqW2ydRQA3fgAJ1cQeohtAvyCxp2Qs6bnGnL9cwt9qy,1.1384001846e-07,113.84,,,,net_00385,1,5,LOW
FTGGz371ezGKFBvzVEMpYoQLj2QC1ghXZBmbEoZPvu2R,2026-02-15T23:28:18Z,2uqW2ydRQA3fgAJ1cQeohtAvyCxp2Qs6bnGnL9cwt9qy,1.1384001846e-07,113.84,,,,net_00390,1,2,LOW
FTGGz371ezGKFBvzVEMpYoQLj2QC1ghXZBmbEoZPvu2R,2026-02-15T23:28:18Z,2uqW2ydRQA3fgAJ1cQeohtAvyCxp2Qs6bnGnL9cwt9qy,1.1384001846e-07,113.84,,,,net_00399,1,2,LOW
FTGGz371ezGKFBvzVEMpYoQLj2QC1ghXZBmbEoZPvu2R,2026-02-15T23:28:18Z,2uqW2ydRQA3fgAJ1cQeohtAvyCxp2Qs6bnGnL9cwt9qy,1.1384001846e-07,113.84,,,,net_00420,1,2,LOW
FTGGz371ezGKFBvzVEMpYoQLj2QC1ghXZBmbEoZPvu2R,2026-02-15T23:28:18Z,2uqW2ydRQA3fgAJ1cQeohtAvyCxp2Qs6bnGnL9cwt9qy,1.1384001846e-07,113.84,,,,net_00427,1,2,LOW
FTGGz371ezGKFBvzVEMpYoQLj2QC1ghXZBmbEoZPvu2R,2026-02-15T23:28:18Z,2uqW2ydRQA3fgAJ1cQeohtAvyCxp2Qs6bnGnL9cwt9qy,1.1384001846e-07,113.84,,,,net_00442,1,5,LOW
FTGGz371ezGKFBvzVEMpYoQLj2QC1ghXZBmbEoZPvu2R,2026-02-15T23:28:18Z,2uqW2ydRQA3fgAJ1cQeohtAvyCxp2Qs6bnGnL9cwt9qy,1.1384001846e-07,113.84,,,,net_00447,1,2,LOW
FTGGz371ezGKFBvzVEMpYoQLj2QC1ghXZBmbEoZPvu2R,2026-02-15T23:28:18Z,2uqW2ydRQA3fgAJ1cQeohtAvyCxp2Qs6bnGnL9cwt9qy,1.1384001846e-07,113.84,,,,net_00475,1,2,LOW
FTGGz371ezGKFBvzVEMpYoQLj2QC1ghXZBmbEoZPvu2R,2026-02-15T23:28:18Z,2uqW2ydRQA3fgAJ1cQeohtAvyCxp2Qs6bnGnL9cwt9qy,1.1384001846e-07,113.84,,,,net_00478,1,3,LOW
FTGGz371ezGKFBvzVEMpYoQLj2QC1ghXZBmbEoZPvu2R,2026-02-15T23:28:18Z,2uqW2ydRQA3fgAJ1cQeohtAvyCxp2Qs6bnGnL9cwt9qy,1.1384001846e-07,113.84,,,,net_00482,1,5,LOW
FTGGz371ezGKFBvzVEMpYoQLj2QC1ghXZBmbEoZPvu2R,2026-02-15T23:28:18Z,2uqW2ydRQA3fgAJ1cQeohtAvyCxp2Qs6bnGnL9cwt9qy,1.1384001846e-07,113.84,,,,net_00535,1,2,LOW
FTGGz371ezGKFBvzVEMpYoQLj2QC1ghXZBmbEoZPvu2R,2026-02-15T23:28:18Z,2uqW2ydRQA3fgAJ1cQeohtAvyCxp2Qs6bnGnL9cwt9qy,1.1384001846e-07,113.84,,,,net_00542,1,2,LOW
FTGGz371ezGKFBvzVEMpYoQLj2QC1ghXZBmbEoZPvu2R,2026-02-15T23:28:18Z,2uqW2ydRQA3fgAJ1cQeohtAvyCxp2Qs6bnGnL9cwt9qy,1.1384001846e-07,113.84,,,,net_00555,1,2,LOW
FTGGz371ezGKFBvzVEMpYoQLj2QC1ghXZBmbEoZPvu2R,2026-02-15T23:28:18Z,2uqW2ydRQA3fgAJ1cQeohtAvyCxp2Qs6bnGnL9cwt9qy,1.1384001846e-07,113.84,,,,net_00626,1,2,LOW
FTGGz371ezGKFBvzVEMpYoQLj2QC1ghXZBmbEoZPvu2R,2026-02-15T23:28:18Z,2uqW2ydRQA3fgAJ1cQeohtAvyCxp2Qs6bnGnL9cwt9qy,1.1384001846e-07,113.84,,,,net_00645,1,2,LOW
FTGGz371ezGKFBvzVEMpYoQLj2QC1ghXZBmbEoZPvu2R,2026-02-15T23:28:18Z,2uqW2ydRQA3fgAJ1cQeohtAvyCxp2Qs6bnGnL9cwt9qy,1.1384001846e-07,113.84,,,,net_00649,1,2,LOW
FTGGz371ezGKFBvzVEMpYoQLj2QC1ghXZBmbEoZPvu2R,2026-02-15T23:28:18Z,2uqW2ydRQA3fgAJ1cQeohtAvyCxp2Qs6bnGnL9cwt9qy,1.1384001846e-07,113.84,,,,net_00688,1,3,LOW
FTGGz371ezGKFBvzVEMpYoQLj2QC1ghXZBmbEoZPvu2R,2026-02-15T23:28:18Z,2uqW2ydRQA3fgAJ1cQeohtAvyCxp2Qs6bnGnL9cwt9qy,1.1384001846e-07,113.84,,,,net_00692,1,2,LOW
FTGGz371ezGKFBvzVEMpYoQLj2QC1ghXZBmbEoZPvu2R,2026-02-15T23:28:18Z,2uqW2ydRQA3fgAJ1cQeohtAvyCxp2Qs6bnGnL9cwt9qy,1.1384001846e-07,113.84,,,,net_00698,1,6,MEDIUM
FTGGz371ezGKFBvzVEMpYoQLj2QC1ghXZBmbEoZPvu2R,2026-02-15T23:28:18Z,2uqW2ydRQA3fgAJ1cQeohtAvyCxp2Qs6bnGnL9cwt9qy,1.1384001846e-07,113.84,,,,net_00704,1,5,LOW
FTGGz371ezGKFBvzVEMpYoQLj2QC1ghXZBmbEoZPvu2R,2026-02-15T23:28:18Z,2uqW2ydRQA3fgAJ1cQeohtAvyCxp2Qs6bnGnL9cwt9qy,1.1384001846e-07,113.84,,,,net_00726,1,2,LOW
FTGGz371ezGKFBvzVEMpYoQLj2QC1ghXZBmbEoZPvu2R,2026-02-15T23:28:18Z,2uqW2ydRQA3fgAJ1cQeohtAvyCxp2Qs6bnGnL9cwt9qy,1.1384001846e-07,113.84,,,,net_00745,1,4,LOW
FTGGz371ezGKFBvzVEMpYoQLj2QC1ghXZBmbEoZPvu2R,2026-02-15T23:28:18Z,2uqW2ydRQA3fgAJ1cQeohtAvyCxp2Qs6bnGnL9cwt9qy,1.1384001846e-07,113.84,,,,net_00750,1,6,MEDIUM
FTGGz371ezGKFBvzVEMpYoQLj2QC1ghXZBmbEoZPvu2R,2026-02-15T23:28:18Z,2uqW2ydRQA3fgAJ1cQeohtAvyCxp2Qs6bnGnL9cwt9qy,1.1384001846e-07,113.84,,,,net_00797,1,2,LOW
FTGGz371ezGKFBvzVEMpYoQLj2QC1ghXZBmbEoZPvu2R,2026-02-15T23:28:18Z,2uqW2ydRQA3fgAJ1cQeohtAvyCxp2Qs6bnGnL9cwt9qy,1.1384001846e-07,113.84,,,,net_00800,1,7,MEDIUM
FTGGz371ezGKFBvzVEMpYoQLj2QC1ghXZBmbEoZPvu2R,2026-02-15T23:28:18Z,2uqW2ydRQA3fgAJ1cQeohtAvyCxp2Qs6bnGnL9cwt9qy,1.1384001846e-07,113.84,,,,net_00808,1,2,LOW
FTGGz371ezGKFBvzVEMpYoQLj2QC1ghXZBmbEoZPvu2R,2026-02-15T23:28:18Z,2uqW2ydRQA3fgAJ1cQeohtAvyCxp2Qs6bnGnL9cwt9qy,1.1384001846e-07,113.84,,,,net_00810,1,2,LOW
FTGGz371ezGKFBvzVEMpYoQLj2QC1ghXZBmbEoZPvu2R,2026-02-15T23:28:18Z,2uqW2ydRQA3fgAJ1cQeohtAvyCxp2Qs6bnGnL9cwt9qy,1.1384001846e-07,113.84,,,,net_00821,1,2,LOW
FTGGz371ezGKFBvzVEMpYoQLj2QC1ghXZBmbEoZPvu2R,2026-02-15T23:28:18Z,2uqW2ydRQA3fgAJ1cQeohtAvyCxp2Qs6bnGnL9cwt9qy,1.1384001846e-07,113.84,,,,net_00831,1,2,LOW
FTGGz371ezGKFBvzVEMpYoQLj2QC1ghXZBmbEoZPvu2R,2026-02-15T23:28:18Z,2uqW2ydRQA3fgAJ1cQeohtAvyCxp2Qs6bnGnL9cwt9qy,1.1384001846e-07,113.84,,,,net_00838,1,2,LOW
FTGGz371ezGKFBvzVEMpYoQLj2QC1ghXZBmbEoZPvu2R,2026-02-15T23:28:18Z,2uqW2ydRQA3fgAJ1cQeohtAvyCxp2Qs6bnGnL9cwt9qy,1.1384001846e-07,113.84,,,,net_00839,1,4,LOW
FTGGz371ezGKFBvzVEMpYoQLj2QC1ghXZBmbEoZPvu2R,2026-02-15T23:28:18Z,2uqW2ydRQA3fgAJ1cQeohtAvyCxp2Qs6bnGnL9cwt9qy,1.1384001846e-07,113.84,,,,net_00845,1,2,LOW
FTGGz371ezGKFBvzVEMpYoQLj2QC1ghXZBmbEoZPvu2R,2026-02-15T23:28:18Z,2uqW2ydRQA3fgAJ1cQeohtAvyCxp2Qs6bnGnL9cwt9qy,1.1384001846e-07,113.84,,,,net_00854,1,2,LOW
FTGGz371ezGKFBvzVEMpYoQLj2QC1ghXZBmbEoZPvu2R,2026-02-15T23:28:18Z,2uqW2ydRQA3fgAJ1cQeohtAvyCxp2Qs6bnGnL9cwt9qy,1.1384001846e-07,113.84,,,,net_00866,1,2,LOW
FTGGz371ezGKFBvzVEMpYoQLj2QC1ghXZBmbEoZPvu2R,2026-02-15T23:28:18Z,2uqW2ydRQA3fgAJ1cQeohtAvyCxp2Qs6bnGnL9cwt9qy,1.1384001846e-07,113.84,,,,net_00868,1,2,LOW
FTGGz371ezGKFBvzVEMpYoQLj2QC1ghXZBmbEoZPvu2R,2026-02-15T23:28:18Z,2uqW2ydRQA3fgAJ1cQeohtAvyCxp2Qs6bnGnL9cwt9qy,1.1384001846e-07,113.84,,,,net_00870,1,2,LOW
FTGGz371ezGKFBvzVEMpYoQLj2QC1ghXZBmbEoZPvu2R,2026-02-15T23:28:18Z,2uqW2ydRQA3fgAJ1cQeohtAvyCxp2Qs6bnGnL9cwt9qy,1.1384001846e-07,113.84,,,,net_00916,1,2,LOW
FTGGz371ezGKFBvzVEMpYoQLj2QC1ghXZBmbEoZPvu2R,2026-02-15T23:28:18Z,2uqW2ydRQA3fgAJ1cQeohtAvyCxp2Qs6bnGnL9cwt9qy,1.1384001846e-07,113.84,,,,net_00923,1,2,LOW
FTGGz371ezGKFBvzVEMpYoQLj2QC1ghXZBmbEoZPvu2R,2026-02-15T23:28:18Z,2uqW2ydRQA3fgAJ1cQeohtAvyCxp2Qs6bnGnL9cwt9qy,1.1384001846e-07,113.84,,,,net_00933,1,2,LOW
FTGGz371ezGKFBvzVEMpYoQLj2QC1ghXZBmbEoZPvu2R,2026-02-15T23:28:18Z,2uqW2ydRQA3fgAJ1cQeohtAvyCxp2Qs6bnGnL9cwt9qy,1.1384001846e-07,113.84,,,,net_00969,1,6,MEDIUM
FTGGz371ezGKFBvzVEMpYoQLj2QC1ghXZBmbEoZPvu2R,2026-02-15T23:28:18Z,2uqW2ydRQA3fgAJ1cQeohtAvyCxp2Qs6bnGnL9cwt9qy,1.1384001846e-07,113.84,,,,net_00978,1,2,LOW
FTGGz371ezGKFBvzVEMpYoQLj2QC1ghXZBmbEoZPvu2R,2026-02-15T23:28:18Z,2uqW2ydRQA3fgAJ1cQeohtAvyCxp2Qs6bnGnL9cwt9qy,1.1384001846e-07,113.84,,,,net_00985,1,3,LOW
FTGGz371ezGKFBvzVEMpYoQLj2QC1ghXZBmbEoZPvu2R,2026-02-15T23:28:18Z,2uqW2ydRQA3fgAJ1cQeohtAvyCxp2Qs6bnGnL9cwt9qy,1.1384001846e-07,113.84,,,,net_01060,1,2,LOW
FTGGz371ezGKFBvzVEMpYoQLj2QC1ghXZBmbEoZPvu2R,2026-02-15T23:28:18Z,2uqW2ydRQA3fgAJ1cQeohtAvyCxp2Qs6bnGnL9cwt9qy,1.1384001846e-07,113.84,,,,net_01064,1,5,LOW
FTGGz371ezGKFBvzVEMpYoQLj2QC1ghXZBmbEoZPvu2R,2026-02-15T23:28:18Z,2uqW2ydRQA3fgAJ1cQeohtAvyCxp2Qs6bnGnL9cwt9qy,1.1384001846e-07,113.84,,,,net_01066,1,2,LOW
HEZf4cfw13K2p6xnrdcML9BbDbnpmd41KogvWjidLUnK,2026-02-15T23:27:19Z,6PjmZ6PUEY5kTkZt7Pjx4i6yGRTERiUyFqAaH9NZFLmB,5.6284119085e-08,56.28,,,,net_00647,23,152,CRITICAL
HEZf4cfw13K2p6xnrdcML9BbDbnpmd41KogvWjidLUnK,2026-02-15T23:27:19Z,6PjmZ6PUEY5kTkZt7Pjx4i6yGRTERiUyFqAaH9NZFLmB,5.6284119085e-08,56.28,,,,net_00740,1,2,LOW
HEZf4cfw13K2p6xnrdcML9BbDbnpmd41KogvWjidLUnK,2026-02-15T23:27:19Z,6PjmZ6PUEY5kTkZt7Pjx4i6yGRTERiUyFqAaH9NZFLmB,5.6284119085e-08,56.28,,,,net_00876,1,2,LOW
Dj1ULeZnUKFvQkoojmhbRu26DJ7fxQ2Xns9PpWEZpump,2026-02-15T23:14:46Z,HfqckzgVY2L16qYd1W5m674jBFt5jLGNW7iksKFLMJaf,4.0572664723e-08,40.57,,,,net_00189,1,2,LOW
Dj1ULeZnUKFvQkoojmhbRu26DJ7fxQ2Xns9PpWEZpump,2026-02-15T23:14:46Z,HfqckzgVY2L16qYd1W5m674jBFt5jLGNW7iksKFLMJaf,4.0572664723e-08,40.57,,,,net_00248,1,4,LOW
Dj1ULeZnUKFvQkoojmhbRu26DJ7fxQ2Xns9PpWEZpump,2026-02-15T23:14:46Z,HfqckzgVY2L16qYd1W5m674jBFt5jLGNW7iksKFLMJaf,4.0572664723e-08,40.57,,,,net_00318,1,5,LOW
Dj1ULeZnUKFvQkoojmhbRu26DJ7fxQ2Xns9PpWEZpump,2026-02-15T23:14:46Z,HfqckzgVY2L16qYd1W5m674jBFt5jLGNW7iksKFLMJaf,4.0572664723e-08,40.57,,,,net_00346,1,3,LOW
Dj1ULeZnUKFvQkoojmhbRu26DJ7fxQ2Xns9PpWEZpump,2026-02-15T23:14:46Z,HfqckzgVY2L16qYd1W5m674jBFt5jLGNW7iksKFLMJaf,4.0572664723e-08,40.57,,,,net_00349,1,2,LOW
Dj1ULeZnUKFvQkoojmhbRu26DJ7fxQ2Xns9PpWEZpump,2026-02-15T23:14:46Z,HfqckzgVY2L16qYd1W5m674jBFt5jLGNW7iksKFLMJaf,4.0572664723e-08,40.57,,,,net_00517,1,2,LOW
Dj1ULeZnUKFvQkoojmhbRu26DJ7fxQ2Xns9PpWEZpump,2026-02-15T23:14:46Z,HfqckzgVY2L16qYd1W5m674jBFt5jLGNW7iksKFLMJaf,4.0572664723e-08,40.57,,,,net_00592,1,8,MEDIUM
Dj1ULeZnUKFvQkoojmhbRu26DJ7fxQ2Xns9PpWEZpump,2026-02-15T23:14:46Z,HfqckzgVY2L16qYd1W5m674jBFt5jLGNW7iksKFLMJaf,4.0572664723e-08,40.57,,,,net_00776,1,5,LOW
Dj1ULeZnUKFvQkoojmhbRu26DJ7fxQ2Xns9PpWEZpump,2026-02-15T23:14:46Z,HfqckzgVY2L16qYd1W5m674jBFt5jLGNW7iksKFLMJaf,4.0572664723e-08,40.57,,,,net_00839,1,4,LOW
Dj1ULeZnUKFvQkoojmhbRu26DJ7fxQ2Xns9PpWEZpump,2026-02-15T23:14:46Z,HfqckzgVY2L16qYd1W5m674jBFt5jLGNW7iksKFLMJaf,4.0572664723e-08,40.57,,,,net_00869,1,2,LOW
Dj1ULeZnUKFvQkoojmhbRu26DJ7fxQ2Xns9PpWEZpump,2026-02-15T23:14:46Z,HfqckzgVY2L16qYd1W5m674jBFt5jLGNW7iksKFLMJaf,4.0572664723e-08,40.57,,,,net_00957,1,2,LOW
Dj1ULeZnUKFvQkoojmhbRu26DJ7fxQ2Xns9PpWEZpump,2026-02-15T23:14:46Z,HfqckzgVY2L16qYd1W5m674jBFt5jLGNW7iksKFLMJaf,4.0572664723e-08,40.57,,,,net_00969,1,6,MEDIUM
Dj1ULeZnUKFvQkoojmhbRu26DJ7fxQ2Xns9PpWEZpump,2026-02-15T23:14:46Z,HfqckzgVY2L16qYd1W5m674jBFt5jLGNW7iksKFLMJaf,4.0572664723e-08,40.57,,,,net_00973,1,2,LOW
Dj1ULeZnUKFvQkoojmhbRu26DJ7fxQ2Xns9PpWEZpump,2026-02-15T23:14:46Z,HfqckzgVY2L16qYd1W5m674jBFt5jLGNW7iksKFLMJaf,4.0572664723e-08,40.57,,,,net_01067,1,4,LOW
6zqfV2K5ycUNA8MKbx3pEGkzT3NkXVVR9WHQbtxnJ5MW,2026-02-15T23:11:09Z,FgifQEkRkSSXZjf2cJ4c55BhVts2yrNKzmzBLLyicg8b,1.8870703177e-08,18.87,,,,net_00037,42,17,MEDIUM
6zqfV2K5ycUNA8MKbx3pEGkzT3NkXVVR9WHQbtxnJ5MW,2026-02-15T23:11:09Z,FgifQEkRkSSXZjf2cJ4c55BhVts2yrNKzmzBLLyicg8b,1.8870703177e-08,18.87,,,,net_00050,1,2,LOW
6zqfV2K5ycUNA8MKbx3pEGkzT3NkXVVR9WHQbtxnJ5MW,2026-02-15T23:11:09Z,FgifQEkRkSSXZjf2cJ4c55BhVts2yrNKzmzBLLyicg8b,1.8870703177e-08,18.87,,,,net_00098,1,4,LOW
6zqfV2K5ycUNA8MKbx3pEGkzT3NkXVVR9WHQbtxnJ5MW,2026-02-15T23:11:09Z,FgifQEkRkSSXZjf2cJ4c55BhVts2yrNKzmzBLLyicg8b,1.8870703177e-08,18.87,,,,net_00166,1,3,LOW
6zqfV2K5ycUNA8MKbx3pEGkzT3NkXVVR9WHQbtxnJ5MW,2026-02-15T23:11:09Z,FgifQEkRkSSXZjf2cJ4c55BhVts2yrNKzmzBLLyicg8b,1.8870703177e-08,18.87,,,,net_00558,1,3,LOW
6zqfV2K5ycUNA8MKbx3pEGkzT3NkXVVR9WHQbtxnJ5MW,2026-02-15T23:11:09Z,FgifQEkRkSSXZjf2cJ4c55BhVts2yrNKzmzBLLyicg8b,1.8870703177e-08,18.87,,,,net_00616,1,2,LOW
6zqfV2K5ycUNA8MKbx3pEGkzT3NkXVVR9WHQbtxnJ5MW,2026-02-15T23:11:09Z,FgifQEkRkSSXZjf2cJ4c55BhVts2yrNKzmzBLLyicg8b,1.8870703177e-08,18.87,,,,net_00631,1,3,LOW
AWQ5b6KkXKASgEQ9E7zh19fLAZaSFftSBJCQyhJrpump,2026-02-15T23:05:13Z,GKBwSwjA3bWyJWjg69F4vZc6xFaP7244kri42Te1BD5b,1.5439224967e-10,0.15,,,,NONE,0,0,NONE
FzAkxY8yPdJA8fUAzqv9kXr8zxQPBpvzg8xfAE6Vpump,2026-02-15T23:03:50Z,5TcyQLh8ojBf81DKeRC4vocTbNKJpJCsR9Kei16kLqDM,8.7716782097e-09,8.77,,,,net_00349,1,2,LOW
FzAkxY8yPdJA8fUAzqv9kXr8zxQPBpvzg8xfAE6Vpump,2026-02-15T23:03:50Z,5TcyQLh8ojBf81DKeRC4vocTbNKJpJCsR9Kei16kLqDM,8.7716782097e-09,8.77,,,,net_00435,1,2,LOW
FzAkxY8yPdJA8fUAzqv9kXr8zxQPBpvzg8xfAE6Vpump,2026-02-15T23:03:50Z,5TcyQLh8ojBf81DKeRC4vocTbNKJpJCsR9Kei16kLqDM,8.7716782097e-09,8.77,,,,net_00588,1,3,LOW
FzAkxY8yPdJA8fUAzqv9kXr8zxQPBpvzg8xfAE6Vpump,2026-02-15T23:03:50Z,5TcyQLh8ojBf81DKeRC4vocTbNKJpJCsR9Kei16kLqDM,8.7716782097e-09,8.77,,,,net_00636,1,3,LOW
FzAkxY8yPdJA8fUAzqv9kXr8zxQPBpvzg8xfAE6Vpump,2026-02-15T23:03:50Z,5TcyQLh8ojBf81DKeRC4vocTbNKJpJCsR9Kei16kLqDM,8.7716782097e-09,8.77,,,,net_01082,1,5,LOW
2NeoNRyr983k7rNWwqCaURFUqnRobEKGCYSTk2SzkjFu,2026-02-15T22:58:30Z,EM2C5hJ1CubYKhikyCR2JiBrLiaWPpZUoXANPZ3PsBsD,3.9143621200e-08,39.14,,,,net_00258,1,7,MEDIUM
2NeoNRyr983k7rNWwqCaURFUqnRobEKGCYSTk2SzkjFu,2026-02-15T22:58:30Z,EM2C5hJ1CubYKhikyCR2JiBrLiaWPpZUoXANPZ3PsBsD,3.9143621200e-08,39.14,,,,net_00405,1,3,LOW
2NeoNRyr983k7rNWwqCaURFUqnRobEKGCYSTk2SzkjFu,2026-02-15T22:58:30Z,EM2C5hJ1CubYKhikyCR2JiBrLiaWPpZUoXANPZ3PsBsD,3.9143621200e-08,39.14,,,,net_00443,1,4,LOW
2NeoNRyr983k7rNWwqCaURFUqnRobEKGCYSTk2SzkjFu,2026-02-15T22:58:30Z,EM2C5hJ1CubYKhikyCR2JiBrLiaWPpZUoXANPZ3PsBsD,3.9143621200e-08,39.14,,,,net_00502,1,10,MEDIUM
2NeoNRyr983k7rNWwqCaURFUqnRobEKGCYSTk2SzkjFu,2026-02-15T22:58:30Z,EM2C5hJ1CubYKhikyCR2JiBrLiaWPpZUoXANPZ3PsBsD,3.9143621200e-08,39.14,,,,net_00522,1,2,LOW
2NeoNRyr983k7rNWwqCaURFUqnRobEKGCYSTk2SzkjFu,2026-02-15T22:58:30Z,EM2C5hJ1CubYKhikyCR2JiBrLiaWPpZUoXANPZ3PsBsD,3.9143621200e-08,39.14,,,,net_00581,1,2,LOW
2NeoNRyr983k7rNWwqCaURFUqnRobEKGCYSTk2SzkjFu,2026-02-15T22:58:30Z,EM2C5hJ1CubYKhikyCR2JiBrLiaWPpZUoXANPZ3PsBsD,3.9143621200e-08,39.14,,,,net_00973,1,2,LOW
2NeoNRyr983k7rNWwqCaURFUqnRobEKGCYSTk2SzkjFu,2026-02-15T22:58:30Z,EM2C5hJ1CubYKhikyCR2JiBrLiaWPpZUoXANPZ3PsBsD,3.9143621200e-08,39.14,,,,net_01082,1,5,LOW
DSpXz11Fqk2TzpYLNfCqoKiaQhynpEWhFKh2hTDGpump,2026-02-15T22:43:41Z,5ZuV8eqkvzYFVEKbLvGBdexL2tFv7E5BCd2HZpjqbdg,7.0483331716e-09,7.05,,,,net_00004,1,2,LOW
DSpXz11Fqk2TzpYLNfCqoKiaQhynpEWhFKh2hTDGpump,2026-02-15T22:43:41Z,5ZuV8eqkvzYFVEKbLvGBdexL2tFv7E5BCd2HZpjqbdg,7.0483331716e-09,7.05,,,,net_00009,1,2,LOW
DSpXz11Fqk2TzpYLNfCqoKiaQhynpEWhFKh2hTDGpump,2026-02-15T22:43:41Z,5ZuV8eqkvzYFVEKbLvGBdexL2tFv7E5BCd2HZpjqbdg,7.0483331716e-09,7.05,,,,net_00071,1,2,LOW
DSpXz11Fqk2TzpYLNfCqoKiaQhynpEWhFKh2hTDGpump,2026-02-15T22:43:41Z,5ZuV8eqkvzYFVEKbLvGBdexL2tFv7E5BCd2HZpjqbdg,7.0483331716e-09,7.05,,,,net_00088,1,3,LOW
DSpXz11Fqk2TzpYLNfCqoKiaQhynpEWhFKh2hTDGpump,2026-02-15T22:43:41Z,5ZuV8eqkvzYFVEKbLvGBdexL2tFv7E5BCd2HZpjqbdg,7.0483331716e-09,7.05,,,,net_00116,1,2,LOW
DSpXz11Fqk2TzpYLNfCqoKiaQhynpEWhFKh2hTDGpump,2026-02-15T22:43:41Z,5ZuV8eqkvzYFVEKbLvGBdexL2tFv7E5BCd2HZpjqbdg,7.0483331716e-09,7.05,,,,net_00172,1,2,LOW
DSpXz11Fqk2TzpYLNfCqoKiaQhynpEWhFKh2hTDGpump,2026-02-15T22:43:41Z,5ZuV8eqkvzYFVEKbLvGBdexL2tFv7E5BCd2HZpjqbdg,7.0483331716e-09,7.05,,,,net_00187,1,2,LOW
DSpXz11Fqk2TzpYLNfCqoKiaQhynpEWhFKh2hTDGpump,2026-02-15T22:43:41Z,5ZuV8eqkvzYFVEKbLvGBdexL2tFv7E5BCd2HZpjqbdg,7.0483331716e-09,7.05,,,,net_00245,1,5,LOW
DSpXz11Fqk2TzpYLNfCqoKiaQhynpEWhFKh2hTDGpump,2026-02-15T22:43:41Z,5ZuV8eqkvzYFVEKbLvGBdexL2tFv7E5BCd2HZpjqbdg,7.0483331716e-09,7.05,,,,net_00280,1,6,MEDIUM
DSpXz11Fqk2TzpYLNfCqoKiaQhynpEWhFKh2hTDGpump,2026-02-15T22:43:41Z,5ZuV8eqkvzYFVEKbLvGBdexL2tFv7E5BCd2HZpjqbdg,7.0483331716e-09,7.05,,,,net_00335,1,3,LOW
DSpXz11Fqk2TzpYLNfCqoKiaQhynpEWhFKh2hTDGpump,2026-02-15T22:43:41Z,5ZuV8eqkvzYFVEKbLvGBdexL2tFv7E5BCd2HZpjqbdg,7.0483331716e-09,7.05,,,,net_00373,1,5,LOW
DSpXz11Fqk2TzpYLNfCqoKiaQhynpEWhFKh2hTDGpump,2026-02-15T22:43:41Z,5ZuV8eqkvzYFVEKbLvGBdexL2tFv7E5BCd2HZpjqbdg,7.0483331716e-09,7.05,,,,net_00403,1,2,LOW
DSpXz11Fqk2TzpYLNfCqoKiaQhynpEWhFKh2hTDGpump,2026-02-15T22:43:41Z,5ZuV8eqkvzYFVEKbLvGBdexL2tFv7E5BCd2HZpjqbdg,7.0483331716e-09,7.05,,,,net_00537,1,2,LOW
DSpXz11Fqk2TzpYLNfCqoKiaQhynpEWhFKh2hTDGpump,2026-02-15T22:43:41Z,5ZuV8eqkvzYFVEKbLvGBdexL2tFv7E5BCd2HZpjqbdg,7.0483331716e-09,7.05,,,,net_00557,1,2,LOW
DSpXz11Fqk2TzpYLNfCqoKiaQhynpEWhFKh2hTDGpump,2026-02-15T22:43:41Z,5ZuV8eqkvzYFVEKbLvGBdexL2tFv7E5BCd2HZpjqbdg,7.0483331716e-09,7.05,,,,net_00763,1,2,LOW
29JU4mA9A66F6GLkdGUwL3rKdBpL8Mw6VZZHb8t8pump,2026-02-15T22:40:17Z,HDit5ykDkngcy194QnCk2yaEKCvpDMVQ15pevzhQ68C6,1.0616535298e-08,10.62,,,,NONE,0,0,NONE
3woswFBT1SkuB56P8LQBmzi6r8U3o5raECwRMwJtpump,2026-02-15T22:25:27Z,7nMbrcwD6ZpgWBFSqV3sPbR2B21LTLCo1oiauTyC8t1e,5.9537199071e-09,5.95,,,,NONE,0,0,NONE
2o839cYsVZhvoyK1QZm6aqERmDcHiGofZgPgxRD8fyEM,2026-02-15T22:25:20Z,1A1zcT94hUQABPDj3g4gbTZpzhzGH5syNfyw8tgzGP5,1.0310451689e-11,0.01,,,,NONE,0,0,NONE
J2PTfUwVMFYxJsEkgcbzazyX4aLbVgZzDBBU1WcFpump,2026-02-15T22:22:58Z,4qNLWyzpot6Zmy6EVPM2jziejbNYaWX9X3mSkLB2aYTw,2.0572786163e-10,0.21,,,,NONE,0,0,NONE
Ctx1uWvoa32LPXtPSNuTEHgLgDJ86xsCNkPXuFzDpump,2026-02-15T22:01:49Z,39a7X9aD5XhprXQRFAoA27Rg8E3MyseUkPUx6GwV7KXC,5.3832263483e-08,53.83,,,,NONE,0,0,NONE
5sDojwCHVF6jFCBg86fxW4TzP5qj19KVYAX6yTDxpump,2026-02-15T21:55:18Z,ECU3TzHCrGUhK9Zb524xAhz7pcihPmqzaxAXBLVJjvVm,1.6710693025e-09,1.67,,,,net_00031,22,12,MEDIUM
5sDojwCHVF6jFCBg86fxW4TzP5qj19KVYAX6yTDxpump,2026-02-15T21:55:18Z,ECU3TzHCrGUhK9Zb524xAhz7pcihPmqzaxAXBLVJjvVm,1.6710693025e-09,1.67,,,,net_00043,1,4,LOW
5sDojwCHVF6jFCBg86fxW4TzP5qj19KVYAX6yTDxpump,2026-02-15T21:55:18Z,ECU3TzHCrGUhK9Zb524xAhz7pcihPmqzaxAXBLVJjvVm,1.6710693025e-09,1.67,,,,net_00049,15,15,MEDIUM
5sDojwCHVF6jFCBg86fxW4TzP5qj19KVYAX6yTDxpump,2026-02-15T21:55:18Z,ECU3TzHCrGUhK9Zb524xAhz7pcihPmqzaxAXBLVJjvVm,1.6710693025e-09,1.67,,,,net_00072,1,4,LOW
5sDojwCHVF6jFCBg86fxW4TzP5qj19KVYAX6yTDxpump,2026-02-15T21:55:18Z,ECU3TzHCrGUhK9Zb524xAhz7pcihPmqzaxAXBLVJjvVm,1.6710693025e-09,1.67,,,,net_00077,1,4,LOW
5sDojwCHVF6jFCBg86fxW4TzP5qj19KVYAX6yTDxpump,2026-02-15T21:55:18Z,ECU3TzHCrGUhK9Zb524xAhz7pcihPmqzaxAXBLVJjvVm,1.6710693025e-09,1.67,,,,net_00110,1,4,LOW
5sDojwCHVF6jFCBg86fxW4TzP5qj19KVYAX6yTDxpump,2026-02-15T21:55:18Z,ECU3TzHCrGUhK9Zb524xAhz7pcihPmqzaxAXBLVJjvVm,1.6710693025e-09,1.67,,,,net_00112,1,4,LOW
5sDojwCHVF6jFCBg86fxW4TzP5qj19KVYAX6yTDxpump,2026-02-15T21:55:18Z,ECU3TzHCrGUhK9Zb524xAhz7pcihPmqzaxAXBLVJjvVm,1.6710693025e-09,1.67,,,,net_00113,1,4,LOW
5sDojwCHVF6jFCBg86fxW4TzP5qj19KVYAX6yTDxpump,2026-02-15T21:55:18Z,ECU3TzHCrGUhK9Zb524xAhz7pcihPmqzaxAXBLVJjvVm,1.6710693025e-09,1.67,,,,net_00126,1,4,LOW
5sDojwCHVF6jFCBg86fxW4TzP5qj19KVYAX6yTDxpump,2026-02-15T21:55:18Z,ECU3TzHCrGUhK9Zb524xAhz7pcihPmqzaxAXBLVJjvVm,1.6710693025e-09,1.67,,,,net_00134,1,4,LOW
5sDojwCHVF6jFCBg86fxW4TzP5qj19KVYAX6yTDxpump,2026-02-15T21:55:18Z,ECU3TzHCrGUhK9Zb524xAhz7pcihPmqzaxAXBLVJjvVm,1.6710693025e-09,1.67,,,,net_00152,1,4,LOW
5sDojwCHVF6jFCBg86fxW4TzP5qj19KVYAX6yTDxpump,2026-02-15T21:55:18Z,ECU3TzHCrGUhK9Zb524xAhz7pcihPmqzaxAXBLVJjvVm,1.6710693025e-09,1.67,,,,net_00169,1,4,LOW
5sDojwCHVF6jFCBg86fxW4TzP5qj19KVYAX6yTDxpump,2026-02-15T21:55:18Z,ECU3TzHCrGUhK9Zb524xAhz7pcihPmqzaxAXBLVJjvVm,1.6710693025e-09,1.67,,,,net_00173,1,4,LOW
5sDojwCHVF6jFCBg86fxW4TzP5qj19KVYAX6yTDxpump,2026-02-15T21:55:18Z,ECU3TzHCrGUhK9Zb524xAhz7pcihPmqzaxAXBLVJjvVm,1.6710693025e-09,1.67,,,,net_00184,1,4,LOW
5sDojwCHVF6jFCBg86fxW4TzP5qj19KVYAX6yTDxpump,2026-02-15T21:55:18Z,ECU3TzHCrGUhK9Zb524xAhz7pcihPmqzaxAXBLVJjvVm,1.6710693025e-09,1.67,,,,net_00190,1,4,LOW
5sDojwCHVF6jFCBg86fxW4TzP5qj19KVYAX6yTDxpump,2026-02-15T21:55:18Z,ECU3TzHCrGUhK9Zb524xAhz7pcihPmqzaxAXBLVJjvVm,1.6710693025e-09,1.67,,,,net_00212,1,4,LOW
5sDojwCHVF6jFCBg86fxW4TzP5qj19KVYAX6yTDxpump,2026-02-15T21:55:18Z,ECU3TzHCrGUhK9Zb524xAhz7pcihPmqzaxAXBLVJjvVm,1.6710693025e-09,1.67,,,,net_00262,1,4,LOW
5sDojwCHVF6jFCBg86fxW4TzP5qj19KVYAX6yTDxpump,2026-02-15T21:55:18Z,ECU3TzHCrGUhK9Zb524xAhz7pcihPmqzaxAXBLVJjvVm,1.6710693025e-09,1.67,,,,net_00295,1,4,LOW
5sDojwCHVF6jFCBg86fxW4TzP5qj19KVYAX6yTDxpump,2026-02-15T21:55:18Z,ECU3TzHCrGUhK9Zb524xAhz7pcihPmqzaxAXBLVJjvVm,1.6710693025e-09,1.67,,,,net_00298,1,4,LOW
5sDojwCHVF6jFCBg86fxW4TzP5qj19KVYAX6yTDxpump,2026-02-15T21:55:18Z,ECU3TzHCrGUhK9Zb524xAhz7pcihPmqzaxAXBLVJjvVm,1.6710693025e-09,1.67,,,,net_00300,1,4,LOW
5sDojwCHVF6jFCBg86fxW4TzP5qj19KVYAX6yTDxpump,2026-02-15T21:55:18Z,ECU3TzHCrGUhK9Zb524xAhz7pcihPmqzaxAXBLVJjvVm,1.6710693025e-09,1.67,,,,net_00315,1,4,LOW
5sDojwCHVF6jFCBg86fxW4TzP5qj19KVYAX6yTDxpump,2026-02-15T21:55:18Z,ECU3TzHCrGUhK9Zb524xAhz7pcihPmqzaxAXBLVJjvVm,1.6710693025e-09,1.67,,,,net_00316,1,4,LOW
5sDojwCHVF6jFCBg86fxW4TzP5qj19KVYAX6yTDxpump,2026-02-15T21:55:18Z,ECU3TzHCrGUhK9Zb524xAhz7pcihPmqzaxAXBLVJjvVm,1.6710693025e-09,1.67,,,,net_00323,1,4,LOW
5sDojwCHVF6jFCBg86fxW4TzP5qj19KVYAX6yTDxpump,2026-02-15T21:55:18Z,ECU3TzHCrGUhK9Zb524xAhz7pcihPmqzaxAXBLVJjvVm,1.6710693025e-09,1.67,,,,net_00344,1,4,LOW
5sDojwCHVF6jFCBg86fxW4TzP5qj19KVYAX6yTDxpump,2026-02-15T21:55:18Z,ECU3TzHCrGUhK9Zb524xAhz7pcihPmqzaxAXBLVJjvVm,1.6710693025e-09,1.67,,,,net_00351,1,4,LOW
5sDojwCHVF6jFCBg86fxW4TzP5qj19KVYAX6yTDxpump,2026-02-15T21:55:18Z,ECU3TzHCrGUhK9Zb524xAhz7pcihPmqzaxAXBLVJjvVm,1.6710693025e-09,1.67,,,,net_00379,1,4,LOW
5sDojwCHVF6jFCBg86fxW4TzP5qj19KVYAX6yTDxpump,2026-02-15T21:55:18Z,ECU3TzHCrGUhK9Zb524xAhz7pcihPmqzaxAXBLVJjvVm,1.6710693025e-09,1.67,,,,net_00381,1,4,LOW
5sDojwCHVF6jFCBg86fxW4TzP5qj19KVYAX6yTDxpump,2026-02-15T21:55:18Z,ECU3TzHCrGUhK9Zb524xAhz7pcihPmqzaxAXBLVJjvVm,1.6710693025e-09,1.67,,,,net_00389,1,4,LOW
5sDojwCHVF6jFCBg86fxW4TzP5qj19KVYAX6yTDxpump,2026-02-15T21:55:18Z,ECU3TzHCrGUhK9Zb524xAhz7pcihPmqzaxAXBLVJjvVm,1.6710693025e-09,1.67,,,,net_00401,1,4,LOW
5sDojwCHVF6jFCBg86fxW4TzP5qj19KVYAX6yTDxpump,2026-02-15T21:55:18Z,ECU3TzHCrGUhK9Zb524xAhz7pcihPmqzaxAXBLVJjvVm,1.6710693025e-09,1.67,,,,net_00408,1,4,LOW
5sDojwCHVF6jFCBg86fxW4TzP5qj19KVYAX6yTDxpump,2026-02-15T21:55:18Z,ECU3TzHCrGUhK9Zb524xAhz7pcihPmqzaxAXBLVJjvVm,1.6710693025e-09,1.67,,,,net_00505,1,4,LOW
5sDojwCHVF6jFCBg86fxW4TzP5qj19KVYAX6yTDxpump,2026-02-15T21:55:18Z,ECU3TzHCrGUhK9Zb524xAhz7pcihPmqzaxAXBLVJjvVm,1.6710693025e-09,1.67,,,,net_00511,1,4,LOW
5sDojwCHVF6jFCBg86fxW4TzP5qj19KVYAX6yTDxpump,2026-02-15T21:55:18Z,ECU3TzHCrGUhK9Zb524xAhz7pcihPmqzaxAXBLVJjvVm,1.6710693025e-09,1.67,,,,net_00512,1,4,LOW
5sDojwCHVF6jFCBg86fxW4TzP5qj19KVYAX6yTDxpump,2026-02-15T21:55:18Z,ECU3TzHCrGUhK9Zb524xAhz7pcihPmqzaxAXBLVJjvVm,1.6710693025e-09,1.67,,,,net_00519,1,4,LOW
5sDojwCHVF6jFCBg86fxW4TzP5qj19KVYAX6yTDxpump,2026-02-15T21:55:18Z,ECU3TzHCrGUhK9Zb524xAhz7pcihPmqzaxAXBLVJjvVm,1.6710693025e-09,1.67,,,,net_00531,1,4,LOW
5sDojwCHVF6jFCBg86fxW4TzP5qj19KVYAX6yTDxpump,2026-02-15T21:55:18Z,ECU3TzHCrGUhK9Zb524xAhz7pcihPmqzaxAXBLVJjvVm,1.6710693025e-09,1.67,,,,net_00538,1,4,LOW
5sDojwCHVF6jFCBg86fxW4TzP5qj19KVYAX6yTDxpump,2026-02-15T21:55:18Z,ECU3TzHCrGUhK9Zb524xAhz7pcihPmqzaxAXBLVJjvVm,1.6710693025e-09,1.67,,,,net_00541,1,4,LOW
5sDojwCHVF6jFCBg86fxW4TzP5qj19KVYAX6yTDxpump,2026-02-15T21:55:18Z,ECU3TzHCrGUhK9Zb524xAhz7pcihPmqzaxAXBLVJjvVm,1.6710693025e-09,1.67,,,,net_00559,1,4,LOW
5sDojwCHVF6jFCBg86fxW4TzP5qj19KVYAX6yTDxpump,2026-02-15T21:55:18Z,ECU3TzHCrGUhK9Zb524xAhz7pcihPmqzaxAXBLVJjvVm,1.6710693025e-09,1.67,,,,net_00583,1,4,LOW
5sDojwCHVF6jFCBg86fxW4TzP5qj19KVYAX6yTDxpump,2026-02-15T21:55:18Z,ECU3TzHCrGUhK9Zb524xAhz7pcihPmqzaxAXBLVJjvVm,1.6710693025e-09,1.67,,,,net_00601,1,4,LOW
5sDojwCHVF6jFCBg86fxW4TzP5qj19KVYAX6yTDxpump,2026-02-15T21:55:18Z,ECU3TzHCrGUhK9Zb524xAhz7pcihPmqzaxAXBLVJjvVm,1.6710693025e-09,1.67,,,,net_00617,1,4,LOW
5sDojwCHVF6jFCBg86fxW4TzP5qj19KVYAX6yTDxpump,2026-02-15T21:55:18Z,ECU3TzHCrGUhK9Zb524xAhz7pcihPmqzaxAXBLVJjvVm,1.6710693025e-09,1.67,,,,net_00618,1,4,LOW
5sDojwCHVF6jFCBg86fxW4TzP5qj19KVYAX6yTDxpump,2026-02-15T21:55:18Z,ECU3TzHCrGUhK9Zb524xAhz7pcihPmqzaxAXBLVJjvVm,1.6710693025e-09,1.67,,,,net_00622,1,4,LOW
5sDojwCHVF6jFCBg86fxW4TzP5qj19KVYAX6yTDxpump,2026-02-15T21:55:18Z,ECU3TzHCrGUhK9Zb524xAhz7pcihPmqzaxAXBLVJjvVm,1.6710693025e-09,1.67,,,,net_00647,23,152,CRITICAL
5sDojwCHVF6jFCBg86fxW4TzP5qj19KVYAX6yTDxpump,2026-02-15T21:55:18Z,ECU3TzHCrGUhK9Zb524xAhz7pcihPmqzaxAXBLVJjvVm,1.6710693025e-09,1.67,,,,net_00655,1,4,LOW
5sDojwCHVF6jFCBg86fxW4TzP5qj19KVYAX6yTDxpump,2026-02-15T21:55:18Z,ECU3TzHCrGUhK9Zb524xAhz7pcihPmqzaxAXBLVJjvVm,1.6710693025e-09,1.67,,,,net_00672,1,4,LOW
5sDojwCHVF6jFCBg86fxW4TzP5qj19KVYAX6yTDxpump,2026-02-15T21:55:18Z,ECU3TzHCrGUhK9Zb524xAhz7pcihPmqzaxAXBLVJjvVm,1.6710693025e-09,1.67,,,,net_00708,1,4,LOW
5sDojwCHVF6jFCBg86fxW4TzP5qj19KVYAX6yTDxpump,2026-02-15T21:55:18Z,ECU3TzHCrGUhK9Zb524xAhz7pcihPmqzaxAXBLVJjvVm,1.6710693025e-09,1.67,,,,net_00713,1,4,LOW
5sDojwCHVF6jFCBg86fxW4TzP5qj19KVYAX6yTDxpump,2026-02-15T21:55:18Z,ECU3TzHCrGUhK9Zb524xAhz7pcihPmqzaxAXBLVJjvVm,1.6710693025e-09,1.67,,,,net_00716,1,4,LOW
5sDojwCHVF6jFCBg86fxW4TzP5qj19KVYAX6yTDxpump,2026-02-15T21:55:18Z,ECU3TzHCrGUhK9Zb524xAhz7pcihPmqzaxAXBLVJjvVm,1.6710693025e-09,1.67,,,,net_00741,1,4,LOW
5sDojwCHVF6jFCBg86fxW4TzP5qj19KVYAX6yTDxpump,2026-02-15T21:55:18Z,ECU3TzHCrGUhK9Zb524xAhz7pcihPmqzaxAXBLVJjvVm,1.6710693025e-09,1.67,,,,net_00743,1,4,LOW
5sDojwCHVF6jFCBg86fxW4TzP5qj19KVYAX6yTDxpump,2026-02-15T21:55:18Z,ECU3TzHCrGUhK9Zb524xAhz7pcihPmqzaxAXBLVJjvVm,1.6710693025e-09,1.67,,,,net_00753,1,4,LOW
5sDojwCHVF6jFCBg86fxW4TzP5qj19KVYAX6yTDxpump,2026-02-15T21:55:18Z,ECU3TzHCrGUhK9Zb524xAhz7pcihPmqzaxAXBLVJjvVm,1.6710693025e-09,1.67,,,,net_00757,1,4,LOW
5sDojwCHVF6jFCBg86fxW4TzP5qj19KVYAX6yTDxpump,2026-02-15T21:55:18Z,ECU3TzHCrGUhK9Zb524xAhz7pcihPmqzaxAXBLVJjvVm,1.6710693025e-09,1.67,,,,net_00769,1,4,LOW
5sDojwCHVF6jFCBg86fxW4TzP5qj19KVYAX6yTDxpump,2026-02-15T21:55:18Z,ECU3TzHCrGUhK9Zb524xAhz7pcihPmqzaxAXBLVJjvVm,1.6710693025e-09,1.67,,,,net_00774,1,4,LOW
5sDojwCHVF6jFCBg86fxW4TzP5qj19KVYAX6yTDxpump,2026-02-15T21:55:18Z,ECU3TzHCrGUhK9Zb524xAhz7pcihPmqzaxAXBLVJjvVm,1.6710693025e-09,1.67,,,,net_00777,1,4,LOW
5sDojwCHVF6jFCBg86fxW4TzP5qj19KVYAX6yTDxpump,2026-02-15T21:55:18Z,ECU3TzHCrGUhK9Zb524xAhz7pcihPmqzaxAXBLVJjvVm,1.6710693025e-09,1.67,,,,net_00782,1,4,LOW
5sDojwCHVF6jFCBg86fxW4TzP5qj19KVYAX6yTDxpump,2026-02-15T21:55:18Z,ECU3TzHCrGUhK9Zb524xAhz7pcihPmqzaxAXBLVJjvVm,1.6710693025e-09,1.67,,,,net_00814,1,4,LOW
5sDojwCHVF6jFCBg86fxW4TzP5qj19KVYAX6yTDxpump,2026-02-15T21:55:18Z,ECU3TzHCrGUhK9Zb524xAhz7pcihPmqzaxAXBLVJjvVm,1.6710693025e-09,1.67,,,,net_00817,1,4,LOW
5sDojwCHVF6jFCBg86fxW4TzP5qj19KVYAX6yTDxpump,2026-02-15T21:55:18Z,ECU3TzHCrGUhK9Zb524xAhz7pcihPmqzaxAXBLVJjvVm,1.6710693025e-09,1.67,,,,net_00855,1,4,LOW
5sDojwCHVF6jFCBg86fxW4TzP5qj19KVYAX6yTDxpump,2026-02-15T21:55:18Z,ECU3TzHCrGUhK9Zb524xAhz7pcihPmqzaxAXBLVJjvVm,1.6710693025e-09,1.67,,,,net_00865,1,4,LOW
5sDojwCHVF6jFCBg86fxW4TzP5qj19KVYAX6yTDxpump,2026-02-15T21:55:18Z,ECU3TzHCrGUhK9Zb524xAhz7pcihPmqzaxAXBLVJjvVm,1.6710693025e-09,1.67,,,,net_00877,1,4,LOW
5sDojwCHVF6jFCBg86fxW4TzP5qj19KVYAX6yTDxpump,2026-02-15T21:55:18Z,ECU3TzHCrGUhK9Zb524xAhz7pcihPmqzaxAXBLVJjvVm,1.6710693025e-09,1.67,,,,net_00881,1,4,LOW
5sDojwCHVF6jFCBg86fxW4TzP5qj19KVYAX6yTDxpump,2026-02-15T21:55:18Z,ECU3TzHCrGUhK9Zb524xAhz7pcihPmqzaxAXBLVJjvVm,1.6710693025e-09,1.67,,,,net_00895,1,4,LOW
5sDojwCHVF6jFCBg86fxW4TzP5qj19KVYAX6yTDxpump,2026-02-15T21:55:18Z,ECU3TzHCrGUhK9Zb524xAhz7pcihPmqzaxAXBLVJjvVm,1.6710693025e-09,1.67,,,,net_00906,1,4,LOW
5sDojwCHVF6jFCBg86fxW4TzP5qj19KVYAX6yTDxpump,2026-02-15T21:55:18Z,ECU3TzHCrGUhK9Zb524xAhz7pcihPmqzaxAXBLVJjvVm,1.6710693025e-09,1.67,,,,net_00928,1,4,LOW
5sDojwCHVF6jFCBg86fxW4TzP5qj19KVYAX6yTDxpump,2026-02-15T21:55:18Z,ECU3TzHCrGUhK9Zb524xAhz7pcihPmqzaxAXBLVJjvVm,1.6710693025e-09,1.67,,,,net_00952,1,4,LOW
5sDojwCHVF6jFCBg86fxW4TzP5qj19KVYAX6yTDxpump,2026-02-15T21:55:18Z,ECU3TzHCrGUhK9Zb524xAhz7pcihPmqzaxAXBLVJjvVm,1.6710693025e-09,1.67,,,,net_00954,1,4,LOW
5sDojwCHVF6jFCBg86fxW4TzP5qj19KVYAX6yTDxpump,2026-02-15T21:55:18Z,ECU3TzHCrGUhK9Zb524xAhz7pcihPmqzaxAXBLVJjvVm,1.6710693025e-09,1.67,,,,net_00962,1,4,LOW
5sDojwCHVF6jFCBg86fxW4TzP5qj19KVYAX6yTDxpump,2026-02-15T21:55:18Z,ECU3TzHCrGUhK9Zb524xAhz7pcihPmqzaxAXBLVJjvVm,1.6710693025e-09,1.67,,,,net_01052,1,4,LOW
5sDojwCHVF6jFCBg86fxW4TzP5qj19KVYAX6yTDxpump,2026-02-15T21:55:18Z,ECU3TzHCrGUhK9Zb524xAhz7pcihPmqzaxAXBLVJjvVm,1.6710693025e-09,1.67,,,,net_01079,1,4,LOW
3tYvk6GYcVn5S9BgX8R97MBPEs4Tqk3gA7Cfy5zwpump,2026-02-15T21:55:08Z,GguKCgLYxwtWgpXzubxkq7E3ZzAYQFbda71DvfbkrKPh,1.2462291233e-08,12.46,,,,net_00084,1,7,MEDIUM
4CdKpjhUz5zH6sj81Sj2CVwsPWR8pNp2aNYR4YTJpump,2026-02-15T21:50:12Z,9DJWC2sYxNZZPBGKpteGv49xHy4wrPdfVjZmXePyqqpA,8.1950000000e-06,8195.79,,,,NONE,0,0,NONE
CUGWsZpmX5RtDE7xr3kRPBqAUsrUGUD7ebYXyesvpump,2026-02-15T21:48:02Z,Fh6dFXof133DWm6cbTb1oFM5rUJ6CYBHGf1FBcHRBJ2P,2.4958500941e-08,24.96,,,,net_00096,1,2,LOW
CUGWsZpmX5RtDE7xr3kRPBqAUsrUGUD7ebYXyesvpump,2026-02-15T21:48:02Z,Fh6dFXof133DWm6cbTb1oFM5rUJ6CYBHGf1FBcHRBJ2P,2.4958500941e-08,24.96,,,,net_00171,1,2,LOW
CUGWsZpmX5RtDE7xr3kRPBqAUsrUGUD7ebYXyesvpump,2026-02-15T21:48:02Z,Fh6dFXof133DWm6cbTb1oFM5rUJ6CYBHGf1FBcHRBJ2P,2.4958500941e-08,24.96,,,,net_00279,1,2,LOW
CUGWsZpmX5RtDE7xr3kRPBqAUsrUGUD7ebYXyesvpump,2026-02-15T21:48:02Z,Fh6dFXof133DWm6cbTb1oFM5rUJ6CYBHGf1FBcHRBJ2P,2.4958500941e-08,24.96,,,,net_00394,1,2,LOW
CUGWsZpmX5RtDE7xr3kRPBqAUsrUGUD7ebYXyesvpump,2026-02-15T21:48:02Z,Fh6dFXof133DWm6cbTb1oFM5rUJ6CYBHGf1FBcHRBJ2P,2.4958500941e-08,24.96,,,,net_00647,23,152,CRITICAL
CUGWsZpmX5RtDE7xr3kRPBqAUsrUGUD7ebYXyesvpump,2026-02-15T21:48:02Z,Fh6dFXof133DWm6cbTb1oFM5rUJ6CYBHGf1FBcHRBJ2P,2.4958500941e-08,24.96,,,,net_00725,1,2,LOW
84CYQkyJwj2ywLQ25KZmJWUqYn3Vv568yyLNzLKQpump,2026-02-15T21:46:27Z,D4zSQWoznUoxW9WRoDRJfrAEviqmFX5eYwu9fZc28tPz,3.2300000000e-05,32306.08,,,,NONE,0,0,NONE
3un1Teh5yJYXYmSiAupwoTHiYSiBmL4ei81S5EUPpump,2026-02-15T21:44:51Z,H8dAomFFj5YR94GHKjMArkdcXRJ36cEWMcanJyUhMFbs,4.2445562630e-09,4.24,,,,NONE,0,0,NONE
EsMHbK9NTz1s2GhCzx3XnhKBLYASeNHatfaWQ6kipump,2026-02-15T21:41:37Z,5JzNqkcx5ESQSDWNDZ3MvxBE9Ps7KRm92srcHRzR8vGN,2.9822166490e-09,2.98,,,,net_00055,1,2,LOW
EsMHbK9NTz1s2GhCzx3XnhKBLYASeNHatfaWQ6kipump,2026-02-15T21:41:37Z,5JzNqkcx5ESQSDWNDZ3MvxBE9Ps7KRm92srcHRzR8vGN,2.9822166490e-09,2.98,,,,net_00104,1,2,LOW
EsMHbK9NTz1s2GhCzx3XnhKBLYASeNHatfaWQ6kipump,2026-02-15T21:41:37Z,5JzNqkcx5ESQSDWNDZ3MvxBE9Ps7KRm92srcHRzR8vGN,2.9822166490e-09,2.98,,,,net_00429,1,2,LOW
EsMHbK9NTz1s2GhCzx3XnhKBLYASeNHatfaWQ6kipump,2026-02-15T21:41:37Z,5JzNqkcx5ESQSDWNDZ3MvxBE9Ps7KRm92srcHRzR8vGN,2.9822166490e-09,2.98,,,,net_00453,1,2,LOW
EsMHbK9NTz1s2GhCzx3XnhKBLYASeNHatfaWQ6kipump,2026-02-15T21:41:37Z,5JzNqkcx5ESQSDWNDZ3MvxBE9Ps7KRm92srcHRzR8vGN,2.9822166490e-09,2.98,,,,net_00482,1,5,LOW
EsMHbK9NTz1s2GhCzx3XnhKBLYASeNHatfaWQ6kipump,2026-02-15T21:41:37Z,5JzNqkcx5ESQSDWNDZ3MvxBE9Ps7KRm92srcHRzR8vGN,2.9822166490e-09,2.98,,,,net_00776,1,5,LOW
EsMHbK9NTz1s2GhCzx3XnhKBLYASeNHatfaWQ6kipump,2026-02-15T21:41:37Z,5JzNqkcx5ESQSDWNDZ3MvxBE9Ps7KRm92srcHRzR8vGN,2.9822166490e-09,2.98,,,,net_00872,1,3,LOW
EsMHbK9NTz1s2GhCzx3XnhKBLYASeNHatfaWQ6kipump,2026-02-15T21:41:37Z,5JzNqkcx5ESQSDWNDZ3MvxBE9Ps7KRm92srcHRzR8vGN,2.9822166490e-09,2.98,,,,net_00907,1,2,LOW
EsMHbK9NTz1s2GhCzx3XnhKBLYASeNHatfaWQ6kipump,2026-02-15T21:41:37Z,5JzNqkcx5ESQSDWNDZ3MvxBE9Ps7KRm92srcHRzR8vGN,2.9822166490e-09,2.98,,,,net_00918,1,2,LOW
EWCE6tqobyUWbS9miK1UhvV5Xy7r1uxJq4EhzRpkpump,2026-02-15T21:40:30Z,8fBk6weYQxtmAWjoUxugQrDjkPp8MaRENfYh4cSUTXSJ,2.1856231164e-07,218.56,,,,NONE,0,0,NONE
4JfGNquYQqryL11BGsy8c4kNXm1RNn8p6sCN5vSu2QVd,2026-02-15T21:39:43Z,bwamJzztZsepfkteWRChggmXuiiCQvpLqPietdNfSXa,1.5323451321e-08,15.32,,,,net_00031,22,12,MEDIUM
4JfGNquYQqryL11BGsy8c4kNXm1RNn8p6sCN5vSu2QVd,2026-02-15T21:39:43Z,bwamJzztZsepfkteWRChggmXuiiCQvpLqPietdNfSXa,1.5323451321e-08,15.32,,,,net_00305,1,2,LOW
4JfGNquYQqryL11BGsy8c4kNXm1RNn8p6sCN5vSu2QVd,2026-02-15T21:39:43Z,bwamJzztZsepfkteWRChggmXuiiCQvpLqPietdNfSXa,1.5323451321e-08,15.32,,,,net_00330,1,2,LOW
4JfGNquYQqryL11BGsy8c4kNXm1RNn8p6sCN5vSu2QVd,2026-02-15T21:39:43Z,bwamJzztZsepfkteWRChggmXuiiCQvpLqPietdNfSXa,1.5323451321e-08,15.32,,,,net_00482,1,5,LOW
4JfGNquYQqryL11BGsy8c4kNXm1RNn8p6sCN5vSu2QVd,2026-02-15T21:39:43Z,bwamJzztZsepfkteWRChggmXuiiCQvpLqPietdNfSXa,1.5323451321e-08,15.32,,,,net_00485,1,3,LOW
4JfGNquYQqryL11BGsy8c4kNXm1RNn8p6sCN5vSu2QVd,2026-02-15T21:39:43Z,bwamJzztZsepfkteWRChggmXuiiCQvpLqPietdNfSXa,1.5323451321e-08,15.32,,,,net_00524,1,2,LOW
4JfGNquYQqryL11BGsy8c4kNXm1RNn8p6sCN5vSu2QVd,2026-02-15T21:39:43Z,bwamJzztZsepfkteWRChggmXuiiCQvpLqPietdNfSXa,1.5323451321e-08,15.32,,,,net_00744,1,4,LOW
4JfGNquYQqryL11BGsy8c4kNXm1RNn8p6sCN5vSu2QVd,2026-02-15T21:39:43Z,bwamJzztZsepfkteWRChggmXuiiCQvpLqPietdNfSXa,1.5323451321e-08,15.32,,,,net_00747,1,2,LOW
4JfGNquYQqryL11BGsy8c4kNXm1RNn8p6sCN5vSu2QVd,2026-02-15T21:39:43Z,bwamJzztZsepfkteWRChggmXuiiCQvpLqPietdNfSXa,1.5323451321e-08,15.32,,,,net_00831,1,2,LOW
4JfGNquYQqryL11BGsy8c4kNXm1RNn8p6sCN5vSu2QVd,2026-02-15T21:39:43Z,bwamJzztZsepfkteWRChggmXuiiCQvpLqPietdNfSXa,1.5323451321e-08,15.32,,,,net_00955,1,2,LOW
4JfGNquYQqryL11BGsy8c4kNXm1RNn8p6sCN5vSu2QVd,2026-02-15T21:39:43Z,bwamJzztZsepfkteWRChggmXuiiCQvpLqPietdNfSXa,1.5323451321e-08,15.32,,,,net_01082,1,5,LOW
75qZ5awTK5q1L21s6ubKkwnMS5x2RL1hT8wSaUmzpump,2026-02-15T21:35:09Z,FhzuG9WxKDbKgvRqPbKGk7FWmSmA1J35ea2JGErzr1zs,3.4890000000e-05,34892.43,,,,NONE,0,0,NONE
4Uddyz2PGSgXz9WtVpBu18JqKFXXEkBGGUD8LwLrpump,2026-02-15T21:34:22Z,2k7K6NGLEL6rSEAdqsU8f3Q6rXHA17huVRgY3Uqgiz21,3.0136701528e-11,0.03,,,,NONE,0,0,NONE
3YD4WGN6PsxBhfbdyXXpqNXfaW6NtSvUKCVGTNdVpump,2026-02-15T21:14:54Z,EfCUvxMmRJNaMxCwwQxQM4kyKS8x7u1BXcnRuRUJrKry,5.2108481778e-08,52.11,,,,net_00049,15,15,MEDIUM
D96SyYMY5CQxrBnqe7k3V9zybjXMqZUkSvsgkfjrpump,2026-02-15T21:05:49Z,7HFmvyqfZtuWEjUjGBprhqtWJ4dRU8VqQ6AV3MkHewXd,7.1407554626e-11,0.07,,,,NONE,0,0,NONE
9xiAnodFhwv34weFJradmMiqZyNYQDP81GPzqAzKWQrk,2026-02-15T21:02:40Z,bwamJzztZsepfkteWRChggmXuiiCQvpLqPietdNfSXa,2.7213306803e-07,272.13,,,,net_00031,22,12,MEDIUM
9xiAnodFhwv34weFJradmMiqZyNYQDP81GPzqAzKWQrk,2026-02-15T21:02:40Z,bwamJzztZsepfkteWRChggmXuiiCQvpLqPietdNfSXa,2.7213306803e-07,272.13,,,,net_00305,1,2,LOW
9xiAnodFhwv34weFJradmMiqZyNYQDP81GPzqAzKWQrk,2026-02-15T21:02:40Z,bwamJzztZsepfkteWRChggmXuiiCQvpLqPietdNfSXa,2.7213306803e-07,272.13,,,,net_00330,1,2,LOW
9xiAnodFhwv34weFJradmMiqZyNYQDP81GPzqAzKWQrk,2026-02-15T21:02:40Z,bwamJzztZsepfkteWRChggmXuiiCQvpLqPietdNfSXa,2.7213306803e-07,272.13,,,,net_00482,1,5,LOW
9xiAnodFhwv34weFJradmMiqZyNYQDP81GPzqAzKWQrk,2026-02-15T21:02:40Z,bwamJzztZsepfkteWRChggmXuiiCQvpLqPietdNfSXa,2.7213306803e-07,272.13,,,,net_00485,1,3,LOW
9xiAnodFhwv34weFJradmMiqZyNYQDP81GPzqAzKWQrk,2026-02-15T21:02:40Z,bwamJzztZsepfkteWRChggmXuiiCQvpLqPietdNfSXa,2.7213306803e-07,272.13,,,,net_00524,1,2,LOW
9xiAnodFhwv34weFJradmMiqZyNYQDP81GPzqAzKWQrk,2026-02-15T21:02:40Z,bwamJzztZsepfkteWRChggmXuiiCQvpLqPietdNfSXa,2.7213306803e-07,272.13,,,,net_00744,1,4,LOW
9xiAnodFhwv34weFJradmMiqZyNYQDP81GPzqAzKWQrk,2026-02-15T21:02:40Z,bwamJzztZsepfkteWRChggmXuiiCQvpLqPietdNfSXa,2.7213306803e-07,272.13,,,,net_00747,1,2,LOW
9xiAnodFhwv34weFJradmMiqZyNYQDP81GPzqAzKWQrk,2026-02-15T21:02:40Z,bwamJzztZsepfkteWRChggmXuiiCQvpLqPietdNfSXa,2.7213306803e-07,272.13,,,,net_00831,1,2,LOW
9xiAnodFhwv34weFJradmMiqZyNYQDP81GPzqAzKWQrk,2026-02-15T21:02:40Z,bwamJzztZsepfkteWRChggmXuiiCQvpLqPietdNfSXa,2.7213306803e-07,272.13,,,,net_00955,1,2,LOW
9xiAnodFhwv34weFJradmMiqZyNYQDP81GPzqAzKWQrk,2026-02-15T21:02:40Z,bwamJzztZsepfkteWRChggmXuiiCQvpLqPietdNfSXa,2.7213306803e-07,272.13,,,,net_01082,1,5,LOW
6V7ZVsufumHrVHkAH79HY8XXquaTC45Qr5GeCTqgpump,2026-02-15T21:02:16Z,6QKiz2QCBuSv2bU5A1abLLkBUH4TPip4svo72qyKe3SA,7.6135613981e-09,7.61,,,,NONE,0,0,NONE
HJXv5tprRMaC3841uVF2ynACZ19DRHeEv9fWrSjgpump,2026-02-15T21:01:45Z,3egQ1DBiBQucNwLYEqUDRhqaa5eXDHfPh5pmZn45zJcT,8.1505638694e-11,0.08,,,,NONE,0,0,NONE
BPEGVEYpXSrZgNmf2vzagGWrgGVih7m4LsV9cCBmPGkR,2026-02-15T20:58:54Z,A8CemumoSnWLyAGkrxk4aRTHnHnuTunmTHFXP41q23Jt,5.3377747008e-08,53.38,,,,net_00599,1,2,LOW
5ZgpFUpM9qDcc9hBLRk68N4TZQjwGn8deu8pXexExGcE,2026-02-15T20:57:45Z,FgifQEkRkSSXZjf2cJ4c55BhVts2yrNKzmzBLLyicg8b,3.3940000000e-05,33949.00,,,,net_00037,42,17,MEDIUM
5ZgpFUpM9qDcc9hBLRk68N4TZQjwGn8deu8pXexExGcE,2026-02-15T20:57:45Z,FgifQEkRkSSXZjf2cJ4c55BhVts2yrNKzmzBLLyicg8b,3.3940000000e-05,33949.00,,,,net_00050,1,2,LOW
5ZgpFUpM9qDcc9hBLRk68N4TZQjwGn8deu8pXexExGcE,2026-02-15T20:57:45Z,FgifQEkRkSSXZjf2cJ4c55BhVts2yrNKzmzBLLyicg8b,3.3940000000e-05,33949.00,,,,net_00098,1,4,LOW
5ZgpFUpM9qDcc9hBLRk68N4TZQjwGn8deu8pXexExGcE,2026-02-15T20:57:45Z,FgifQEkRkSSXZjf2cJ4c55BhVts2yrNKzmzBLLyicg8b,3.3940000000e-05,33949.00,,,,net_00166,1,3,LOW
5ZgpFUpM9qDcc9hBLRk68N4TZQjwGn8deu8pXexExGcE,2026-02-15T20:57:45Z,FgifQEkRkSSXZjf2cJ4c55BhVts2yrNKzmzBLLyicg8b,3.3940000000e-05,33949.00,,,,net_00558,1,3,LOW
5ZgpFUpM9qDcc9hBLRk68N4TZQjwGn8deu8pXexExGcE,2026-02-15T20:57:45Z,FgifQEkRkSSXZjf2cJ4c55BhVts2yrNKzmzBLLyicg8b,3.3940000000e-05,33949.00,,,,net_00616,1,2,LOW
5ZgpFUpM9qDcc9hBLRk68N4TZQjwGn8deu8pXexExGcE,2026-02-15T20:57:45Z,FgifQEkRkSSXZjf2cJ4c55BhVts2yrNKzmzBLLyicg8b,3.3940000000e-05,33949.00,,,,net_00631,1,3,LOW
GZJ6ePLizfUChjyi5HbJ8PPexp1xxkE7o24PRqb9pump,2026-02-15T20:56:15Z,87XxAps1WzKuDVaAmTJSCbdhjhyBzn7pd1cwCsbADr73,1.6943579441e-09,1.69,,,,net_00412,1,3,LOW
GZJ6ePLizfUChjyi5HbJ8PPexp1xxkE7o24PRqb9pump,2026-02-15T20:56:15Z,87XxAps1WzKuDVaAmTJSCbdhjhyBzn7pd1cwCsbADr73,1.6943579441e-09,1.69,,,,net_00525,1,2,LOW
GZJ6ePLizfUChjyi5HbJ8PPexp1xxkE7o24PRqb9pump,2026-02-15T20:56:15Z,87XxAps1WzKuDVaAmTJSCbdhjhyBzn7pd1cwCsbADr73,1.6943579441e-09,1.69,,,,net_00647,23,152,CRITICAL
GZJ6ePLizfUChjyi5HbJ8PPexp1xxkE7o24PRqb9pump,2026-02-15T20:56:15Z,87XxAps1WzKuDVaAmTJSCbdhjhyBzn7pd1cwCsbADr73,1.6943579441e-09,1.69,,,,net_00717,1,2,LOW
3ZSXJk3mvtRh3suHW1GF29kLAkTWfAhEhSQB8KoYMAh4,2026-02-15T20:55:21Z,GGhSnzjqjKsokxSybmWWZgrGbZQHx6CcUv2rCKfwWg2f,,,,,,NONE,0,0,NONE
5tDUQ1dDABjpKJGxr7RYeVZ23v84QsF571Gt6Andpump,2026-02-15T20:54:37Z,FvBmq6heHVhTpJEo3MmaTM3pHbqFWR9H814G3zzzq38e,,,,,,NONE,0,0,NONE
B8JkKmuW89DCiknX4HtayxKvjhXBmetM9agy7yWCSAzT,2026-02-15T20:54:18Z,7GhWwhaMgbKiRWxF93Bud6HnHMci6NCLTJyTxG8zFH51,1.6205585452e-06,1620.56,,,,net_00033,1,2,LOW
B8JkKmuW89DCiknX4HtayxKvjhXBmetM9agy7yWCSAzT,2026-02-15T20:54:18Z,7GhWwhaMgbKiRWxF93Bud6HnHMci6NCLTJyTxG8zFH51,1.6205585452e-06,1620.56,,,,net_00050,1,2,LOW
B8JkKmuW89DCiknX4HtayxKvjhXBmetM9agy7yWCSAzT,2026-02-15T20:54:18Z,7GhWwhaMgbKiRWxF93Bud6HnHMci6NCLTJyTxG8zFH51,1.6205585452e-06,1620.56,,,,net_00147,1,2,LOW
B8JkKmuW89DCiknX4HtayxKvjhXBmetM9agy7yWCSAzT,2026-02-15T20:54:18Z,7GhWwhaMgbKiRWxF93Bud6HnHMci6NCLTJyTxG8zFH51,1.6205585452e-06,1620.56,,,,net_00166,1,3,LOW
B8JkKmuW89DCiknX4HtayxKvjhXBmetM9agy7yWCSAzT,2026-02-15T20:54:18Z,7GhWwhaMgbKiRWxF93Bud6HnHMci6NCLTJyTxG8zFH51,1.6205585452e-06,1620.56,,,,net_00513,1,2,LOW
B8JkKmuW89DCiknX4HtayxKvjhXBmetM9agy7yWCSAzT,2026-02-15T20:54:18Z,7GhWwhaMgbKiRWxF93Bud6HnHMci6NCLTJyTxG8zFH51,1.6205585452e-06,1620.56,,,,net_00524,1,2,LOW
B8JkKmuW89DCiknX4HtayxKvjhXBmetM9agy7yWCSAzT,2026-02-15T20:54:18Z,7GhWwhaMgbKiRWxF93Bud6HnHMci6NCLTJyTxG8zFH51,1.6205585452e-06,1620.56,,,,net_00558,1,3,LOW
B8JkKmuW89DCiknX4HtayxKvjhXBmetM9agy7yWCSAzT,2026-02-15T20:54:18Z,7GhWwhaMgbKiRWxF93Bud6HnHMci6NCLTJyTxG8zFH51,1.6205585452e-06,1620.56,,,,net_00599,1,2,LOW
B8JkKmuW89DCiknX4HtayxKvjhXBmetM9agy7yWCSAzT,2026-02-15T20:54:18Z,7GhWwhaMgbKiRWxF93Bud6HnHMci6NCLTJyTxG8zFH51,1.6205585452e-06,1620.56,,,,net_00631,1,3,LOW
B8JkKmuW89DCiknX4HtayxKvjhXBmetM9agy7yWCSAzT,2026-02-15T20:54:18Z,7GhWwhaMgbKiRWxF93Bud6HnHMci6NCLTJyTxG8zFH51,1.6205585452e-06,1620.56,,,,net_00673,1,2,LOW
B8JkKmuW89DCiknX4HtayxKvjhXBmetM9agy7yWCSAzT,2026-02-15T20:54:18Z,7GhWwhaMgbKiRWxF93Bud6HnHMci6NCLTJyTxG8zFH51,1.6205585452e-06,1620.56,,,,net_00688,1,3,LOW
B8JkKmuW89DCiknX4HtayxKvjhXBmetM9agy7yWCSAzT,2026-02-15T20:54:18Z,7GhWwhaMgbKiRWxF93Bud6HnHMci6NCLTJyTxG8zFH51,1.6205585452e-06,1620.56,,,,net_00696,1,2,LOW
B8JkKmuW89DCiknX4HtayxKvjhXBmetM9agy7yWCSAzT,2026-02-15T20:54:18Z,7GhWwhaMgbKiRWxF93Bud6HnHMci6NCLTJyTxG8zFH51,1.6205585452e-06,1620.56,,,,net_00744,1,4,LOW
B8JkKmuW89DCiknX4HtayxKvjhXBmetM9agy7yWCSAzT,2026-02-15T20:54:18Z,7GhWwhaMgbKiRWxF93Bud6HnHMci6NCLTJyTxG8zFH51,1.6205585452e-06,1620.56,,,,net_00750,1,6,MEDIUM
B8JkKmuW89DCiknX4HtayxKvjhXBmetM9agy7yWCSAzT,2026-02-15T20:54:18Z,7GhWwhaMgbKiRWxF93Bud6HnHMci6NCLTJyTxG8zFH51,1.6205585452e-06,1620.56,,,,net_00752,1,6,MEDIUM
B8JkKmuW89DCiknX4HtayxKvjhXBmetM9agy7yWCSAzT,2026-02-15T20:54:18Z,7GhWwhaMgbKiRWxF93Bud6HnHMci6NCLTJyTxG8zFH51,1.6205585452e-06,1620.56,,,,net_00862,1,2,LOW
B8JkKmuW89DCiknX4HtayxKvjhXBmetM9agy7yWCSAzT,2026-02-15T20:54:18Z,7GhWwhaMgbKiRWxF93Bud6HnHMci6NCLTJyTxG8zFH51,1.6205585452e-06,1620.56,,,,net_00971,1,2,LOW
B8JkKmuW89DCiknX4HtayxKvjhXBmetM9agy7yWCSAzT,2026-02-15T20:54:18Z,7GhWwhaMgbKiRWxF93Bud6HnHMci6NCLTJyTxG8zFH51,1.6205585452e-06,1620.56,,,,net_00981,1,2,LOW
B8JkKmuW89DCiknX4HtayxKvjhXBmetM9agy7yWCSAzT,2026-02-15T20:54:18Z,7GhWwhaMgbKiRWxF93Bud6HnHMci6NCLTJyTxG8zFH51,1.6205585452e-06,1620.56,,,,net_01062,1,2,LOW
B8JkKmuW89DCiknX4HtayxKvjhXBmetM9agy7yWCSAzT,2026-02-15T20:54:18Z,7GhWwhaMgbKiRWxF93Bud6HnHMci6NCLTJyTxG8zFH51,1.6205585452e-06,1620.56,,,,net_01069,1,4,LOW
9Vv1QscZTM9GhUJLjnQ49VsDyhrqKD3TmNLWqVkQD1Wx,2026-02-15T20:54:18Z,C4ARzqpvZ4gR3ta89H5Yz7UyPTpRm22BL5U91e5dHTSf,7.0437186371e-08,70.44,,,,NONE,0,0,NONE
9b8GY2Lkiids23z9E9hKgVQz3JZiYTzQig6dsqiupump,2026-02-15T20:51:02Z,HYWo71Wk9PNDe5sBaRKazPnVyGnQDiwgXCFKvgAQ1ENp,1.0758088346e-07,107.58,,,,net_00001,1,3,LOW
9b8GY2Lkiids23z9E9hKgVQz3JZiYTzQig6dsqiupump,2026-02-15T20:51:02Z,HYWo71Wk9PNDe5sBaRKazPnVyGnQDiwgXCFKvgAQ1ENp,1.0758088346e-07,107.58,,,,net_00006,1,3,LOW
9b8GY2Lkiids23z9E9hKgVQz3JZiYTzQig6dsqiupump,2026-02-15T20:51:02Z,HYWo71Wk9PNDe5sBaRKazPnVyGnQDiwgXCFKvgAQ1ENp,1.0758088346e-07,107.58,,,,net_00007,1,3,LOW
9b8GY2Lkiids23z9E9hKgVQz3JZiYTzQig6dsqiupump,2026-02-15T20:51:02Z,HYWo71Wk9PNDe5sBaRKazPnVyGnQDiwgXCFKvgAQ1ENp,1.0758088346e-07,107.58,,,,net_00010,1,3,LOW
9b8GY2Lkiids23z9E9hKgVQz3JZiYTzQig6dsqiupump,2026-02-15T20:51:02Z,HYWo71Wk9PNDe5sBaRKazPnVyGnQDiwgXCFKvgAQ1ENp,1.0758088346e-07,107.58,,,,net_00016,1,3,LOW
9b8GY2Lkiids23z9E9hKgVQz3JZiYTzQig6dsqiupump,2026-02-15T20:51:02Z,HYWo71Wk9PNDe5sBaRKazPnVyGnQDiwgXCFKvgAQ1ENp,1.0758088346e-07,107.58,,,,net_00018,1,3,LOW
9b8GY2Lkiids23z9E9hKgVQz3JZiYTzQig6dsqiupump,2026-02-15T20:51:02Z,HYWo71Wk9PNDe5sBaRKazPnVyGnQDiwgXCFKvgAQ1ENp,1.0758088346e-07,107.58,,,,net_00020,1,3,LOW
9b8GY2Lkiids23z9E9hKgVQz3JZiYTzQig6dsqiupump,2026-02-15T20:51:02Z,HYWo71Wk9PNDe5sBaRKazPnVyGnQDiwgXCFKvgAQ1ENp,1.0758088346e-07,107.58,,,,net_00044,1,2,LOW
9b8GY2Lkiids23z9E9hKgVQz3JZiYTzQig6dsqiupump,2026-02-15T20:51:02Z,HYWo71Wk9PNDe5sBaRKazPnVyGnQDiwgXCFKvgAQ1ENp,1.0758088346e-07,107.58,,,,net_00052,1,3,LOW
9b8GY2Lkiids23z9E9hKgVQz3JZiYTzQig6dsqiupump,2026-02-15T20:51:02Z,HYWo71Wk9PNDe5sBaRKazPnVyGnQDiwgXCFKvgAQ1ENp,1.0758088346e-07,107.58,,,,net_00063,1,3,LOW
9b8GY2Lkiids23z9E9hKgVQz3JZiYTzQig6dsqiupump,2026-02-15T20:51:02Z,HYWo71Wk9PNDe5sBaRKazPnVyGnQDiwgXCFKvgAQ1ENp,1.0758088346e-07,107.58,,,,net_00093,1,3,LOW
9b8GY2Lkiids23z9E9hKgVQz3JZiYTzQig6dsqiupump,2026-02-15T20:51:02Z,HYWo71Wk9PNDe5sBaRKazPnVyGnQDiwgXCFKvgAQ1ENp,1.0758088346e-07,107.58,,,,net_00138,1,3,LOW
9b8GY2Lkiids23z9E9hKgVQz3JZiYTzQig6dsqiupump,2026-02-15T20:51:02Z,HYWo71Wk9PNDe5sBaRKazPnVyGnQDiwgXCFKvgAQ1ENp,1.0758088346e-07,107.58,,,,net_00160,1,4,LOW
9b8GY2Lkiids23z9E9hKgVQz3JZiYTzQig6dsqiupump,2026-02-15T20:51:02Z,HYWo71Wk9PNDe5sBaRKazPnVyGnQDiwgXCFKvgAQ1ENp,1.0758088346e-07,107.58,,,,net_00203,1,3,LOW
9b8GY2Lkiids23z9E9hKgVQz3JZiYTzQig6dsqiupump,2026-02-15T20:51:02Z,HYWo71Wk9PNDe5sBaRKazPnVyGnQDiwgXCFKvgAQ1ENp,1.0758088346e-07,107.58,,,,net_00221,1,3,LOW
9b8GY2Lkiids23z9E9hKgVQz3JZiYTzQig6dsqiupump,2026-02-15T20:51:02Z,HYWo71Wk9PNDe5sBaRKazPnVyGnQDiwgXCFKvgAQ1ENp,1.0758088346e-07,107.58,,,,net_00225,1,3,LOW
9b8GY2Lkiids23z9E9hKgVQz3JZiYTzQig6dsqiupump,2026-02-15T20:51:02Z,HYWo71Wk9PNDe5sBaRKazPnVyGnQDiwgXCFKvgAQ1ENp,1.0758088346e-07,107.58,,,,net_00234,1,3,LOW
9b8GY2Lkiids23z9E9hKgVQz3JZiYTzQig6dsqiupump,2026-02-15T20:51:02Z,HYWo71Wk9PNDe5sBaRKazPnVyGnQDiwgXCFKvgAQ1ENp,1.0758088346e-07,107.58,,,,net_00239,1,3,LOW
9b8GY2Lkiids23z9E9hKgVQz3JZiYTzQig6dsqiupump,2026-02-15T20:51:02Z,HYWo71Wk9PNDe5sBaRKazPnVyGnQDiwgXCFKvgAQ1ENp,1.0758088346e-07,107.58,,,,net_00247,1,3,LOW
9b8GY2Lkiids23z9E9hKgVQz3JZiYTzQig6dsqiupump,2026-02-15T20:51:02Z,HYWo71Wk9PNDe5sBaRKazPnVyGnQDiwgXCFKvgAQ1ENp,1.0758088346e-07,107.58,,,,net_00265,1,3,LOW
9b8GY2Lkiids23z9E9hKgVQz3JZiYTzQig6dsqiupump,2026-02-15T20:51:02Z,HYWo71Wk9PNDe5sBaRKazPnVyGnQDiwgXCFKvgAQ1ENp,1.0758088346e-07,107.58,,,,net_00304,1,3,LOW
9b8GY2Lkiids23z9E9hKgVQz3JZiYTzQig6dsqiupump,2026-02-15T20:51:02Z,HYWo71Wk9PNDe5sBaRKazPnVyGnQDiwgXCFKvgAQ1ENp,1.0758088346e-07,107.58,,,,net_00305,1,2,LOW
9b8GY2Lkiids23z9E9hKgVQz3JZiYTzQig6dsqiupump,2026-02-15T20:51:02Z,HYWo71Wk9PNDe5sBaRKazPnVyGnQDiwgXCFKvgAQ1ENp,1.0758088346e-07,107.58,,,,net_00307,1,3,LOW
9b8GY2Lkiids23z9E9hKgVQz3JZiYTzQig6dsqiupump,2026-02-15T20:51:02Z,HYWo71Wk9PNDe5sBaRKazPnVyGnQDiwgXCFKvgAQ1ENp,1.0758088346e-07,107.58,,,,net_00311,1,3,LOW
9b8GY2Lkiids23z9E9hKgVQz3JZiYTzQig6dsqiupump,2026-02-15T20:51:02Z,HYWo71Wk9PNDe5sBaRKazPnVyGnQDiwgXCFKvgAQ1ENp,1.0758088346e-07,107.58,,,,net_00355,1,3,LOW
9b8GY2Lkiids23z9E9hKgVQz3JZiYTzQig6dsqiupump,2026-02-15T20:51:02Z,HYWo71Wk9PNDe5sBaRKazPnVyGnQDiwgXCFKvgAQ1ENp,1.0758088346e-07,107.58,,,,net_00362,1,3,LOW
9b8GY2Lkiids23z9E9hKgVQz3JZiYTzQig6dsqiupump,2026-02-15T20:51:02Z,HYWo71Wk9PNDe5sBaRKazPnVyGnQDiwgXCFKvgAQ1ENp,1.0758088346e-07,107.58,,,,net_00385,1,5,LOW
9b8GY2Lkiids23z9E9hKgVQz3JZiYTzQig6dsqiupump,2026-02-15T20:51:02Z,HYWo71Wk9PNDe5sBaRKazPnVyGnQDiwgXCFKvgAQ1ENp,1.0758088346e-07,107.58,,,,net_00388,1,3,LOW
9b8GY2Lkiids23z9E9hKgVQz3JZiYTzQig6dsqiupump,2026-02-15T20:51:02Z,HYWo71Wk9PNDe5sBaRKazPnVyGnQDiwgXCFKvgAQ1ENp,1.0758088346e-07,107.58,,,,net_00442,1,5,LOW
9b8GY2Lkiids23z9E9hKgVQz3JZiYTzQig6dsqiupump,2026-02-15T20:51:02Z,HYWo71Wk9PNDe5sBaRKazPnVyGnQDiwgXCFKvgAQ1ENp,1.0758088346e-07,107.58,,,,net_00454,1,3,LOW
9b8GY2Lkiids23z9E9hKgVQz3JZiYTzQig6dsqiupump,2026-02-15T20:51:02Z,HYWo71Wk9PNDe5sBaRKazPnVyGnQDiwgXCFKvgAQ1ENp,1.0758088346e-07,107.58,,,,net_00463,1,3,LOW
9b8GY2Lkiids23z9E9hKgVQz3JZiYTzQig6dsqiupump,2026-02-15T20:51:02Z,HYWo71Wk9PNDe5sBaRKazPnVyGnQDiwgXCFKvgAQ1ENp,1.0758088346e-07,107.58,,,,net_00472,1,5,LOW
9b8GY2Lkiids23z9E9hKgVQz3JZiYTzQig6dsqiupump,2026-02-15T20:51:02Z,HYWo71Wk9PNDe5sBaRKazPnVyGnQDiwgXCFKvgAQ1ENp,1.0758088346e-07,107.58,,,,net_00482,1,5,LOW
9b8GY2Lkiids23z9E9hKgVQz3JZiYTzQig6dsqiupump,2026-02-15T20:51:02Z,HYWo71Wk9PNDe5sBaRKazPnVyGnQDiwgXCFKvgAQ1ENp,1.0758088346e-07,107.58,,,,net_00485,1,3,LOW
9b8GY2Lkiids23z9E9hKgVQz3JZiYTzQig6dsqiupump,2026-02-15T20:51:02Z,HYWo71Wk9PNDe5sBaRKazPnVyGnQDiwgXCFKvgAQ1ENp,1.0758088346e-07,107.58,,,,net_00509,1,3,LOW
9b8GY2Lkiids23z9E9hKgVQz3JZiYTzQig6dsqiupump,2026-02-15T20:51:02Z,HYWo71Wk9PNDe5sBaRKazPnVyGnQDiwgXCFKvgAQ1ENp,1.0758088346e-07,107.58,,,,net_00528,1,3,LOW
9b8GY2Lkiids23z9E9hKgVQz3JZiYTzQig6dsqiupump,2026-02-15T20:51:02Z,HYWo71Wk9PNDe5sBaRKazPnVyGnQDiwgXCFKvgAQ1ENp,1.0758088346e-07,107.58,,,,net_00536,1,3,LOW
9b8GY2Lkiids23z9E9hKgVQz3JZiYTzQig6dsqiupump,2026-02-15T20:51:02Z,HYWo71Wk9PNDe5sBaRKazPnVyGnQDiwgXCFKvgAQ1ENp,1.0758088346e-07,107.58,,,,net_00564,1,2,LOW
9b8GY2Lkiids23z9E9hKgVQz3JZiYTzQig6dsqiupump,2026-02-15T20:51:02Z,HYWo71Wk9PNDe5sBaRKazPnVyGnQDiwgXCFKvgAQ1ENp,1.0758088346e-07,107.58,,,,net_00576,1,3,LOW
9b8GY2Lkiids23z9E9hKgVQz3JZiYTzQig6dsqiupump,2026-02-15T20:51:02Z,HYWo71Wk9PNDe5sBaRKazPnVyGnQDiwgXCFKvgAQ1ENp,1.0758088346e-07,107.58,,,,net_00630,1,3,LOW
9b8GY2Lkiids23z9E9hKgVQz3JZiYTzQig6dsqiupump,2026-02-15T20:51:02Z,HYWo71Wk9PNDe5sBaRKazPnVyGnQDiwgXCFKvgAQ1ENp,1.0758088346e-07,107.58,,,,net_00647,23,152,CRITICAL
9b8GY2Lkiids23z9E9hKgVQz3JZiYTzQig6dsqiupump,2026-02-15T20:51:02Z,HYWo71Wk9PNDe5sBaRKazPnVyGnQDiwgXCFKvgAQ1ENp,1.0758088346e-07,107.58,,,,net_00652,1,3,LOW
9b8GY2Lkiids23z9E9hKgVQz3JZiYTzQig6dsqiupump,2026-02-15T20:51:02Z,HYWo71Wk9PNDe5sBaRKazPnVyGnQDiwgXCFKvgAQ1ENp,1.0758088346e-07,107.58,,,,net_00663,1,2,LOW
9b8GY2Lkiids23z9E9hKgVQz3JZiYTzQig6dsqiupump,2026-02-15T20:51:02Z,HYWo71Wk9PNDe5sBaRKazPnVyGnQDiwgXCFKvgAQ1ENp,1.0758088346e-07,107.58,,,,net_00687,1,3,LOW
9b8GY2Lkiids23z9E9hKgVQz3JZiYTzQig6dsqiupump,2026-02-15T20:51:02Z,HYWo71Wk9PNDe5sBaRKazPnVyGnQDiwgXCFKvgAQ1ENp,1.0758088346e-07,107.58,,,,net_00712,1,3,LOW
9b8GY2Lkiids23z9E9hKgVQz3JZiYTzQig6dsqiupump,2026-02-15T20:51:02Z,HYWo71Wk9PNDe5sBaRKazPnVyGnQDiwgXCFKvgAQ1ENp,1.0758088346e-07,107.58,,,,net_00720,1,3,LOW
9b8GY2Lkiids23z9E9hKgVQz3JZiYTzQig6dsqiupump,2026-02-15T20:51:02Z,HYWo71Wk9PNDe5sBaRKazPnVyGnQDiwgXCFKvgAQ1ENp,1.0758088346e-07,107.58,,,,net_00768,1,3,LOW
9b8GY2Lkiids23z9E9hKgVQz3JZiYTzQig6dsqiupump,2026-02-15T20:51:02Z,HYWo71Wk9PNDe5sBaRKazPnVyGnQDiwgXCFKvgAQ1ENp,1.0758088346e-07,107.58,,,,net_00779,1,3,LOW
9b8GY2Lkiids23z9E9hKgVQz3JZiYTzQig6dsqiupump,2026-02-15T20:51:02Z,HYWo71Wk9PNDe5sBaRKazPnVyGnQDiwgXCFKvgAQ1ENp,1.0758088346e-07,107.58,,,,net_00781,1,3,LOW
9b8GY2Lkiids23z9E9hKgVQz3JZiYTzQig6dsqiupump,2026-02-15T20:51:02Z,HYWo71Wk9PNDe5sBaRKazPnVyGnQDiwgXCFKvgAQ1ENp,1.0758088346e-07,107.58,,,,net_00791,1,3,LOW
9b8GY2Lkiids23z9E9hKgVQz3JZiYTzQig6dsqiupump,2026-02-15T20:51:02Z,HYWo71Wk9PNDe5sBaRKazPnVyGnQDiwgXCFKvgAQ1ENp,1.0758088346e-07,107.58,,,,net_00803,1,3,LOW
9b8GY2Lkiids23z9E9hKgVQz3JZiYTzQig6dsqiupump,2026-02-15T20:51:02Z,HYWo71Wk9PNDe5sBaRKazPnVyGnQDiwgXCFKvgAQ1ENp,1.0758088346e-07,107.58,,,,net_00809,1,4,LOW
9b8GY2Lkiids23z9E9hKgVQz3JZiYTzQig6dsqiupump,2026-02-15T20:51:02Z,HYWo71Wk9PNDe5sBaRKazPnVyGnQDiwgXCFKvgAQ1ENp,1.0758088346e-07,107.58,,,,net_00813,1,3,LOW
9b8GY2Lkiids23z9E9hKgVQz3JZiYTzQig6dsqiupump,2026-02-15T20:51:02Z,HYWo71Wk9PNDe5sBaRKazPnVyGnQDiwgXCFKvgAQ1ENp,1.0758088346e-07,107.58,,,,net_00816,1,3,LOW
9b8GY2Lkiids23z9E9hKgVQz3JZiYTzQig6dsqiupump,2026-02-15T20:51:02Z,HYWo71Wk9PNDe5sBaRKazPnVyGnQDiwgXCFKvgAQ1ENp,1.0758088346e-07,107.58,,,,net_00829,1,3,LOW
9b8GY2Lkiids23z9E9hKgVQz3JZiYTzQig6dsqiupump,2026-02-15T20:51:02Z,HYWo71Wk9PNDe5sBaRKazPnVyGnQDiwgXCFKvgAQ1ENp,1.0758088346e-07,107.58,,,,net_00840,1,3,LOW
9b8GY2Lkiids23z9E9hKgVQz3JZiYTzQig6dsqiupump,2026-02-15T20:51:02Z,HYWo71Wk9PNDe5sBaRKazPnVyGnQDiwgXCFKvgAQ1ENp,1.0758088346e-07,107.58,,,,net_00844,1,3,LOW
9b8GY2Lkiids23z9E9hKgVQz3JZiYTzQig6dsqiupump,2026-02-15T20:51:02Z,HYWo71Wk9PNDe5sBaRKazPnVyGnQDiwgXCFKvgAQ1ENp,1.0758088346e-07,107.58,,,,net_00882,1,7,MEDIUM
9b8GY2Lkiids23z9E9hKgVQz3JZiYTzQig6dsqiupump,2026-02-15T20:51:02Z,HYWo71Wk9PNDe5sBaRKazPnVyGnQDiwgXCFKvgAQ1ENp,1.0758088346e-07,107.58,,,,net_00884,1,3,LOW
9b8GY2Lkiids23z9E9hKgVQz3JZiYTzQig6dsqiupump,2026-02-15T20:51:02Z,HYWo71Wk9PNDe5sBaRKazPnVyGnQDiwgXCFKvgAQ1ENp,1.0758088346e-07,107.58,,,,net_00891,1,3,LOW
9b8GY2Lkiids23z9E9hKgVQz3JZiYTzQig6dsqiupump,2026-02-15T20:51:02Z,HYWo71Wk9PNDe5sBaRKazPnVyGnQDiwgXCFKvgAQ1ENp,1.0758088346e-07,107.58,,,,net_00898,1,2,LOW
9b8GY2Lkiids23z9E9hKgVQz3JZiYTzQig6dsqiupump,2026-02-15T20:51:02Z,HYWo71Wk9PNDe5sBaRKazPnVyGnQDiwgXCFKvgAQ1ENp,1.0758088346e-07,107.58,,,,net_00900,1,3,LOW
9b8GY2Lkiids23z9E9hKgVQz3JZiYTzQig6dsqiupump,2026-02-15T20:51:02Z,HYWo71Wk9PNDe5sBaRKazPnVyGnQDiwgXCFKvgAQ1ENp,1.0758088346e-07,107.58,,,,net_00921,1,3,LOW
9b8GY2Lkiids23z9E9hKgVQz3JZiYTzQig6dsqiupump,2026-02-15T20:51:02Z,HYWo71Wk9PNDe5sBaRKazPnVyGnQDiwgXCFKvgAQ1ENp,1.0758088346e-07,107.58,,,,net_00934,1,3,LOW
9b8GY2Lkiids23z9E9hKgVQz3JZiYTzQig6dsqiupump,2026-02-15T20:51:02Z,HYWo71Wk9PNDe5sBaRKazPnVyGnQDiwgXCFKvgAQ1ENp,1.0758088346e-07,107.58,,,,net_00936,1,2,LOW
9b8GY2Lkiids23z9E9hKgVQz3JZiYTzQig6dsqiupump,2026-02-15T20:51:02Z,HYWo71Wk9PNDe5sBaRKazPnVyGnQDiwgXCFKvgAQ1ENp,1.0758088346e-07,107.58,,,,net_00959,1,3,LOW
9b8GY2Lkiids23z9E9hKgVQz3JZiYTzQig6dsqiupump,2026-02-15T20:51:02Z,HYWo71Wk9PNDe5sBaRKazPnVyGnQDiwgXCFKvgAQ1ENp,1.0758088346e-07,107.58,,,,net_00966,1,3,LOW
9b8GY2Lkiids23z9E9hKgVQz3JZiYTzQig6dsqiupump,2026-02-15T20:51:02Z,HYWo71Wk9PNDe5sBaRKazPnVyGnQDiwgXCFKvgAQ1ENp,1.0758088346e-07,107.58,,,,net_01086,1,5,LOW
9b8GY2Lkiids23z9E9hKgVQz3JZiYTzQig6dsqiupump,2026-02-15T20:51:02Z,HYWo71Wk9PNDe5sBaRKazPnVyGnQDiwgXCFKvgAQ1ENp,1.0758088346e-07,107.58,,,,net_01088,1,2,LOW
3U1erCgbsS4FA7N4C2oRtieBb2kBH7GhzugJUSsFpump,2026-02-15T20:45:02Z,9d7HDHrN32pTQYxpSVwzrUuYKSh78xAkKYpPjjyEKoa8,2.1310246962e-09,2.13,,,,NONE,0,0,NONE
DVQ4u9kXbNkygtR4d4119KVHNKejPBdzwYoFb2fAkV9w,2026-02-15T20:44:50Z,BvPfX8pa1NW9ttx8KZmEfQX1cyuJbzDKXQDb1mtXh3Va,5.5932641106e-08,55.93,,,,net_00235,1,2,LOW
DVQ4u9kXbNkygtR4d4119KVHNKejPBdzwYoFb2fAkV9w,2026-02-15T20:44:50Z,BvPfX8pa1NW9ttx8KZmEfQX1cyuJbzDKXQDb1mtXh3Va,5.5932641106e-08,55.93,,,,net_00338,1,4,LOW
DVQ4u9kXbNkygtR4d4119KVHNKejPBdzwYoFb2fAkV9w,2026-02-15T20:44:50Z,BvPfX8pa1NW9ttx8KZmEfQX1cyuJbzDKXQDb1mtXh3Va,5.5932641106e-08,55.93,,,,net_00476,1,2,LOW
DVQ4u9kXbNkygtR4d4119KVHNKejPBdzwYoFb2fAkV9w,2026-02-15T20:44:50Z,BvPfX8pa1NW9ttx8KZmEfQX1cyuJbzDKXQDb1mtXh3Va,5.5932641106e-08,55.93,,,,net_00704,1,5,LOW
DVQ4u9kXbNkygtR4d4119KVHNKejPBdzwYoFb2fAkV9w,2026-02-15T20:44:50Z,BvPfX8pa1NW9ttx8KZmEfQX1cyuJbzDKXQDb1mtXh3Va,5.5932641106e-08,55.93,,,,net_00728,1,7,MEDIUM
DVQ4u9kXbNkygtR4d4119KVHNKejPBdzwYoFb2fAkV9w,2026-02-15T20:44:50Z,BvPfX8pa1NW9ttx8KZmEfQX1cyuJbzDKXQDb1mtXh3Va,5.5932641106e-08,55.93,,,,net_00739,1,4,LOW
DVQ4u9kXbNkygtR4d4119KVHNKejPBdzwYoFb2fAkV9w,2026-02-15T20:44:50Z,BvPfX8pa1NW9ttx8KZmEfQX1cyuJbzDKXQDb1mtXh3Va,5.5932641106e-08,55.93,,,,net_00744,1,4,LOW
DVQ4u9kXbNkygtR4d4119KVHNKejPBdzwYoFb2fAkV9w,2026-02-15T20:44:50Z,BvPfX8pa1NW9ttx8KZmEfQX1cyuJbzDKXQDb1mtXh3Va,5.5932641106e-08,55.93,,,,net_00842,1,3,LOW
DVQ4u9kXbNkygtR4d4119KVHNKejPBdzwYoFb2fAkV9w,2026-02-15T20:44:50Z,BvPfX8pa1NW9ttx8KZmEfQX1cyuJbzDKXQDb1mtXh3Va,5.5932641106e-08,55.93,,,,net_01071,1,2,LOW
4JR9eFpCUUYvHJMNWxXFhhxHwk43UTiYZbLUhj94pump,2026-02-15T20:31:06Z,5zCkbcD74hFPeBHwYdwJLJAoLVgHX45AFeR7RzC8vFiD,1.8095691450e-09,1.81,,,,net_00128,1,2,LOW
4JR9eFpCUUYvHJMNWxXFhhxHwk43UTiYZbLUhj94pump,2026-02-15T20:31:06Z,5zCkbcD74hFPeBHwYdwJLJAoLVgHX45AFeR7RzC8vFiD,1.8095691450e-09,1.81,,,,net_00244,1,2,LOW
4JR9eFpCUUYvHJMNWxXFhhxHwk43UTiYZbLUhj94pump,2026-02-15T20:31:06Z,5zCkbcD74hFPeBHwYdwJLJAoLVgHX45AFeR7RzC8vFiD,1.8095691450e-09,1.81,,,,net_00267,1,2,LOW
4JR9eFpCUUYvHJMNWxXFhhxHwk43UTiYZbLUhj94pump,2026-02-15T20:31:06Z,5zCkbcD74hFPeBHwYdwJLJAoLVgHX45AFeR7RzC8vFiD,1.8095691450e-09,1.81,,,,net_00318,1,5,LOW
4JR9eFpCUUYvHJMNWxXFhhxHwk43UTiYZbLUhj94pump,2026-02-15T20:31:06Z,5zCkbcD74hFPeBHwYdwJLJAoLVgHX45AFeR7RzC8vFiD,1.8095691450e-09,1.81,,,,net_00410,1,2,LOW
4JR9eFpCUUYvHJMNWxXFhhxHwk43UTiYZbLUhj94pump,2026-02-15T20:31:06Z,5zCkbcD74hFPeBHwYdwJLJAoLVgHX45AFeR7RzC8vFiD,1.8095691450e-09,1.81,,,,net_00437,1,2,LOW
4JR9eFpCUUYvHJMNWxXFhhxHwk43UTiYZbLUhj94pump,2026-02-15T20:31:06Z,5zCkbcD74hFPeBHwYdwJLJAoLVgHX45AFeR7RzC8vFiD,1.8095691450e-09,1.81,,,,net_00495,1,2,LOW
4JR9eFpCUUYvHJMNWxXFhhxHwk43UTiYZbLUhj94pump,2026-02-15T20:31:06Z,5zCkbcD74hFPeBHwYdwJLJAoLVgHX45AFeR7RzC8vFiD,1.8095691450e-09,1.81,,,,net_00549,1,2,LOW
4JR9eFpCUUYvHJMNWxXFhhxHwk43UTiYZbLUhj94pump,2026-02-15T20:31:06Z,5zCkbcD74hFPeBHwYdwJLJAoLVgHX45AFeR7RzC8vFiD,1.8095691450e-09,1.81,,,,net_00593,1,2,LOW
4JR9eFpCUUYvHJMNWxXFhhxHwk43UTiYZbLUhj94pump,2026-02-15T20:31:06Z,5zCkbcD74hFPeBHwYdwJLJAoLVgHX45AFeR7RzC8vFiD,1.8095691450e-09,1.81,,,,net_00752,1,6,MEDIUM
4JR9eFpCUUYvHJMNWxXFhhxHwk43UTiYZbLUhj94pump,2026-02-15T20:31:06Z,5zCkbcD74hFPeBHwYdwJLJAoLVgHX45AFeR7RzC8vFiD,1.8095691450e-09,1.81,,,,net_00767,1,2,LOW
4JR9eFpCUUYvHJMNWxXFhhxHwk43UTiYZbLUhj94pump,2026-02-15T20:31:06Z,5zCkbcD74hFPeBHwYdwJLJAoLVgHX45AFeR7RzC8vFiD,1.8095691450e-09,1.81,,,,net_00815,1,2,LOW
4JR9eFpCUUYvHJMNWxXFhhxHwk43UTiYZbLUhj94pump,2026-02-15T20:31:06Z,5zCkbcD74hFPeBHwYdwJLJAoLVgHX45AFeR7RzC8vFiD,1.8095691450e-09,1.81,,,,net_01064,1,5,LOW
Dvo1rYwaLb6gsj7FtMXVQXxRreA6AGBEcQz21PyPpump,2026-02-15T20:30:04Z,HdKJM6Lvfp9aV9tvEMC8AD4GnsbFgMUkHLoK923Sn1ET,5.5889039996e-08,55.89,,,,net_00015,1,4,LOW
Dvo1rYwaLb6gsj7FtMXVQXxRreA6AGBEcQz21PyPpump,2026-02-15T20:30:04Z,HdKJM6Lvfp9aV9tvEMC8AD4GnsbFgMUkHLoK923Sn1ET,5.5889039996e-08,55.89,,,,net_00141,1,2,LOW
Dvo1rYwaLb6gsj7FtMXVQXxRreA6AGBEcQz21PyPpump,2026-02-15T20:30:04Z,HdKJM6Lvfp9aV9tvEMC8AD4GnsbFgMUkHLoK923Sn1ET,5.5889039996e-08,55.89,,,,net_00237,1,3,LOW
Dvo1rYwaLb6gsj7FtMXVQXxRreA6AGBEcQz21PyPpump,2026-02-15T20:30:04Z,HdKJM6Lvfp9aV9tvEMC8AD4GnsbFgMUkHLoK923Sn1ET,5.5889039996e-08,55.89,,,,net_00238,1,2,LOW
Dvo1rYwaLb6gsj7FtMXVQXxRreA6AGBEcQz21PyPpump,2026-02-15T20:30:04Z,HdKJM6Lvfp9aV9tvEMC8AD4GnsbFgMUkHLoK923Sn1ET,5.5889039996e-08,55.89,,,,net_00393,1,2,LOW
CwuAtXJyjFrU4pKBkidiQUh8jMmTkwcdq9b6PrdCpump,2026-02-15T20:29:28Z,5TcyQLh8ojBf81DKeRC4vocTbNKJpJCsR9Kei16kLqDM,1.0903827909e-08,10.90,,,,net_00349,1,2,LOW
CwuAtXJyjFrU4pKBkidiQUh8jMmTkwcdq9b6PrdCpump,2026-02-15T20:29:28Z,5TcyQLh8ojBf81DKeRC4vocTbNKJpJCsR9Kei16kLqDM,1.0903827909e-08,10.90,,,,net_00435,1,2,LOW
CwuAtXJyjFrU4pKBkidiQUh8jMmTkwcdq9b6PrdCpump,2026-02-15T20:29:28Z,5TcyQLh8ojBf81DKeRC4vocTbNKJpJCsR9Kei16kLqDM,1.0903827909e-08,10.90,,,,net_00588,1,3,LOW
CwuAtXJyjFrU4pKBkidiQUh8jMmTkwcdq9b6PrdCpump,2026-02-15T20:29:28Z,5TcyQLh8ojBf81DKeRC4vocTbNKJpJCsR9Kei16kLqDM,1.0903827909e-08,10.90,,,,net_00636,1,3,LOW
CwuAtXJyjFrU4pKBkidiQUh8jMmTkwcdq9b6PrdCpump,2026-02-15T20:29:28Z,5TcyQLh8ojBf81DKeRC4vocTbNKJpJCsR9Kei16kLqDM,1.0903827909e-08,10.90,,,,net_01082,1,5,LOW
FZBMtnwewCiQ9eRLiPYMuW8Yces7GJcectPg9LtUpump,2026-02-15T20:27:43Z,4mAZPLhMv39J1hxNe5be4noxsifNLpNdkdrQmw8HDqjs,7.9683450572e-08,79.68,,,,NONE,0,0,NONE
DgCerZgHg67MTFYgJEKZZ5uir5BYrQRLXyFGm9hTpump,2026-02-15T20:27:30Z,5h1QwyKZeMMro3vNPK13oyg94jawJTSh7nqMPbcKkCC9,2.9550000000e-05,29550.91,,,,NONE,0,0,NONE
Hh3qgv3Epfx5tKAUeRQmzZMKZcuYk9T4mDwAQ195pump,2026-02-15T20:19:02Z,Shnc8nrcAwFGmHRzYHUesYJN98G6UVQfwhQd6bnh47D,2.4663080290e-10,0.25,,,,NONE,0,0,NONE
2nKNuDniEeAs44oCT1niwzXGNNiEh4N7pfZJJ3t4pump,2026-02-15T20:16:27Z,FZavwxi1onq7ZYJuZ9HsDi8y3SwjbZirZEnZEJ6kCNaP,3.3640000000e-05,33642.45,,,,NONE,0,0,NONE
4nbRMMe8knRthvUF1Bc1cw524SHPH9bpysEhYk5Dpump,2026-02-15T20:13:38Z,6J2RnmCKPgKtg7YtASozUBXiQoH5DHagqWVq5otJXVMr,3.0487244348e-08,30.49,,,,NONE,0,0,NONE
F7uaAfbVJZH5F7BH6nBW146hB3w5atVKsw4RDqvqpump,2026-02-15T20:06:43Z,Fb2VfDFRSgaUNydp4Smb36zqzfpU1jPSRPJ3igHGQ5Yx,7.5460274155e-08,75.46,,,,NONE,0,0,NONE
Fvw6rc1sibJSg8j9YpkGe433aFACcj2J65ffns4rpump,2026-02-15T19:54:15Z,B4JXfczBjeSeSHdNCyJjcy6cnEhveLbvfhdKwwWEUSKy,1.8012081740e-07,180.12,,,,net_00079,1,2,LOW
Fvw6rc1sibJSg8j9YpkGe433aFACcj2J65ffns4rpump,2026-02-15T19:54:15Z,B4JXfczBjeSeSHdNCyJjcy6cnEhveLbvfhdKwwWEUSKy,1.8012081740e-07,180.12,,,,net_00098,1,4,LOW
Fvw6rc1sibJSg8j9YpkGe433aFACcj2J65ffns4rpump,2026-02-15T19:54:15Z,B4JXfczBjeSeSHdNCyJjcy6cnEhveLbvfhdKwwWEUSKy,1.8012081740e-07,180.12,,,,net_00166,1,3,LOW
Fvw6rc1sibJSg8j9YpkGe433aFACcj2J65ffns4rpump,2026-02-15T19:54:15Z,B4JXfczBjeSeSHdNCyJjcy6cnEhveLbvfhdKwwWEUSKy,1.8012081740e-07,180.12,,,,net_00294,1,3,LOW
Fvw6rc1sibJSg8j9YpkGe433aFACcj2J65ffns4rpump,2026-02-15T19:54:15Z,B4JXfczBjeSeSHdNCyJjcy6cnEhveLbvfhdKwwWEUSKy,1.8012081740e-07,180.12,,,,net_00367,1,2,LOW
Fvw6rc1sibJSg8j9YpkGe433aFACcj2J65ffns4rpump,2026-02-15T19:54:15Z,B4JXfczBjeSeSHdNCyJjcy6cnEhveLbvfhdKwwWEUSKy,1.8012081740e-07,180.12,,,,net_00558,1,3,LOW
Fvw6rc1sibJSg8j9YpkGe433aFACcj2J65ffns4rpump,2026-02-15T19:54:15Z,B4JXfczBjeSeSHdNCyJjcy6cnEhveLbvfhdKwwWEUSKy,1.8012081740e-07,180.12,,,,net_00631,1,3,LOW
hBJnKnR6FmvoZvVAUcSdfKV5CuHJUZUZUp3DgSnpump,2026-02-15T19:50:48Z,95ZCf3jKMHeFYvPXVZW3Ek6AEPDyjebosqnc7eNioVMo,1.9309629404e-08,19.31,,,,net_00037,42,17,MEDIUM
hBJnKnR6FmvoZvVAUcSdfKV5CuHJUZUZUp3DgSnpump,2026-02-15T19:50:48Z,95ZCf3jKMHeFYvPXVZW3Ek6AEPDyjebosqnc7eNioVMo,1.9309629404e-08,19.31,,,,net_00223,1,2,LOW
hBJnKnR6FmvoZvVAUcSdfKV5CuHJUZUZUp3DgSnpump,2026-02-15T19:50:48Z,95ZCf3jKMHeFYvPXVZW3Ek6AEPDyjebosqnc7eNioVMo,1.9309629404e-08,19.31,,,,net_00440,1,2,LOW
hBJnKnR6FmvoZvVAUcSdfKV5CuHJUZUZUp3DgSnpump,2026-02-15T19:50:48Z,95ZCf3jKMHeFYvPXVZW3Ek6AEPDyjebosqnc7eNioVMo,1.9309629404e-08,19.31,,,,net_00540,1,2,LOW
hBJnKnR6FmvoZvVAUcSdfKV5CuHJUZUZUp3DgSnpump,2026-02-15T19:50:48Z,95ZCf3jKMHeFYvPXVZW3Ek6AEPDyjebosqnc7eNioVMo,1.9309629404e-08,19.31,,,,net_00565,1,4,LOW
hBJnKnR6FmvoZvVAUcSdfKV5CuHJUZUZUp3DgSnpump,2026-02-15T19:50:48Z,95ZCf3jKMHeFYvPXVZW3Ek6AEPDyjebosqnc7eNioVMo,1.9309629404e-08,19.31,,,,net_00970,1,2,LOW
hBJnKnR6FmvoZvVAUcSdfKV5CuHJUZUZUp3DgSnpump,2026-02-15T19:50:48Z,95ZCf3jKMHeFYvPXVZW3Ek6AEPDyjebosqnc7eNioVMo,1.9309629404e-08,19.31,,,,net_01095,1,2,LOW
5JP1Loni4DtDgvHupQAzcRXQtsWnWWVibdsD4igVpump,2026-02-15T19:45:58Z,69PWp7anbZKxxKjYPXQEfJqepuUx56XNJNZPcpTb3uk8,2.1480522672e-08,21.48,,,,NONE,0,0,NONE
27WCDy1UCchNokCfSyMd1ePwsG5QCUpq7rzNEERBpump,2026-02-15T19:36:18Z,Est7W99gS11iCN1Vrr5wgsdrqMfFAej6R9bUfQyAnjD7,3.0810000000e-05,30817.57,,,,NONE,0,0,NONE
EbShEFu42ow6bKJSWrpEqdhuZMjcuLi2zAgkJkgnpump,2026-02-15T19:33:25Z,5TcyQLh8ojBf81DKeRC4vocTbNKJpJCsR9Kei16kLqDM,8.3052720588e-08,83.05,,,,net_00349,1,2,LOW
EbShEFu42ow6bKJSWrpEqdhuZMjcuLi2zAgkJkgnpump,2026-02-15T19:33:25Z,5TcyQLh8ojBf81DKeRC4vocTbNKJpJCsR9Kei16kLqDM,8.3052720588e-08,83.05,,,,net_00435,1,2,LOW
EbShEFu42ow6bKJSWrpEqdhuZMjcuLi2zAgkJkgnpump,2026-02-15T19:33:25Z,5TcyQLh8ojBf81DKeRC4vocTbNKJpJCsR9Kei16kLqDM,8.3052720588e-08,83.05,,,,net_00588,1,3,LOW
EbShEFu42ow6bKJSWrpEqdhuZMjcuLi2zAgkJkgnpump,2026-02-15T19:33:25Z,5TcyQLh8ojBf81DKeRC4vocTbNKJpJCsR9Kei16kLqDM,8.3052720588e-08,83.05,,,,net_00636,1,3,LOW
EbShEFu42ow6bKJSWrpEqdhuZMjcuLi2zAgkJkgnpump,2026-02-15T19:33:25Z,5TcyQLh8ojBf81DKeRC4vocTbNKJpJCsR9Kei16kLqDM,8.3052720588e-08,83.05,,,,net_01082,1,5,LOW
3hEoagXCVSNkWMMEBYMhopdMDXuf4DbW8HvAXEE6pump,2026-02-15T19:31:37Z,9rzy2inc8DwGyGpod2zg13K7g6FeFi9vJBGMhgvHdT6z,3.1870000000e-05,31872.39,,,,NONE,0,0,NONE
CwYvsauZso36FcyP1gqLkYj7QWFCZNfmaJaUaYfupump,2026-02-15T19:26:45Z,8LrLUczV6gu1BzQiNmiGUBxcTeU1AycgL76bDssThCU7,2.0064739836e-07,200.65,,,,NONE,0,0,NONE
C4Zx1wDG8zqgUBHLtzGj3T56hNtsnP1aXLQGK5tzpump,2026-02-15T19:06:04Z,FvYsGPiQoG5A7aQsbQM7bR3VdjY2TKeG8xLwhBQMNQWY,8.3547658490e-09,8.35,,,,NONE,0,0,NONE
H7YH6DRT7oWHnGCPZerhchnXCZkJhwpsPFxakbbcpump,2026-02-15T19:04:04Z,J79DfRvbNLiq69pPvw9vrT51HajSQjW1FCoU51TctaTR,1.7549312802e-10,0.18,,,,NONE,0,0,NONE
HHrJPaNEhfsPmjCCsdDHkkcvaxYrAZvDS8JgPwDHpump,2026-02-15T19:03:11Z,FmNYjPAuak5zG9oVTdDRrh3YSetY1HzcwYY8trje6E7R,3.2342036360e-08,32.34,,,,net_00054,1,4,LOW
HHrJPaNEhfsPmjCCsdDHkkcvaxYrAZvDS8JgPwDHpump,2026-02-15T19:03:11Z,FmNYjPAuak5zG9oVTdDRrh3YSetY1HzcwYY8trje6E7R,3.2342036360e-08,32.34,,,,net_00228,1,2,LOW
HHrJPaNEhfsPmjCCsdDHkkcvaxYrAZvDS8JgPwDHpump,2026-02-15T19:03:11Z,FmNYjPAuak5zG9oVTdDRrh3YSetY1HzcwYY8trje6E7R,3.2342036360e-08,32.34,,,,net_00334,1,2,LOW
HHrJPaNEhfsPmjCCsdDHkkcvaxYrAZvDS8JgPwDHpump,2026-02-15T19:03:11Z,FmNYjPAuak5zG9oVTdDRrh3YSetY1HzcwYY8trje6E7R,3.2342036360e-08,32.34,,,,net_00346,1,3,LOW
HHrJPaNEhfsPmjCCsdDHkkcvaxYrAZvDS8JgPwDHpump,2026-02-15T19:03:11Z,FmNYjPAuak5zG9oVTdDRrh3YSetY1HzcwYY8trje6E7R,3.2342036360e-08,32.34,,,,net_00490,1,2,LOW
HHrJPaNEhfsPmjCCsdDHkkcvaxYrAZvDS8JgPwDHpump,2026-02-15T19:03:11Z,FmNYjPAuak5zG9oVTdDRrh3YSetY1HzcwYY8trje6E7R,3.2342036360e-08,32.34,,,,net_00853,1,2,LOW
HHrJPaNEhfsPmjCCsdDHkkcvaxYrAZvDS8JgPwDHpump,2026-02-15T19:03:11Z,FmNYjPAuak5zG9oVTdDRrh3YSetY1HzcwYY8trje6E7R,3.2342036360e-08,32.34,,,,net_00988,1,3,LOW
HHrJPaNEhfsPmjCCsdDHkkcvaxYrAZvDS8JgPwDHpump,2026-02-15T19:03:11Z,FmNYjPAuak5zG9oVTdDRrh3YSetY1HzcwYY8trje6E7R,3.2342036360e-08,32.34,,,,net_01076,1,2,LOW
HHrJPaNEhfsPmjCCsdDHkkcvaxYrAZvDS8JgPwDHpump,2026-02-15T19:03:11Z,FmNYjPAuak5zG9oVTdDRrh3YSetY1HzcwYY8trje6E7R,3.2342036360e-08,32.34,,,,net_01092,1,2,LOW
86B9qGygcCkFx4F94VaUp9JuQyCoTVA2XqnHMyg6pump,2026-02-15T18:55:00Z,D1DhSivDh6nuS3ecXN3ddx38vBxxBbj35Ak98gwHoGnR,1.8289420268e-10,0.18,,,,net_00183,1,2,LOW
86B9qGygcCkFx4F94VaUp9JuQyCoTVA2XqnHMyg6pump,2026-02-15T18:55:00Z,D1DhSivDh6nuS3ecXN3ddx38vBxxBbj35Ak98gwHoGnR,1.8289420268e-10,0.18,,,,net_00186,1,2,LOW
86B9qGygcCkFx4F94VaUp9JuQyCoTVA2XqnHMyg6pump,2026-02-15T18:55:00Z,D1DhSivDh6nuS3ecXN3ddx38vBxxBbj35Ak98gwHoGnR,1.8289420268e-10,0.18,,,,net_00441,1,2,LOW
86B9qGygcCkFx4F94VaUp9JuQyCoTVA2XqnHMyg6pump,2026-02-15T18:55:00Z,D1DhSivDh6nuS3ecXN3ddx38vBxxBbj35Ak98gwHoGnR,1.8289420268e-10,0.18,,,,net_00562,1,2,LOW
86B9qGygcCkFx4F94VaUp9JuQyCoTVA2XqnHMyg6pump,2026-02-15T18:55:00Z,D1DhSivDh6nuS3ecXN3ddx38vBxxBbj35Ak98gwHoGnR,1.8289420268e-10,0.18,,,,net_00704,1,5,LOW
86B9qGygcCkFx4F94VaUp9JuQyCoTVA2XqnHMyg6pump,2026-02-15T18:55:00Z,D1DhSivDh6nuS3ecXN3ddx38vBxxBbj35Ak98gwHoGnR,1.8289420268e-10,0.18,,,,net_00721,1,2,LOW
86B9qGygcCkFx4F94VaUp9JuQyCoTVA2XqnHMyg6pump,2026-02-15T18:55:00Z,D1DhSivDh6nuS3ecXN3ddx38vBxxBbj35Ak98gwHoGnR,1.8289420268e-10,0.18,,,,net_00969,1,6,MEDIUM
86B9qGygcCkFx4F94VaUp9JuQyCoTVA2XqnHMyg6pump,2026-02-15T18:55:00Z,D1DhSivDh6nuS3ecXN3ddx38vBxxBbj35Ak98gwHoGnR,1.8289420268e-10,0.18,,,,net_00988,1,3,LOW
86B9qGygcCkFx4F94VaUp9JuQyCoTVA2XqnHMyg6pump,2026-02-15T18:55:00Z,D1DhSivDh6nuS3ecXN3ddx38vBxxBbj35Ak98gwHoGnR,1.8289420268e-10,0.18,,,,net_01067,1,4,LOW
pybnuKLbPjk7uQr2sWtiLdXJniZLuDgCZUZZokJpump,2026-02-15T18:54:03Z,9dqNdAuU5wCPhLbtp9BnHZmDsPZDhedokiAXNtXM3ijt,1.0581740817e-07,105.82,,,,net_00037,42,17,MEDIUM
4WrdYwaKUf4Tqnt2kH6hkp4DzHVtSpYHHhkm1xf5pump,2026-02-15T18:50:07Z,EQo5LpRacxe5Jd2cDDV8CP8kwetRjM98Hhn3n7VUrEL6,8.8354306024e-09,8.84,,,,NONE,0,0,NONE
3NQ6cKxxxDYaorW1guT5xYfaZdo6TS6ymw7viYJvpump,2026-02-15T18:37:52Z,CwMZZcQCQakY2oQz9NKw19UpP7LSK6NEEWPJ1vRRay4h,1.7147217052e-09,1.71,,,,net_00647,23,152,CRITICAL
GDyWzT6v7bsKBoj5Cz6MBV4wH3nqAtLZvAJtVQZHpump,2026-02-15T18:25:43Z,AMRsSeU5JpqwQWJGNLMpZzRCZSFEwYQYbMnms3dD4311,3.6013140305e-08,36.01,,,,net_00015,1,4,LOW
GDyWzT6v7bsKBoj5Cz6MBV4wH3nqAtLZvAJtVQZHpump,2026-02-15T18:25:43Z,AMRsSeU5JpqwQWJGNLMpZzRCZSFEwYQYbMnms3dD4311,3.6013140305e-08,36.01,,,,net_00200,1,2,LOW
GDyWzT6v7bsKBoj5Cz6MBV4wH3nqAtLZvAJtVQZHpump,2026-02-15T18:25:43Z,AMRsSeU5JpqwQWJGNLMpZzRCZSFEwYQYbMnms3dD4311,3.6013140305e-08,36.01,,,,net_00248,1,4,LOW
GDyWzT6v7bsKBoj5Cz6MBV4wH3nqAtLZvAJtVQZHpump,2026-02-15T18:25:43Z,AMRsSeU5JpqwQWJGNLMpZzRCZSFEwYQYbMnms3dD4311,3.6013140305e-08,36.01,,,,net_00318,1,5,LOW
GDyWzT6v7bsKBoj5Cz6MBV4wH3nqAtLZvAJtVQZHpump,2026-02-15T18:25:43Z,AMRsSeU5JpqwQWJGNLMpZzRCZSFEwYQYbMnms3dD4311,3.6013140305e-08,36.01,,,,net_00703,1,2,LOW
56ebdsLDFsGk2ucrUqt8XtJnfyYonH1Ar7ABshGpump,2026-02-15T18:21:43Z,5h6nhX97VZceKqX7CYEvN97CLkDJaXKiJ3suvbZqpRcB,5.6868556984e-09,5.69,,,,net_00023,1,3,LOW
56ebdsLDFsGk2ucrUqt8XtJnfyYonH1Ar7ABshGpump,2026-02-15T18:21:43Z,5h6nhX97VZceKqX7CYEvN97CLkDJaXKiJ3suvbZqpRcB,5.6868556984e-09,5.69,,,,net_00201,1,3,LOW
56ebdsLDFsGk2ucrUqt8XtJnfyYonH1Ar7ABshGpump,2026-02-15T18:21:43Z,5h6nhX97VZceKqX7CYEvN97CLkDJaXKiJ3suvbZqpRcB,5.6868556984e-09,5.69,,,,net_00209,1,2,LOW
56ebdsLDFsGk2ucrUqt8XtJnfyYonH1Ar7ABshGpump,2026-02-15T18:21:43Z,5h6nhX97VZceKqX7CYEvN97CLkDJaXKiJ3suvbZqpRcB,5.6868556984e-09,5.69,,,,net_00287,1,2,LOW
56ebdsLDFsGk2ucrUqt8XtJnfyYonH1Ar7ABshGpump,2026-02-15T18:21:43Z,5h6nhX97VZceKqX7CYEvN97CLkDJaXKiJ3suvbZqpRcB,5.6868556984e-09,5.69,,,,net_00428,1,2,LOW
56ebdsLDFsGk2ucrUqt8XtJnfyYonH1Ar7ABshGpump,2026-02-15T18:21:43Z,5h6nhX97VZceKqX7CYEvN97CLkDJaXKiJ3suvbZqpRcB,5.6868556984e-09,5.69,,,,net_00460,1,4,LOW
56ebdsLDFsGk2ucrUqt8XtJnfyYonH1Ar7ABshGpump,2026-02-15T18:21:43Z,5h6nhX97VZceKqX7CYEvN97CLkDJaXKiJ3suvbZqpRcB,5.6868556984e-09,5.69,,,,net_00472,1,5,LOW
56ebdsLDFsGk2ucrUqt8XtJnfyYonH1Ar7ABshGpump,2026-02-15T18:21:43Z,5h6nhX97VZceKqX7CYEvN97CLkDJaXKiJ3suvbZqpRcB,5.6868556984e-09,5.69,,,,net_00490,1,2,LOW
56ebdsLDFsGk2ucrUqt8XtJnfyYonH1Ar7ABshGpump,2026-02-15T18:21:43Z,5h6nhX97VZceKqX7CYEvN97CLkDJaXKiJ3suvbZqpRcB,5.6868556984e-09,5.69,,,,net_00563,1,2,LOW
56ebdsLDFsGk2ucrUqt8XtJnfyYonH1Ar7ABshGpump,2026-02-15T18:21:43Z,5h6nhX97VZceKqX7CYEvN97CLkDJaXKiJ3suvbZqpRcB,5.6868556984e-09,5.69,,,,net_00570,1,4,LOW
56ebdsLDFsGk2ucrUqt8XtJnfyYonH1Ar7ABshGpump,2026-02-15T18:21:43Z,5h6nhX97VZceKqX7CYEvN97CLkDJaXKiJ3suvbZqpRcB,5.6868556984e-09,5.69,,,,net_00634,1,2,LOW
56ebdsLDFsGk2ucrUqt8XtJnfyYonH1Ar7ABshGpump,2026-02-15T18:21:43Z,5h6nhX97VZceKqX7CYEvN97CLkDJaXKiJ3suvbZqpRcB,5.6868556984e-09,5.69,,,,net_00647,23,152,CRITICAL
56ebdsLDFsGk2ucrUqt8XtJnfyYonH1Ar7ABshGpump,2026-02-15T18:21:43Z,5h6nhX97VZceKqX7CYEvN97CLkDJaXKiJ3suvbZqpRcB,5.6868556984e-09,5.69,,,,net_00679,1,7,MEDIUM
56ebdsLDFsGk2ucrUqt8XtJnfyYonH1Ar7ABshGpump,2026-02-15T18:21:43Z,5h6nhX97VZceKqX7CYEvN97CLkDJaXKiJ3suvbZqpRcB,5.6868556984e-09,5.69,,,,net_00731,1,3,LOW
56ebdsLDFsGk2ucrUqt8XtJnfyYonH1Ar7ABshGpump,2026-02-15T18:21:43Z,5h6nhX97VZceKqX7CYEvN97CLkDJaXKiJ3suvbZqpRcB,5.6868556984e-09,5.69,,,,net_00750,1,6,MEDIUM
56ebdsLDFsGk2ucrUqt8XtJnfyYonH1Ar7ABshGpump,2026-02-15T18:21:43Z,5h6nhX97VZceKqX7CYEvN97CLkDJaXKiJ3suvbZqpRcB,5.6868556984e-09,5.69,,,,net_00776,1,5,LOW
56ebdsLDFsGk2ucrUqt8XtJnfyYonH1Ar7ABshGpump,2026-02-15T18:21:43Z,5h6nhX97VZceKqX7CYEvN97CLkDJaXKiJ3suvbZqpRcB,5.6868556984e-09,5.69,,,,net_00824,1,2,LOW
56ebdsLDFsGk2ucrUqt8XtJnfyYonH1Ar7ABshGpump,2026-02-15T18:21:43Z,5h6nhX97VZceKqX7CYEvN97CLkDJaXKiJ3suvbZqpRcB,5.6868556984e-09,5.69,,,,net_00827,1,2,LOW
56ebdsLDFsGk2ucrUqt8XtJnfyYonH1Ar7ABshGpump,2026-02-15T18:21:43Z,5h6nhX97VZceKqX7CYEvN97CLkDJaXKiJ3suvbZqpRcB,5.6868556984e-09,5.69,,,,net_01059,1,3,LOW
56ebdsLDFsGk2ucrUqt8XtJnfyYonH1Ar7ABshGpump,2026-02-15T18:21:43Z,5h6nhX97VZceKqX7CYEvN97CLkDJaXKiJ3suvbZqpRcB,5.6868556984e-09,5.69,,,,net_01097,1,4,LOW
3xsumjACpe2qYbbrQDHDQrZEHzfx4899nFD8L9noyhjK,2026-02-15T18:17:47Z,bwamJzztZsepfkteWRChggmXuiiCQvpLqPietdNfSXa,2.4332389447e-08,24.33,,,,net_00031,22,12,MEDIUM
3xsumjACpe2qYbbrQDHDQrZEHzfx4899nFD8L9noyhjK,2026-02-15T18:17:47Z,bwamJzztZsepfkteWRChggmXuiiCQvpLqPietdNfSXa,2.4332389447e-08,24.33,,,,net_00305,1,2,LOW
3xsumjACpe2qYbbrQDHDQrZEHzfx4899nFD8L9noyhjK,2026-02-15T18:17:47Z,bwamJzztZsepfkteWRChggmXuiiCQvpLqPietdNfSXa,2.4332389447e-08,24.33,,,,net_00330,1,2,LOW
3xsumjACpe2qYbbrQDHDQrZEHzfx4899nFD8L9noyhjK,2026-02-15T18:17:47Z,bwamJzztZsepfkteWRChggmXuiiCQvpLqPietdNfSXa,2.4332389447e-08,24.33,,,,net_00482,1,5,LOW
3xsumjACpe2qYbbrQDHDQrZEHzfx4899nFD8L9noyhjK,2026-02-15T18:17:47Z,bwamJzztZsepfkteWRChggmXuiiCQvpLqPietdNfSXa,2.4332389447e-08,24.33,,,,net_00485,1,3,LOW
3xsumjACpe2qYbbrQDHDQrZEHzfx4899nFD8L9noyhjK,2026-02-15T18:17:47Z,bwamJzztZsepfkteWRChggmXuiiCQvpLqPietdNfSXa,2.4332389447e-08,24.33,,,,net_00524,1,2,LOW
3xsumjACpe2qYbbrQDHDQrZEHzfx4899nFD8L9noyhjK,2026-02-15T18:17:47Z,bwamJzztZsepfkteWRChggmXuiiCQvpLqPietdNfSXa,2.4332389447e-08,24.33,,,,net_00744,1,4,LOW
3xsumjACpe2qYbbrQDHDQrZEHzfx4899nFD8L9noyhjK,2026-02-15T18:17:47Z,bwamJzztZsepfkteWRChggmXuiiCQvpLqPietdNfSXa,2.4332389447e-08,24.33,,,,net_00747,1,2,LOW
3xsumjACpe2qYbbrQDHDQrZEHzfx4899nFD8L9noyhjK,2026-02-15T18:17:47Z,bwamJzztZsepfkteWRChggmXuiiCQvpLqPietdNfSXa,2.4332389447e-08,24.33,,,,net_00831,1,2,LOW
3xsumjACpe2qYbbrQDHDQrZEHzfx4899nFD8L9noyhjK,2026-02-15T18:17:47Z,bwamJzztZsepfkteWRChggmXuiiCQvpLqPietdNfSXa,2.4332389447e-08,24.33,,,,net_00955,1,2,LOW
3xsumjACpe2qYbbrQDHDQrZEHzfx4899nFD8L9noyhjK,2026-02-15T18:17:47Z,bwamJzztZsepfkteWRChggmXuiiCQvpLqPietdNfSXa,2.4332389447e-08,24.33,,,,net_01082,1,5,LOW
8miLTLKhdjdKaaJSdJefMnGMnimcMdTQEX4TecM2pump,2026-02-15T18:14:55Z,Hmb4HB6iqnBJY3CzNzmToNbi2bx8i87DKYi4xHxGoNBt,7.1136901988e-09,7.11,,,,NONE,0,0,NONE
Gym3VNsZAdt21agnhspv2YSA3EVxGUrk14x32M3Ppump,2026-02-15T18:12:31Z,J5367GMq5x5YHqkCh2zSwEJwS4gtvBCm1aSJhJ7iKEc3,1.1104534563e-06,1110.45,,,,NONE,0,0,NONE
ATyQWLEfSgBR3Fepj8D1k8RdyxERagnFiwsyMvbpump,2026-02-15T17:57:30Z,3z3GtsJPJ3KLvvzERVERfddWu4EKjmZGMfVYGhvzV9dM,5.6448957623e-10,0.56,,,,NONE,0,0,NONE
AD7sXKREV681NHQe1HAcPmoq2PrNDXSPc4CthbZwpump,2026-02-15T17:51:33Z,AEnMg3FsmUiAbrPZC8AQD81hDcpAsvcn3Md7BFaWHYgx,2.7218518419e-10,0.27,,,,NONE,0,0,NONE
ENCg1o5a5nYjejqUgf77cWStfchL96Zrf53XVCVZpump,2026-02-15T17:50:58Z,36A6mEN5rYJdVTb6fMqVvG6ez8g2mTYdr1omWcQ1kDKG,1.9864824647e-08,19.86,,,,NONE,0,0,NONE
FCXmX5wXgzhH9mmC8fNww7LX6TrEN64sJ4Vma5JnCGiK,2026-02-15T17:40:21Z,6CoBr9iQD1NL2E2MhkbZVbeuEfuuogzKLTFPMh7PFUzY,9.3748709940e-08,93.75,,,,NONE,0,0,NONE
FUfDo44D4DCBKYAyXfi3aZdY2k9LuoHxd3dS4ea6pump,2026-02-15T17:39:03Z,8KTxLV4VcVKwHNUbRYKfbMPanK1iPSJFHQnVqxYjt2eT,5.8464586693e-09,5.85,,,,NONE,0,0,NONE
8dJ3nUJqcfqfSLujWyGbc1fSJJV2WEo6g1KKV8TVpump,2026-02-15T17:37:24Z,AMRsSeU5JpqwQWJGNLMpZzRCZSFEwYQYbMnms3dD4311,5.0530620138e-08,50.53,,,,net_00015,1,4,LOW
8dJ3nUJqcfqfSLujWyGbc1fSJJV2WEo6g1KKV8TVpump,2026-02-15T17:37:24Z,AMRsSeU5JpqwQWJGNLMpZzRCZSFEwYQYbMnms3dD4311,5.0530620138e-08,50.53,,,,net_00200,1,2,LOW
8dJ3nUJqcfqfSLujWyGbc1fSJJV2WEo6g1KKV8TVpump,2026-02-15T17:37:24Z,AMRsSeU5JpqwQWJGNLMpZzRCZSFEwYQYbMnms3dD4311,5.0530620138e-08,50.53,,,,net_00248,1,4,LOW
8dJ3nUJqcfqfSLujWyGbc1fSJJV2WEo6g1KKV8TVpump,2026-02-15T17:37:24Z,AMRsSeU5JpqwQWJGNLMpZzRCZSFEwYQYbMnms3dD4311,5.0530620138e-08,50.53,,,,net_00318,1,5,LOW
8dJ3nUJqcfqfSLujWyGbc1fSJJV2WEo6g1KKV8TVpump,2026-02-15T17:37:24Z,AMRsSeU5JpqwQWJGNLMpZzRCZSFEwYQYbMnms3dD4311,5.0530620138e-08,50.53,,,,net_00703,1,2,LOW
7L3CQxiFpmTxxw3S44qKWxjLjduZGnjVJyoLWaGUpump,2026-02-15T17:28:19Z,EzmYg2PPqzN6t2sG57EF4PLoLG7QUcvZAqjDgNoK3KCB,5.5113102224e-08,55.11,,,,NONE,0,0,NONE
EvXf4jdSve2192yVE66zMiHmSxMyhX2tfEEMSYEpump,2026-02-15T17:19:01Z,9sNi8cfQP1rNNbck86UuSeB7PCinKuuhzBqC6RpGpLWM,1.3289707587e-10,0.13,,,,net_00049,15,15,MEDIUM
GK9AxfNBb4qj5gSu7q48zQLa22JGegZ4T5h1CB7dpump,2026-02-15T17:14:27Z,A1F7pHS7zjZjUUL5xrvjHNwekV6Ye8hUouvtBuz2nmpg,5.9943954884e-07,599.44,,,,NONE,0,0,NONE
S2DfvMi4bVyBwi9qbYDBF7RtFVpnakMYPYFYZwYpump,2026-02-15T17:07:12Z,kSE23zCZUEFtoY8z6jbEUxWodTQsTRtqdLrYw1xVYBQ,,,,,,NONE,0,0,NONE
13bcVY3fryD5H7CbpsYAKZkgyfCeudJHXD6ubLCPpump,2026-02-15T17:03:22Z,CJnkCWEfLuRNB1hZ5ArtNLiNmy6zcjhSXLEqwwyy9yy6,,,,,,NONE,0,0,NONE
EvtPZRQv9Um5U35TM128bYf4JeH9bfL2HBYfcUHipump,2026-02-15T17:02:36Z,5H7q9RCRnGhfE6PJnSMSDhA6YWAKa3NVnL41DunRD8xV,5.1658483562e-09,5.17,,,,NONE,0,0,NONE
5Fjr82MTB8mvxkzi9FYtvrUsPiDGE2M29w3dYcZpump,2026-02-15T17:00:42Z,F92Meoc5FBazvXvX9XX7C5J2MbNxFFDhwSEyWQMv1hgV,1.0288549248e-10,0.10,,,,NONE,0,0,NONE
DgwLComP2mnzoc84XwyAin37Rk7LmrkPeFeR6jXTpump,2026-02-15T16:59:22Z,3tj7vjdg7Ujb86y1bdSPY3dFYHz4gaPszBD8mSRqdMRD,9.2041790990e-08,92.04,,,,net_00135,1,2,LOW
DgwLComP2mnzoc84XwyAin37Rk7LmrkPeFeR6jXTpump,2026-02-15T16:59:22Z,3tj7vjdg7Ujb86y1bdSPY3dFYHz4gaPszBD8mSRqdMRD,9.2041790990e-08,92.04,,,,net_00352,1,2,LOW
DgwLComP2mnzoc84XwyAin37Rk7LmrkPeFeR6jXTpump,2026-02-15T16:59:22Z,3tj7vjdg7Ujb86y1bdSPY3dFYHz4gaPszBD8mSRqdMRD,9.2041790990e-08,92.04,,,,net_00434,1,2,LOW
DgwLComP2mnzoc84XwyAin37Rk7LmrkPeFeR6jXTpump,2026-02-15T16:59:22Z,3tj7vjdg7Ujb86y1bdSPY3dFYHz4gaPszBD8mSRqdMRD,9.2041790990e-08,92.04,,,,net_00457,1,2,LOW
DgwLComP2mnzoc84XwyAin37Rk7LmrkPeFeR6jXTpump,2026-02-15T16:59:22Z,3tj7vjdg7Ujb86y1bdSPY3dFYHz4gaPszBD8mSRqdMRD,9.2041790990e-08,92.04,,,,net_00476,1,2,LOW
DgwLComP2mnzoc84XwyAin37Rk7LmrkPeFeR6jXTpump,2026-02-15T16:59:22Z,3tj7vjdg7Ujb86y1bdSPY3dFYHz4gaPszBD8mSRqdMRD,9.2041790990e-08,92.04,,,,net_00587,1,2,LOW
DgwLComP2mnzoc84XwyAin37Rk7LmrkPeFeR6jXTpump,2026-02-15T16:59:22Z,3tj7vjdg7Ujb86y1bdSPY3dFYHz4gaPszBD8mSRqdMRD,9.2041790990e-08,92.04,,,,net_00592,1,8,MEDIUM
DgwLComP2mnzoc84XwyAin37Rk7LmrkPeFeR6jXTpump,2026-02-15T16:59:22Z,3tj7vjdg7Ujb86y1bdSPY3dFYHz4gaPszBD8mSRqdMRD,9.2041790990e-08,92.04,,,,net_00762,1,2,LOW
DgwLComP2mnzoc84XwyAin37Rk7LmrkPeFeR6jXTpump,2026-02-15T16:59:22Z,3tj7vjdg7Ujb86y1bdSPY3dFYHz4gaPszBD8mSRqdMRD,9.2041790990e-08,92.04,,,,net_00806,1,2,LOW
DgwLComP2mnzoc84XwyAin37Rk7LmrkPeFeR6jXTpump,2026-02-15T16:59:22Z,3tj7vjdg7Ujb86y1bdSPY3dFYHz4gaPszBD8mSRqdMRD,9.2041790990e-08,92.04,,,,net_01071,1,2,LOW
9utGghQRVcxU974N7A2k7jYE73jPDs9m9wVjoJZopump,2026-02-15T16:54:33Z,D8ZJJDACG9qRuQSV1gPRyj5ciE31Lag14t6GxAc8anxF,7.5607385215e-10,0.76,,,,NONE,0,0,NONE
XEmAEcrriY4MAa9ykzgzwdnpkqQBKrZ1yYF8z7ypump,2026-02-15T16:52:48Z,FQb4bDPB2F3KgTj3zmEupMR7rZ9dMu9AozfyzVqEqhgq,2.8798555643e-08,28.80,,,,NONE,0,0,NONE
FXGzuCcXM8dxfggQLVx6WfG6Bi8JS4NQ9srYzVU9pump,2026-02-15T16:47:53Z,GAPPwesFogMpKdCdaakNFVT52domrLrLSQgGunmm55q2,2.5900964550e-08,25.90,,,,NONE,0,0,NONE
3Vuo4tpX7k6B6zf1uHosYABCY6SXYshpvTZQt6Cnpump,2026-02-15T16:47:13Z,6FQrgmSjHRKkh8Y4LnkdpPZgFhBHi3G2Rs6ZJ7kFkjd1,1.3842746921e-07,138.43,,,,NONE,0,0,NONE
TQudirW9R91o9T6USipKLB9HievYeM9tEHvtK8Dpump,2026-02-15T16:46:39Z,5AmJJgtjzoetSdgRDsC2PdYHZCrcD2eb4mvhuvC8JQ8g,2.0526020598e-10,0.21,,,,NONE,0,0,NONE
9rSd9j3b9F8WtVHTHWmjZ9CHiyxyjQiHFzWQ1NWjpump,2026-02-15T16:46:36Z,4EYBUFT5awEoBYGkzeLGD9zuRXTiZcqsDmu333qtALui,1.8299703871e-07,183.00,,,,NONE,0,0,NONE
2j89fZ5WzfX1ZJNW8wqY2Yqgw3DtDPDLAtm9BtHP2CtQ,2026-02-15T16:44:27Z,FgifQEkRkSSXZjf2cJ4c55BhVts2yrNKzmzBLLyicg8b,2.7809411816e-09,2.78,,,,net_00037,42,17,MEDIUM
2j89fZ5WzfX1ZJNW8wqY2Yqgw3DtDPDLAtm9BtHP2CtQ,2026-02-15T16:44:27Z,FgifQEkRkSSXZjf2cJ4c55BhVts2yrNKzmzBLLyicg8b,2.7809411816e-09,2.78,,,,net_00050,1,2,LOW
2j89fZ5WzfX1ZJNW8wqY2Yqgw3DtDPDLAtm9BtHP2CtQ,2026-02-15T16:44:27Z,FgifQEkRkSSXZjf2cJ4c55BhVts2yrNKzmzBLLyicg8b,2.7809411816e-09,2.78,,,,net_00098,1,4,LOW
2j89fZ5WzfX1ZJNW8wqY2Yqgw3DtDPDLAtm9BtHP2CtQ,2026-02-15T16:44:27Z,FgifQEkRkSSXZjf2cJ4c55BhVts2yrNKzmzBLLyicg8b,2.7809411816e-09,2.78,,,,net_00166,1,3,LOW
2j89fZ5WzfX1ZJNW8wqY2Yqgw3DtDPDLAtm9BtHP2CtQ,2026-02-15T16:44:27Z,FgifQEkRkSSXZjf2cJ4c55BhVts2yrNKzmzBLLyicg8b,2.7809411816e-09,2.78,,,,net_00558,1,3,LOW
2j89fZ5WzfX1ZJNW8wqY2Yqgw3DtDPDLAtm9BtHP2CtQ,2026-02-15T16:44:27Z,FgifQEkRkSSXZjf2cJ4c55BhVts2yrNKzmzBLLyicg8b,2.7809411816e-09,2.78,,,,net_00616,1,2,LOW
2j89fZ5WzfX1ZJNW8wqY2Yqgw3DtDPDLAtm9BtHP2CtQ,2026-02-15T16:44:27Z,FgifQEkRkSSXZjf2cJ4c55BhVts2yrNKzmzBLLyicg8b,2.7809411816e-09,2.78,,,,net_00631,1,3,LOW
EaCuixLQNVokWVxyWBshveSGbYKY5y8zCmJcAYsHpump,2026-02-15T16:40:55Z,6ujZxnphRxTqveaQtLAQHFoWz16xhLWZbTijcgZN4fRp,2.2001822231e-07,220.02,,,,net_00196,1,2,LOW
EaCuixLQNVokWVxyWBshveSGbYKY5y8zCmJcAYsHpump,2026-02-15T16:40:55Z,6ujZxnphRxTqveaQtLAQHFoWz16xhLWZbTijcgZN4fRp,2.2001822231e-07,220.02,,,,net_00245,1,5,LOW
EaCuixLQNVokWVxyWBshveSGbYKY5y8zCmJcAYsHpump,2026-02-15T16:40:55Z,6ujZxnphRxTqveaQtLAQHFoWz16xhLWZbTijcgZN4fRp,2.2001822231e-07,220.02,,,,net_00287,1,2,LOW
EaCuixLQNVokWVxyWBshveSGbYKY5y8zCmJcAYsHpump,2026-02-15T16:40:55Z,6ujZxnphRxTqveaQtLAQHFoWz16xhLWZbTijcgZN4fRp,2.2001822231e-07,220.02,,,,net_00320,1,2,LOW
EaCuixLQNVokWVxyWBshveSGbYKY5y8zCmJcAYsHpump,2026-02-15T16:40:55Z,6ujZxnphRxTqveaQtLAQHFoWz16xhLWZbTijcgZN4fRp,2.2001822231e-07,220.02,,,,net_00346,1,3,LOW
EaCuixLQNVokWVxyWBshveSGbYKY5y8zCmJcAYsHpump,2026-02-15T16:40:55Z,6ujZxnphRxTqveaQtLAQHFoWz16xhLWZbTijcgZN4fRp,2.2001822231e-07,220.02,,,,net_00478,1,3,LOW
EaCuixLQNVokWVxyWBshveSGbYKY5y8zCmJcAYsHpump,2026-02-15T16:40:55Z,6ujZxnphRxTqveaQtLAQHFoWz16xhLWZbTijcgZN4fRp,2.2001822231e-07,220.02,,,,net_00857,1,2,LOW
EaCuixLQNVokWVxyWBshveSGbYKY5y8zCmJcAYsHpump,2026-02-15T16:40:55Z,6ujZxnphRxTqveaQtLAQHFoWz16xhLWZbTijcgZN4fRp,2.2001822231e-07,220.02,,,,net_00882,1,7,MEDIUM
EaCuixLQNVokWVxyWBshveSGbYKY5y8zCmJcAYsHpump,2026-02-15T16:40:55Z,6ujZxnphRxTqveaQtLAQHFoWz16xhLWZbTijcgZN4fRp,2.2001822231e-07,220.02,,,,net_00935,1,3,LOW
84yCF7hyUuRNAra9BjFHVDpnRdGXmfsV2emyZwLjpump,2026-02-15T16:34:24Z,DojHGkiQBgGnzq35RcDz7psEPGirGvtF2TCN3BSEX8K1,2.5868980279e-07,258.69,,,,NONE,0,0,NONE
H6noULVcByPJxNGQzABT7hoPzi5otYWXTm7tVmLrpump,2026-02-15T16:32:58Z,EDdR1QgQXrGpocNPRH9LPKg9iRzLBj3SHsS7mMW5b7sw,2.8202406626e-08,28.20,,,,net_00124,14,36,HIGH
72SJGYzuswv8TY8RLASc9yFuzE6CrUbzVYEezxQ6pump,2026-02-15T16:29:48Z,4UcETfQsjwmUypYvp92BCsZunaW2k9y4J38yCVvjAa2D,3.3756242954e-10,0.34,,,,net_00025,1,2,LOW
72SJGYzuswv8TY8RLASc9yFuzE6CrUbzVYEezxQ6pump,2026-02-15T16:29:48Z,4UcETfQsjwmUypYvp92BCsZunaW2k9y4J38yCVvjAa2D,3.3756242954e-10,0.34,,,,net_00363,1,2,LOW
72SJGYzuswv8TY8RLASc9yFuzE6CrUbzVYEezxQ6pump,2026-02-15T16:29:48Z,4UcETfQsjwmUypYvp92BCsZunaW2k9y4J38yCVvjAa2D,3.3756242954e-10,0.34,,,,net_00391,1,2,LOW
72SJGYzuswv8TY8RLASc9yFuzE6CrUbzVYEezxQ6pump,2026-02-15T16:29:48Z,4UcETfQsjwmUypYvp92BCsZunaW2k9y4J38yCVvjAa2D,3.3756242954e-10,0.34,,,,net_00473,1,2,LOW
72SJGYzuswv8TY8RLASc9yFuzE6CrUbzVYEezxQ6pump,2026-02-15T16:29:48Z,4UcETfQsjwmUypYvp92BCsZunaW2k9y4J38yCVvjAa2D,3.3756242954e-10,0.34,,,,net_00563,1,2,LOW
72SJGYzuswv8TY8RLASc9yFuzE6CrUbzVYEezxQ6pump,2026-02-15T16:29:48Z,4UcETfQsjwmUypYvp92BCsZunaW2k9y4J38yCVvjAa2D,3.3756242954e-10,0.34,,,,net_00647,23,152,CRITICAL
72SJGYzuswv8TY8RLASc9yFuzE6CrUbzVYEezxQ6pump,2026-02-15T16:29:48Z,4UcETfQsjwmUypYvp92BCsZunaW2k9y4J38yCVvjAa2D,3.3756242954e-10,0.34,,,,net_00673,1,2,LOW
72SJGYzuswv8TY8RLASc9yFuzE6CrUbzVYEezxQ6pump,2026-02-15T16:29:48Z,4UcETfQsjwmUypYvp92BCsZunaW2k9y4J38yCVvjAa2D,3.3756242954e-10,0.34,,,,net_00721,1,2,LOW
72SJGYzuswv8TY8RLASc9yFuzE6CrUbzVYEezxQ6pump,2026-02-15T16:29:48Z,4UcETfQsjwmUypYvp92BCsZunaW2k9y4J38yCVvjAa2D,3.3756242954e-10,0.34,,,,net_01062,1,2,LOW
8nSZmZ44HcUDv9ZJXsZh8KiYPdSPMn51fbDdBzCnpump,2026-02-15T16:27:17Z,B3TiG7dPyerr5NUbCp5U2PBgVMQmESp9yY9CjC4D2Nx,6.8940024404e-07,689.40,,,,NONE,0,0,NONE
mRAjuJ4tkaFjCaifhapQjQ2xFcusQ8uY8qdJkHSpump,2026-02-15T16:22:25Z,DnW5UJTPREpTpCFXEqJiE4DWEUrrhhjzQRzsrqUiWLGJ,1.3961938533e-07,139.62,,,,NONE,0,0,NONE
EJ1954g4XhLJ7hT2JHKQmz7qXPXzaQ5VWM8knp6hpump,2026-02-15T16:11:46Z,7zih4NSnEazXYQ5Krivi2UJqJorWP8AgAbn7RsQy6i75,7.2702424342e-08,72.70,,,,NONE,0,0,NONE
FNehEvjkRY1nu54Mayog8F71womiur1kH2dc2rKUpump,2026-02-15T15:54:29Z,B3TiG7dPyerr5NUbCp5U2PBgVMQmESp9yY9CjC4D2Nx,3.4694260269e-08,34.69,,,,NONE,0,0,NONE
Hb5sNCAkxpjndAuVTr7Sk4aApm36ihBgy2okTCPppump,2026-02-15T15:53:12Z,5JzNqkcx5ESQSDWNDZ3MvxBE9Ps7KRm92srcHRzR8vGN,3.2054343374e-08,32.05,,,,net_00055,1,2,LOW
Hb5sNCAkxpjndAuVTr7Sk4aApm36ihBgy2okTCPppump,2026-02-15T15:53:12Z,5JzNqkcx5ESQSDWNDZ3MvxBE9Ps7KRm92srcHRzR8vGN,3.2054343374e-08,32.05,,,,net_00104,1,2,LOW
Hb5sNCAkxpjndAuVTr7Sk4aApm36ihBgy2okTCPppump,2026-02-15T15:53:12Z,5JzNqkcx5ESQSDWNDZ3MvxBE9Ps7KRm92srcHRzR8vGN,3.2054343374e-08,32.05,,,,net_00429,1,2,LOW
Hb5sNCAkxpjndAuVTr7Sk4aApm36ihBgy2okTCPppump,2026-02-15T15:53:12Z,5JzNqkcx5ESQSDWNDZ3MvxBE9Ps7KRm92srcHRzR8vGN,3.2054343374e-08,32.05,,,,net_00453,1,2,LOW
Hb5sNCAkxpjndAuVTr7Sk4aApm36ihBgy2okTCPppump,2026-02-15T15:53:12Z,5JzNqkcx5ESQSDWNDZ3MvxBE9Ps7KRm92srcHRzR8vGN,3.2054343374e-08,32.05,,,,net_00482,1,5,LOW
Hb5sNCAkxpjndAuVTr7Sk4aApm36ihBgy2okTCPppump,2026-02-15T15:53:12Z,5JzNqkcx5ESQSDWNDZ3MvxBE9Ps7KRm92srcHRzR8vGN,3.2054343374e-08,32.05,,,,net_00776,1,5,LOW
Hb5sNCAkxpjndAuVTr7Sk4aApm36ihBgy2okTCPppump,2026-02-15T15:53:12Z,5JzNqkcx5ESQSDWNDZ3MvxBE9Ps7KRm92srcHRzR8vGN,3.2054343374e-08,32.05,,,,net_00872,1,3,LOW
Hb5sNCAkxpjndAuVTr7Sk4aApm36ihBgy2okTCPppump,2026-02-15T15:53:12Z,5JzNqkcx5ESQSDWNDZ3MvxBE9Ps7KRm92srcHRzR8vGN,3.2054343374e-08,32.05,,,,net_00907,1,2,LOW
Hb5sNCAkxpjndAuVTr7Sk4aApm36ihBgy2okTCPppump,2026-02-15T15:53:12Z,5JzNqkcx5ESQSDWNDZ3MvxBE9Ps7KRm92srcHRzR8vGN,3.2054343374e-08,32.05,,,,net_00918,1,2,LOW
Gr17f6egxCETWUVZYmGmXsitrGZspDY2sqArVdQ1pump,2026-02-15T15:51:27Z,2bBRwhGoL4fRZk6g8NnhBZywsF8PdLJnBRfWDCEMogD2,7.8797929947e-09,7.88,,,,NONE,0,0,NONE
5Gzj8gxBfDZYs1zdiDAX8XU39RSa2N6DFhgkDropump,2026-02-15T15:42:28Z,tAuVcG4p4gUvsv7CbzKzfFrhvtB7WrZzmfBS4VsEpRg,,,,,,NONE,0,0,NONE
7bQVVjkGX2MommDMx7wn6dPAtRGrsHJUU83Hynzkpump,2026-02-15T15:36:44Z,Gp1WPuRNc4PLuFoSpJKNtc8k88UzNLZeRmuSQv2zZac5,,,,,,NONE,0,0,NONE
BotEPjpFZMNpP8UEBKTCPFudLoXXKLH7QocmTsr3pump,2026-02-15T15:33:04Z,24qVEf8pwrbVHbnzBebxME3cxHUToUosGuK1Xb77edW4,6.0952486565e-08,60.95,,,,NONE,0,0,NONE
51KEXnhHz9ejE1yCsfb2oNsnSBFdfqYfwB7gw3NWpump,2026-02-15T15:28:07Z,GWYC6Urb3dDFvVG2JNbHDZ86iGC2t13kc4dRrXjVFTwQ,5.8878730919e-09,5.89,,,,NONE,0,0,NONE
4DvM5GkNCNxnakoGfXMjhKTWyZNegSqEHqdhAjBipump,2026-02-15T15:27:13Z,9PBMBKwCUeBZoWs5TJ2WAFTnSXGoRQn5QGUSbJ6zLW4B,2.8154285029e-10,0.28,,,,NONE,0,0,NONE
GSMiZ8vUTBAS63oGqKhRFQXN17YV1hCNj8QdqW5hpump,2026-02-15T15:26:35Z,5zCkbcD74hFPeBHwYdwJLJAoLVgHX45AFeR7RzC8vFiD,1.8733495912e-09,1.87,,,,net_00128,1,2,LOW
GSMiZ8vUTBAS63oGqKhRFQXN17YV1hCNj8QdqW5hpump,2026-02-15T15:26:35Z,5zCkbcD74hFPeBHwYdwJLJAoLVgHX45AFeR7RzC8vFiD,1.8733495912e-09,1.87,,,,net_00244,1,2,LOW
GSMiZ8vUTBAS63oGqKhRFQXN17YV1hCNj8QdqW5hpump,2026-02-15T15:26:35Z,5zCkbcD74hFPeBHwYdwJLJAoLVgHX45AFeR7RzC8vFiD,1.8733495912e-09,1.87,,,,net_00267,1,2,LOW
GSMiZ8vUTBAS63oGqKhRFQXN17YV1hCNj8QdqW5hpump,2026-02-15T15:26:35Z,5zCkbcD74hFPeBHwYdwJLJAoLVgHX45AFeR7RzC8vFiD,1.8733495912e-09,1.87,,,,net_00318,1,5,LOW
GSMiZ8vUTBAS63oGqKhRFQXN17YV1hCNj8QdqW5hpump,2026-02-15T15:26:35Z,5zCkbcD74hFPeBHwYdwJLJAoLVgHX45AFeR7RzC8vFiD,1.8733495912e-09,1.87,,,,net_00410,1,2,LOW
GSMiZ8vUTBAS63oGqKhRFQXN17YV1hCNj8QdqW5hpump,2026-02-15T15:26:35Z,5zCkbcD74hFPeBHwYdwJLJAoLVgHX45AFeR7RzC8vFiD,1.8733495912e-09,1.87,,,,net_00437,1,2,LOW
GSMiZ8vUTBAS63oGqKhRFQXN17YV1hCNj8QdqW5hpump,2026-02-15T15:26:35Z,5zCkbcD74hFPeBHwYdwJLJAoLVgHX45AFeR7RzC8vFiD,1.8733495912e-09,1.87,,,,net_00495,1,2,LOW
GSMiZ8vUTBAS63oGqKhRFQXN17YV1hCNj8QdqW5hpump,2026-02-15T15:26:35Z,5zCkbcD74hFPeBHwYdwJLJAoLVgHX45AFeR7RzC8vFiD,1.8733495912e-09,1.87,,,,net_00549,1,2,LOW
GSMiZ8vUTBAS63oGqKhRFQXN17YV1hCNj8QdqW5hpump,2026-02-15T15:26:35Z,5zCkbcD74hFPeBHwYdwJLJAoLVgHX45AFeR7RzC8vFiD,1.8733495912e-09,1.87,,,,net_00593,1,2,LOW
GSMiZ8vUTBAS63oGqKhRFQXN17YV1hCNj8QdqW5hpump,2026-02-15T15:26:35Z,5zCkbcD74hFPeBHwYdwJLJAoLVgHX45AFeR7RzC8vFiD,1.8733495912e-09,1.87,,,,net_00752,1,6,MEDIUM
GSMiZ8vUTBAS63oGqKhRFQXN17YV1hCNj8QdqW5hpump,2026-02-15T15:26:35Z,5zCkbcD74hFPeBHwYdwJLJAoLVgHX45AFeR7RzC8vFiD,1.8733495912e-09,1.87,,,,net_00767,1,2,LOW
GSMiZ8vUTBAS63oGqKhRFQXN17YV1hCNj8QdqW5hpump,2026-02-15T15:26:35Z,5zCkbcD74hFPeBHwYdwJLJAoLVgHX45AFeR7RzC8vFiD,1.8733495912e-09,1.87,,,,net_00815,1,2,LOW
GSMiZ8vUTBAS63oGqKhRFQXN17YV1hCNj8QdqW5hpump,2026-02-15T15:26:35Z,5zCkbcD74hFPeBHwYdwJLJAoLVgHX45AFeR7RzC8vFiD,1.8733495912e-09,1.87,,,,net_01064,1,5,LOW
CC2MYGtzUnKzzXiqevKr7QiBqh2zJ6yNyETxhdm4pump,2026-02-15T15:26:30Z,5ZuV8eqkvzYFVEKbLvGBdexL2tFv7E5BCd2HZpjqbdg,2.0535808106e-10,0.21,,,,net_00004,1,2,LOW
CC2MYGtzUnKzzXiqevKr7QiBqh2zJ6yNyETxhdm4pump,2026-02-15T15:26:30Z,5ZuV8eqkvzYFVEKbLvGBdexL2tFv7E5BCd2HZpjqbdg,2.0535808106e-10,0.21,,,,net_00009,1,2,LOW
CC2MYGtzUnKzzXiqevKr7QiBqh2zJ6yNyETxhdm4pump,2026-02-15T15:26:30Z,5ZuV8eqkvzYFVEKbLvGBdexL2tFv7E5BCd2HZpjqbdg,2.0535808106e-10,0.21,,,,net_00071,1,2,LOW
CC2MYGtzUnKzzXiqevKr7QiBqh2zJ6yNyETxhdm4pump,2026-02-15T15:26:30Z,5ZuV8eqkvzYFVEKbLvGBdexL2tFv7E5BCd2HZpjqbdg,2.0535808106e-10,0.21,,,,net_00088,1,3,LOW
CC2MYGtzUnKzzXiqevKr7QiBqh2zJ6yNyETxhdm4pump,2026-02-15T15:26:30Z,5ZuV8eqkvzYFVEKbLvGBdexL2tFv7E5BCd2HZpjqbdg,2.0535808106e-10,0.21,,,,net_00116,1,2,LOW
CC2MYGtzUnKzzXiqevKr7QiBqh2zJ6yNyETxhdm4pump,2026-02-15T15:26:30Z,5ZuV8eqkvzYFVEKbLvGBdexL2tFv7E5BCd2HZpjqbdg,2.0535808106e-10,0.21,,,,net_00172,1,2,LOW
CC2MYGtzUnKzzXiqevKr7QiBqh2zJ6yNyETxhdm4pump,2026-02-15T15:26:30Z,5ZuV8eqkvzYFVEKbLvGBdexL2tFv7E5BCd2HZpjqbdg,2.0535808106e-10,0.21,,,,net_00187,1,2,LOW
CC2MYGtzUnKzzXiqevKr7QiBqh2zJ6yNyETxhdm4pump,2026-02-15T15:26:30Z,5ZuV8eqkvzYFVEKbLvGBdexL2tFv7E5BCd2HZpjqbdg,2.0535808106e-10,0.21,,,,net_00245,1,5,LOW
CC2MYGtzUnKzzXiqevKr7QiBqh2zJ6yNyETxhdm4pump,2026-02-15T15:26:30Z,5ZuV8eqkvzYFVEKbLvGBdexL2tFv7E5BCd2HZpjqbdg,2.0535808106e-10,0.21,,,,net_00280,1,6,MEDIUM
CC2MYGtzUnKzzXiqevKr7QiBqh2zJ6yNyETxhdm4pump,2026-02-15T15:26:30Z,5ZuV8eqkvzYFVEKbLvGBdexL2tFv7E5BCd2HZpjqbdg,2.0535808106e-10,0.21,,,,net_00335,1,3,LOW
CC2MYGtzUnKzzXiqevKr7QiBqh2zJ6yNyETxhdm4pump,2026-02-15T15:26:30Z,5ZuV8eqkvzYFVEKbLvGBdexL2tFv7E5BCd2HZpjqbdg,2.0535808106e-10,0.21,,,,net_00373,1,5,LOW
CC2MYGtzUnKzzXiqevKr7QiBqh2zJ6yNyETxhdm4pump,2026-02-15T15:26:30Z,5ZuV8eqkvzYFVEKbLvGBdexL2tFv7E5BCd2HZpjqbdg,2.0535808106e-10,0.21,,,,net_00403,1,2,LOW
CC2MYGtzUnKzzXiqevKr7QiBqh2zJ6yNyETxhdm4pump,2026-02-15T15:26:30Z,5ZuV8eqkvzYFVEKbLvGBdexL2tFv7E5BCd2HZpjqbdg,2.0535808106e-10,0.21,,,,net_00537,1,2,LOW
CC2MYGtzUnKzzXiqevKr7QiBqh2zJ6yNyETxhdm4pump,2026-02-15T15:26:30Z,5ZuV8eqkvzYFVEKbLvGBdexL2tFv7E5BCd2HZpjqbdg,2.0535808106e-10,0.21,,,,net_00557,1,2,LOW
CC2MYGtzUnKzzXiqevKr7QiBqh2zJ6yNyETxhdm4pump,2026-02-15T15:26:30Z,5ZuV8eqkvzYFVEKbLvGBdexL2tFv7E5BCd2HZpjqbdg,2.0535808106e-10,0.21,,,,net_00763,1,2,LOW
JULqe4NWNtyZCVWiZPrMU5T2Hore4cuuuANpAWUpump,2026-02-15T15:22:33Z,Ff9N1wfVAonrhyppK8gVqimhqEQciDA4xK8Mdn87XtyQ,,,,,,NONE,0,0,NONE
Fs7opC1xmDoxMsLWkGcLRrvBBrxrrfjSZ4tVR5YSpump,2026-02-15T15:11:29Z,GpkAEVVuCPc3kWA47LqtBEGHzTRD5XBGzD6VNLryE4Ct,5.3708067769e-08,53.71,,,,NONE,0,0,NONE
CJ4hgUgkNECeqtgiaLoBXw8n3GxLZXWydRT41oBXpump,2026-02-15T15:04:03Z,79nWsRgCQNxZfTtcfcPQ5WGEvetme2hRainf17oncVv6,3.1820000000e-05,31828.26,,,,NONE,0,0,NONE
vGpT3U6GfP1NJwfMppskwxhDjixBQSwgQWf37vkghYw,2026-02-15T15:02:47Z,bwamJzztZsepfkteWRChggmXuiiCQvpLqPietdNfSXa,2.1234292461e-09,2.12,,,,net_00031,22,12,MEDIUM
vGpT3U6GfP1NJwfMppskwxhDjixBQSwgQWf37vkghYw,2026-02-15T15:02:47Z,bwamJzztZsepfkteWRChggmXuiiCQvpLqPietdNfSXa,2.1234292461e-09,2.12,,,,net_00305,1,2,LOW
vGpT3U6GfP1NJwfMppskwxhDjixBQSwgQWf37vkghYw,2026-02-15T15:02:47Z,bwamJzztZsepfkteWRChggmXuiiCQvpLqPietdNfSXa,2.1234292461e-09,2.12,,,,net_00330,1,2,LOW
vGpT3U6GfP1NJwfMppskwxhDjixBQSwgQWf37vkghYw,2026-02-15T15:02:47Z,bwamJzztZsepfkteWRChggmXuiiCQvpLqPietdNfSXa,2.1234292461e-09,2.12,,,,net_00482,1,5,LOW
vGpT3U6GfP1NJwfMppskwxhDjixBQSwgQWf37vkghYw,2026-02-15T15:02:47Z,bwamJzztZsepfkteWRChggmXuiiCQvpLqPietdNfSXa,2.1234292461e-09,2.12,,,,net_00485,1,3,LOW
vGpT3U6GfP1NJwfMppskwxhDjixBQSwgQWf37vkghYw,2026-02-15T15:02:47Z,bwamJzztZsepfkteWRChggmXuiiCQvpLqPietdNfSXa,2.1234292461e-09,2.12,,,,net_00524,1,2,LOW
vGpT3U6GfP1NJwfMppskwxhDjixBQSwgQWf37vkghYw,2026-02-15T15:02:47Z,bwamJzztZsepfkteWRChggmXuiiCQvpLqPietdNfSXa,2.1234292461e-09,2.12,,,,net_00744,1,4,LOW
vGpT3U6GfP1NJwfMppskwxhDjixBQSwgQWf37vkghYw,2026-02-15T15:02:47Z,bwamJzztZsepfkteWRChggmXuiiCQvpLqPietdNfSXa,2.1234292461e-09,2.12,,,,net_00747,1,2,LOW
vGpT3U6GfP1NJwfMppskwxhDjixBQSwgQWf37vkghYw,2026-02-15T15:02:47Z,bwamJzztZsepfkteWRChggmXuiiCQvpLqPietdNfSXa,2.1234292461e-09,2.12,,,,net_00831,1,2,LOW
vGpT3U6GfP1NJwfMppskwxhDjixBQSwgQWf37vkghYw,2026-02-15T15:02:47Z,bwamJzztZsepfkteWRChggmXuiiCQvpLqPietdNfSXa,2.1234292461e-09,2.12,,,,net_00955,1,2,LOW
vGpT3U6GfP1NJwfMppskwxhDjixBQSwgQWf37vkghYw,2026-02-15T15:02:47Z,bwamJzztZsepfkteWRChggmXuiiCQvpLqPietdNfSXa,2.1234292461e-09,2.12,,,,net_01082,1,5,LOW
GCgLRfeuX2FjdpqLqNN1y9ZbZcBp3EJhkUX5STGtpump,2026-02-15T14:53:54Z,ARhhBLMxwKdTdiCu89f8ZS8QnTEYFF3cr8RBSbdiAAfz,4.4568519497e-10,0.45,,,,net_00124,14,36,HIGH
7SSSppKqd4T8i3s3P9uxTukGDHq2CMKToKadmiEVpump,2026-02-15T14:48:27Z,8cUbZ9axXe3Y5dgmKUoNU3zt68mfrDF2uksxwkrvrA6A,5.9170079283e-08,59.17,,,,NONE,0,0,NONE
C59LZeGgNeBN1XwYcDhAQemz6GwPtGfDBN8ot6Zdpump,2026-02-15T14:48:20Z,CC9w5c2wUx6d8b68KywEe9jcNNsCv4S8zhRqNPcAc9Fb,4.1400700711e-08,41.40,,,,NONE,0,0,NONE
2gzsqNj1AUGJJkHHbVbsRZY3Svy9ivjAapr6YjUBpump,2026-02-15T14:44:59Z,493fWZn7g1Yb8GVfUA6EyUNnmbfTCPavL7EpTabm4hpt,3.6706123234e-08,36.71,,,,net_00522,1,2,LOW
2gzsqNj1AUGJJkHHbVbsRZY3Svy9ivjAapr6YjUBpump,2026-02-15T14:44:59Z,493fWZn7g1Yb8GVfUA6EyUNnmbfTCPavL7EpTabm4hpt,3.6706123234e-08,36.71,,,,net_00533,1,4,LOW
2gzsqNj1AUGJJkHHbVbsRZY3Svy9ivjAapr6YjUBpump,2026-02-15T14:44:59Z,493fWZn7g1Yb8GVfUA6EyUNnmbfTCPavL7EpTabm4hpt,3.6706123234e-08,36.71,,,,net_00634,1,2,LOW
2gzsqNj1AUGJJkHHbVbsRZY3Svy9ivjAapr6YjUBpump,2026-02-15T14:44:59Z,493fWZn7g1Yb8GVfUA6EyUNnmbfTCPavL7EpTabm4hpt,3.6706123234e-08,36.71,,,,net_00798,1,2,LOW
2gzsqNj1AUGJJkHHbVbsRZY3Svy9ivjAapr6YjUBpump,2026-02-15T14:44:59Z,493fWZn7g1Yb8GVfUA6EyUNnmbfTCPavL7EpTabm4hpt,3.6706123234e-08,36.71,,,,net_00922,1,2,LOW
CJBuYH7VZ89muH9qmWkeE9f2wNriFiSsndF6GQKdpump,2026-02-15T14:42:07Z,3Nztf8QBdRyhk7ugC1H6QYu4CkMGcdBx4jfzrBmnprsg,7.0811023521e-08,70.81,,,,NONE,0,0,NONE
96HB6Reb57Utmj3TPReq39ZzFJaN84HqDQaqycZnpump,2026-02-15T14:37:31Z,GJ9v2dE2ZUBE4TTegoaHAEcL44RmGfa4UbufyroYrRLS,4.9280360063e-10,0.49,,,,net_00124,14,36,HIGH
2R6Xg2PeZTf5p6R7mxMzoB4Q6Qqu2UPkn1ozn2Wcpump,2026-02-15T14:32:00Z,BXuVCK845at1XBG89ituzy9Mqc2BbkJpiprsqV8T1E5c,1.7554749177e-08,17.55,,,,NONE,0,0,NONE
9xVuKoKPCxGmJtGBX9Jd2bcdn8wM23QXU9CgH4Tkpump,2026-02-15T14:23:59Z,4iPQaPgzigVyw3XxvtjfsyndYzcdXhC1bfAiGMnL3DJg,2.7008663574e-10,0.27,,,,net_00124,14,36,HIGH
Efvx5TwhSqpgazpZqBWXdcSRU4fKxBbV7tyDEVtMyYaF,2026-02-15T14:23:40Z,5DDEaV8fD1d5Ygn7P2Naq1WzWJAULa5TX2GBJxicZM9g,1.7856865046e-09,1.79,,,,net_00055,1,2,LOW
Efvx5TwhSqpgazpZqBWXdcSRU4fKxBbV7tyDEVtMyYaF,2026-02-15T14:23:40Z,5DDEaV8fD1d5Ygn7P2Naq1WzWJAULa5TX2GBJxicZM9g,1.7856865046e-09,1.79,,,,net_00104,1,2,LOW
Efvx5TwhSqpgazpZqBWXdcSRU4fKxBbV7tyDEVtMyYaF,2026-02-15T14:23:40Z,5DDEaV8fD1d5Ygn7P2Naq1WzWJAULa5TX2GBJxicZM9g,1.7856865046e-09,1.79,,,,net_00128,1,2,LOW
Efvx5TwhSqpgazpZqBWXdcSRU4fKxBbV7tyDEVtMyYaF,2026-02-15T14:23:40Z,5DDEaV8fD1d5Ygn7P2Naq1WzWJAULa5TX2GBJxicZM9g,1.7856865046e-09,1.79,,,,net_00301,1,2,LOW
Efvx5TwhSqpgazpZqBWXdcSRU4fKxBbV7tyDEVtMyYaF,2026-02-15T14:23:40Z,5DDEaV8fD1d5Ygn7P2Naq1WzWJAULa5TX2GBJxicZM9g,1.7856865046e-09,1.79,,,,net_00309,1,2,LOW
Efvx5TwhSqpgazpZqBWXdcSRU4fKxBbV7tyDEVtMyYaF,2026-02-15T14:23:40Z,5DDEaV8fD1d5Ygn7P2Naq1WzWJAULa5TX2GBJxicZM9g,1.7856865046e-09,1.79,,,,net_00429,1,2,LOW
Efvx5TwhSqpgazpZqBWXdcSRU4fKxBbV7tyDEVtMyYaF,2026-02-15T14:23:40Z,5DDEaV8fD1d5Ygn7P2Naq1WzWJAULa5TX2GBJxicZM9g,1.7856865046e-09,1.79,,,,net_00437,1,2,LOW
Efvx5TwhSqpgazpZqBWXdcSRU4fKxBbV7tyDEVtMyYaF,2026-02-15T14:23:40Z,5DDEaV8fD1d5Ygn7P2Naq1WzWJAULa5TX2GBJxicZM9g,1.7856865046e-09,1.79,,,,net_00472,1,5,LOW
Efvx5TwhSqpgazpZqBWXdcSRU4fKxBbV7tyDEVtMyYaF,2026-02-15T14:23:40Z,5DDEaV8fD1d5Ygn7P2Naq1WzWJAULa5TX2GBJxicZM9g,1.7856865046e-09,1.79,,,,net_00515,1,3,LOW
Efvx5TwhSqpgazpZqBWXdcSRU4fKxBbV7tyDEVtMyYaF,2026-02-15T14:23:40Z,5DDEaV8fD1d5Ygn7P2Naq1WzWJAULa5TX2GBJxicZM9g,1.7856865046e-09,1.79,,,,net_00790,1,3,LOW
Efvx5TwhSqpgazpZqBWXdcSRU4fKxBbV7tyDEVtMyYaF,2026-02-15T14:23:40Z,5DDEaV8fD1d5Ygn7P2Naq1WzWJAULa5TX2GBJxicZM9g,1.7856865046e-09,1.79,,,,net_00872,1,3,LOW
Efvx5TwhSqpgazpZqBWXdcSRU4fKxBbV7tyDEVtMyYaF,2026-02-15T14:23:40Z,5DDEaV8fD1d5Ygn7P2Naq1WzWJAULa5TX2GBJxicZM9g,1.7856865046e-09,1.79,,,,net_00907,1,2,LOW
Efvx5TwhSqpgazpZqBWXdcSRU4fKxBbV7tyDEVtMyYaF,2026-02-15T14:23:40Z,5DDEaV8fD1d5Ygn7P2Naq1WzWJAULa5TX2GBJxicZM9g,1.7856865046e-09,1.79,,,,net_01064,1,5,LOW
EuyxNHurLxfsMaBpopVKjoeS4vzCAZB6RyPR5mVnpump,2026-02-15T14:12:29Z,9YADCp9SQJo4VJ99kfnMWR7zpbVsbWCDL9sZy6uB81BT,3.4033674043e-08,34.03,,,,NONE,0,0,NONE
GGpLqLxnbxjWaC31r5dd4hjH7hi7JJBj9HUQoZNVpump,2026-02-15T14:11:57Z,EpowXAbmNyyh8eXc2EftTjs88zaRetNpgowwu3A7vi2S,3.3290695724e-09,3.33,,,,NONE,0,0,NONE
6ukVij9doN9b7fm17hh7mFqW5s9d5gDh8Bnp6CFpump,2026-02-15T14:11:45Z,52tbeX8Bj58WJ9skx9Pb3dhs7ypAcL9z7dCv5mScpoSD,,,,,,NONE,0,0,NONE
7xhB6DFcoRFtY1pHxxkMRbN1MwuNYjsqx4zWqzu6pump,2026-02-15T13:52:48Z,8VsZ3A2JKaf6DcZETDeqzbuoXEVNe7AfKpC4uZiLudAv,8.3356022058e-08,83.36,,,,NONE,0,0,NONE
M7jmDNrLs3eRXcorK2ni5zLGN6cxx3WWueDLBpwpump,2026-02-15T13:42:37Z,7RsGANMkEwEaFtWa8CDmdfnKDt2JP5LioJdMx13bFKHW,,,,,,NONE,0,0,NONE
DA66ZBQZkpRLW2WD5Y7Ku6Q9FsZGhFuyLwz2LvHwpump,2026-02-15T13:33:31Z,HYY77FK8P639mCuFpGcBTwVsHphpsAriEAzvX2LiwAXu,3.1525569751e-10,0.32,,,,NONE,0,0,NONE
pt4ZVMM9dfJuaFa9DDdWvrynhHXzb8B1wCTaZ4Ypump,2026-02-15T13:30:56Z,BWuoN2e4qaxGyuVsSgSVnREutZjUsck2EXqSsdXgsN5m,3.7167245679e-08,37.17,,,,net_00213,1,2,LOW
pt4ZVMM9dfJuaFa9DDdWvrynhHXzb8B1wCTaZ4Ypump,2026-02-15T13:30:56Z,BWuoN2e4qaxGyuVsSgSVnREutZjUsck2EXqSsdXgsN5m,3.7167245679e-08,37.17,,,,net_00526,35,9,MEDIUM
pt4ZVMM9dfJuaFa9DDdWvrynhHXzb8B1wCTaZ4Ypump,2026-02-15T13:30:56Z,BWuoN2e4qaxGyuVsSgSVnREutZjUsck2EXqSsdXgsN5m,3.7167245679e-08,37.17,,,,net_00609,1,2,LOW
3LSsT2Tn1GYiWfDkseA4Dtfgmt8WiLUUAUSeU125pump,2026-02-15T13:30:21Z,PERPSpz9FYA9yXKueHPRuLzMXeKLiNr2eYToHMFH8Yy,1.2286540755e-09,1.23,,,,NONE,0,0,NONE
7VbLQa3LPva5EPDdHdyf5cNTRAnWRAWt9f9n3UScpump,2026-02-15T13:29:32Z,Hc5ejd2iqzZw5S6sEEoi5Q2DHVc1RBYptW91JE8TWEKZ,3.6015514611e-10,0.36,,,,net_00124,14,36,HIGH
6d7KJ5ihRqvS4H8qzcU5Gc84PMc5GgQSomKFg5sSpump,2026-02-15T13:24:49Z,4isPmqGiTP4fYxrdxsd4EawtQJzmRKaqxPHFNjRzvfGN,5.5170507745e-07,551.71,,,,net_00114,1,2,LOW
6d7KJ5ihRqvS4H8qzcU5Gc84PMc5GgQSomKFg5sSpump,2026-02-15T13:24:49Z,4isPmqGiTP4fYxrdxsd4EawtQJzmRKaqxPHFNjRzvfGN,5.5170507745e-07,551.71,,,,net_00162,1,2,LOW
6d7KJ5ihRqvS4H8qzcU5Gc84PMc5GgQSomKFg5sSpump,2026-02-15T13:24:49Z,4isPmqGiTP4fYxrdxsd4EawtQJzmRKaqxPHFNjRzvfGN,5.5170507745e-07,551.71,,,,net_00448,1,2,LOW
6d7KJ5ihRqvS4H8qzcU5Gc84PMc5GgQSomKFg5sSpump,2026-02-15T13:24:49Z,4isPmqGiTP4fYxrdxsd4EawtQJzmRKaqxPHFNjRzvfGN,5.5170507745e-07,551.71,,,,net_00481,1,2,LOW
6d7KJ5ihRqvS4H8qzcU5Gc84PMc5GgQSomKFg5sSpump,2026-02-15T13:24:49Z,4isPmqGiTP4fYxrdxsd4EawtQJzmRKaqxPHFNjRzvfGN,5.5170507745e-07,551.71,,,,net_00485,1,3,LOW
6d7KJ5ihRqvS4H8qzcU5Gc84PMc5GgQSomKFg5sSpump,2026-02-15T13:24:49Z,4isPmqGiTP4fYxrdxsd4EawtQJzmRKaqxPHFNjRzvfGN,5.5170507745e-07,551.71,,,,net_00533,1,4,LOW
6d7KJ5ihRqvS4H8qzcU5Gc84PMc5GgQSomKFg5sSpump,2026-02-15T13:24:49Z,4isPmqGiTP4fYxrdxsd4EawtQJzmRKaqxPHFNjRzvfGN,5.5170507745e-07,551.71,,,,net_00616,1,2,LOW
6d7KJ5ihRqvS4H8qzcU5Gc84PMc5GgQSomKFg5sSpump,2026-02-15T13:24:49Z,4isPmqGiTP4fYxrdxsd4EawtQJzmRKaqxPHFNjRzvfGN,5.5170507745e-07,551.71,,,,net_00666,1,2,LOW
36hPYWAAKLedCbbLrM2j8tzsd47jnVmDWmMfgCnZpump,2026-02-15T13:15:09Z,5jzGvkv64wodTrTqzHmPTDJC1EqvvvAvh3EZAnxMsLoy,2.0665989272e-08,20.67,,,,net_00087,1,2,LOW
36hPYWAAKLedCbbLrM2j8tzsd47jnVmDWmMfgCnZpump,2026-02-15T13:15:09Z,5jzGvkv64wodTrTqzHmPTDJC1EqvvvAvh3EZAnxMsLoy,2.0665989272e-08,20.67,,,,net_00227,1,2,LOW
36hPYWAAKLedCbbLrM2j8tzsd47jnVmDWmMfgCnZpump,2026-02-15T13:15:09Z,5jzGvkv64wodTrTqzHmPTDJC1EqvvvAvh3EZAnxMsLoy,2.0665989272e-08,20.67,,,,net_00289,1,2,LOW
36hPYWAAKLedCbbLrM2j8tzsd47jnVmDWmMfgCnZpump,2026-02-15T13:15:09Z,5jzGvkv64wodTrTqzHmPTDJC1EqvvvAvh3EZAnxMsLoy,2.0665989272e-08,20.67,,,,net_00413,1,2,LOW
36hPYWAAKLedCbbLrM2j8tzsd47jnVmDWmMfgCnZpump,2026-02-15T13:15:09Z,5jzGvkv64wodTrTqzHmPTDJC1EqvvvAvh3EZAnxMsLoy,2.0665989272e-08,20.67,,,,net_00438,1,2,LOW
36hPYWAAKLedCbbLrM2j8tzsd47jnVmDWmMfgCnZpump,2026-02-15T13:15:09Z,5jzGvkv64wodTrTqzHmPTDJC1EqvvvAvh3EZAnxMsLoy,2.0665989272e-08,20.67,,,,net_00504,1,2,LOW
36hPYWAAKLedCbbLrM2j8tzsd47jnVmDWmMfgCnZpump,2026-02-15T13:15:09Z,5jzGvkv64wodTrTqzHmPTDJC1EqvvvAvh3EZAnxMsLoy,2.0665989272e-08,20.67,,,,net_00606,1,2,LOW
36hPYWAAKLedCbbLrM2j8tzsd47jnVmDWmMfgCnZpump,2026-02-15T13:15:09Z,5jzGvkv64wodTrTqzHmPTDJC1EqvvvAvh3EZAnxMsLoy,2.0665989272e-08,20.67,,,,net_00611,1,2,LOW
36hPYWAAKLedCbbLrM2j8tzsd47jnVmDWmMfgCnZpump,2026-02-15T13:15:09Z,5jzGvkv64wodTrTqzHmPTDJC1EqvvvAvh3EZAnxMsLoy,2.0665989272e-08,20.67,,,,net_00664,1,2,LOW
36hPYWAAKLedCbbLrM2j8tzsd47jnVmDWmMfgCnZpump,2026-02-15T13:15:09Z,5jzGvkv64wodTrTqzHmPTDJC1EqvvvAvh3EZAnxMsLoy,2.0665989272e-08,20.67,,,,net_00864,1,2,LOW
36hPYWAAKLedCbbLrM2j8tzsd47jnVmDWmMfgCnZpump,2026-02-15T13:15:09Z,5jzGvkv64wodTrTqzHmPTDJC1EqvvvAvh3EZAnxMsLoy,2.0665989272e-08,20.67,,,,net_00987,1,2,LOW
36hPYWAAKLedCbbLrM2j8tzsd47jnVmDWmMfgCnZpump,2026-02-15T13:15:09Z,5jzGvkv64wodTrTqzHmPTDJC1EqvvvAvh3EZAnxMsLoy,2.0665989272e-08,20.67,,,,net_00991,1,2,LOW
G9Yqr7E1TSic5WwGTgsHvLY7fTGTFTQDGBJE8JSfpump,2026-02-15T13:02:30Z,GSjDTrkSmvPQM7VvNT2G2wNQwBRvfHGrxpiReSSaavDv,,,,,,NONE,0,0,NONE
7RG2XN2DDJEJtQzAeUC9ttbkJ4pxbgxHaWioFUmDpump,2026-02-15T12:48:40Z,43FRAbkN8xruvKuF48gck2EuVCFNxNzjgAPbG2tektHj,,,,,,NONE,0,0,NONE
mGJMzwMqRU3xXTW34b9WLrRfKBY4CdUtYNFxdwEpump,2026-02-15T12:37:19Z,8CAQz8WwMZVJ6fkiZPD6a13eFLyGRsfZkqkxqX4BQ9ec,1.3636395914e-07,136.36,,,,NONE,0,0,NONE
9NdJddWrGSZXUz3zo8yPa1vh8qr341yzuVezHzA4pump,2026-02-15T12:31:06Z,D8n8Dy6DWC9691mR4NroSA9TdxXBxDV6Rr639RapanS4,4.6022923926e-08,46.02,,,,net_00028,38,11,MEDIUM
9NdJddWrGSZXUz3zo8yPa1vh8qr341yzuVezHzA4pump,2026-02-15T12:31:06Z,D8n8Dy6DWC9691mR4NroSA9TdxXBxDV6Rr639RapanS4,4.6022923926e-08,46.02,,,,net_00084,1,7,MEDIUM
9NdJddWrGSZXUz3zo8yPa1vh8qr341yzuVezHzA4pump,2026-02-15T12:31:06Z,D8n8Dy6DWC9691mR4NroSA9TdxXBxDV6Rr639RapanS4,4.6022923926e-08,46.02,,,,net_00356,1,3,LOW
9NdJddWrGSZXUz3zo8yPa1vh8qr341yzuVezHzA4pump,2026-02-15T12:31:06Z,D8n8Dy6DWC9691mR4NroSA9TdxXBxDV6Rr639RapanS4,4.6022923926e-08,46.02,,,,net_00373,1,5,LOW
9NdJddWrGSZXUz3zo8yPa1vh8qr341yzuVezHzA4pump,2026-02-15T12:31:06Z,D8n8Dy6DWC9691mR4NroSA9TdxXBxDV6Rr639RapanS4,4.6022923926e-08,46.02,,,,net_00537,1,2,LOW
9NdJddWrGSZXUz3zo8yPa1vh8qr341yzuVezHzA4pump,2026-02-15T12:31:06Z,D8n8Dy6DWC9691mR4NroSA9TdxXBxDV6Rr639RapanS4,4.6022923926e-08,46.02,,,,net_00624,1,2,LOW
9NdJddWrGSZXUz3zo8yPa1vh8qr341yzuVezHzA4pump,2026-02-15T12:31:06Z,D8n8Dy6DWC9691mR4NroSA9TdxXBxDV6Rr639RapanS4,4.6022923926e-08,46.02,,,,net_00879,1,4,LOW
9NdJddWrGSZXUz3zo8yPa1vh8qr341yzuVezHzA4pump,2026-02-15T12:31:06Z,D8n8Dy6DWC9691mR4NroSA9TdxXBxDV6Rr639RapanS4,4.6022923926e-08,46.02,,,,net_00938,1,2,LOW
9NdJddWrGSZXUz3zo8yPa1vh8qr341yzuVezHzA4pump,2026-02-15T12:31:06Z,D8n8Dy6DWC9691mR4NroSA9TdxXBxDV6Rr639RapanS4,4.6022923926e-08,46.02,,,,net_00945,1,2,LOW
9NdJddWrGSZXUz3zo8yPa1vh8qr341yzuVezHzA4pump,2026-02-15T12:31:06Z,D8n8Dy6DWC9691mR4NroSA9TdxXBxDV6Rr639RapanS4,4.6022923926e-08,46.02,,,,net_00957,1,2,LOW
HbE71tYRSdiB6Lpjq38UkqP6RqyAHHNo8sDREJzPpump,2026-02-15T11:39:53Z,5qFwn2255AUQCps9rGmWJbGDT3ah57byMq6EzAbh6PBy,1.1279548167e-09,1.13,,,,NONE,0,0,NONE
Byu1JEpExmu2kFxN8j2R9V44LbVymXFvuc3i81Dbpump,2026-02-15T11:19:26Z,Bdkexoscp8zezngnoTsULp9T4s2exgL6LUi1YjGd8CPh,7.3314515104e-08,73.31,,,,net_00031,22,12,MEDIUM
EfaRaRMLZWe2Q2L1ffaV8mgLFKXGAoHj7WaMyRkQpump,2026-02-15T11:11:04Z,AxmFqz3pbhj6HDK9dC1u7LsYP3rbsTJyKkeCMSpAxrgU,6.1453008153e-10,0.61,,,,net_00014,1,2,LOW
EfaRaRMLZWe2Q2L1ffaV8mgLFKXGAoHj7WaMyRkQpump,2026-02-15T11:11:04Z,AxmFqz3pbhj6HDK9dC1u7LsYP3rbsTJyKkeCMSpAxrgU,6.1453008153e-10,0.61,,,,net_00023,1,3,LOW
EfaRaRMLZWe2Q2L1ffaV8mgLFKXGAoHj7WaMyRkQpump,2026-02-15T11:11:04Z,AxmFqz3pbhj6HDK9dC1u7LsYP3rbsTJyKkeCMSpAxrgU,6.1453008153e-10,0.61,,,,net_00025,1,2,LOW
EfaRaRMLZWe2Q2L1ffaV8mgLFKXGAoHj7WaMyRkQpump,2026-02-15T11:11:04Z,AxmFqz3pbhj6HDK9dC1u7LsYP3rbsTJyKkeCMSpAxrgU,6.1453008153e-10,0.61,,,,net_00036,1,2,LOW
EfaRaRMLZWe2Q2L1ffaV8mgLFKXGAoHj7WaMyRkQpump,2026-02-15T11:11:04Z,AxmFqz3pbhj6HDK9dC1u7LsYP3rbsTJyKkeCMSpAxrgU,6.1453008153e-10,0.61,,,,net_00332,1,2,LOW
EfaRaRMLZWe2Q2L1ffaV8mgLFKXGAoHj7WaMyRkQpump,2026-02-15T11:11:04Z,AxmFqz3pbhj6HDK9dC1u7LsYP3rbsTJyKkeCMSpAxrgU,6.1453008153e-10,0.61,,,,net_00366,1,2,LOW
EfaRaRMLZWe2Q2L1ffaV8mgLFKXGAoHj7WaMyRkQpump,2026-02-15T11:11:04Z,AxmFqz3pbhj6HDK9dC1u7LsYP3rbsTJyKkeCMSpAxrgU,6.1453008153e-10,0.61,,,,net_00660,1,2,LOW
EfaRaRMLZWe2Q2L1ffaV8mgLFKXGAoHj7WaMyRkQpump,2026-02-15T11:11:04Z,AxmFqz3pbhj6HDK9dC1u7LsYP3rbsTJyKkeCMSpAxrgU,6.1453008153e-10,0.61,,,,net_00740,1,2,LOW
DGiyyxo19BWCX3E3VMDWCmcYzA9oGihUCNCTKxumpump,2026-02-15T11:06:48Z,3sosf6FaYjZHQibu7MBAS3qFtSaAxRYFVTDQ8ur7hwsG,2.8229329101e-08,28.23,,,,NONE,0,0,NONE
ENPcy7Tg1ZnMP3QF3CcKHo34XoiYieEWc1AW8UJWpump,2026-02-15T11:06:32Z,3X8h7xd1GFaZgHrP2HaB1iWiyVThQx8ATSDgdewJahoF,7.3476071405e-11,0.07,,,,NONE,0,0,NONE
4J9hAjPcQKv8fHPYbXzBwfifXSVfftueVfqs5o53pump,2026-02-15T10:56:32Z,ErqAfUXdNNRRR4nRFgZjRYZ76ZLied2i11yiR6Ab8F7n,7.6846548617e-08,76.85,,,,NONE,0,0,NONE
HzaLwcbgS6XcpnuW89W7SRCEegjZ8yMA2SK3gbGtpump,2026-02-15T10:54:08Z,5FqUo9aBjsp7QeeyN6Vi2ZmF2fjS4H5EU7wnAQwPy17z,1.9750201084e-09,1.98,,,,net_00248,1,4,LOW
HzaLwcbgS6XcpnuW89W7SRCEegjZ8yMA2SK3gbGtpump,2026-02-15T10:54:08Z,5FqUo9aBjsp7QeeyN6Vi2ZmF2fjS4H5EU7wnAQwPy17z,1.9750201084e-09,1.98,,,,net_00647,23,152,CRITICAL
HzaLwcbgS6XcpnuW89W7SRCEegjZ8yMA2SK3gbGtpump,2026-02-15T10:54:08Z,5FqUo9aBjsp7QeeyN6Vi2ZmF2fjS4H5EU7wnAQwPy17z,1.9750201084e-09,1.98,,,,net_00893,1,2,LOW
HzaLwcbgS6XcpnuW89W7SRCEegjZ8yMA2SK3gbGtpump,2026-02-15T10:54:08Z,5FqUo9aBjsp7QeeyN6Vi2ZmF2fjS4H5EU7wnAQwPy17z,1.9750201084e-09,1.98,,,,net_00945,1,2,LOW
vdhLZBSjwdzS2FTGmePoCBfj9dPouWbuHngEcLWpump,2026-02-15T10:50:40Z,DqUWeeBEVG5GnXRyKACXDjwUH2inSyTGxjNZatSMgbXy,1.5333459744e-09,1.53,,,,NONE,0,0,NONE
7CekSU6JAFJS4h6L5G8YqbbSXGypUhmVneUoT4WDpump,2026-02-15T10:50:40Z,LtCbgyLp46upRmhWFw3aPWJTWJqH9nC2FJkM8cUSkYp,2.1232396509e-09,2.12,,,,NONE,0,0,NONE
sSuCDmbXmbcz1WxaY64SgKSCtMFWJ9BRXuTJ5K4pump,2026-02-15T10:50:40Z,2nhobB1XPprceMU9MxjHNnW786FMSYTSNvqBUKxt4aJ2,3.5562931957e-09,3.56,,,,NONE,0,0,NONE
URUYQuox2x4PSaw3JEiGwUggjhsmpAj1Gw1JjY4pump,2026-02-15T10:50:40Z,7fnBGqZpBPoWF58BAod8TTJBzqQNzgFuSQTA53abf73g,1.8550615776e-09,1.86,,,,NONE,0,0,NONE
8Q1pETA6DhqsFUMnpCLnHBXmGVi5THzAJF1KjoGRpump,2026-02-15T10:44:55Z,ENQTE6G4VvqzsPy5bb9FLFBhp5muAwQuuWgo99HRCsXH,,,,,,NONE,0,0,NONE
eDdBx3ddp7EpswZ65g38KS3Wz9t7LyS1GzsAe4bpump,2026-02-15T10:31:41Z,3hV3hXEdCjQW7z2TLrofpnHALtSTVgVUcArxqHW8unQA,,,,,,NONE,0,0,NONE
6s9Q8odvxfTciGqNGDSof6gc3sX4ravwvJxKzw8Gpump,2026-02-15T10:28:23Z,9dqU775VmXvFmhcHM2qGmfgaVPF4VhU4vE5LRWsaZhCj,4.9077563630e-08,49.08,,,,net_00280,1,6,MEDIUM
6s9Q8odvxfTciGqNGDSof6gc3sX4ravwvJxKzw8Gpump,2026-02-15T10:28:23Z,9dqU775VmXvFmhcHM2qGmfgaVPF4VhU4vE5LRWsaZhCj,4.9077563630e-08,49.08,,,,net_00410,1,2,LOW
6s9Q8odvxfTciGqNGDSof6gc3sX4ravwvJxKzw8Gpump,2026-02-15T10:28:23Z,9dqU775VmXvFmhcHM2qGmfgaVPF4VhU4vE5LRWsaZhCj,4.9077563630e-08,49.08,,,,net_00647,23,152,CRITICAL
5AHbRZb97P79BbEfBDeyxxYkvJFQVMwqhX3TBRcRpump,2026-02-15T10:11:36Z,GTheBZRWMnCZJiSjKkB3LPV68TnQtKeB4gih5LXANpUA,1.6763286726e-09,1.68,,,,net_00183,1,2,LOW
5AHbRZb97P79BbEfBDeyxxYkvJFQVMwqhX3TBRcRpump,2026-02-15T10:11:36Z,GTheBZRWMnCZJiSjKkB3LPV68TnQtKeB4gih5LXANpUA,1.6763286726e-09,1.68,,,,net_00187,1,2,LOW
5AHbRZb97P79BbEfBDeyxxYkvJFQVMwqhX3TBRcRpump,2026-02-15T10:11:36Z,GTheBZRWMnCZJiSjKkB3LPV68TnQtKeB4gih5LXANpUA,1.6763286726e-09,1.68,,,,net_00194,1,6,MEDIUM
5AHbRZb97P79BbEfBDeyxxYkvJFQVMwqhX3TBRcRpump,2026-02-15T10:11:36Z,GTheBZRWMnCZJiSjKkB3LPV68TnQtKeB4gih5LXANpUA,1.6763286726e-09,1.68,,,,net_00245,1,5,LOW
5AHbRZb97P79BbEfBDeyxxYkvJFQVMwqhX3TBRcRpump,2026-02-15T10:11:36Z,GTheBZRWMnCZJiSjKkB3LPV68TnQtKeB4gih5LXANpUA,1.6763286726e-09,1.68,,,,net_00248,1,4,LOW
5AHbRZb97P79BbEfBDeyxxYkvJFQVMwqhX3TBRcRpump,2026-02-15T10:11:36Z,GTheBZRWMnCZJiSjKkB3LPV68TnQtKeB4gih5LXANpUA,1.6763286726e-09,1.68,,,,net_00356,1,3,LOW
5AHbRZb97P79BbEfBDeyxxYkvJFQVMwqhX3TBRcRpump,2026-02-15T10:11:36Z,GTheBZRWMnCZJiSjKkB3LPV68TnQtKeB4gih5LXANpUA,1.6763286726e-09,1.68,,,,net_00472,1,5,LOW
5AHbRZb97P79BbEfBDeyxxYkvJFQVMwqhX3TBRcRpump,2026-02-15T10:11:36Z,GTheBZRWMnCZJiSjKkB3LPV68TnQtKeB4gih5LXANpUA,1.6763286726e-09,1.68,,,,net_00489,1,3,LOW
5AHbRZb97P79BbEfBDeyxxYkvJFQVMwqhX3TBRcRpump,2026-02-15T10:11:36Z,GTheBZRWMnCZJiSjKkB3LPV68TnQtKeB4gih5LXANpUA,1.6763286726e-09,1.68,,,,net_00525,1,2,LOW
5AHbRZb97P79BbEfBDeyxxYkvJFQVMwqhX3TBRcRpump,2026-02-15T10:11:36Z,GTheBZRWMnCZJiSjKkB3LPV68TnQtKeB4gih5LXANpUA,1.6763286726e-09,1.68,,,,net_00547,1,2,LOW
5AHbRZb97P79BbEfBDeyxxYkvJFQVMwqhX3TBRcRpump,2026-02-15T10:11:36Z,GTheBZRWMnCZJiSjKkB3LPV68TnQtKeB4gih5LXANpUA,1.6763286726e-09,1.68,,,,net_00669,1,2,LOW
5AHbRZb97P79BbEfBDeyxxYkvJFQVMwqhX3TBRcRpump,2026-02-15T10:11:36Z,GTheBZRWMnCZJiSjKkB3LPV68TnQtKeB4gih5LXANpUA,1.6763286726e-09,1.68,,,,net_00789,1,2,LOW
5AHbRZb97P79BbEfBDeyxxYkvJFQVMwqhX3TBRcRpump,2026-02-15T10:11:36Z,GTheBZRWMnCZJiSjKkB3LPV68TnQtKeB4gih5LXANpUA,1.6763286726e-09,1.68,,,,net_00842,1,3,LOW
5AHbRZb97P79BbEfBDeyxxYkvJFQVMwqhX3TBRcRpump,2026-02-15T10:11:36Z,GTheBZRWMnCZJiSjKkB3LPV68TnQtKeB4gih5LXANpUA,1.6763286726e-09,1.68,,,,net_00922,1,2,LOW
5AHbRZb97P79BbEfBDeyxxYkvJFQVMwqhX3TBRcRpump,2026-02-15T10:11:36Z,GTheBZRWMnCZJiSjKkB3LPV68TnQtKeB4gih5LXANpUA,1.6763286726e-09,1.68,,,,net_00935,1,3,LOW
5AHbRZb97P79BbEfBDeyxxYkvJFQVMwqhX3TBRcRpump,2026-02-15T10:11:36Z,GTheBZRWMnCZJiSjKkB3LPV68TnQtKeB4gih5LXANpUA,1.6763286726e-09,1.68,,,,net_00948,1,2,LOW
5AHbRZb97P79BbEfBDeyxxYkvJFQVMwqhX3TBRcRpump,2026-02-15T10:11:36Z,GTheBZRWMnCZJiSjKkB3LPV68TnQtKeB4gih5LXANpUA,1.6763286726e-09,1.68,,,,net_01070,1,3,LOW
5AHbRZb97P79BbEfBDeyxxYkvJFQVMwqhX3TBRcRpump,2026-02-15T10:11:36Z,GTheBZRWMnCZJiSjKkB3LPV68TnQtKeB4gih5LXANpUA,1.6763286726e-09,1.68,,,,net_01078,1,2,LOW
9q5MuM4yxpnsMHzcmnBCgJyj2VeKaJu8nMVvLUaZpump,2026-02-15T10:06:35Z,Gy9HBneHFxYP5SRLQqniKkGEscZZdgHrKcwXp3rJ5vHX,1.9116030426e-10,0.19,,,,NONE,0,0,NONE
7vegcU3JFj5EMkseLUcT8ikcNULMFVeUjbcwCCZVpump,2026-02-15T09:57:59Z,DTdZK46jTExRbdWkrH9eAjrVz14B8WXZN7ehQ4Y3JT7E,6.2836521214e-09,6.28,,,,NONE,0,0,NONE
523Lbstz6HPWkKygGt4ceLXGg1uDnATaWApyKZvHpump,2026-02-15T09:52:41Z,8EJ2RvKh8Sngms9isSQmHVpxz8LwgseN3Mnonx8jG8hn,3.2189275481e-10,0.32,,,,NONE,0,0,NONE
8qvs2ssGM4aEUojSsmy7UQEKrjqdH26dJ2naxNzEpump,2026-02-15T09:24:13Z,FznkGQKxEYZbLALecM16ZerZZK7xZY8AaGEpz9fqCSTA,2.5969557113e-10,0.26,,,,NONE,0,0,NONE
DeJn7B5Yd1DJXPcA5C3ynAxQTZqMkeLBkqWxTZM9pump,2026-02-15T09:19:42Z,ex2zECnkpvjkpo8MiyNtPywrGTD3hBfAefNk4s9gc5S,4.5597676426e-09,4.56,,,,net_00049,15,15,MEDIUM
7wo7zoFkorBHg5jWSZzAAbpMPBaS8KD3c3bo3F6TUNA,2026-02-15T09:18:18Z,862TYSvRYoiHAK3F3WwTRYAfuGiQaGdxedN9AGvRGWo2,4.5385394260e-09,4.54,,,,net_00783,1,2,LOW
7wo7zoFkorBHg5jWSZzAAbpMPBaS8KD3c3bo3F6TUNA,2026-02-15T09:18:18Z,862TYSvRYoiHAK3F3WwTRYAfuGiQaGdxedN9AGvRGWo2,4.5385394260e-09,4.54,,,,net_01090,1,3,LOW
AttShjkNpxz4QXSXj2izdRkeaFoyJeRZD56Feiuypump,2026-02-15T05:53:37Z,7mK3zv2D9VuKFxb2ioo3Q3oZy8zjLrV3VidGYomcLj9i,4.7804003049e-10,0.48,,,,NONE,0,0,NONE
2hnaAhHdLma8mKMJG9doHCYCpA6cJCgFmvaUiwmRpump,2026-02-15T05:26:52Z,CyaE1VxvBrahnPWkqm5VsdCvyS2QmNht2UFrKJHga54o,2.2192202504e-07,221.92,,,,net_00647,23,152,CRITICAL
2hnaAhHdLma8mKMJG9doHCYCpA6cJCgFmvaUiwmRpump,2026-02-15T05:26:52Z,CyaE1VxvBrahnPWkqm5VsdCvyS2QmNht2UFrKJHga54o,2.2192202504e-07,221.92,,,,net_00667,1,2,LOW
CJywcrDaePRtRiKSkYtE8fTQJb5ti5oTzjVpA97opump,2026-02-15T03:27:51Z,EF6d2EiiEKiwancA9X3XmedHcztLX7j3HyiCwFL8vaTb,9.4764091365e-07,947.64,,,,NONE,0,0,NONE
j14oTGeCdas1ULPfJUSqxXX48FjzjNVDTVmfcX1pump,2026-02-15T03:17:24Z,HDKmYwf7AHqtyatnfcCYony7TziEuNQPAGA7VH36SQVu,6.1158323420e-10,0.61,,,,NONE,0,0,NONE
ExAY9GdUsEJ162s9hR2PqiRCdKKB4aQ2d3VGjuutUqRP,2026-02-15T00:03:43Z,9Zu8AigeXgFAajBTni2VWw6Wmz7XxDqHmY5nQwdCWAyY,1.4093843438e-09,1.41,,,,net_00028,38,11,MEDIUM
ExAY9GdUsEJ162s9hR2PqiRCdKKB4aQ2d3VGjuutUqRP,2026-02-15T00:03:43Z,9Zu8AigeXgFAajBTni2VWw6Wmz7XxDqHmY5nQwdCWAyY,1.4093843438e-09,1.41,,,,net_00116,1,2,LOW
ExAY9GdUsEJ162s9hR2PqiRCdKKB4aQ2d3VGjuutUqRP,2026-02-15T00:03:43Z,9Zu8AigeXgFAajBTni2VWw6Wmz7XxDqHmY5nQwdCWAyY,1.4093843438e-09,1.41,,,,net_00343,1,2,LOW
ExAY9GdUsEJ162s9hR2PqiRCdKKB4aQ2d3VGjuutUqRP,2026-02-15T00:03:43Z,9Zu8AigeXgFAajBTni2VWw6Wmz7XxDqHmY5nQwdCWAyY,1.4093843438e-09,1.41,,,,net_00357,1,2,LOW
ExAY9GdUsEJ162s9hR2PqiRCdKKB4aQ2d3VGjuutUqRP,2026-02-15T00:03:43Z,9Zu8AigeXgFAajBTni2VWw6Wmz7XxDqHmY5nQwdCWAyY,1.4093843438e-09,1.41,,,,net_00361,1,2,LOW
ExAY9GdUsEJ162s9hR2PqiRCdKKB4aQ2d3VGjuutUqRP,2026-02-15T00:03:43Z,9Zu8AigeXgFAajBTni2VWw6Wmz7XxDqHmY5nQwdCWAyY,1.4093843438e-09,1.41,,,,net_00470,1,2,LOW
ExAY9GdUsEJ162s9hR2PqiRCdKKB4aQ2d3VGjuutUqRP,2026-02-15T00:03:43Z,9Zu8AigeXgFAajBTni2VWw6Wmz7XxDqHmY5nQwdCWAyY,1.4093843438e-09,1.41,,,,net_00477,1,2,LOW
ExAY9GdUsEJ162s9hR2PqiRCdKKB4aQ2d3VGjuutUqRP,2026-02-15T00:03:43Z,9Zu8AigeXgFAajBTni2VWw6Wmz7XxDqHmY5nQwdCWAyY,1.4093843438e-09,1.41,,,,net_00641,1,2,LOW
ExAY9GdUsEJ162s9hR2PqiRCdKKB4aQ2d3VGjuutUqRP,2026-02-15T00:03:43Z,9Zu8AigeXgFAajBTni2VWw6Wmz7XxDqHmY5nQwdCWAyY,1.4093843438e-09,1.41,,,,net_00894,1,2,LOW
ExAY9GdUsEJ162s9hR2PqiRCdKKB4aQ2d3VGjuutUqRP,2026-02-15T00:03:43Z,9Zu8AigeXgFAajBTni2VWw6Wmz7XxDqHmY5nQwdCWAyY,1.4093843438e-09,1.41,,,,net_00955,1,2,LOW
7vCfNVjjcEokjVDzDZJrVDSPxLeEs2dn4uqZXRAHpump,2026-02-14T23:04:46Z,Fh6dFXof133DWm6cbTb1oFM5rUJ6CYBHGf1FBcHRBJ2P,4.3107074973e-09,4.31,,,,net_00096,1,2,LOW
7vCfNVjjcEokjVDzDZJrVDSPxLeEs2dn4uqZXRAHpump,2026-02-14T23:04:46Z,Fh6dFXof133DWm6cbTb1oFM5rUJ6CYBHGf1FBcHRBJ2P,4.3107074973e-09,4.31,,,,net_00171,1,2,LOW
7vCfNVjjcEokjVDzDZJrVDSPxLeEs2dn4uqZXRAHpump,2026-02-14T23:04:46Z,Fh6dFXof133DWm6cbTb1oFM5rUJ6CYBHGf1FBcHRBJ2P,4.3107074973e-09,4.31,,,,net_00279,1,2,LOW
7vCfNVjjcEokjVDzDZJrVDSPxLeEs2dn4uqZXRAHpump,2026-02-14T23:04:46Z,Fh6dFXof133DWm6cbTb1oFM5rUJ6CYBHGf1FBcHRBJ2P,4.3107074973e-09,4.31,,,,net_00394,1,2,LOW
7vCfNVjjcEokjVDzDZJrVDSPxLeEs2dn4uqZXRAHpump,2026-02-14T23:04:46Z,Fh6dFXof133DWm6cbTb1oFM5rUJ6CYBHGf1FBcHRBJ2P,4.3107074973e-09,4.31,,,,net_00647,23,152,CRITICAL
7vCfNVjjcEokjVDzDZJrVDSPxLeEs2dn4uqZXRAHpump,2026-02-14T23:04:46Z,Fh6dFXof133DWm6cbTb1oFM5rUJ6CYBHGf1FBcHRBJ2P,4.3107074973e-09,4.31,,,,net_00725,1,2,LOW
83D5oiVHTQuTpx3qtkcRZ71A3uRaLNaQtDZDUX8Mpump,2026-02-14T22:50:53Z,BH8zJScu3WUDCuDopT48GGzquxSVucYYfMG1PNjftQdt,1.6976396598e-07,169.76,,,,NONE,0,0,NONE
AbuN8NeXPtRaq5R9fm9G8CvSFpSoHD1MzNLTZLs7pump,2026-02-14T22:32:44Z,GvtQAgZDDnRhDMyne9pwZagWijFQh6ZbDxHfDcAzJvWu,4.3714028274e-08,43.71,,,,NONE,0,0,NONE
Gj5hoh8bhvG4NyDwrgtXmwNL32Kpby21x6rqxWsApump,2026-02-14T22:10:50Z,Drx6KfXZRe422WZnjahbP4DXgwJDgxMWuRAMMPG7SZgK,1.2883010167e-07,128.83,,,,NONE,0,0,NONE
FStJbp2YnFdSJpNJpnRUJnY3C4ieMdPmzsxZocnZpump,2026-02-14T21:48:39Z,4n6XhGZV4itbUwg6yU7xWTqmtH3mzAuQBBD7KK8LFn5s,1.7148314163e-08,17.15,,,,net_00099,1,2,LOW
FStJbp2YnFdSJpNJpnRUJnY3C4ieMdPmzsxZocnZpump,2026-02-14T21:48:39Z,4n6XhGZV4itbUwg6yU7xWTqmtH3mzAuQBBD7KK8LFn5s,1.7148314163e-08,17.15,,,,net_00338,1,4,LOW
FStJbp2YnFdSJpNJpnRUJnY3C4ieMdPmzsxZocnZpump,2026-02-14T21:48:39Z,4n6XhGZV4itbUwg6yU7xWTqmtH3mzAuQBBD7KK8LFn5s,1.7148314163e-08,17.15,,,,net_00474,1,3,LOW
FStJbp2YnFdSJpNJpnRUJnY3C4ieMdPmzsxZocnZpump,2026-02-14T21:48:39Z,4n6XhGZV4itbUwg6yU7xWTqmtH3mzAuQBBD7KK8LFn5s,1.7148314163e-08,17.15,,,,net_00809,1,4,LOW
FStJbp2YnFdSJpNJpnRUJnY3C4ieMdPmzsxZocnZpump,2026-02-14T21:48:39Z,4n6XhGZV4itbUwg6yU7xWTqmtH3mzAuQBBD7KK8LFn5s,1.7148314163e-08,17.15,,,,net_01095,1,2,LOW
Aky34UtF4mvmACgYyhhiYLZAvSSwSJtx5wi49d9JXjGK,2026-02-14T21:45:53Z,CTjV5CfCzRYnxtGEDmguEwjwAz95QpRDbvWhCkaBYCvL,1.1663086628e-07,116.63,,,,net_00060,1,2,LOW
Aky34UtF4mvmACgYyhhiYLZAvSSwSJtx5wi49d9JXjGK,2026-02-14T21:45:53Z,CTjV5CfCzRYnxtGEDmguEwjwAz95QpRDbvWhCkaBYCvL,1.1663086628e-07,116.63,,,,net_00123,1,3,LOW
Aky34UtF4mvmACgYyhhiYLZAvSSwSJtx5wi49d9JXjGK,2026-02-14T21:45:53Z,CTjV5CfCzRYnxtGEDmguEwjwAz95QpRDbvWhCkaBYCvL,1.1663086628e-07,116.63,,,,net_00354,1,2,LOW
Aky34UtF4mvmACgYyhhiYLZAvSSwSJtx5wi49d9JXjGK,2026-02-14T21:45:53Z,CTjV5CfCzRYnxtGEDmguEwjwAz95QpRDbvWhCkaBYCvL,1.1663086628e-07,116.63,,,,net_00442,1,5,LOW
Aky34UtF4mvmACgYyhhiYLZAvSSwSJtx5wi49d9JXjGK,2026-02-14T21:45:53Z,CTjV5CfCzRYnxtGEDmguEwjwAz95QpRDbvWhCkaBYCvL,1.1663086628e-07,116.63,,,,net_00698,1,6,MEDIUM
Aky34UtF4mvmACgYyhhiYLZAvSSwSJtx5wi49d9JXjGK,2026-02-14T21:45:53Z,CTjV5CfCzRYnxtGEDmguEwjwAz95QpRDbvWhCkaBYCvL,1.1663086628e-07,116.63,,,,net_00811,1,2,LOW
Aky34UtF4mvmACgYyhhiYLZAvSSwSJtx5wi49d9JXjGK,2026-02-14T21:45:53Z,CTjV5CfCzRYnxtGEDmguEwjwAz95QpRDbvWhCkaBYCvL,1.1663086628e-07,116.63,,,,net_00879,1,4,LOW
Aky34UtF4mvmACgYyhhiYLZAvSSwSJtx5wi49d9JXjGK,2026-02-14T21:45:53Z,CTjV5CfCzRYnxtGEDmguEwjwAz95QpRDbvWhCkaBYCvL,1.1663086628e-07,116.63,,,,net_00890,1,2,LOW
Aky34UtF4mvmACgYyhhiYLZAvSSwSJtx5wi49d9JXjGK,2026-02-14T21:45:53Z,CTjV5CfCzRYnxtGEDmguEwjwAz95QpRDbvWhCkaBYCvL,1.1663086628e-07,116.63,,,,net_01090,1,3,LOW
H5gqBMEvU5fDyVZWooASikoi7MtZyWHDJA3vM5dhpump,2026-02-14T21:19:40Z,FUKtNp3FEDVJw1xY8QpJ8RH2gNzVbzZz1VySxQCJp9AL,5.8352440908e-10,0.58,,,,NONE,0,0,NONE
9M5XD1ZLs9pR5SYHYqLLm2aYQua8ET8dNpQVy7sBpump,2026-02-14T21:14:26Z,4kNRPAtdWfYnkDbuAwccUmCZuFt9mXfGhh8LxFhNdubm,1.2690509817e-09,1.27,,,,NONE,0,0,NONE
GLe3eRrxThkC9LJKEqdn2pE8ZXLZxV1vd9oA8xrApump,2026-02-14T21:05:18Z,4fqDt3NB4CnbzxXcTH3K6RRsQYx41NQAen6xXTc29FWT,3.6720878613e-10,0.37,,,,NONE,0,0,NONE
3kGea48WppNwgd8HkQ95BHFW5uSAVeJnPd19gruHpump,2026-02-14T21:03:55Z,4QKpJD7rrz13BYaAbcUBpoQw1fLTLtqjJtasAdkaTxXg,5.2693082697e-08,52.69,,,,NONE,0,0,NONE
8WMAc7jwebtdotCyXvU5mpBFo64fpWgi91B3byDJpump,2026-02-14T20:56:55Z,GC2bqv9Z1rPQGBJkdDG7kHzeahaTFhARVrkstKWe7j7h,1.0744641471e-09,1.07,,,,NONE,0,0,NONE
HdgfiPw39fLvhYfMGfjLrmts5E5HsnFJRSrMHMoVpump,2026-02-14T20:42:51Z,GTheBZRWMnCZJiSjKkB3LPV68TnQtKeB4gih5LXANpUA,2.9490161182e-07,294.90,,,,net_00183,1,2,LOW
HdgfiPw39fLvhYfMGfjLrmts5E5HsnFJRSrMHMoVpump,2026-02-14T20:42:51Z,GTheBZRWMnCZJiSjKkB3LPV68TnQtKeB4gih5LXANpUA,2.9490161182e-07,294.90,,,,net_00187,1,2,LOW
HdgfiPw39fLvhYfMGfjLrmts5E5HsnFJRSrMHMoVpump,2026-02-14T20:42:51Z,GTheBZRWMnCZJiSjKkB3LPV68TnQtKeB4gih5LXANpUA,2.9490161182e-07,294.90,,,,net_00194,1,6,MEDIUM
HdgfiPw39fLvhYfMGfjLrmts5E5HsnFJRSrMHMoVpump,2026-02-14T20:42:51Z,GTheBZRWMnCZJiSjKkB3LPV68TnQtKeB4gih5LXANpUA,2.9490161182e-07,294.90,,,,net_00245,1,5,LOW
HdgfiPw39fLvhYfMGfjLrmts5E5HsnFJRSrMHMoVpump,2026-02-14T20:42:51Z,GTheBZRWMnCZJiSjKkB3LPV68TnQtKeB4gih5LXANpUA,2.9490161182e-07,294.90,,,,net_00248,1,4,LOW
HdgfiPw39fLvhYfMGfjLrmts5E5HsnFJRSrMHMoVpump,2026-02-14T20:42:51Z,GTheBZRWMnCZJiSjKkB3LPV68TnQtKeB4gih5LXANpUA,2.9490161182e-07,294.90,,,,net_00356,1,3,LOW
HdgfiPw39fLvhYfMGfjLrmts5E5HsnFJRSrMHMoVpump,2026-02-14T20:42:51Z,GTheBZRWMnCZJiSjKkB3LPV68TnQtKeB4gih5LXANpUA,2.9490161182e-07,294.90,,,,net_00472,1,5,LOW
HdgfiPw39fLvhYfMGfjLrmts5E5HsnFJRSrMHMoVpump,2026-02-14T20:42:51Z,GTheBZRWMnCZJiSjKkB3LPV68TnQtKeB4gih5LXANpUA,2.9490161182e-07,294.90,,,,net_00489,1,3,LOW
HdgfiPw39fLvhYfMGfjLrmts5E5HsnFJRSrMHMoVpump,2026-02-14T20:42:51Z,GTheBZRWMnCZJiSjKkB3LPV68TnQtKeB4gih5LXANpUA,2.9490161182e-07,294.90,,,,net_00525,1,2,LOW
HdgfiPw39fLvhYfMGfjLrmts5E5HsnFJRSrMHMoVpump,2026-02-14T20:42:51Z,GTheBZRWMnCZJiSjKkB3LPV68TnQtKeB4gih5LXANpUA,2.9490161182e-07,294.90,,,,net_00547,1,2,LOW
HdgfiPw39fLvhYfMGfjLrmts5E5HsnFJRSrMHMoVpump,2026-02-14T20:42:51Z,GTheBZRWMnCZJiSjKkB3LPV68TnQtKeB4gih5LXANpUA,2.9490161182e-07,294.90,,,,net_00669,1,2,LOW
HdgfiPw39fLvhYfMGfjLrmts5E5HsnFJRSrMHMoVpump,2026-02-14T20:42:51Z,GTheBZRWMnCZJiSjKkB3LPV68TnQtKeB4gih5LXANpUA,2.9490161182e-07,294.90,,,,net_00789,1,2,LOW
HdgfiPw39fLvhYfMGfjLrmts5E5HsnFJRSrMHMoVpump,2026-02-14T20:42:51Z,GTheBZRWMnCZJiSjKkB3LPV68TnQtKeB4gih5LXANpUA,2.9490161182e-07,294.90,,,,net_00842,1,3,LOW
HdgfiPw39fLvhYfMGfjLrmts5E5HsnFJRSrMHMoVpump,2026-02-14T20:42:51Z,GTheBZRWMnCZJiSjKkB3LPV68TnQtKeB4gih5LXANpUA,2.9490161182e-07,294.90,,,,net_00922,1,2,LOW
HdgfiPw39fLvhYfMGfjLrmts5E5HsnFJRSrMHMoVpump,2026-02-14T20:42:51Z,GTheBZRWMnCZJiSjKkB3LPV68TnQtKeB4gih5LXANpUA,2.9490161182e-07,294.90,,,,net_00935,1,3,LOW
HdgfiPw39fLvhYfMGfjLrmts5E5HsnFJRSrMHMoVpump,2026-02-14T20:42:51Z,GTheBZRWMnCZJiSjKkB3LPV68TnQtKeB4gih5LXANpUA,2.9490161182e-07,294.90,,,,net_00948,1,2,LOW
HdgfiPw39fLvhYfMGfjLrmts5E5HsnFJRSrMHMoVpump,2026-02-14T20:42:51Z,GTheBZRWMnCZJiSjKkB3LPV68TnQtKeB4gih5LXANpUA,2.9490161182e-07,294.90,,,,net_01070,1,3,LOW
HdgfiPw39fLvhYfMGfjLrmts5E5HsnFJRSrMHMoVpump,2026-02-14T20:42:51Z,GTheBZRWMnCZJiSjKkB3LPV68TnQtKeB4gih5LXANpUA,2.9490161182e-07,294.90,,,,net_01078,1,2,LOW
DxzrAdPpszj4JeZj2StbvKzMdQxhpFfTjHBBAfHqpump,2026-02-14T20:40:54Z,5ek7FHeUngpoXdqHGEfMwegJGohwAX6bfetNXsNtdXny,4.8012518306e-10,0.48,,,,NONE,0,0,NONE
3SfmqAtNk566JYwbujDBbSHsLDBu75euA5QupTgQGyEC,2026-02-14T20:39:49Z,FgifQEkRkSSXZjf2cJ4c55BhVts2yrNKzmzBLLyicg8b,9.9381582181e-09,9.94,,,,net_00037,42,17,MEDIUM
3SfmqAtNk566JYwbujDBbSHsLDBu75euA5QupTgQGyEC,2026-02-14T20:39:49Z,FgifQEkRkSSXZjf2cJ4c55BhVts2yrNKzmzBLLyicg8b,9.9381582181e-09,9.94,,,,net_00050,1,2,LOW
3SfmqAtNk566JYwbujDBbSHsLDBu75euA5QupTgQGyEC,2026-02-14T20:39:49Z,FgifQEkRkSSXZjf2cJ4c55BhVts2yrNKzmzBLLyicg8b,9.9381582181e-09,9.94,,,,net_00098,1,4,LOW
3SfmqAtNk566JYwbujDBbSHsLDBu75euA5QupTgQGyEC,2026-02-14T20:39:49Z,FgifQEkRkSSXZjf2cJ4c55BhVts2yrNKzmzBLLyicg8b,9.9381582181e-09,9.94,,,,net_00166,1,3,LOW
3SfmqAtNk566JYwbujDBbSHsLDBu75euA5QupTgQGyEC,2026-02-14T20:39:49Z,FgifQEkRkSSXZjf2cJ4c55BhVts2yrNKzmzBLLyicg8b,9.9381582181e-09,9.94,,,,net_00558,1,3,LOW
3SfmqAtNk566JYwbujDBbSHsLDBu75euA5QupTgQGyEC,2026-02-14T20:39:49Z,FgifQEkRkSSXZjf2cJ4c55BhVts2yrNKzmzBLLyicg8b,9.9381582181e-09,9.94,,,,net_00616,1,2,LOW
3SfmqAtNk566JYwbujDBbSHsLDBu75euA5QupTgQGyEC,2026-02-14T20:39:49Z,FgifQEkRkSSXZjf2cJ4c55BhVts2yrNKzmzBLLyicg8b,9.9381582181e-09,9.94,,,,net_00631,1,3,LOW
EEEBgugmB8aphfCQZBLQkghRLrcMz4AhZgPoT39Kpump,2026-02-14T20:14:41Z,FnsFUsEFoyLnFDGGvFihCwMjAGiswmo3cMmqYfTDDYM8,1.6811111563e-09,1.68,,,,NONE,0,0,NONE
BgrDq6Us2WRTJ29ku19Fb1QEgbHTKo976npsUSTEpump,2026-02-14T19:53:54Z,HQo3Evsjw2cjJrTULG45bYFRaaX3oXUnuUVp8Jfy3gZ3,8.1461140949e-09,8.15,,,,NONE,0,0,NONE
ChoCkkEG9do3fkkNties7innDQRsPVt97WnbHFZdpump,2026-02-14T19:51:46Z,493fWZn7g1Yb8GVfUA6EyUNnmbfTCPavL7EpTabm4hpt,4.5998395977e-08,46.00,,,,net_00522,1,2,LOW
ChoCkkEG9do3fkkNties7innDQRsPVt97WnbHFZdpump,2026-02-14T19:51:46Z,493fWZn7g1Yb8GVfUA6EyUNnmbfTCPavL7EpTabm4hpt,4.5998395977e-08,46.00,,,,net_00533,1,4,LOW
ChoCkkEG9do3fkkNties7innDQRsPVt97WnbHFZdpump,2026-02-14T19:51:46Z,493fWZn7g1Yb8GVfUA6EyUNnmbfTCPavL7EpTabm4hpt,4.5998395977e-08,46.00,,,,net_00634,1,2,LOW
ChoCkkEG9do3fkkNties7innDQRsPVt97WnbHFZdpump,2026-02-14T19:51:46Z,493fWZn7g1Yb8GVfUA6EyUNnmbfTCPavL7EpTabm4hpt,4.5998395977e-08,46.00,,,,net_00798,1,2,LOW
ChoCkkEG9do3fkkNties7innDQRsPVt97WnbHFZdpump,2026-02-14T19:51:46Z,493fWZn7g1Yb8GVfUA6EyUNnmbfTCPavL7EpTabm4hpt,4.5998395977e-08,46.00,,,,net_00922,1,2,LOW
TG8Ntr4V2cpikavJE8dQZcHNAhHy6DhDAgzPFmkpump,2026-02-14T19:46:28Z,5vieW3A5U9FFWXXqYbNoh6NBCktxXFVnrCEriX8bPPsL,4.6953812371e-09,4.70,,,,NONE,0,0,NONE
GxXckxBZAG7sPUTY5sJHEDDhMfMQTF5ZEBANz3pzpump,2026-02-14T19:45:49Z,HYWo71Wk9PNDe5sBaRKazPnVyGnQDiwgXCFKvgAQ1ENp,2.3506144818e-11,0.02,,,,net_00001,1,3,LOW
GxXckxBZAG7sPUTY5sJHEDDhMfMQTF5ZEBANz3pzpump,2026-02-14T19:45:49Z,HYWo71Wk9PNDe5sBaRKazPnVyGnQDiwgXCFKvgAQ1ENp,2.3506144818e-11,0.02,,,,net_00006,1,3,LOW
GxXckxBZAG7sPUTY5sJHEDDhMfMQTF5ZEBANz3pzpump,2026-02-14T19:45:49Z,HYWo71Wk9PNDe5sBaRKazPnVyGnQDiwgXCFKvgAQ1ENp,2.3506144818e-11,0.02,,,,net_00007,1,3,LOW
GxXckxBZAG7sPUTY5sJHEDDhMfMQTF5ZEBANz3pzpump,2026-02-14T19:45:49Z,HYWo71Wk9PNDe5sBaRKazPnVyGnQDiwgXCFKvgAQ1ENp,2.3506144818e-11,0.02,,,,net_00010,1,3,LOW
GxXckxBZAG7sPUTY5sJHEDDhMfMQTF5ZEBANz3pzpump,2026-02-14T19:45:49Z,HYWo71Wk9PNDe5sBaRKazPnVyGnQDiwgXCFKvgAQ1ENp,2.3506144818e-11,0.02,,,,net_00016,1,3,LOW
GxXckxBZAG7sPUTY5sJHEDDhMfMQTF5ZEBANz3pzpump,2026-02-14T19:45:49Z,HYWo71Wk9PNDe5sBaRKazPnVyGnQDiwgXCFKvgAQ1ENp,2.3506144818e-11,0.02,,,,net_00018,1,3,LOW
GxXckxBZAG7sPUTY5sJHEDDhMfMQTF5ZEBANz3pzpump,2026-02-14T19:45:49Z,HYWo71Wk9PNDe5sBaRKazPnVyGnQDiwgXCFKvgAQ1ENp,2.3506144818e-11,0.02,,,,net_00020,1,3,LOW
GxXckxBZAG7sPUTY5sJHEDDhMfMQTF5ZEBANz3pzpump,2026-02-14T19:45:49Z,HYWo71Wk9PNDe5sBaRKazPnVyGnQDiwgXCFKvgAQ1ENp,2.3506144818e-11,0.02,,,,net_00044,1,2,LOW
GxXckxBZAG7sPUTY5sJHEDDhMfMQTF5ZEBANz3pzpump,2026-02-14T19:45:49Z,HYWo71Wk9PNDe5sBaRKazPnVyGnQDiwgXCFKvgAQ1ENp,2.3506144818e-11,0.02,,,,net_00052,1,3,LOW
GxXckxBZAG7sPUTY5sJHEDDhMfMQTF5ZEBANz3pzpump,2026-02-14T19:45:49Z,HYWo71Wk9PNDe5sBaRKazPnVyGnQDiwgXCFKvgAQ1ENp,2.3506144818e-11,0.02,,,,net_00063,1,3,LOW
GxXckxBZAG7sPUTY5sJHEDDhMfMQTF5ZEBANz3pzpump,2026-02-14T19:45:49Z,HYWo71Wk9PNDe5sBaRKazPnVyGnQDiwgXCFKvgAQ1ENp,2.3506144818e-11,0.02,,,,net_00093,1,3,LOW
GxXckxBZAG7sPUTY5sJHEDDhMfMQTF5ZEBANz3pzpump,2026-02-14T19:45:49Z,HYWo71Wk9PNDe5sBaRKazPnVyGnQDiwgXCFKvgAQ1ENp,2.3506144818e-11,0.02,,,,net_00138,1,3,LOW
GxXckxBZAG7sPUTY5sJHEDDhMfMQTF5ZEBANz3pzpump,2026-02-14T19:45:49Z,HYWo71Wk9PNDe5sBaRKazPnVyGnQDiwgXCFKvgAQ1ENp,2.3506144818e-11,0.02,,,,net_00160,1,4,LOW
GxXckxBZAG7sPUTY5sJHEDDhMfMQTF5ZEBANz3pzpump,2026-02-14T19:45:49Z,HYWo71Wk9PNDe5sBaRKazPnVyGnQDiwgXCFKvgAQ1ENp,2.3506144818e-11,0.02,,,,net_00203,1,3,LOW
GxXckxBZAG7sPUTY5sJHEDDhMfMQTF5ZEBANz3pzpump,2026-02-14T19:45:49Z,HYWo71Wk9PNDe5sBaRKazPnVyGnQDiwgXCFKvgAQ1ENp,2.3506144818e-11,0.02,,,,net_00221,1,3,LOW
GxXckxBZAG7sPUTY5sJHEDDhMfMQTF5ZEBANz3pzpump,2026-02-14T19:45:49Z,HYWo71Wk9PNDe5sBaRKazPnVyGnQDiwgXCFKvgAQ1ENp,2.3506144818e-11,0.02,,,,net_00225,1,3,LOW
GxXckxBZAG7sPUTY5sJHEDDhMfMQTF5ZEBANz3pzpump,2026-02-14T19:45:49Z,HYWo71Wk9PNDe5sBaRKazPnVyGnQDiwgXCFKvgAQ1ENp,2.3506144818e-11,0.02,,,,net_00234,1,3,LOW
GxXckxBZAG7sPUTY5sJHEDDhMfMQTF5ZEBANz3pzpump,2026-02-14T19:45:49Z,HYWo71Wk9PNDe5sBaRKazPnVyGnQDiwgXCFKvgAQ1ENp,2.3506144818e-11,0.02,,,,net_00239,1,3,LOW
GxXckxBZAG7sPUTY5sJHEDDhMfMQTF5ZEBANz3pzpump,2026-02-14T19:45:49Z,HYWo71Wk9PNDe5sBaRKazPnVyGnQDiwgXCFKvgAQ1ENp,2.3506144818e-11,0.02,,,,net_00247,1,3,LOW
GxXckxBZAG7sPUTY5sJHEDDhMfMQTF5ZEBANz3pzpump,2026-02-14T19:45:49Z,HYWo71Wk9PNDe5sBaRKazPnVyGnQDiwgXCFKvgAQ1ENp,2.3506144818e-11,0.02,,,,net_00265,1,3,LOW
GxXckxBZAG7sPUTY5sJHEDDhMfMQTF5ZEBANz3pzpump,2026-02-14T19:45:49Z,HYWo71Wk9PNDe5sBaRKazPnVyGnQDiwgXCFKvgAQ1ENp,2.3506144818e-11,0.02,,,,net_00304,1,3,LOW
GxXckxBZAG7sPUTY5sJHEDDhMfMQTF5ZEBANz3pzpump,2026-02-14T19:45:49Z,HYWo71Wk9PNDe5sBaRKazPnVyGnQDiwgXCFKvgAQ1ENp,2.3506144818e-11,0.02,,,,net_00305,1,2,LOW
GxXckxBZAG7sPUTY5sJHEDDhMfMQTF5ZEBANz3pzpump,2026-02-14T19:45:49Z,HYWo71Wk9PNDe5sBaRKazPnVyGnQDiwgXCFKvgAQ1ENp,2.3506144818e-11,0.02,,,,net_00307,1,3,LOW
GxXckxBZAG7sPUTY5sJHEDDhMfMQTF5ZEBANz3pzpump,2026-02-14T19:45:49Z,HYWo71Wk9PNDe5sBaRKazPnVyGnQDiwgXCFKvgAQ1ENp,2.3506144818e-11,0.02,,,,net_00311,1,3,LOW
GxXckxBZAG7sPUTY5sJHEDDhMfMQTF5ZEBANz3pzpump,2026-02-14T19:45:49Z,HYWo71Wk9PNDe5sBaRKazPnVyGnQDiwgXCFKvgAQ1ENp,2.3506144818e-11,0.02,,,,net_00355,1,3,LOW
GxXckxBZAG7sPUTY5sJHEDDhMfMQTF5ZEBANz3pzpump,2026-02-14T19:45:49Z,HYWo71Wk9PNDe5sBaRKazPnVyGnQDiwgXCFKvgAQ1ENp,2.3506144818e-11,0.02,,,,net_00362,1,3,LOW
GxXckxBZAG7sPUTY5sJHEDDhMfMQTF5ZEBANz3pzpump,2026-02-14T19:45:49Z,HYWo71Wk9PNDe5sBaRKazPnVyGnQDiwgXCFKvgAQ1ENp,2.3506144818e-11,0.02,,,,net_00385,1,5,LOW
GxXckxBZAG7sPUTY5sJHEDDhMfMQTF5ZEBANz3pzpump,2026-02-14T19:45:49Z,HYWo71Wk9PNDe5sBaRKazPnVyGnQDiwgXCFKvgAQ1ENp,2.3506144818e-11,0.02,,,,net_00388,1,3,LOW
GxXckxBZAG7sPUTY5sJHEDDhMfMQTF5ZEBANz3pzpump,2026-02-14T19:45:49Z,HYWo71Wk9PNDe5sBaRKazPnVyGnQDiwgXCFKvgAQ1ENp,2.3506144818e-11,0.02,,,,net_00442,1,5,LOW
GxXckxBZAG7sPUTY5sJHEDDhMfMQTF5ZEBANz3pzpump,2026-02-14T19:45:49Z,HYWo71Wk9PNDe5sBaRKazPnVyGnQDiwgXCFKvgAQ1ENp,2.3506144818e-11,0.02,,,,net_00454,1,3,LOW
GxXckxBZAG7sPUTY5sJHEDDhMfMQTF5ZEBANz3pzpump,2026-02-14T19:45:49Z,HYWo71Wk9PNDe5sBaRKazPnVyGnQDiwgXCFKvgAQ1ENp,2.3506144818e-11,0.02,,,,net_00463,1,3,LOW
GxXckxBZAG7sPUTY5sJHEDDhMfMQTF5ZEBANz3pzpump,2026-02-14T19:45:49Z,HYWo71Wk9PNDe5sBaRKazPnVyGnQDiwgXCFKvgAQ1ENp,2.3506144818e-11,0.02,,,,net_00472,1,5,LOW
GxXckxBZAG7sPUTY5sJHEDDhMfMQTF5ZEBANz3pzpump,2026-02-14T19:45:49Z,HYWo71Wk9PNDe5sBaRKazPnVyGnQDiwgXCFKvgAQ1ENp,2.3506144818e-11,0.02,,,,net_00482,1,5,LOW
GxXckxBZAG7sPUTY5sJHEDDhMfMQTF5ZEBANz3pzpump,2026-02-14T19:45:49Z,HYWo71Wk9PNDe5sBaRKazPnVyGnQDiwgXCFKvgAQ1ENp,2.3506144818e-11,0.02,,,,net_00485,1,3,LOW
GxXckxBZAG7sPUTY5sJHEDDhMfMQTF5ZEBANz3pzpump,2026-02-14T19:45:49Z,HYWo71Wk9PNDe5sBaRKazPnVyGnQDiwgXCFKvgAQ1ENp,2.3506144818e-11,0.02,,,,net_00509,1,3,LOW
GxXckxBZAG7sPUTY5sJHEDDhMfMQTF5ZEBANz3pzpump,2026-02-14T19:45:49Z,HYWo71Wk9PNDe5sBaRKazPnVyGnQDiwgXCFKvgAQ1ENp,2.3506144818e-11,0.02,,,,net_00528,1,3,LOW
GxXckxBZAG7sPUTY5sJHEDDhMfMQTF5ZEBANz3pzpump,2026-02-14T19:45:49Z,HYWo71Wk9PNDe5sBaRKazPnVyGnQDiwgXCFKvgAQ1ENp,2.3506144818e-11,0.02,,,,net_00536,1,3,LOW
GxXckxBZAG7sPUTY5sJHEDDhMfMQTF5ZEBANz3pzpump,2026-02-14T19:45:49Z,HYWo71Wk9PNDe5sBaRKazPnVyGnQDiwgXCFKvgAQ1ENp,2.3506144818e-11,0.02,,,,net_00564,1,2,LOW
GxXckxBZAG7sPUTY5sJHEDDhMfMQTF5ZEBANz3pzpump,2026-02-14T19:45:49Z,HYWo71Wk9PNDe5sBaRKazPnVyGnQDiwgXCFKvgAQ1ENp,2.3506144818e-11,0.02,,,,net_00576,1,3,LOW
GxXckxBZAG7sPUTY5sJHEDDhMfMQTF5ZEBANz3pzpump,2026-02-14T19:45:49Z,HYWo71Wk9PNDe5sBaRKazPnVyGnQDiwgXCFKvgAQ1ENp,2.3506144818e-11,0.02,,,,net_00630,1,3,LOW
GxXckxBZAG7sPUTY5sJHEDDhMfMQTF5ZEBANz3pzpump,2026-02-14T19:45:49Z,HYWo71Wk9PNDe5sBaRKazPnVyGnQDiwgXCFKvgAQ1ENp,2.3506144818e-11,0.02,,,,net_00647,23,152,CRITICAL
GxXckxBZAG7sPUTY5sJHEDDhMfMQTF5ZEBANz3pzpump,2026-02-14T19:45:49Z,HYWo71Wk9PNDe5sBaRKazPnVyGnQDiwgXCFKvgAQ1ENp,2.3506144818e-11,0.02,,,,net_00652,1,3,LOW
GxXckxBZAG7sPUTY5sJHEDDhMfMQTF5ZEBANz3pzpump,2026-02-14T19:45:49Z,HYWo71Wk9PNDe5sBaRKazPnVyGnQDiwgXCFKvgAQ1ENp,2.3506144818e-11,0.02,,,,net_00663,1,2,LOW
GxXckxBZAG7sPUTY5sJHEDDhMfMQTF5ZEBANz3pzpump,2026-02-14T19:45:49Z,HYWo71Wk9PNDe5sBaRKazPnVyGnQDiwgXCFKvgAQ1ENp,2.3506144818e-11,0.02,,,,net_00687,1,3,LOW
GxXckxBZAG7sPUTY5sJHEDDhMfMQTF5ZEBANz3pzpump,2026-02-14T19:45:49Z,HYWo71Wk9PNDe5sBaRKazPnVyGnQDiwgXCFKvgAQ1ENp,2.3506144818e-11,0.02,,,,net_00712,1,3,LOW
GxXckxBZAG7sPUTY5sJHEDDhMfMQTF5ZEBANz3pzpump,2026-02-14T19:45:49Z,HYWo71Wk9PNDe5sBaRKazPnVyGnQDiwgXCFKvgAQ1ENp,2.3506144818e-11,0.02,,,,net_00720,1,3,LOW
GxXckxBZAG7sPUTY5sJHEDDhMfMQTF5ZEBANz3pzpump,2026-02-14T19:45:49Z,HYWo71Wk9PNDe5sBaRKazPnVyGnQDiwgXCFKvgAQ1ENp,2.3506144818e-11,0.02,,,,net_00768,1,3,LOW
GxXckxBZAG7sPUTY5sJHEDDhMfMQTF5ZEBANz3pzpump,2026-02-14T19:45:49Z,HYWo71Wk9PNDe5sBaRKazPnVyGnQDiwgXCFKvgAQ1ENp,2.3506144818e-11,0.02,,,,net_00779,1,3,LOW
GxXckxBZAG7sPUTY5sJHEDDhMfMQTF5ZEBANz3pzpump,2026-02-14T19:45:49Z,HYWo71Wk9PNDe5sBaRKazPnVyGnQDiwgXCFKvgAQ1ENp,2.3506144818e-11,0.02,,,,net_00781,1,3,LOW
GxXckxBZAG7sPUTY5sJHEDDhMfMQTF5ZEBANz3pzpump,2026-02-14T19:45:49Z,HYWo71Wk9PNDe5sBaRKazPnVyGnQDiwgXCFKvgAQ1ENp,2.3506144818e-11,0.02,,,,net_00791,1,3,LOW
GxXckxBZAG7sPUTY5sJHEDDhMfMQTF5ZEBANz3pzpump,2026-02-14T19:45:49Z,HYWo71Wk9PNDe5sBaRKazPnVyGnQDiwgXCFKvgAQ1ENp,2.3506144818e-11,0.02,,,,net_00803,1,3,LOW
GxXckxBZAG7sPUTY5sJHEDDhMfMQTF5ZEBANz3pzpump,2026-02-14T19:45:49Z,HYWo71Wk9PNDe5sBaRKazPnVyGnQDiwgXCFKvgAQ1ENp,2.3506144818e-11,0.02,,,,net_00809,1,4,LOW
GxXckxBZAG7sPUTY5sJHEDDhMfMQTF5ZEBANz3pzpump,2026-02-14T19:45:49Z,HYWo71Wk9PNDe5sBaRKazPnVyGnQDiwgXCFKvgAQ1ENp,2.3506144818e-11,0.02,,,,net_00813,1,3,LOW
GxXckxBZAG7sPUTY5sJHEDDhMfMQTF5ZEBANz3pzpump,2026-02-14T19:45:49Z,HYWo71Wk9PNDe5sBaRKazPnVyGnQDiwgXCFKvgAQ1ENp,2.3506144818e-11,0.02,,,,net_00816,1,3,LOW
GxXckxBZAG7sPUTY5sJHEDDhMfMQTF5ZEBANz3pzpump,2026-02-14T19:45:49Z,HYWo71Wk9PNDe5sBaRKazPnVyGnQDiwgXCFKvgAQ1ENp,2.3506144818e-11,0.02,,,,net_00829,1,3,LOW
GxXckxBZAG7sPUTY5sJHEDDhMfMQTF5ZEBANz3pzpump,2026-02-14T19:45:49Z,HYWo71Wk9PNDe5sBaRKazPnVyGnQDiwgXCFKvgAQ1ENp,2.3506144818e-11,0.02,,,,net_00840,1,3,LOW
GxXckxBZAG7sPUTY5sJHEDDhMfMQTF5ZEBANz3pzpump,2026-02-14T19:45:49Z,HYWo71Wk9PNDe5sBaRKazPnVyGnQDiwgXCFKvgAQ1ENp,2.3506144818e-11,0.02,,,,net_00844,1,3,LOW
GxXckxBZAG7sPUTY5sJHEDDhMfMQTF5ZEBANz3pzpump,2026-02-14T19:45:49Z,HYWo71Wk9PNDe5sBaRKazPnVyGnQDiwgXCFKvgAQ1ENp,2.3506144818e-11,0.02,,,,net_00882,1,7,MEDIUM
GxXckxBZAG7sPUTY5sJHEDDhMfMQTF5ZEBANz3pzpump,2026-02-14T19:45:49Z,HYWo71Wk9PNDe5sBaRKazPnVyGnQDiwgXCFKvgAQ1ENp,2.3506144818e-11,0.02,,,,net_00884,1,3,LOW
GxXckxBZAG7sPUTY5sJHEDDhMfMQTF5ZEBANz3pzpump,2026-02-14T19:45:49Z,HYWo71Wk9PNDe5sBaRKazPnVyGnQDiwgXCFKvgAQ1ENp,2.3506144818e-11,0.02,,,,net_00891,1,3,LOW
GxXckxBZAG7sPUTY5sJHEDDhMfMQTF5ZEBANz3pzpump,2026-02-14T19:45:49Z,HYWo71Wk9PNDe5sBaRKazPnVyGnQDiwgXCFKvgAQ1ENp,2.3506144818e-11,0.02,,,,net_00898,1,2,LOW
GxXckxBZAG7sPUTY5sJHEDDhMfMQTF5ZEBANz3pzpump,2026-02-14T19:45:49Z,HYWo71Wk9PNDe5sBaRKazPnVyGnQDiwgXCFKvgAQ1ENp,2.3506144818e-11,0.02,,,,net_00900,1,3,LOW
GxXckxBZAG7sPUTY5sJHEDDhMfMQTF5ZEBANz3pzpump,2026-02-14T19:45:49Z,HYWo71Wk9PNDe5sBaRKazPnVyGnQDiwgXCFKvgAQ1ENp,2.3506144818e-11,0.02,,,,net_00921,1,3,LOW
GxXckxBZAG7sPUTY5sJHEDDhMfMQTF5ZEBANz3pzpump,2026-02-14T19:45:49Z,HYWo71Wk9PNDe5sBaRKazPnVyGnQDiwgXCFKvgAQ1ENp,2.3506144818e-11,0.02,,,,net_00934,1,3,LOW
GxXckxBZAG7sPUTY5sJHEDDhMfMQTF5ZEBANz3pzpump,2026-02-14T19:45:49Z,HYWo71Wk9PNDe5sBaRKazPnVyGnQDiwgXCFKvgAQ1ENp,2.3506144818e-11,0.02,,,,net_00936,1,2,LOW
GxXckxBZAG7sPUTY5sJHEDDhMfMQTF5ZEBANz3pzpump,2026-02-14T19:45:49Z,HYWo71Wk9PNDe5sBaRKazPnVyGnQDiwgXCFKvgAQ1ENp,2.3506144818e-11,0.02,,,,net_00959,1,3,LOW
GxXckxBZAG7sPUTY5sJHEDDhMfMQTF5ZEBANz3pzpump,2026-02-14T19:45:49Z,HYWo71Wk9PNDe5sBaRKazPnVyGnQDiwgXCFKvgAQ1ENp,2.3506144818e-11,0.02,,,,net_00966,1,3,LOW
GxXckxBZAG7sPUTY5sJHEDDhMfMQTF5ZEBANz3pzpump,2026-02-14T19:45:49Z,HYWo71Wk9PNDe5sBaRKazPnVyGnQDiwgXCFKvgAQ1ENp,2.3506144818e-11,0.02,,,,net_01086,1,5,LOW
GxXckxBZAG7sPUTY5sJHEDDhMfMQTF5ZEBANz3pzpump,2026-02-14T19:45:49Z,HYWo71Wk9PNDe5sBaRKazPnVyGnQDiwgXCFKvgAQ1ENp,2.3506144818e-11,0.02,,,,net_01088,1,2,LOW
Adb54ZrU3nmWaSV4N1SDLEZ5kjWkHyWpZtvPJod7pump,2026-02-14T19:42:03Z,69aiAKU3uJMxMLRkUEGFNt6nQ43PiVimE4ZbErJ7VSM1,1.6573610630e-06,1657.36,,,,net_00004,1,2,LOW
Adb54ZrU3nmWaSV4N1SDLEZ5kjWkHyWpZtvPJod7pump,2026-02-14T19:42:03Z,69aiAKU3uJMxMLRkUEGFNt6nQ43PiVimE4ZbErJ7VSM1,1.6573610630e-06,1657.36,,,,net_00009,1,2,LOW
Adb54ZrU3nmWaSV4N1SDLEZ5kjWkHyWpZtvPJod7pump,2026-02-14T19:42:03Z,69aiAKU3uJMxMLRkUEGFNt6nQ43PiVimE4ZbErJ7VSM1,1.6573610630e-06,1657.36,,,,net_00084,1,7,MEDIUM
Adb54ZrU3nmWaSV4N1SDLEZ5kjWkHyWpZtvPJod7pump,2026-02-14T19:42:03Z,69aiAKU3uJMxMLRkUEGFNt6nQ43PiVimE4ZbErJ7VSM1,1.6573610630e-06,1657.36,,,,net_00088,1,3,LOW
Adb54ZrU3nmWaSV4N1SDLEZ5kjWkHyWpZtvPJod7pump,2026-02-14T19:42:03Z,69aiAKU3uJMxMLRkUEGFNt6nQ43PiVimE4ZbErJ7VSM1,1.6573610630e-06,1657.36,,,,net_00100,1,2,LOW
Adb54ZrU3nmWaSV4N1SDLEZ5kjWkHyWpZtvPJod7pump,2026-02-14T19:42:03Z,69aiAKU3uJMxMLRkUEGFNt6nQ43PiVimE4ZbErJ7VSM1,1.6573610630e-06,1657.36,,,,net_00175,1,2,LOW
Adb54ZrU3nmWaSV4N1SDLEZ5kjWkHyWpZtvPJod7pump,2026-02-14T19:42:03Z,69aiAKU3uJMxMLRkUEGFNt6nQ43PiVimE4ZbErJ7VSM1,1.6573610630e-06,1657.36,,,,net_00194,1,6,MEDIUM
Adb54ZrU3nmWaSV4N1SDLEZ5kjWkHyWpZtvPJod7pump,2026-02-14T19:42:03Z,69aiAKU3uJMxMLRkUEGFNt6nQ43PiVimE4ZbErJ7VSM1,1.6573610630e-06,1657.36,,,,net_00237,1,3,LOW
Adb54ZrU3nmWaSV4N1SDLEZ5kjWkHyWpZtvPJod7pump,2026-02-14T19:42:03Z,69aiAKU3uJMxMLRkUEGFNt6nQ43PiVimE4ZbErJ7VSM1,1.6573610630e-06,1657.36,,,,net_00244,1,2,LOW
Adb54ZrU3nmWaSV4N1SDLEZ5kjWkHyWpZtvPJod7pump,2026-02-14T19:42:03Z,69aiAKU3uJMxMLRkUEGFNt6nQ43PiVimE4ZbErJ7VSM1,1.6573610630e-06,1657.36,,,,net_00259,1,2,LOW
Adb54ZrU3nmWaSV4N1SDLEZ5kjWkHyWpZtvPJod7pump,2026-02-14T19:42:03Z,69aiAKU3uJMxMLRkUEGFNt6nQ43PiVimE4ZbErJ7VSM1,1.6573610630e-06,1657.36,,,,net_00314,1,2,LOW
Adb54ZrU3nmWaSV4N1SDLEZ5kjWkHyWpZtvPJod7pump,2026-02-14T19:42:03Z,69aiAKU3uJMxMLRkUEGFNt6nQ43PiVimE4ZbErJ7VSM1,1.6573610630e-06,1657.36,,,,net_00416,1,2,LOW
Adb54ZrU3nmWaSV4N1SDLEZ5kjWkHyWpZtvPJod7pump,2026-02-14T19:42:03Z,69aiAKU3uJMxMLRkUEGFNt6nQ43PiVimE4ZbErJ7VSM1,1.6573610630e-06,1657.36,,,,net_00431,1,2,LOW
Adb54ZrU3nmWaSV4N1SDLEZ5kjWkHyWpZtvPJod7pump,2026-02-14T19:42:03Z,69aiAKU3uJMxMLRkUEGFNt6nQ43PiVimE4ZbErJ7VSM1,1.6573610630e-06,1657.36,,,,net_00789,1,2,LOW
Adb54ZrU3nmWaSV4N1SDLEZ5kjWkHyWpZtvPJod7pump,2026-02-14T19:42:03Z,69aiAKU3uJMxMLRkUEGFNt6nQ43PiVimE4ZbErJ7VSM1,1.6573610630e-06,1657.36,,,,net_00815,1,2,LOW
Adb54ZrU3nmWaSV4N1SDLEZ5kjWkHyWpZtvPJod7pump,2026-02-14T19:42:03Z,69aiAKU3uJMxMLRkUEGFNt6nQ43PiVimE4ZbErJ7VSM1,1.6573610630e-06,1657.36,,,,net_00888,1,2,LOW
Adb54ZrU3nmWaSV4N1SDLEZ5kjWkHyWpZtvPJod7pump,2026-02-14T19:42:03Z,69aiAKU3uJMxMLRkUEGFNt6nQ43PiVimE4ZbErJ7VSM1,1.6573610630e-06,1657.36,,,,net_00994,1,2,LOW
Adb54ZrU3nmWaSV4N1SDLEZ5kjWkHyWpZtvPJod7pump,2026-02-14T19:42:03Z,69aiAKU3uJMxMLRkUEGFNt6nQ43PiVimE4ZbErJ7VSM1,1.6573610630e-06,1657.36,,,,net_00995,1,2,LOW
Adb54ZrU3nmWaSV4N1SDLEZ5kjWkHyWpZtvPJod7pump,2026-02-14T19:42:03Z,69aiAKU3uJMxMLRkUEGFNt6nQ43PiVimE4ZbErJ7VSM1,1.6573610630e-06,1657.36,,,,net_00996,1,2,LOW
Adb54ZrU3nmWaSV4N1SDLEZ5kjWkHyWpZtvPJod7pump,2026-02-14T19:42:03Z,69aiAKU3uJMxMLRkUEGFNt6nQ43PiVimE4ZbErJ7VSM1,1.6573610630e-06,1657.36,,,,net_00997,1,2,LOW
Adb54ZrU3nmWaSV4N1SDLEZ5kjWkHyWpZtvPJod7pump,2026-02-14T19:42:03Z,69aiAKU3uJMxMLRkUEGFNt6nQ43PiVimE4ZbErJ7VSM1,1.6573610630e-06,1657.36,,,,net_00998,1,2,LOW
Adb54ZrU3nmWaSV4N1SDLEZ5kjWkHyWpZtvPJod7pump,2026-02-14T19:42:03Z,69aiAKU3uJMxMLRkUEGFNt6nQ43PiVimE4ZbErJ7VSM1,1.6573610630e-06,1657.36,,,,net_00999,1,2,LOW
Adb54ZrU3nmWaSV4N1SDLEZ5kjWkHyWpZtvPJod7pump,2026-02-14T19:42:03Z,69aiAKU3uJMxMLRkUEGFNt6nQ43PiVimE4ZbErJ7VSM1,1.6573610630e-06,1657.36,,,,net_01000,1,2,LOW
Adb54ZrU3nmWaSV4N1SDLEZ5kjWkHyWpZtvPJod7pump,2026-02-14T19:42:03Z,69aiAKU3uJMxMLRkUEGFNt6nQ43PiVimE4ZbErJ7VSM1,1.6573610630e-06,1657.36,,,,net_01001,1,2,LOW
Adb54ZrU3nmWaSV4N1SDLEZ5kjWkHyWpZtvPJod7pump,2026-02-14T19:42:03Z,69aiAKU3uJMxMLRkUEGFNt6nQ43PiVimE4ZbErJ7VSM1,1.6573610630e-06,1657.36,,,,net_01002,1,2,LOW
Adb54ZrU3nmWaSV4N1SDLEZ5kjWkHyWpZtvPJod7pump,2026-02-14T19:42:03Z,69aiAKU3uJMxMLRkUEGFNt6nQ43PiVimE4ZbErJ7VSM1,1.6573610630e-06,1657.36,,,,net_01003,1,2,LOW
Adb54ZrU3nmWaSV4N1SDLEZ5kjWkHyWpZtvPJod7pump,2026-02-14T19:42:03Z,69aiAKU3uJMxMLRkUEGFNt6nQ43PiVimE4ZbErJ7VSM1,1.6573610630e-06,1657.36,,,,net_01004,1,2,LOW
Adb54ZrU3nmWaSV4N1SDLEZ5kjWkHyWpZtvPJod7pump,2026-02-14T19:42:03Z,69aiAKU3uJMxMLRkUEGFNt6nQ43PiVimE4ZbErJ7VSM1,1.6573610630e-06,1657.36,,,,net_01005,1,2,LOW
Adb54ZrU3nmWaSV4N1SDLEZ5kjWkHyWpZtvPJod7pump,2026-02-14T19:42:03Z,69aiAKU3uJMxMLRkUEGFNt6nQ43PiVimE4ZbErJ7VSM1,1.6573610630e-06,1657.36,,,,net_01006,1,2,LOW
Adb54ZrU3nmWaSV4N1SDLEZ5kjWkHyWpZtvPJod7pump,2026-02-14T19:42:03Z,69aiAKU3uJMxMLRkUEGFNt6nQ43PiVimE4ZbErJ7VSM1,1.6573610630e-06,1657.36,,,,net_01007,1,2,LOW
Adb54ZrU3nmWaSV4N1SDLEZ5kjWkHyWpZtvPJod7pump,2026-02-14T19:42:03Z,69aiAKU3uJMxMLRkUEGFNt6nQ43PiVimE4ZbErJ7VSM1,1.6573610630e-06,1657.36,,,,net_01008,1,2,LOW
Adb54ZrU3nmWaSV4N1SDLEZ5kjWkHyWpZtvPJod7pump,2026-02-14T19:42:03Z,69aiAKU3uJMxMLRkUEGFNt6nQ43PiVimE4ZbErJ7VSM1,1.6573610630e-06,1657.36,,,,net_01009,1,2,LOW
Adb54ZrU3nmWaSV4N1SDLEZ5kjWkHyWpZtvPJod7pump,2026-02-14T19:42:03Z,69aiAKU3uJMxMLRkUEGFNt6nQ43PiVimE4ZbErJ7VSM1,1.6573610630e-06,1657.36,,,,net_01010,1,2,LOW
Adb54ZrU3nmWaSV4N1SDLEZ5kjWkHyWpZtvPJod7pump,2026-02-14T19:42:03Z,69aiAKU3uJMxMLRkUEGFNt6nQ43PiVimE4ZbErJ7VSM1,1.6573610630e-06,1657.36,,,,net_01011,1,2,LOW
Adb54ZrU3nmWaSV4N1SDLEZ5kjWkHyWpZtvPJod7pump,2026-02-14T19:42:03Z,69aiAKU3uJMxMLRkUEGFNt6nQ43PiVimE4ZbErJ7VSM1,1.6573610630e-06,1657.36,,,,net_01012,1,2,LOW
Adb54ZrU3nmWaSV4N1SDLEZ5kjWkHyWpZtvPJod7pump,2026-02-14T19:42:03Z,69aiAKU3uJMxMLRkUEGFNt6nQ43PiVimE4ZbErJ7VSM1,1.6573610630e-06,1657.36,,,,net_01013,1,2,LOW
Adb54ZrU3nmWaSV4N1SDLEZ5kjWkHyWpZtvPJod7pump,2026-02-14T19:42:03Z,69aiAKU3uJMxMLRkUEGFNt6nQ43PiVimE4ZbErJ7VSM1,1.6573610630e-06,1657.36,,,,net_01014,1,2,LOW
Adb54ZrU3nmWaSV4N1SDLEZ5kjWkHyWpZtvPJod7pump,2026-02-14T19:42:03Z,69aiAKU3uJMxMLRkUEGFNt6nQ43PiVimE4ZbErJ7VSM1,1.6573610630e-06,1657.36,,,,net_01015,1,2,LOW
Adb54ZrU3nmWaSV4N1SDLEZ5kjWkHyWpZtvPJod7pump,2026-02-14T19:42:03Z,69aiAKU3uJMxMLRkUEGFNt6nQ43PiVimE4ZbErJ7VSM1,1.6573610630e-06,1657.36,,,,net_01016,1,2,LOW
Adb54ZrU3nmWaSV4N1SDLEZ5kjWkHyWpZtvPJod7pump,2026-02-14T19:42:03Z,69aiAKU3uJMxMLRkUEGFNt6nQ43PiVimE4ZbErJ7VSM1,1.6573610630e-06,1657.36,,,,net_01017,1,2,LOW
Adb54ZrU3nmWaSV4N1SDLEZ5kjWkHyWpZtvPJod7pump,2026-02-14T19:42:03Z,69aiAKU3uJMxMLRkUEGFNt6nQ43PiVimE4ZbErJ7VSM1,1.6573610630e-06,1657.36,,,,net_01018,1,2,LOW
Adb54ZrU3nmWaSV4N1SDLEZ5kjWkHyWpZtvPJod7pump,2026-02-14T19:42:03Z,69aiAKU3uJMxMLRkUEGFNt6nQ43PiVimE4ZbErJ7VSM1,1.6573610630e-06,1657.36,,,,net_01019,1,2,LOW
Adb54ZrU3nmWaSV4N1SDLEZ5kjWkHyWpZtvPJod7pump,2026-02-14T19:42:03Z,69aiAKU3uJMxMLRkUEGFNt6nQ43PiVimE4ZbErJ7VSM1,1.6573610630e-06,1657.36,,,,net_01020,1,2,LOW
Adb54ZrU3nmWaSV4N1SDLEZ5kjWkHyWpZtvPJod7pump,2026-02-14T19:42:03Z,69aiAKU3uJMxMLRkUEGFNt6nQ43PiVimE4ZbErJ7VSM1,1.6573610630e-06,1657.36,,,,net_01021,1,2,LOW
Adb54ZrU3nmWaSV4N1SDLEZ5kjWkHyWpZtvPJod7pump,2026-02-14T19:42:03Z,69aiAKU3uJMxMLRkUEGFNt6nQ43PiVimE4ZbErJ7VSM1,1.6573610630e-06,1657.36,,,,net_01022,1,2,LOW
Adb54ZrU3nmWaSV4N1SDLEZ5kjWkHyWpZtvPJod7pump,2026-02-14T19:42:03Z,69aiAKU3uJMxMLRkUEGFNt6nQ43PiVimE4ZbErJ7VSM1,1.6573610630e-06,1657.36,,,,net_01023,1,2,LOW
Adb54ZrU3nmWaSV4N1SDLEZ5kjWkHyWpZtvPJod7pump,2026-02-14T19:42:03Z,69aiAKU3uJMxMLRkUEGFNt6nQ43PiVimE4ZbErJ7VSM1,1.6573610630e-06,1657.36,,,,net_01024,1,2,LOW
Adb54ZrU3nmWaSV4N1SDLEZ5kjWkHyWpZtvPJod7pump,2026-02-14T19:42:03Z,69aiAKU3uJMxMLRkUEGFNt6nQ43PiVimE4ZbErJ7VSM1,1.6573610630e-06,1657.36,,,,net_01025,1,2,LOW
Adb54ZrU3nmWaSV4N1SDLEZ5kjWkHyWpZtvPJod7pump,2026-02-14T19:42:03Z,69aiAKU3uJMxMLRkUEGFNt6nQ43PiVimE4ZbErJ7VSM1,1.6573610630e-06,1657.36,,,,net_01026,1,2,LOW
Adb54ZrU3nmWaSV4N1SDLEZ5kjWkHyWpZtvPJod7pump,2026-02-14T19:42:03Z,69aiAKU3uJMxMLRkUEGFNt6nQ43PiVimE4ZbErJ7VSM1,1.6573610630e-06,1657.36,,,,net_01027,1,2,LOW
Adb54ZrU3nmWaSV4N1SDLEZ5kjWkHyWpZtvPJod7pump,2026-02-14T19:42:03Z,69aiAKU3uJMxMLRkUEGFNt6nQ43PiVimE4ZbErJ7VSM1,1.6573610630e-06,1657.36,,,,net_01028,1,2,LOW
Adb54ZrU3nmWaSV4N1SDLEZ5kjWkHyWpZtvPJod7pump,2026-02-14T19:42:03Z,69aiAKU3uJMxMLRkUEGFNt6nQ43PiVimE4ZbErJ7VSM1,1.6573610630e-06,1657.36,,,,net_01029,1,2,LOW
Adb54ZrU3nmWaSV4N1SDLEZ5kjWkHyWpZtvPJod7pump,2026-02-14T19:42:03Z,69aiAKU3uJMxMLRkUEGFNt6nQ43PiVimE4ZbErJ7VSM1,1.6573610630e-06,1657.36,,,,net_01030,1,2,LOW
Adb54ZrU3nmWaSV4N1SDLEZ5kjWkHyWpZtvPJod7pump,2026-02-14T19:42:03Z,69aiAKU3uJMxMLRkUEGFNt6nQ43PiVimE4ZbErJ7VSM1,1.6573610630e-06,1657.36,,,,net_01031,1,2,LOW
Adb54ZrU3nmWaSV4N1SDLEZ5kjWkHyWpZtvPJod7pump,2026-02-14T19:42:03Z,69aiAKU3uJMxMLRkUEGFNt6nQ43PiVimE4ZbErJ7VSM1,1.6573610630e-06,1657.36,,,,net_01032,1,2,LOW
Adb54ZrU3nmWaSV4N1SDLEZ5kjWkHyWpZtvPJod7pump,2026-02-14T19:42:03Z,69aiAKU3uJMxMLRkUEGFNt6nQ43PiVimE4ZbErJ7VSM1,1.6573610630e-06,1657.36,,,,net_01033,1,2,LOW
Adb54ZrU3nmWaSV4N1SDLEZ5kjWkHyWpZtvPJod7pump,2026-02-14T19:42:03Z,69aiAKU3uJMxMLRkUEGFNt6nQ43PiVimE4ZbErJ7VSM1,1.6573610630e-06,1657.36,,,,net_01034,1,2,LOW
Adb54ZrU3nmWaSV4N1SDLEZ5kjWkHyWpZtvPJod7pump,2026-02-14T19:42:03Z,69aiAKU3uJMxMLRkUEGFNt6nQ43PiVimE4ZbErJ7VSM1,1.6573610630e-06,1657.36,,,,net_01035,1,2,LOW
Adb54ZrU3nmWaSV4N1SDLEZ5kjWkHyWpZtvPJod7pump,2026-02-14T19:42:03Z,69aiAKU3uJMxMLRkUEGFNt6nQ43PiVimE4ZbErJ7VSM1,1.6573610630e-06,1657.36,,,,net_01036,1,2,LOW
Adb54ZrU3nmWaSV4N1SDLEZ5kjWkHyWpZtvPJod7pump,2026-02-14T19:42:03Z,69aiAKU3uJMxMLRkUEGFNt6nQ43PiVimE4ZbErJ7VSM1,1.6573610630e-06,1657.36,,,,net_01037,1,2,LOW
Adb54ZrU3nmWaSV4N1SDLEZ5kjWkHyWpZtvPJod7pump,2026-02-14T19:42:03Z,69aiAKU3uJMxMLRkUEGFNt6nQ43PiVimE4ZbErJ7VSM1,1.6573610630e-06,1657.36,,,,net_01038,1,2,LOW
Adb54ZrU3nmWaSV4N1SDLEZ5kjWkHyWpZtvPJod7pump,2026-02-14T19:42:03Z,69aiAKU3uJMxMLRkUEGFNt6nQ43PiVimE4ZbErJ7VSM1,1.6573610630e-06,1657.36,,,,net_01039,1,2,LOW
Adb54ZrU3nmWaSV4N1SDLEZ5kjWkHyWpZtvPJod7pump,2026-02-14T19:42:03Z,69aiAKU3uJMxMLRkUEGFNt6nQ43PiVimE4ZbErJ7VSM1,1.6573610630e-06,1657.36,,,,net_01040,1,2,LOW
Adb54ZrU3nmWaSV4N1SDLEZ5kjWkHyWpZtvPJod7pump,2026-02-14T19:42:03Z,69aiAKU3uJMxMLRkUEGFNt6nQ43PiVimE4ZbErJ7VSM1,1.6573610630e-06,1657.36,,,,net_01041,1,2,LOW
Adb54ZrU3nmWaSV4N1SDLEZ5kjWkHyWpZtvPJod7pump,2026-02-14T19:42:03Z,69aiAKU3uJMxMLRkUEGFNt6nQ43PiVimE4ZbErJ7VSM1,1.6573610630e-06,1657.36,,,,net_01042,1,2,LOW
Adb54ZrU3nmWaSV4N1SDLEZ5kjWkHyWpZtvPJod7pump,2026-02-14T19:42:03Z,69aiAKU3uJMxMLRkUEGFNt6nQ43PiVimE4ZbErJ7VSM1,1.6573610630e-06,1657.36,,,,net_01043,1,2,LOW
Adb54ZrU3nmWaSV4N1SDLEZ5kjWkHyWpZtvPJod7pump,2026-02-14T19:42:03Z,69aiAKU3uJMxMLRkUEGFNt6nQ43PiVimE4ZbErJ7VSM1,1.6573610630e-06,1657.36,,,,net_01044,1,2,LOW
Adb54ZrU3nmWaSV4N1SDLEZ5kjWkHyWpZtvPJod7pump,2026-02-14T19:42:03Z,69aiAKU3uJMxMLRkUEGFNt6nQ43PiVimE4ZbErJ7VSM1,1.6573610630e-06,1657.36,,,,net_01045,1,2,LOW
Adb54ZrU3nmWaSV4N1SDLEZ5kjWkHyWpZtvPJod7pump,2026-02-14T19:42:03Z,69aiAKU3uJMxMLRkUEGFNt6nQ43PiVimE4ZbErJ7VSM1,1.6573610630e-06,1657.36,,,,net_01046,1,2,LOW
HggGbF2Kygfq4bwL9cNguZ2CrMhBmVnXHS8CVoKCx6bj,2026-02-14T19:41:08Z,2M8sKxmx38GpJE2fK3WuLf44bHVZWfcRJeekJY22DQWT,8.3144810424e-10,0.83,,,,net_00037,42,17,MEDIUM
367nFQiNemxPddfQmKmGSyRQwumbGaxmNefVkvUEpump,2026-02-14T19:39:29Z,G9E6fSTmu1MN26W4FxpxWLqpiGVTnC6bRtWY2hQuYnXA,4.4874645978e-09,4.49,,,,NONE,0,0,NONE
2xKHXyx8ptdf9Dj6JbsqSqnpJxycnna4x1CWvSRBpump,2026-02-14T19:25:44Z,F9MYtCD6hhEesCJ12zkFYiQtznvjVaqYM8T4MjGCXMkG,,,,,,NONE,0,0,NONE
Gh2NaF4kWoz9iqhhAff5fbjPLDTUxchY2aCFR6Nvpump,2026-02-14T19:25:44Z,HRV512AYkkxhHpcERBN2x8Xf2mGksPFavwfAr22XSrGb,3.6855814193e-07,368.56,,,,net_00200,1,2,LOW
Gh2NaF4kWoz9iqhhAff5fbjPLDTUxchY2aCFR6Nvpump,2026-02-14T19:25:44Z,HRV512AYkkxhHpcERBN2x8Xf2mGksPFavwfAr22XSrGb,3.6855814193e-07,368.56,,,,net_00280,1,6,MEDIUM
Gh2NaF4kWoz9iqhhAff5fbjPLDTUxchY2aCFR6Nvpump,2026-02-14T19:25:44Z,HRV512AYkkxhHpcERBN2x8Xf2mGksPFavwfAr22XSrGb,3.6855814193e-07,368.56,,,,net_00588,1,3,LOW
Gh2NaF4kWoz9iqhhAff5fbjPLDTUxchY2aCFR6Nvpump,2026-02-14T19:25:44Z,HRV512AYkkxhHpcERBN2x8Xf2mGksPFavwfAr22XSrGb,3.6855814193e-07,368.56,,,,net_00636,1,3,LOW
EyAbsFUpgRgw14ca1YFYioToF3UV64WLsj1iNZc8pump,2026-02-14T19:24:13Z,55JhuznSDLL7aRTud5bsLcfSk3a7ZoX1AgnLiVkZTMin,1.7100770832e-09,1.71,,,,NONE,0,0,NONE
7r2pqB8y6guBo9aT9TkiwbefkTBVJQWaJYQ7Urjzpump,2026-02-14T19:12:52Z,Fdn4iKtX4Z1FjaoPyMnig9FEVJxmc2qLnTjLcE2RUvpD,6.1129503455e-08,61.13,,,,NONE,0,0,NONE
EYuV7N6i5TEd1zxk1dygkx4wjaAKWEUix9QGii3v53pP,2026-02-14T19:05:16Z,4CACkyfE7TDHFLRevxc4uTyE6xbmZYxCWAvBcSFQCwfG,2.7637221547e-12,0.00,,,,NONE,0,0,NONE
2z1GvJZY1Zb6X1n8xqvQ2jm1xTDrEvoMgDow7A2Apump,2026-02-14T18:58:55Z,H9kQhyq2Y9ApGpyHGXEu2GtaUBck63E55UWxY3nUTJgp,4.9783969749e-10,0.50,,,,NONE,0,0,NONE
5GG2z9esKhZ7bmvQMGHC4w4fxvBYkYgSwNjaQaeCzTLT,2026-02-14T18:58:18Z,GeUnv1jmtviRbR7Gu1JnXSGkUMUgFVBHuEVQVpTaUX1W,2.0171007959e-08,20.17,,,,NONE,0,0,NONE
5VNemr4Hg9sVw3gnpZ4Nfb4CYM8M4jzdSq8WEkspump,2026-02-14T18:43:12Z,DWnWudXPK6bAB35A5aqBFLZ6KsAToLeo37d7RgEjhcqJ,1.7996696398e-10,0.18,,,,NONE,0,0,NONE
HtBwpMiQ66dkNEyd6B1ewXc1TLqNJoArKcf3nghCpump,2026-02-14T18:40:49Z,DLttLWCFYNcQvisdwnHWRseqDLkG43mmMAmweN2ZWchn,1.8510322620e-07,185.10,,,,NONE,0,0,NONE
2wP76beSJ8NB8bgFEkZkQCGtWErxqkxTYEGjx9jYpump,2026-02-14T18:39:24Z,JCyz5yDnKWNBUfzeRYmesqk4n8m6BDNW38Pd4c2opAEE,1.7795822414e-09,1.78,,,,NONE,0,0,NONE
6o9RKU8nstPW4NsuRT4JMsbpAPXLaz84NPGhwogbpump,2026-02-14T18:30:19Z,LmczgMyMde4fQ71R5SdFnR6KJLwBQGhdwf63agjHVng,4.2859502080e-08,42.86,,,,net_00124,14,36,HIGH
EGxDoKqshU48e5vn9QYpmrhStbX2TL25Vh2oLbsXpump,2026-02-14T18:13:27Z,7ZL8SaB9zs8MCcbi6vHBqBRFP1m1TrzWpobMztZPz5RG,5.2980000000e-06,5298.60,,,,net_00526,35,9,MEDIUM
AkE12CtDL5dqnx7xEGiFz9EYGm1ToBPupq4mmFqGpump,2026-02-14T18:07:08Z,7B7futgoJf1MPDW4jYT9HBvVBjpTPQ3GkNCs5KkWdLEW,3.0160000000e-05,30167.25,,,,NONE,0,0,NONE
49z9cTA2mqKUXJzY8wpWpNBhJq1F2zcz5hKguap1kJ7w,2026-02-14T18:05:34Z,bwamJzztZsepfkteWRChggmXuiiCQvpLqPietdNfSXa,1.2940000000e-05,12944.00,,,,net_00031,22,12,MEDIUM
49z9cTA2mqKUXJzY8wpWpNBhJq1F2zcz5hKguap1kJ7w,2026-02-14T18:05:34Z,bwamJzztZsepfkteWRChggmXuiiCQvpLqPietdNfSXa,1.2940000000e-05,12944.00,,,,net_00305,1,2,LOW
49z9cTA2mqKUXJzY8wpWpNBhJq1F2zcz5hKguap1kJ7w,2026-02-14T18:05:34Z,bwamJzztZsepfkteWRChggmXuiiCQvpLqPietdNfSXa,1.2940000000e-05,12944.00,,,,net_00330,1,2,LOW
49z9cTA2mqKUXJzY8wpWpNBhJq1F2zcz5hKguap1kJ7w,2026-02-14T18:05:34Z,bwamJzztZsepfkteWRChggmXuiiCQvpLqPietdNfSXa,1.2940000000e-05,12944.00,,,,net_00482,1,5,LOW
49z9cTA2mqKUXJzY8wpWpNBhJq1F2zcz5hKguap1kJ7w,2026-02-14T18:05:34Z,bwamJzztZsepfkteWRChggmXuiiCQvpLqPietdNfSXa,1.2940000000e-05,12944.00,,,,net_00485,1,3,LOW
49z9cTA2mqKUXJzY8wpWpNBhJq1F2zcz5hKguap1kJ7w,2026-02-14T18:05:34Z,bwamJzztZsepfkteWRChggmXuiiCQvpLqPietdNfSXa,1.2940000000e-05,12944.00,,,,net_00524,1,2,LOW
49z9cTA2mqKUXJzY8wpWpNBhJq1F2zcz5hKguap1kJ7w,2026-02-14T18:05:34Z,bwamJzztZsepfkteWRChggmXuiiCQvpLqPietdNfSXa,1.2940000000e-05,12944.00,,,,net_00744,1,4,LOW
49z9cTA2mqKUXJzY8wpWpNBhJq1F2zcz5hKguap1kJ7w,2026-02-14T18:05:34Z,bwamJzztZsepfkteWRChggmXuiiCQvpLqPietdNfSXa,1.2940000000e-05,12944.00,,,,net_00747,1,2,LOW
49z9cTA2mqKUXJzY8wpWpNBhJq1F2zcz5hKguap1kJ7w,2026-02-14T18:05:34Z,bwamJzztZsepfkteWRChggmXuiiCQvpLqPietdNfSXa,1.2940000000e-05,12944.00,,,,net_00831,1,2,LOW
49z9cTA2mqKUXJzY8wpWpNBhJq1F2zcz5hKguap1kJ7w,2026-02-14T18:05:34Z,bwamJzztZsepfkteWRChggmXuiiCQvpLqPietdNfSXa,1.2940000000e-05,12944.00,,,,net_00955,1,2,LOW
49z9cTA2mqKUXJzY8wpWpNBhJq1F2zcz5hKguap1kJ7w,2026-02-14T18:05:34Z,bwamJzztZsepfkteWRChggmXuiiCQvpLqPietdNfSXa,1.2940000000e-05,12944.00,,,,net_01082,1,5,LOW
5grtdZLkuRdzCgNHJK5ZH78oZeVFz69dFNUuQNvBrQW3,2026-02-14T18:05:19Z,FgifQEkRkSSXZjf2cJ4c55BhVts2yrNKzmzBLLyicg8b,,,,,,net_00037,42,17,MEDIUM
5grtdZLkuRdzCgNHJK5ZH78oZeVFz69dFNUuQNvBrQW3,2026-02-14T18:05:19Z,FgifQEkRkSSXZjf2cJ4c55BhVts2yrNKzmzBLLyicg8b,,,,,,net_00050,1,2,LOW
5grtdZLkuRdzCgNHJK5ZH78oZeVFz69dFNUuQNvBrQW3,2026-02-14T18:05:19Z,FgifQEkRkSSXZjf2cJ4c55BhVts2yrNKzmzBLLyicg8b,,,,,,net_00098,1,4,LOW
5grtdZLkuRdzCgNHJK5ZH78oZeVFz69dFNUuQNvBrQW3,2026-02-14T18:05:19Z,FgifQEkRkSSXZjf2cJ4c55BhVts2yrNKzmzBLLyicg8b,,,,,,net_00166,1,3,LOW
5grtdZLkuRdzCgNHJK5ZH78oZeVFz69dFNUuQNvBrQW3,2026-02-14T18:05:19Z,FgifQEkRkSSXZjf2cJ4c55BhVts2yrNKzmzBLLyicg8b,,,,,,net_00558,1,3,LOW
5grtdZLkuRdzCgNHJK5ZH78oZeVFz69dFNUuQNvBrQW3,2026-02-14T18:05:19Z,FgifQEkRkSSXZjf2cJ4c55BhVts2yrNKzmzBLLyicg8b,,,,,,net_00616,1,2,LOW
5grtdZLkuRdzCgNHJK5ZH78oZeVFz69dFNUuQNvBrQW3,2026-02-14T18:05:19Z,FgifQEkRkSSXZjf2cJ4c55BhVts2yrNKzmzBLLyicg8b,,,,,,net_00631,1,3,LOW
EtdsWRPxUXzUUBEXQqtJ7UWmaRM7bddGZokq2ZFTvCbG,2026-02-14T17:57:29Z,9Zu8AigeXgFAajBTni2VWw6Wmz7XxDqHmY5nQwdCWAyY,1.2284457053e-07,122.84,,,,net_00028,38,11,MEDIUM
EtdsWRPxUXzUUBEXQqtJ7UWmaRM7bddGZokq2ZFTvCbG,2026-02-14T17:57:29Z,9Zu8AigeXgFAajBTni2VWw6Wmz7XxDqHmY5nQwdCWAyY,1.2284457053e-07,122.84,,,,net_00116,1,2,LOW
EtdsWRPxUXzUUBEXQqtJ7UWmaRM7bddGZokq2ZFTvCbG,2026-02-14T17:57:29Z,9Zu8AigeXgFAajBTni2VWw6Wmz7XxDqHmY5nQwdCWAyY,1.2284457053e-07,122.84,,,,net_00343,1,2,LOW
EtdsWRPxUXzUUBEXQqtJ7UWmaRM7bddGZokq2ZFTvCbG,2026-02-14T17:57:29Z,9Zu8AigeXgFAajBTni2VWw6Wmz7XxDqHmY5nQwdCWAyY,1.2284457053e-07,122.84,,,,net_00357,1,2,LOW
EtdsWRPxUXzUUBEXQqtJ7UWmaRM7bddGZokq2ZFTvCbG,2026-02-14T17:57:29Z,9Zu8AigeXgFAajBTni2VWw6Wmz7XxDqHmY5nQwdCWAyY,1.2284457053e-07,122.84,,,,net_00361,1,2,LOW
EtdsWRPxUXzUUBEXQqtJ7UWmaRM7bddGZokq2ZFTvCbG,2026-02-14T17:57:29Z,9Zu8AigeXgFAajBTni2VWw6Wmz7XxDqHmY5nQwdCWAyY,1.2284457053e-07,122.84,,,,net_00470,1,2,LOW
EtdsWRPxUXzUUBEXQqtJ7UWmaRM7bddGZokq2ZFTvCbG,2026-02-14T17:57:29Z,9Zu8AigeXgFAajBTni2VWw6Wmz7XxDqHmY5nQwdCWAyY,1.2284457053e-07,122.84,,,,net_00477,1,2,LOW
EtdsWRPxUXzUUBEXQqtJ7UWmaRM7bddGZokq2ZFTvCbG,2026-02-14T17:57:29Z,9Zu8AigeXgFAajBTni2VWw6Wmz7XxDqHmY5nQwdCWAyY,1.2284457053e-07,122.84,,,,net_00641,1,2,LOW
EtdsWRPxUXzUUBEXQqtJ7UWmaRM7bddGZokq2ZFTvCbG,2026-02-14T17:57:29Z,9Zu8AigeXgFAajBTni2VWw6Wmz7XxDqHmY5nQwdCWAyY,1.2284457053e-07,122.84,,,,net_00894,1,2,LOW
EtdsWRPxUXzUUBEXQqtJ7UWmaRM7bddGZokq2ZFTvCbG,2026-02-14T17:57:29Z,9Zu8AigeXgFAajBTni2VWw6Wmz7XxDqHmY5nQwdCWAyY,1.2284457053e-07,122.84,,,,net_00955,1,2,LOW
4Yy8Mv7oXmym3CVC8d7ENsVRpudMNxLnuR8Afktppump,2026-02-14T17:49:40Z,FAicXNV5FVqtfbpn4Zccs71XcfGeyxBSGbqLDyDJZjke,1.1780749974e-07,117.81,,,,net_00811,1,2,LOW
FVT1Cakh8CtYAXWWvF882WiN7wRUoFgcnVHaLLKapump,2026-02-14T17:47:14Z,69aiAKU3uJMxMLRkUEGFNt6nQ43PiVimE4ZbErJ7VSM1,1.6686342287e-07,166.86,,,,net_00004,1,2,LOW
FVT1Cakh8CtYAXWWvF882WiN7wRUoFgcnVHaLLKapump,2026-02-14T17:47:14Z,69aiAKU3uJMxMLRkUEGFNt6nQ43PiVimE4ZbErJ7VSM1,1.6686342287e-07,166.86,,,,net_00009,1,2,LOW
FVT1Cakh8CtYAXWWvF882WiN7wRUoFgcnVHaLLKapump,2026-02-14T17:47:14Z,69aiAKU3uJMxMLRkUEGFNt6nQ43PiVimE4ZbErJ7VSM1,1.6686342287e-07,166.86,,,,net_00084,1,7,MEDIUM
FVT1Cakh8CtYAXWWvF882WiN7wRUoFgcnVHaLLKapump,2026-02-14T17:47:14Z,69aiAKU3uJMxMLRkUEGFNt6nQ43PiVimE4ZbErJ7VSM1,1.6686342287e-07,166.86,,,,net_00088,1,3,LOW
FVT1Cakh8CtYAXWWvF882WiN7wRUoFgcnVHaLLKapump,2026-02-14T17:47:14Z,69aiAKU3uJMxMLRkUEGFNt6nQ43PiVimE4ZbErJ7VSM1,1.6686342287e-07,166.86,,,,net_00100,1,2,LOW
FVT1Cakh8CtYAXWWvF882WiN7wRUoFgcnVHaLLKapump,2026-02-14T17:47:14Z,69aiAKU3uJMxMLRkUEGFNt6nQ43PiVimE4ZbErJ7VSM1,1.6686342287e-07,166.86,,,,net_00175,1,2,LOW
FVT1Cakh8CtYAXWWvF882WiN7wRUoFgcnVHaLLKapump,2026-02-14T17:47:14Z,69aiAKU3uJMxMLRkUEGFNt6nQ43PiVimE4ZbErJ7VSM1,1.6686342287e-07,166.86,,,,net_00194,1,6,MEDIUM
FVT1Cakh8CtYAXWWvF882WiN7wRUoFgcnVHaLLKapump,2026-02-14T17:47:14Z,69aiAKU3uJMxMLRkUEGFNt6nQ43PiVimE4ZbErJ7VSM1,1.6686342287e-07,166.86,,,,net_00237,1,3,LOW
FVT1Cakh8CtYAXWWvF882WiN7wRUoFgcnVHaLLKapump,2026-02-14T17:47:14Z,69aiAKU3uJMxMLRkUEGFNt6nQ43PiVimE4ZbErJ7VSM1,1.6686342287e-07,166.86,,,,net_00244,1,2,LOW
FVT1Cakh8CtYAXWWvF882WiN7wRUoFgcnVHaLLKapump,2026-02-14T17:47:14Z,69aiAKU3uJMxMLRkUEGFNt6nQ43PiVimE4ZbErJ7VSM1,1.6686342287e-07,166.86,,,,net_00259,1,2,LOW
FVT1Cakh8CtYAXWWvF882WiN7wRUoFgcnVHaLLKapump,2026-02-14T17:47:14Z,69aiAKU3uJMxMLRkUEGFNt6nQ43PiVimE4ZbErJ7VSM1,1.6686342287e-07,166.86,,,,net_00314,1,2,LOW
FVT1Cakh8CtYAXWWvF882WiN7wRUoFgcnVHaLLKapump,2026-02-14T17:47:14Z,69aiAKU3uJMxMLRkUEGFNt6nQ43PiVimE4ZbErJ7VSM1,1.6686342287e-07,166.86,,,,net_00416,1,2,LOW
FVT1Cakh8CtYAXWWvF882WiN7wRUoFgcnVHaLLKapump,2026-02-14T17:47:14Z,69aiAKU3uJMxMLRkUEGFNt6nQ43PiVimE4ZbErJ7VSM1,1.6686342287e-07,166.86,,,,net_00431,1,2,LOW
FVT1Cakh8CtYAXWWvF882WiN7wRUoFgcnVHaLLKapump,2026-02-14T17:47:14Z,69aiAKU3uJMxMLRkUEGFNt6nQ43PiVimE4ZbErJ7VSM1,1.6686342287e-07,166.86,,,,net_00789,1,2,LOW
FVT1Cakh8CtYAXWWvF882WiN7wRUoFgcnVHaLLKapump,2026-02-14T17:47:14Z,69aiAKU3uJMxMLRkUEGFNt6nQ43PiVimE4ZbErJ7VSM1,1.6686342287e-07,166.86,,,,net_00815,1,2,LOW
FVT1Cakh8CtYAXWWvF882WiN7wRUoFgcnVHaLLKapump,2026-02-14T17:47:14Z,69aiAKU3uJMxMLRkUEGFNt6nQ43PiVimE4ZbErJ7VSM1,1.6686342287e-07,166.86,,,,net_00888,1,2,LOW
FVT1Cakh8CtYAXWWvF882WiN7wRUoFgcnVHaLLKapump,2026-02-14T17:47:14Z,69aiAKU3uJMxMLRkUEGFNt6nQ43PiVimE4ZbErJ7VSM1,1.6686342287e-07,166.86,,,,net_00994,1,2,LOW
FVT1Cakh8CtYAXWWvF882WiN7wRUoFgcnVHaLLKapump,2026-02-14T17:47:14Z,69aiAKU3uJMxMLRkUEGFNt6nQ43PiVimE4ZbErJ7VSM1,1.6686342287e-07,166.86,,,,net_00995,1,2,LOW
FVT1Cakh8CtYAXWWvF882WiN7wRUoFgcnVHaLLKapump,2026-02-14T17:47:14Z,69aiAKU3uJMxMLRkUEGFNt6nQ43PiVimE4ZbErJ7VSM1,1.6686342287e-07,166.86,,,,net_00996,1,2,LOW
FVT1Cakh8CtYAXWWvF882WiN7wRUoFgcnVHaLLKapump,2026-02-14T17:47:14Z,69aiAKU3uJMxMLRkUEGFNt6nQ43PiVimE4ZbErJ7VSM1,1.6686342287e-07,166.86,,,,net_00997,1,2,LOW
FVT1Cakh8CtYAXWWvF882WiN7wRUoFgcnVHaLLKapump,2026-02-14T17:47:14Z,69aiAKU3uJMxMLRkUEGFNt6nQ43PiVimE4ZbErJ7VSM1,1.6686342287e-07,166.86,,,,net_00998,1,2,LOW
FVT1Cakh8CtYAXWWvF882WiN7wRUoFgcnVHaLLKapump,2026-02-14T17:47:14Z,69aiAKU3uJMxMLRkUEGFNt6nQ43PiVimE4ZbErJ7VSM1,1.6686342287e-07,166.86,,,,net_00999,1,2,LOW
FVT1Cakh8CtYAXWWvF882WiN7wRUoFgcnVHaLLKapump,2026-02-14T17:47:14Z,69aiAKU3uJMxMLRkUEGFNt6nQ43PiVimE4ZbErJ7VSM1,1.6686342287e-07,166.86,,,,net_01000,1,2,LOW
FVT1Cakh8CtYAXWWvF882WiN7wRUoFgcnVHaLLKapump,2026-02-14T17:47:14Z,69aiAKU3uJMxMLRkUEGFNt6nQ43PiVimE4ZbErJ7VSM1,1.6686342287e-07,166.86,,,,net_01001,1,2,LOW
FVT1Cakh8CtYAXWWvF882WiN7wRUoFgcnVHaLLKapump,2026-02-14T17:47:14Z,69aiAKU3uJMxMLRkUEGFNt6nQ43PiVimE4ZbErJ7VSM1,1.6686342287e-07,166.86,,,,net_01002,1,2,LOW
FVT1Cakh8CtYAXWWvF882WiN7wRUoFgcnVHaLLKapump,2026-02-14T17:47:14Z,69aiAKU3uJMxMLRkUEGFNt6nQ43PiVimE4ZbErJ7VSM1,1.6686342287e-07,166.86,,,,net_01003,1,2,LOW
FVT1Cakh8CtYAXWWvF882WiN7wRUoFgcnVHaLLKapump,2026-02-14T17:47:14Z,69aiAKU3uJMxMLRkUEGFNt6nQ43PiVimE4ZbErJ7VSM1,1.6686342287e-07,166.86,,,,net_01004,1,2,LOW
FVT1Cakh8CtYAXWWvF882WiN7wRUoFgcnVHaLLKapump,2026-02-14T17:47:14Z,69aiAKU3uJMxMLRkUEGFNt6nQ43PiVimE4ZbErJ7VSM1,1.6686342287e-07,166.86,,,,net_01005,1,2,LOW
FVT1Cakh8CtYAXWWvF882WiN7wRUoFgcnVHaLLKapump,2026-02-14T17:47:14Z,69aiAKU3uJMxMLRkUEGFNt6nQ43PiVimE4ZbErJ7VSM1,1.6686342287e-07,166.86,,,,net_01006,1,2,LOW
FVT1Cakh8CtYAXWWvF882WiN7wRUoFgcnVHaLLKapump,2026-02-14T17:47:14Z,69aiAKU3uJMxMLRkUEGFNt6nQ43PiVimE4ZbErJ7VSM1,1.6686342287e-07,166.86,,,,net_01007,1,2,LOW
FVT1Cakh8CtYAXWWvF882WiN7wRUoFgcnVHaLLKapump,2026-02-14T17:47:14Z,69aiAKU3uJMxMLRkUEGFNt6nQ43PiVimE4ZbErJ7VSM1,1.6686342287e-07,166.86,,,,net_01008,1,2,LOW
FVT1Cakh8CtYAXWWvF882WiN7wRUoFgcnVHaLLKapump,2026-02-14T17:47:14Z,69aiAKU3uJMxMLRkUEGFNt6nQ43PiVimE4ZbErJ7VSM1,1.6686342287e-07,166.86,,,,net_01009,1,2,LOW
FVT1Cakh8CtYAXWWvF882WiN7wRUoFgcnVHaLLKapump,2026-02-14T17:47:14Z,69aiAKU3uJMxMLRkUEGFNt6nQ43PiVimE4ZbErJ7VSM1,1.6686342287e-07,166.86,,,,net_01010,1,2,LOW
FVT1Cakh8CtYAXWWvF882WiN7wRUoFgcnVHaLLKapump,2026-02-14T17:47:14Z,69aiAKU3uJMxMLRkUEGFNt6nQ43PiVimE4ZbErJ7VSM1,1.6686342287e-07,166.86,,,,net_01011,1,2,LOW
FVT1Cakh8CtYAXWWvF882WiN7wRUoFgcnVHaLLKapump,2026-02-14T17:47:14Z,69aiAKU3uJMxMLRkUEGFNt6nQ43PiVimE4ZbErJ7VSM1,1.6686342287e-07,166.86,,,,net_01012,1,2,LOW
FVT1Cakh8CtYAXWWvF882WiN7wRUoFgcnVHaLLKapump,2026-02-14T17:47:14Z,69aiAKU3uJMxMLRkUEGFNt6nQ43PiVimE4ZbErJ7VSM1,1.6686342287e-07,166.86,,,,net_01013,1,2,LOW
FVT1Cakh8CtYAXWWvF882WiN7wRUoFgcnVHaLLKapump,2026-02-14T17:47:14Z,69aiAKU3uJMxMLRkUEGFNt6nQ43PiVimE4ZbErJ7VSM1,1.6686342287e-07,166.86,,,,net_01014,1,2,LOW
FVT1Cakh8CtYAXWWvF882WiN7wRUoFgcnVHaLLKapump,2026-02-14T17:47:14Z,69aiAKU3uJMxMLRkUEGFNt6nQ43PiVimE4ZbErJ7VSM1,1.6686342287e-07,166.86,,,,net_01015,1,2,LOW
FVT1Cakh8CtYAXWWvF882WiN7wRUoFgcnVHaLLKapump,2026-02-14T17:47:14Z,69aiAKU3uJMxMLRkUEGFNt6nQ43PiVimE4ZbErJ7VSM1,1.6686342287e-07,166.86,,,,net_01016,1,2,LOW
FVT1Cakh8CtYAXWWvF882WiN7wRUoFgcnVHaLLKapump,2026-02-14T17:47:14Z,69aiAKU3uJMxMLRkUEGFNt6nQ43PiVimE4ZbErJ7VSM1,1.6686342287e-07,166.86,,,,net_01017,1,2,LOW
FVT1Cakh8CtYAXWWvF882WiN7wRUoFgcnVHaLLKapump,2026-02-14T17:47:14Z,69aiAKU3uJMxMLRkUEGFNt6nQ43PiVimE4ZbErJ7VSM1,1.6686342287e-07,166.86,,,,net_01018,1,2,LOW
FVT1Cakh8CtYAXWWvF882WiN7wRUoFgcnVHaLLKapump,2026-02-14T17:47:14Z,69aiAKU3uJMxMLRkUEGFNt6nQ43PiVimE4ZbErJ7VSM1,1.6686342287e-07,166.86,,,,net_01019,1,2,LOW
FVT1Cakh8CtYAXWWvF882WiN7wRUoFgcnVHaLLKapump,2026-02-14T17:47:14Z,69aiAKU3uJMxMLRkUEGFNt6nQ43PiVimE4ZbErJ7VSM1,1.6686342287e-07,166.86,,,,net_01020,1,2,LOW
FVT1Cakh8CtYAXWWvF882WiN7wRUoFgcnVHaLLKapump,2026-02-14T17:47:14Z,69aiAKU3uJMxMLRkUEGFNt6nQ43PiVimE4ZbErJ7VSM1,1.6686342287e-07,166.86,,,,net_01021,1,2,LOW
FVT1Cakh8CtYAXWWvF882WiN7wRUoFgcnVHaLLKapump,2026-02-14T17:47:14Z,69aiAKU3uJMxMLRkUEGFNt6nQ43PiVimE4ZbErJ7VSM1,1.6686342287e-07,166.86,,,,net_01022,1,2,LOW
FVT1Cakh8CtYAXWWvF882WiN7wRUoFgcnVHaLLKapump,2026-02-14T17:47:14Z,69aiAKU3uJMxMLRkUEGFNt6nQ43PiVimE4ZbErJ7VSM1,1.6686342287e-07,166.86,,,,net_01023,1,2,LOW
FVT1Cakh8CtYAXWWvF882WiN7wRUoFgcnVHaLLKapump,2026-02-14T17:47:14Z,69aiAKU3uJMxMLRkUEGFNt6nQ43PiVimE4ZbErJ7VSM1,1.6686342287e-07,166.86,,,,net_01024,1,2,LOW
FVT1Cakh8CtYAXWWvF882WiN7wRUoFgcnVHaLLKapump,2026-02-14T17:47:14Z,69aiAKU3uJMxMLRkUEGFNt6nQ43PiVimE4ZbErJ7VSM1,1.6686342287e-07,166.86,,,,net_01025,1,2,LOW
FVT1Cakh8CtYAXWWvF882WiN7wRUoFgcnVHaLLKapump,2026-02-14T17:47:14Z,69aiAKU3uJMxMLRkUEGFNt6nQ43PiVimE4ZbErJ7VSM1,1.6686342287e-07,166.86,,,,net_01026,1,2,LOW
FVT1Cakh8CtYAXWWvF882WiN7wRUoFgcnVHaLLKapump,2026-02-14T17:47:14Z,69aiAKU3uJMxMLRkUEGFNt6nQ43PiVimE4ZbErJ7VSM1,1.6686342287e-07,166.86,,,,net_01027,1,2,LOW
FVT1Cakh8CtYAXWWvF882WiN7wRUoFgcnVHaLLKapump,2026-02-14T17:47:14Z,69aiAKU3uJMxMLRkUEGFNt6nQ43PiVimE4ZbErJ7VSM1,1.6686342287e-07,166.86,,,,net_01028,1,2,LOW
FVT1Cakh8CtYAXWWvF882WiN7wRUoFgcnVHaLLKapump,2026-02-14T17:47:14Z,69aiAKU3uJMxMLRkUEGFNt6nQ43PiVimE4ZbErJ7VSM1,1.6686342287e-07,166.86,,,,net_01029,1,2,LOW
FVT1Cakh8CtYAXWWvF882WiN7wRUoFgcnVHaLLKapump,2026-02-14T17:47:14Z,69aiAKU3uJMxMLRkUEGFNt6nQ43PiVimE4ZbErJ7VSM1,1.6686342287e-07,166.86,,,,net_01030,1,2,LOW
FVT1Cakh8CtYAXWWvF882WiN7wRUoFgcnVHaLLKapump,2026-02-14T17:47:14Z,69aiAKU3uJMxMLRkUEGFNt6nQ43PiVimE4ZbErJ7VSM1,1.6686342287e-07,166.86,,,,net_01031,1,2,LOW
FVT1Cakh8CtYAXWWvF882WiN7wRUoFgcnVHaLLKapump,2026-02-14T17:47:14Z,69aiAKU3uJMxMLRkUEGFNt6nQ43PiVimE4ZbErJ7VSM1,1.6686342287e-07,166.86,,,,net_01032,1,2,LOW
FVT1Cakh8CtYAXWWvF882WiN7wRUoFgcnVHaLLKapump,2026-02-14T17:47:14Z,69aiAKU3uJMxMLRkUEGFNt6nQ43PiVimE4ZbErJ7VSM1,1.6686342287e-07,166.86,,,,net_01033,1,2,LOW
FVT1Cakh8CtYAXWWvF882WiN7wRUoFgcnVHaLLKapump,2026-02-14T17:47:14Z,69aiAKU3uJMxMLRkUEGFNt6nQ43PiVimE4ZbErJ7VSM1,1.6686342287e-07,166.86,,,,net_01034,1,2,LOW
FVT1Cakh8CtYAXWWvF882WiN7wRUoFgcnVHaLLKapump,2026-02-14T17:47:14Z,69aiAKU3uJMxMLRkUEGFNt6nQ43PiVimE4ZbErJ7VSM1,1.6686342287e-07,166.86,,,,net_01035,1,2,LOW
FVT1Cakh8CtYAXWWvF882WiN7wRUoFgcnVHaLLKapump,2026-02-14T17:47:14Z,69aiAKU3uJMxMLRkUEGFNt6nQ43PiVimE4ZbErJ7VSM1,1.6686342287e-07,166.86,,,,net_01036,1,2,LOW
FVT1Cakh8CtYAXWWvF882WiN7wRUoFgcnVHaLLKapump,2026-02-14T17:47:14Z,69aiAKU3uJMxMLRkUEGFNt6nQ43PiVimE4ZbErJ7VSM1,1.6686342287e-07,166.86,,,,net_01037,1,2,LOW
FVT1Cakh8CtYAXWWvF882WiN7wRUoFgcnVHaLLKapump,2026-02-14T17:47:14Z,69aiAKU3uJMxMLRkUEGFNt6nQ43PiVimE4ZbErJ7VSM1,1.6686342287e-07,166.86,,,,net_01038,1,2,LOW
FVT1Cakh8CtYAXWWvF882WiN7wRUoFgcnVHaLLKapump,2026-02-14T17:47:14Z,69aiAKU3uJMxMLRkUEGFNt6nQ43PiVimE4ZbErJ7VSM1,1.6686342287e-07,166.86,,,,net_01039,1,2,LOW
FVT1Cakh8CtYAXWWvF882WiN7wRUoFgcnVHaLLKapump,2026-02-14T17:47:14Z,69aiAKU3uJMxMLRkUEGFNt6nQ43PiVimE4ZbErJ7VSM1,1.6686342287e-07,166.86,,,,net_01040,1,2,LOW
FVT1Cakh8CtYAXWWvF882WiN7wRUoFgcnVHaLLKapump,2026-02-14T17:47:14Z,69aiAKU3uJMxMLRkUEGFNt6nQ43PiVimE4ZbErJ7VSM1,1.6686342287e-07,166.86,,,,net_01041,1,2,LOW
FVT1Cakh8CtYAXWWvF882WiN7wRUoFgcnVHaLLKapump,2026-02-14T17:47:14Z,69aiAKU3uJMxMLRkUEGFNt6nQ43PiVimE4ZbErJ7VSM1,1.6686342287e-07,166.86,,,,net_01042,1,2,LOW
FVT1Cakh8CtYAXWWvF882WiN7wRUoFgcnVHaLLKapump,2026-02-14T17:47:14Z,69aiAKU3uJMxMLRkUEGFNt6nQ43PiVimE4ZbErJ7VSM1,1.6686342287e-07,166.86,,,,net_01043,1,2,LOW
FVT1Cakh8CtYAXWWvF882WiN7wRUoFgcnVHaLLKapump,2026-02-14T17:47:14Z,69aiAKU3uJMxMLRkUEGFNt6nQ43PiVimE4ZbErJ7VSM1,1.6686342287e-07,166.86,,,,net_01044,1,2,LOW
FVT1Cakh8CtYAXWWvF882WiN7wRUoFgcnVHaLLKapump,2026-02-14T17:47:14Z,69aiAKU3uJMxMLRkUEGFNt6nQ43PiVimE4ZbErJ7VSM1,1.6686342287e-07,166.86,,,,net_01045,1,2,LOW
FVT1Cakh8CtYAXWWvF882WiN7wRUoFgcnVHaLLKapump,2026-02-14T17:47:14Z,69aiAKU3uJMxMLRkUEGFNt6nQ43PiVimE4ZbErJ7VSM1,1.6686342287e-07,166.86,,,,net_01046,1,2,LOW
AkwkvJ4YwwiRmLyHQ2QSY4WGnEcA37yW8hVwz2DJhuqr,2026-02-14T17:46:12Z,bwamJzztZsepfkteWRChggmXuiiCQvpLqPietdNfSXa,1.6684159560e-07,166.84,,,,net_00031,22,12,MEDIUM
AkwkvJ4YwwiRmLyHQ2QSY4WGnEcA37yW8hVwz2DJhuqr,2026-02-14T17:46:12Z,bwamJzztZsepfkteWRChggmXuiiCQvpLqPietdNfSXa,1.6684159560e-07,166.84,,,,net_00305,1,2,LOW
AkwkvJ4YwwiRmLyHQ2QSY4WGnEcA37yW8hVwz2DJhuqr,2026-02-14T17:46:12Z,bwamJzztZsepfkteWRChggmXuiiCQvpLqPietdNfSXa,1.6684159560e-07,166.84,,,,net_00330,1,2,LOW
AkwkvJ4YwwiRmLyHQ2QSY4WGnEcA37yW8hVwz2DJhuqr,2026-02-14T17:46:12Z,bwamJzztZsepfkteWRChggmXuiiCQvpLqPietdNfSXa,1.6684159560e-07,166.84,,,,net_00482,1,5,LOW
AkwkvJ4YwwiRmLyHQ2QSY4WGnEcA37yW8hVwz2DJhuqr,2026-02-14T17:46:12Z,bwamJzztZsepfkteWRChggmXuiiCQvpLqPietdNfSXa,1.6684159560e-07,166.84,,,,net_00485,1,3,LOW
AkwkvJ4YwwiRmLyHQ2QSY4WGnEcA37yW8hVwz2DJhuqr,2026-02-14T17:46:12Z,bwamJzztZsepfkteWRChggmXuiiCQvpLqPietdNfSXa,1.6684159560e-07,166.84,,,,net_00524,1,2,LOW
AkwkvJ4YwwiRmLyHQ2QSY4WGnEcA37yW8hVwz2DJhuqr,2026-02-14T17:46:12Z,bwamJzztZsepfkteWRChggmXuiiCQvpLqPietdNfSXa,1.6684159560e-07,166.84,,,,net_00744,1,4,LOW
AkwkvJ4YwwiRmLyHQ2QSY4WGnEcA37yW8hVwz2DJhuqr,2026-02-14T17:46:12Z,bwamJzztZsepfkteWRChggmXuiiCQvpLqPietdNfSXa,1.6684159560e-07,166.84,,,,net_00747,1,2,LOW
AkwkvJ4YwwiRmLyHQ2QSY4WGnEcA37yW8hVwz2DJhuqr,2026-02-14T17:46:12Z,bwamJzztZsepfkteWRChggmXuiiCQvpLqPietdNfSXa,1.6684159560e-07,166.84,,,,net_00831,1,2,LOW
AkwkvJ4YwwiRmLyHQ2QSY4WGnEcA37yW8hVwz2DJhuqr,2026-02-14T17:46:12Z,bwamJzztZsepfkteWRChggmXuiiCQvpLqPietdNfSXa,1.6684159560e-07,166.84,,,,net_00955,1,2,LOW
AkwkvJ4YwwiRmLyHQ2QSY4WGnEcA37yW8hVwz2DJhuqr,2026-02-14T17:46:12Z,bwamJzztZsepfkteWRChggmXuiiCQvpLqPietdNfSXa,1.6684159560e-07,166.84,,,,net_01082,1,5,LOW
DcGQUL8hBcLoVB5vuX5QfBWcBJH93MVgGzhbuDkFpump,2026-02-14T17:44:26Z,8Rx8En7pmQmhu2nb6dtbRzuUDMe6KEgmtL2zqmKrHDxw,8.1774635564e-08,81.77,,,,NONE,0,0,NONE
xwzCmTfZXgDbxfoXLNvvgsth91a6PfCtrJhWLZhpump,2026-02-14T17:42:23Z,6GAJoRfAvWEFVQSinPncQ5eNXxf55FHTvgUMCnJq4woj,,,,,,NONE,0,0,NONE
A2vBPv4upPFVzA2QXHduXBUVv4woHGmfhvx99GWjHZuK,2026-02-14T17:35:27Z,BuZPzsSYZa6VQU3HK9j2x3V9aVR7fj3SzVQDnAsuPnQ4,6.1641717308e-09,6.16,,,,net_00123,1,3,LOW
A2vBPv4upPFVzA2QXHduXBUVv4woHGmfhvx99GWjHZuK,2026-02-14T17:35:27Z,BuZPzsSYZa6VQU3HK9j2x3V9aVR7fj3SzVQDnAsuPnQ4,6.1641717308e-09,6.16,,,,net_00272,1,2,LOW
A2vBPv4upPFVzA2QXHduXBUVv4woHGmfhvx99GWjHZuK,2026-02-14T17:35:27Z,BuZPzsSYZa6VQU3HK9j2x3V9aVR7fj3SzVQDnAsuPnQ4,6.1641717308e-09,6.16,,,,net_00281,1,2,LOW
A2vBPv4upPFVzA2QXHduXBUVv4woHGmfhvx99GWjHZuK,2026-02-14T17:35:27Z,BuZPzsSYZa6VQU3HK9j2x3V9aVR7fj3SzVQDnAsuPnQ4,6.1641717308e-09,6.16,,,,net_00386,1,2,LOW
A2vBPv4upPFVzA2QXHduXBUVv4woHGmfhvx99GWjHZuK,2026-02-14T17:35:27Z,BuZPzsSYZa6VQU3HK9j2x3V9aVR7fj3SzVQDnAsuPnQ4,6.1641717308e-09,6.16,,,,net_00556,1,2,LOW
A2vBPv4upPFVzA2QXHduXBUVv4woHGmfhvx99GWjHZuK,2026-02-14T17:35:27Z,BuZPzsSYZa6VQU3HK9j2x3V9aVR7fj3SzVQDnAsuPnQ4,6.1641717308e-09,6.16,,,,net_00656,1,2,LOW
A2vBPv4upPFVzA2QXHduXBUVv4woHGmfhvx99GWjHZuK,2026-02-14T17:35:27Z,BuZPzsSYZa6VQU3HK9j2x3V9aVR7fj3SzVQDnAsuPnQ4,6.1641717308e-09,6.16,,,,net_00751,1,2,LOW
A2vBPv4upPFVzA2QXHduXBUVv4woHGmfhvx99GWjHZuK,2026-02-14T17:35:27Z,BuZPzsSYZa6VQU3HK9j2x3V9aVR7fj3SzVQDnAsuPnQ4,6.1641717308e-09,6.16,,,,net_00975,1,2,LOW
A2vBPv4upPFVzA2QXHduXBUVv4woHGmfhvx99GWjHZuK,2026-02-14T17:35:27Z,BuZPzsSYZa6VQU3HK9j2x3V9aVR7fj3SzVQDnAsuPnQ4,6.1641717308e-09,6.16,,,,net_00993,1,2,LOW
6QYugssLipYhJb3MPfEyp2pL1pz9WkkrwpZYdTytpump,2026-02-14T17:24:42Z,HG7qDAXmXRpmcnhSRaLRZ9LyQmEANhFFNpjRHoa66Shx,2.4127325963e-10,0.24,,,,NONE,0,0,NONE
5jfv6PyoELsQZScg4M2T2MQTwybJeRtrVM81ErNpump,2026-02-14T17:21:03Z,2oUwULj1twXBbYZWtG9asSV78yJ4Q2eNyXZ8u2tcRjis,,,,,,NONE,0,0,NONE
EviWEzHbWRzFgLv5jkiv8dGm8thQXZLXUEHsMT3tpump,2026-02-14T17:20:22Z,HfqckzgVY2L16qYd1W5m674jBFt5jLGNW7iksKFLMJaf,6.3192426099e-11,0.06,,,,net_00189,1,2,LOW
EviWEzHbWRzFgLv5jkiv8dGm8thQXZLXUEHsMT3tpump,2026-02-14T17:20:22Z,HfqckzgVY2L16qYd1W5m674jBFt5jLGNW7iksKFLMJaf,6.3192426099e-11,0.06,,,,net_00248,1,4,LOW
EviWEzHbWRzFgLv5jkiv8dGm8thQXZLXUEHsMT3tpump,2026-02-14T17:20:22Z,HfqckzgVY2L16qYd1W5m674jBFt5jLGNW7iksKFLMJaf,6.3192426099e-11,0.06,,,,net_00318,1,5,LOW
EviWEzHbWRzFgLv5jkiv8dGm8thQXZLXUEHsMT3tpump,2026-02-14T17:20:22Z,HfqckzgVY2L16qYd1W5m674jBFt5jLGNW7iksKFLMJaf,6.3192426099e-11,0.06,,,,net_00346,1,3,LOW
EviWEzHbWRzFgLv5jkiv8dGm8thQXZLXUEHsMT3tpump,2026-02-14T17:20:22Z,HfqckzgVY2L16qYd1W5m674jBFt5jLGNW7iksKFLMJaf,6.3192426099e-11,0.06,,,,net_00349,1,2,LOW
EviWEzHbWRzFgLv5jkiv8dGm8thQXZLXUEHsMT3tpump,2026-02-14T17:20:22Z,HfqckzgVY2L16qYd1W5m674jBFt5jLGNW7iksKFLMJaf,6.3192426099e-11,0.06,,,,net_00517,1,2,LOW
EviWEzHbWRzFgLv5jkiv8dGm8thQXZLXUEHsMT3tpump,2026-02-14T17:20:22Z,HfqckzgVY2L16qYd1W5m674jBFt5jLGNW7iksKFLMJaf,6.3192426099e-11,0.06,,,,net_00592,1,8,MEDIUM
EviWEzHbWRzFgLv5jkiv8dGm8thQXZLXUEHsMT3tpump,2026-02-14T17:20:22Z,HfqckzgVY2L16qYd1W5m674jBFt5jLGNW7iksKFLMJaf,6.3192426099e-11,0.06,,,,net_00776,1,5,LOW
EviWEzHbWRzFgLv5jkiv8dGm8thQXZLXUEHsMT3tpump,2026-02-14T17:20:22Z,HfqckzgVY2L16qYd1W5m674jBFt5jLGNW7iksKFLMJaf,6.3192426099e-11,0.06,,,,net_00839,1,4,LOW
EviWEzHbWRzFgLv5jkiv8dGm8thQXZLXUEHsMT3tpump,2026-02-14T17:20:22Z,HfqckzgVY2L16qYd1W5m674jBFt5jLGNW7iksKFLMJaf,6.3192426099e-11,0.06,,,,net_00869,1,2,LOW
EviWEzHbWRzFgLv5jkiv8dGm8thQXZLXUEHsMT3tpump,2026-02-14T17:20:22Z,HfqckzgVY2L16qYd1W5m674jBFt5jLGNW7iksKFLMJaf,6.3192426099e-11,0.06,,,,net_00957,1,2,LOW
EviWEzHbWRzFgLv5jkiv8dGm8thQXZLXUEHsMT3tpump,2026-02-14T17:20:22Z,HfqckzgVY2L16qYd1W5m674jBFt5jLGNW7iksKFLMJaf,6.3192426099e-11,0.06,,,,net_00969,1,6,MEDIUM
EviWEzHbWRzFgLv5jkiv8dGm8thQXZLXUEHsMT3tpump,2026-02-14T17:20:22Z,HfqckzgVY2L16qYd1W5m674jBFt5jLGNW7iksKFLMJaf,6.3192426099e-11,0.06,,,,net_00973,1,2,LOW
EviWEzHbWRzFgLv5jkiv8dGm8thQXZLXUEHsMT3tpump,2026-02-14T17:20:22Z,HfqckzgVY2L16qYd1W5m674jBFt5jLGNW7iksKFLMJaf,6.3192426099e-11,0.06,,,,net_01067,1,4,LOW
5e9aqyenA8wSAnF6jPgNCcsJAq2M9ySVqRU9nAunpump,2026-02-14T17:15:32Z,8HeDT75s5g4CtCimH5B5nySqCiQhtWii8UnZhxBtFo38,8.7542045224e-08,87.54,,,,net_00223,1,2,LOW
5e9aqyenA8wSAnF6jPgNCcsJAq2M9ySVqRU9nAunpump,2026-02-14T17:15:32Z,8HeDT75s5g4CtCimH5B5nySqCiQhtWii8UnZhxBtFo38,8.7542045224e-08,87.54,,,,net_00338,1,4,LOW
5e9aqyenA8wSAnF6jPgNCcsJAq2M9ySVqRU9nAunpump,2026-02-14T17:15:32Z,8HeDT75s5g4CtCimH5B5nySqCiQhtWii8UnZhxBtFo38,8.7542045224e-08,87.54,,,,net_00502,1,10,MEDIUM
5e9aqyenA8wSAnF6jPgNCcsJAq2M9ySVqRU9nAunpump,2026-02-14T17:15:32Z,8HeDT75s5g4CtCimH5B5nySqCiQhtWii8UnZhxBtFo38,8.7542045224e-08,87.54,,,,net_00698,1,6,MEDIUM
5e9aqyenA8wSAnF6jPgNCcsJAq2M9ySVqRU9nAunpump,2026-02-14T17:15:32Z,8HeDT75s5g4CtCimH5B5nySqCiQhtWii8UnZhxBtFo38,8.7542045224e-08,87.54,,,,net_00969,1,6,MEDIUM
GEXbt5KXDXQhoGY49sXga9B88AnpjDT3FkJuu3xC8nqN,2026-02-14T17:09:22Z,BuZPzsSYZa6VQU3HK9j2x3V9aVR7fj3SzVQDnAsuPnQ4,1.3675767515e-09,1.37,,,,net_00123,1,3,LOW
GEXbt5KXDXQhoGY49sXga9B88AnpjDT3FkJuu3xC8nqN,2026-02-14T17:09:22Z,BuZPzsSYZa6VQU3HK9j2x3V9aVR7fj3SzVQDnAsuPnQ4,1.3675767515e-09,1.37,,,,net_00272,1,2,LOW
GEXbt5KXDXQhoGY49sXga9B88AnpjDT3FkJuu3xC8nqN,2026-02-14T17:09:22Z,BuZPzsSYZa6VQU3HK9j2x3V9aVR7fj3SzVQDnAsuPnQ4,1.3675767515e-09,1.37,,,,net_00281,1,2,LOW
GEXbt5KXDXQhoGY49sXga9B88AnpjDT3FkJuu3xC8nqN,2026-02-14T17:09:22Z,BuZPzsSYZa6VQU3HK9j2x3V9aVR7fj3SzVQDnAsuPnQ4,1.3675767515e-09,1.37,,,,net_00386,1,2,LOW
GEXbt5KXDXQhoGY49sXga9B88AnpjDT3FkJuu3xC8nqN,2026-02-14T17:09:22Z,BuZPzsSYZa6VQU3HK9j2x3V9aVR7fj3SzVQDnAsuPnQ4,1.3675767515e-09,1.37,,,,net_00556,1,2,LOW
GEXbt5KXDXQhoGY49sXga9B88AnpjDT3FkJuu3xC8nqN,2026-02-14T17:09:22Z,BuZPzsSYZa6VQU3HK9j2x3V9aVR7fj3SzVQDnAsuPnQ4,1.3675767515e-09,1.37,,,,net_00656,1,2,LOW
GEXbt5KXDXQhoGY49sXga9B88AnpjDT3FkJuu3xC8nqN,2026-02-14T17:09:22Z,BuZPzsSYZa6VQU3HK9j2x3V9aVR7fj3SzVQDnAsuPnQ4,1.3675767515e-09,1.37,,,,net_00751,1,2,LOW
GEXbt5KXDXQhoGY49sXga9B88AnpjDT3FkJuu3xC8nqN,2026-02-14T17:09:22Z,BuZPzsSYZa6VQU3HK9j2x3V9aVR7fj3SzVQDnAsuPnQ4,1.3675767515e-09,1.37,,,,net_00975,1,2,LOW
GEXbt5KXDXQhoGY49sXga9B88AnpjDT3FkJuu3xC8nqN,2026-02-14T17:09:22Z,BuZPzsSYZa6VQU3HK9j2x3V9aVR7fj3SzVQDnAsuPnQ4,1.3675767515e-09,1.37,,,,net_00993,1,2,LOW
8wmM9M1KKKBwkZzFU9a9u4yQZkBRXUiWELttSTzipump,2026-02-14T17:00:54Z,i3jdgkMCCtdaUtN6dhpK2MvqZnA61Ssgj7MJHoWyh9Y,4.5340000000e-07,453.45,,,,NONE,0,0,NONE
4CvZxTW67K8Eue5DSoe2NuCmKhYJCaAaWNcroVixkbyF,2026-02-14T17:00:51Z,HfGkmenAJ23Gpj5tYYzHB6eML46puaZXLer2taRVQ2m,1.0464950824e-06,1046.50,,,,net_00663,1,2,LOW
CKpRfngaGdV8g1DWfFCCsR6a7DTJYi9myijm5xAkpump,2026-02-14T16:42:34Z,CqM3ay4p12kGpJe7gg19yKKBtWXGA7Yxrm4c2mAqNCmB,,,,,,NONE,0,0,NONE
2ooCiNxiKdohHgthkB9znjtpwbRSWtdKjS9eczwypump,2026-02-14T16:35:43Z,5TcyQLh8ojBf81DKeRC4vocTbNKJpJCsR9Kei16kLqDM,6.6096177748e-08,66.10,,,,net_00349,1,2,LOW
2ooCiNxiKdohHgthkB9znjtpwbRSWtdKjS9eczwypump,2026-02-14T16:35:43Z,5TcyQLh8ojBf81DKeRC4vocTbNKJpJCsR9Kei16kLqDM,6.6096177748e-08,66.10,,,,net_00435,1,2,LOW
2ooCiNxiKdohHgthkB9znjtpwbRSWtdKjS9eczwypump,2026-02-14T16:35:43Z,5TcyQLh8ojBf81DKeRC4vocTbNKJpJCsR9Kei16kLqDM,6.6096177748e-08,66.10,,,,net_00588,1,3,LOW
2ooCiNxiKdohHgthkB9znjtpwbRSWtdKjS9eczwypump,2026-02-14T16:35:43Z,5TcyQLh8ojBf81DKeRC4vocTbNKJpJCsR9Kei16kLqDM,6.6096177748e-08,66.10,,,,net_00636,1,3,LOW
2ooCiNxiKdohHgthkB9znjtpwbRSWtdKjS9eczwypump,2026-02-14T16:35:43Z,5TcyQLh8ojBf81DKeRC4vocTbNKJpJCsR9Kei16kLqDM,6.6096177748e-08,66.10,,,,net_01082,1,5,LOW
12iG8LCA6AfJrZLVv8v9pDWZiVBr9wcFfXU84NDwpump,2026-02-14T16:25:15Z,4sDYAS4hXLaVBqWEjzTGR1vMS9EChhjcPzR1ZcYcwcHm,,,,,,NONE,0,0,NONE
BVrR1uUneY7UWJMggsHA1EUX8bftcMj3XEiGBt5Kpump,2026-02-14T16:17:04Z,A8Z1ejQGk45EJibBPJviWnM3UvwKSuYun53nSCkWKM52,3.1090000000e-05,31092.84,,,,net_00015,1,4,LOW
BVrR1uUneY7UWJMggsHA1EUX8bftcMj3XEiGBt5Kpump,2026-02-14T16:17:04Z,A8Z1ejQGk45EJibBPJviWnM3UvwKSuYun53nSCkWKM52,3.1090000000e-05,31092.84,,,,net_00028,38,11,MEDIUM
BVrR1uUneY7UWJMggsHA1EUX8bftcMj3XEiGBt5Kpump,2026-02-14T16:17:04Z,A8Z1ejQGk45EJibBPJviWnM3UvwKSuYun53nSCkWKM52,3.1090000000e-05,31092.84,,,,net_00088,1,3,LOW
BVrR1uUneY7UWJMggsHA1EUX8bftcMj3XEiGBt5Kpump,2026-02-14T16:17:04Z,A8Z1ejQGk45EJibBPJviWnM3UvwKSuYun53nSCkWKM52,3.1090000000e-05,31092.84,,,,net_00100,1,2,LOW
BVrR1uUneY7UWJMggsHA1EUX8bftcMj3XEiGBt5Kpump,2026-02-14T16:17:04Z,A8Z1ejQGk45EJibBPJviWnM3UvwKSuYun53nSCkWKM52,3.1090000000e-05,31092.84,,,,net_00148,1,2,LOW
BVrR1uUneY7UWJMggsHA1EUX8bftcMj3XEiGBt5Kpump,2026-02-14T16:17:04Z,A8Z1ejQGk45EJibBPJviWnM3UvwKSuYun53nSCkWKM52,3.1090000000e-05,31092.84,,,,net_00155,1,2,LOW
BVrR1uUneY7UWJMggsHA1EUX8bftcMj3XEiGBt5Kpump,2026-02-14T16:17:04Z,A8Z1ejQGk45EJibBPJviWnM3UvwKSuYun53nSCkWKM52,3.1090000000e-05,31092.84,,,,net_00186,1,2,LOW
BVrR1uUneY7UWJMggsHA1EUX8bftcMj3XEiGBt5Kpump,2026-02-14T16:17:04Z,A8Z1ejQGk45EJibBPJviWnM3UvwKSuYun53nSCkWKM52,3.1090000000e-05,31092.84,,,,net_00373,1,5,LOW
BVrR1uUneY7UWJMggsHA1EUX8bftcMj3XEiGBt5Kpump,2026-02-14T16:17:04Z,A8Z1ejQGk45EJibBPJviWnM3UvwKSuYun53nSCkWKM52,3.1090000000e-05,31092.84,,,,net_00441,1,2,LOW
BVrR1uUneY7UWJMggsHA1EUX8bftcMj3XEiGBt5Kpump,2026-02-14T16:17:04Z,A8Z1ejQGk45EJibBPJviWnM3UvwKSuYun53nSCkWKM52,3.1090000000e-05,31092.84,,,,net_00592,1,8,MEDIUM
BVrR1uUneY7UWJMggsHA1EUX8bftcMj3XEiGBt5Kpump,2026-02-14T16:17:04Z,A8Z1ejQGk45EJibBPJviWnM3UvwKSuYun53nSCkWKM52,3.1090000000e-05,31092.84,,,,net_00658,1,2,LOW
BVrR1uUneY7UWJMggsHA1EUX8bftcMj3XEiGBt5Kpump,2026-02-14T16:17:04Z,A8Z1ejQGk45EJibBPJviWnM3UvwKSuYun53nSCkWKM52,3.1090000000e-05,31092.84,,,,net_00766,1,2,LOW
BVrR1uUneY7UWJMggsHA1EUX8bftcMj3XEiGBt5Kpump,2026-02-14T16:17:04Z,A8Z1ejQGk45EJibBPJviWnM3UvwKSuYun53nSCkWKM52,3.1090000000e-05,31092.84,,,,net_00800,1,7,MEDIUM
BVrR1uUneY7UWJMggsHA1EUX8bftcMj3XEiGBt5Kpump,2026-02-14T16:17:04Z,A8Z1ejQGk45EJibBPJviWnM3UvwKSuYun53nSCkWKM52,3.1090000000e-05,31092.84,,,,net_00820,1,2,LOW
GpiUWXkt9hoJWD2fdbjAFGXdh84hoCFhrCYNrNvj5yWT,2026-02-14T16:03:33Z,FgifQEkRkSSXZjf2cJ4c55BhVts2yrNKzmzBLLyicg8b,7.9345690080e-07,793.46,,,,net_00037,42,17,MEDIUM
GpiUWXkt9hoJWD2fdbjAFGXdh84hoCFhrCYNrNvj5yWT,2026-02-14T16:03:33Z,FgifQEkRkSSXZjf2cJ4c55BhVts2yrNKzmzBLLyicg8b,7.9345690080e-07,793.46,,,,net_00050,1,2,LOW
GpiUWXkt9hoJWD2fdbjAFGXdh84hoCFhrCYNrNvj5yWT,2026-02-14T16:03:33Z,FgifQEkRkSSXZjf2cJ4c55BhVts2yrNKzmzBLLyicg8b,7.9345690080e-07,793.46,,,,net_00098,1,4,LOW
GpiUWXkt9hoJWD2fdbjAFGXdh84hoCFhrCYNrNvj5yWT,2026-02-14T16:03:33Z,FgifQEkRkSSXZjf2cJ4c55BhVts2yrNKzmzBLLyicg8b,7.9345690080e-07,793.46,,,,net_00166,1,3,LOW
GpiUWXkt9hoJWD2fdbjAFGXdh84hoCFhrCYNrNvj5yWT,2026-02-14T16:03:33Z,FgifQEkRkSSXZjf2cJ4c55BhVts2yrNKzmzBLLyicg8b,7.9345690080e-07,793.46,,,,net_00558,1,3,LOW
GpiUWXkt9hoJWD2fdbjAFGXdh84hoCFhrCYNrNvj5yWT,2026-02-14T16:03:33Z,FgifQEkRkSSXZjf2cJ4c55BhVts2yrNKzmzBLLyicg8b,7.9345690080e-07,793.46,,,,net_00616,1,2,LOW
GpiUWXkt9hoJWD2fdbjAFGXdh84hoCFhrCYNrNvj5yWT,2026-02-14T16:03:33Z,FgifQEkRkSSXZjf2cJ4c55BhVts2yrNKzmzBLLyicg8b,7.9345690080e-07,793.46,,,,net_00631,1,3,LOW
AE3QXXPG9acbrNvTS8hGbknKbnZSmXbWaY6PBHtipump,2026-02-14T16:03:06Z,8i5U2uNBEuTc4zskYP14zbebDg2RSwrrG8REhEnJb97K,6.1591505231e-08,61.59,,,,NONE,0,0,NONE
FXf9qvAgSDWCML2UtUkbSva9oriPD4KNuT1PDcE8CdWY,2026-02-14T16:03:02Z,bwamJzztZsepfkteWRChggmXuiiCQvpLqPietdNfSXa,2.0274300265e-07,202.74,,,,net_00031,22,12,MEDIUM
FXf9qvAgSDWCML2UtUkbSva9oriPD4KNuT1PDcE8CdWY,2026-02-14T16:03:02Z,bwamJzztZsepfkteWRChggmXuiiCQvpLqPietdNfSXa,2.0274300265e-07,202.74,,,,net_00305,1,2,LOW
FXf9qvAgSDWCML2UtUkbSva9oriPD4KNuT1PDcE8CdWY,2026-02-14T16:03:02Z,bwamJzztZsepfkteWRChggmXuiiCQvpLqPietdNfSXa,2.0274300265e-07,202.74,,,,net_00330,1,2,LOW
FXf9qvAgSDWCML2UtUkbSva9oriPD4KNuT1PDcE8CdWY,2026-02-14T16:03:02Z,bwamJzztZsepfkteWRChggmXuiiCQvpLqPietdNfSXa,2.0274300265e-07,202.74,,,,net_00482,1,5,LOW
FXf9qvAgSDWCML2UtUkbSva9oriPD4KNuT1PDcE8CdWY,2026-02-14T16:03:02Z,bwamJzztZsepfkteWRChggmXuiiCQvpLqPietdNfSXa,2.0274300265e-07,202.74,,,,net_00485,1,3,LOW
FXf9qvAgSDWCML2UtUkbSva9oriPD4KNuT1PDcE8CdWY,2026-02-14T16:03:02Z,bwamJzztZsepfkteWRChggmXuiiCQvpLqPietdNfSXa,2.0274300265e-07,202.74,,,,net_00524,1,2,LOW
FXf9qvAgSDWCML2UtUkbSva9oriPD4KNuT1PDcE8CdWY,2026-02-14T16:03:02Z,bwamJzztZsepfkteWRChggmXuiiCQvpLqPietdNfSXa,2.0274300265e-07,202.74,,,,net_00744,1,4,LOW
FXf9qvAgSDWCML2UtUkbSva9oriPD4KNuT1PDcE8CdWY,2026-02-14T16:03:02Z,bwamJzztZsepfkteWRChggmXuiiCQvpLqPietdNfSXa,2.0274300265e-07,202.74,,,,net_00747,1,2,LOW
FXf9qvAgSDWCML2UtUkbSva9oriPD4KNuT1PDcE8CdWY,2026-02-14T16:03:02Z,bwamJzztZsepfkteWRChggmXuiiCQvpLqPietdNfSXa,2.0274300265e-07,202.74,,,,net_00831,1,2,LOW
FXf9qvAgSDWCML2UtUkbSva9oriPD4KNuT1PDcE8CdWY,2026-02-14T16:03:02Z,bwamJzztZsepfkteWRChggmXuiiCQvpLqPietdNfSXa,2.0274300265e-07,202.74,,,,net_00955,1,2,LOW
FXf9qvAgSDWCML2UtUkbSva9oriPD4KNuT1PDcE8CdWY,2026-02-14T16:03:02Z,bwamJzztZsepfkteWRChggmXuiiCQvpLqPietdNfSXa,2.0274300265e-07,202.74,,,,net_01082,1,5,LOW
54nj9KS49MC7yHmhwxhBzFCvgXqos16iGEkgLgqxpump,2026-02-14T15:48:47Z,EniTRw3gEt6x5q6fCJeTb6Fy5WaK7AS9rwz5wny7t9Pi,2.2681427290e-07,226.81,,,,NONE,0,0,NONE
NUkpRTkgF2QwjMyyfzdY2PiUupJm4fenFYYKRxqpump,2026-02-14T15:43:54Z,77Hcvuk3PgbdqZVpn1T4Rqff8wgnGmiTgwJVFzgG7oXm,,,,,,NONE,0,0,NONE
n61wiAe6XPMyyxRWTZYaYbQGcHLRVyuLPeopMztpump,2026-02-14T15:34:30Z,HqhsFS1yptQ5wtvLCpQH7TeQDdobw7Mny77dAP5jPdSo,2.8218138620e-10,0.28,,,,NONE,0,0,NONE
HXsn7hZsVfype3GsS7MAeunwbPJyfavaPnRCXVPXpump,2026-02-14T15:24:11Z,J5p2cxfbR9w9YAvkgPMAz7N47nbpw8dFHj8K1PSPheAN,1.1241656121e-08,11.24,,,,NONE,0,0,NONE
xK9kKjac5EBq4GCoTs3XQaUHPvhwiB2wMNUuo3vpump,2026-02-14T15:23:07Z,HzEsLG5yWQCsP4JovWbFgbBHQz9aDsjXu53aq7pJvkqN,,,,,,NONE,0,0,NONE
HNby1mtGAbd4gXFHQydFuGy9XfvXfnkDWVns8XvUpump,2026-02-14T15:16:25Z,B66vxjB2GF4WqQCJgRXJTBSYzZLGNtBSywNVbGdFa722,3.0912823758e-10,0.31,,,,NONE,0,0,NONE
HtwgAxL8B9hX4nWaxAx9pjfTkbC8kbyjyvK8Svcgpump,2026-02-14T15:09:39Z,3rNRT6j1ZvE1hKiNEvKVFW69KsiEdAbpGAwvRa7QzWgu,1.3220901674e-04,132209.02,,,,NONE,0,0,NONE
1q1eWRS7phDNszt3xrGsDqUsxYSjzqgLVz6cue9pump,2026-02-14T15:07:42Z,tSTMFYSsSnbGUE7yh4qwgDjwBdLT2b1w8PGAfz5s8PE,,,,,,NONE,0,0,NONE
D5Ad8kKr7Sx2ZTCnquRSsakFc4VBvs41kBRKq13qpump,2026-02-14T15:06:15Z,8Gm9htTghwnStUhfNnry5JYUNspEguk2PPmb1thXZDrV,2.2448418913e-08,22.45,,,,NONE,0,0,NONE
75pcfNw8zxLa38ejjsWumKaU8641sLLGqsVmcZn2pump,2026-02-14T14:55:52Z,FSsyww6zud8wb9boa15idBrSxvZWw6Le5qoRuQbEHUjP,1.9703299501e-07,197.03,,,,net_00031,22,12,MEDIUM
A1Z23YRk937wWLnnVi86oj7ykDdMGYuE28ekzpsQpump,2026-02-14T14:54:30Z,BT2sdwJeDWqXNUNBJwtKWBD7RjquACfjo1rT9vpZLUSA,2.2102364215e-13,0.00,,,,NONE,0,0,NONE
Fbv1XeaMx129qdWnn8ka9oyoCxAYKGMDrNax3XPipump,2026-02-14T14:53:47Z,2JptG7VJTuohCNrEE2iVT43UtjTNqRTVMsgNs8xeotbC,1.3220846579e-06,1322.08,,,,net_01094,1,6,MEDIUM
D3ZHSnYAJ2zV9n6ZtQjSaFdT8pVQeGNeJx3yMiGAMzd,2026-02-14T14:44:41Z,9wRuFPJZFviuHv9q4hsaxUUADDphX6oSjcMA3RuxTFRG,2.8289338232e-08,28.29,,,,NONE,0,0,NONE
Ec64vZRywN6cz9Tw3tgVMPnoAQJvFD5bqZ23oTfrpump,2026-02-14T14:27:18Z,CgtNfW6RNAHjPvT78Dcs5equKDVkawBgEtV1fy4jakUb,3.6819751174e-07,368.20,,,,NONE,0,0,NONE
9y4nMHKQCMgjHE1UU1pbhykRXG5Xp75Y6B4MxdZapump,2026-02-14T14:20:25Z,EZCTnaD4tXFCpEHRmfot9pPWVPQbrp2oMGbNDSU4gK1L,3.7044448684e-08,37.04,,,,NONE,0,0,NONE
3pWZBTJFByDh7Zojv3PL5FD18CGuvRamRGhKDMiMpump,2026-02-14T14:16:41Z,EuGeGjZTYLyq4kZrSwSTUyRK1mviKX3YKpPaj5pZcYXb,6.7455272142e-07,674.55,,,,NONE,0,0,NONE
F6Pak9EH2xrhcvzcvzW4Mz7s31HxccRTLzAZPLYkpump,2026-02-14T14:11:27Z,GtWP3qMhdc5T16Bpbxc68dC3tCdHszLAS2XqGunZqXJS,1.1590936513e-07,115.91,,,,NONE,0,0,NONE
EzQ7vsjHHSGTF83jQXegnBuuH79P45Bxe7p31kHMpump,2026-02-14T13:56:37Z,8T9ychy4shZUYRu6LFjgNYDWPEQ14KEwyNXsr76fcNZy,2.1294544644e-08,21.29,,,,NONE,0,0,NONE
EMjcuzBM88HS44eedo3G9ojzy4D8ixbNA8vKUFpjpump,2026-02-14T13:54:29Z,D8n8Dy6DWC9691mR4NroSA9TdxXBxDV6Rr639RapanS4,3.5778438410e-08,35.78,,,,net_00028,38,11,MEDIUM
EMjcuzBM88HS44eedo3G9ojzy4D8ixbNA8vKUFpjpump,2026-02-14T13:54:29Z,D8n8Dy6DWC9691mR4NroSA9TdxXBxDV6Rr639RapanS4,3.5778438410e-08,35.78,,,,net_00084,1,7,MEDIUM
EMjcuzBM88HS44eedo3G9ojzy4D8ixbNA8vKUFpjpump,2026-02-14T13:54:29Z,D8n8Dy6DWC9691mR4NroSA9TdxXBxDV6Rr639RapanS4,3.5778438410e-08,35.78,,,,net_00356,1,3,LOW
EMjcuzBM88HS44eedo3G9ojzy4D8ixbNA8vKUFpjpump,2026-02-14T13:54:29Z,D8n8Dy6DWC9691mR4NroSA9TdxXBxDV6Rr639RapanS4,3.5778438410e-08,35.78,,,,net_00373,1,5,LOW
EMjcuzBM88HS44eedo3G9ojzy4D8ixbNA8vKUFpjpump,2026-02-14T13:54:29Z,D8n8Dy6DWC9691mR4NroSA9TdxXBxDV6Rr639RapanS4,3.5778438410e-08,35.78,,,,net_00537,1,2,LOW
EMjcuzBM88HS44eedo3G9ojzy4D8ixbNA8vKUFpjpump,2026-02-14T13:54:29Z,D8n8Dy6DWC9691mR4NroSA9TdxXBxDV6Rr639RapanS4,3.5778438410e-08,35.78,,,,net_00624,1,2,LOW
EMjcuzBM88HS44eedo3G9ojzy4D8ixbNA8vKUFpjpump,2026-02-14T13:54:29Z,D8n8Dy6DWC9691mR4NroSA9TdxXBxDV6Rr639RapanS4,3.5778438410e-08,35.78,,,,net_00879,1,4,LOW
EMjcuzBM88HS44eedo3G9ojzy4D8ixbNA8vKUFpjpump,2026-02-14T13:54:29Z,D8n8Dy6DWC9691mR4NroSA9TdxXBxDV6Rr639RapanS4,3.5778438410e-08,35.78,,,,net_00938,1,2,LOW
EMjcuzBM88HS44eedo3G9ojzy4D8ixbNA8vKUFpjpump,2026-02-14T13:54:29Z,D8n8Dy6DWC9691mR4NroSA9TdxXBxDV6Rr639RapanS4,3.5778438410e-08,35.78,,,,net_00945,1,2,LOW
EMjcuzBM88HS44eedo3G9ojzy4D8ixbNA8vKUFpjpump,2026-02-14T13:54:29Z,D8n8Dy6DWC9691mR4NroSA9TdxXBxDV6Rr639RapanS4,3.5778438410e-08,35.78,,,,net_00957,1,2,LOW
7nxyHFTB4BzZveSQV1EWrFqxPsK318oiSnXbC8knhefw,2026-02-14T13:48:13Z,FYQ7mf5FJSGcytecprTAayxSiKC4pSiMpayDVf2bw2r5,3.9476104847e-09,3.95,,,,NONE,0,0,NONE
1377ZxcXjZv9f8rEDT68sJu1rSK6XH1C5pbjwvZZpump,2026-02-14T13:45:13Z,EPa7fgjrVU3gEa4Mr1yFDRgndYFAcP8F4ZJ7kbuW1oqw,7.7244264595e-07,772.44,,,,NONE,0,0,NONE
BCvrKRkgaLMBtyh2uHss8vpcVKQQFKGUWW5xyxBkpump,2026-02-14T13:30:49Z,E51njZo8wwmAFU9355DG1MWYrFtvExkukegZEJuBdz48,1.5251812193e-09,1.53,,,,NONE,0,0,NONE
7ZqgaJ5dAJaJBZFWmbwh4PDQaSY1dBgRq6Lw1o1wpump,2026-02-14T13:28:07Z,9gw1QyjcFzmuMTn5FQv6UJ5m8yz7oTqy97gYLUg7LER6,1.4783399112e-09,1.48,,,,NONE,0,0,NONE
AeipUtDr9PLWb8hNVDZpqAf8mymDTHGHSZqbppcSpump,2026-02-14T13:21:16Z,EESN2VE83fHCqcqh3xZi1R2CrFDU2XvvUQG9PPcNSGGw,3.3582881896e-08,33.58,,,,NONE,0,0,NONE
uAJnmywQv5vdViZ7YhCMzNzxZKbfPS9eaHQVqnwpump,2026-02-14T13:07:55Z,HE2WiQk7s4ha9Nsz3qJBNq45Yru7MG1EebX66t2GEpwQ,,,,,,NONE,0,0,NONE
2k8z5EnH3VbchDfyAuztjHm8wkDAphwoWrVfzKW4pump,2026-02-14T12:56:13Z,HhNyAxGFZiF2ygxebTBYKj5DnVPghvfqp37NKZyVB6Zy,2.8550000000e-05,28555.29,,,,NONE,0,0,NONE
2jvQEWpXEr5zuHrboc9DoX9irgpY3HnEtArV1reqpump,2026-02-14T12:54:14Z,Aqje5DsN4u2PHmQxGF9PKfpsDGwQRCBhWeLKHCFhSMXk,2.7207140697e-08,27.21,,,,net_00387,1,2,LOW
2jvQEWpXEr5zuHrboc9DoX9irgpY3HnEtArV1reqpump,2026-02-14T12:54:14Z,Aqje5DsN4u2PHmQxGF9PKfpsDGwQRCBhWeLKHCFhSMXk,2.7207140697e-08,27.21,,,,net_00580,1,2,LOW
2jvQEWpXEr5zuHrboc9DoX9irgpY3HnEtArV1reqpump,2026-02-14T12:54:14Z,Aqje5DsN4u2PHmQxGF9PKfpsDGwQRCBhWeLKHCFhSMXk,2.7207140697e-08,27.21,,,,net_00799,1,2,LOW
2jvQEWpXEr5zuHrboc9DoX9irgpY3HnEtArV1reqpump,2026-02-14T12:54:14Z,Aqje5DsN4u2PHmQxGF9PKfpsDGwQRCBhWeLKHCFhSMXk,2.7207140697e-08,27.21,,,,net_00805,1,2,LOW
MWVyWkczkTdw6sMVr5s41MSrKECtmLhMcxXrQrRpump,2026-02-14T12:54:10Z,E6koc16fk9FvsgNo8bUX9i21Vnv5283uDz4qHV4u3Gwz,,,,,,NONE,0,0,NONE
GmNFpyNvGk9GeLoapCFpFv7xgDrw3B7aDw1ytpa7pump,2026-02-14T12:53:30Z,8iU8PoYDbtqfCtfp3xXQnYRqKaJHSt8APX1EjfsESkuL,,,,,,NONE,0,0,NONE
51V5RwSnBM85279gki8eTobibWXztzWT3rzed1acpump,2026-02-14T12:50:49Z,B3TiG7dPyerr5NUbCp5U2PBgVMQmESp9yY9CjC4D2Nx,1.3852609052e-08,13.85,,,,NONE,0,0,NONE
5vVjndnaYkBY4ndVheJzWHLezaNJQTReZEY8eddqpump,2026-02-14T12:50:02Z,5tLxUqhzTB8NpZuRZBm9z2H3cNfxZemUULdHGkiZN9JU,1.3903669739e-09,1.39,,,,NONE,0,0,NONE
G5na9W3pebSiYE1G2LD1u1ZoaDq2W59tfJV7462rpump,2026-02-14T12:40:59Z,Aqje5DsN4u2PHmQxGF9PKfpsDGwQRCBhWeLKHCFhSMXk,1.2723856202e-08,12.72,,,,net_00387,1,2,LOW
G5na9W3pebSiYE1G2LD1u1ZoaDq2W59tfJV7462rpump,2026-02-14T12:40:59Z,Aqje5DsN4u2PHmQxGF9PKfpsDGwQRCBhWeLKHCFhSMXk,1.2723856202e-08,12.72,,,,net_00580,1,2,LOW
G5na9W3pebSiYE1G2LD1u1ZoaDq2W59tfJV7462rpump,2026-02-14T12:40:59Z,Aqje5DsN4u2PHmQxGF9PKfpsDGwQRCBhWeLKHCFhSMXk,1.2723856202e-08,12.72,,,,net_00799,1,2,LOW
G5na9W3pebSiYE1G2LD1u1ZoaDq2W59tfJV7462rpump,2026-02-14T12:40:59Z,Aqje5DsN4u2PHmQxGF9PKfpsDGwQRCBhWeLKHCFhSMXk,1.2723856202e-08,12.72,,,,net_00805,1,2,LOW
29sPjK6RsLyHREsx4PX967mraBJxUqGJqiJUqDrspump,2026-02-14T12:40:25Z,JCo3yc6dWbu2ZVpMiaVHyjrjkNvwJivLisSP9f7snAK6,5.7446671120e-08,57.45,,,,NONE,0,0,NONE
7Uhq9sPuWRGVFHB4tQztEcqh6tbLJu2GqXaeQJS8pump,2026-02-14T12:39:06Z,AQCWnLmb2USHDGWUQoMcBy3BU27fuAvK4feTjHk8qPvq,6.0494303200e-09,6.05,,,,NONE,0,0,NONE
Bsotux7yHhNJF62c6DHD1MDMGrXHcEAJgKcTjcRfahwE,2026-02-14T12:38:11Z,AfYBuQne2568B2uk8LBE9CPnd6HdtnYbMweVmaoYZ2CW,,,,,,net_00264,1,3,LOW
Bsotux7yHhNJF62c6DHD1MDMGrXHcEAJgKcTjcRfahwE,2026-02-14T12:38:11Z,AfYBuQne2568B2uk8LBE9CPnd6HdtnYbMweVmaoYZ2CW,,,,,,net_00852,1,3,LOW
Dfua5tSEoUTLhXv2Xqt84FJGSsLoPVonMSvWWruXpump,2026-02-14T12:11:09Z,4UcETfQsjwmUypYvp92BCsZunaW2k9y4J38yCVvjAa2D,2.6402705378e-10,0.26,,,,net_00025,1,2,LOW
Dfua5tSEoUTLhXv2Xqt84FJGSsLoPVonMSvWWruXpump,2026-02-14T12:11:09Z,4UcETfQsjwmUypYvp92BCsZunaW2k9y4J38yCVvjAa2D,2.6402705378e-10,0.26,,,,net_00363,1,2,LOW
Dfua5tSEoUTLhXv2Xqt84FJGSsLoPVonMSvWWruXpump,2026-02-14T12:11:09Z,4UcETfQsjwmUypYvp92BCsZunaW2k9y4J38yCVvjAa2D,2.6402705378e-10,0.26,,,,net_00391,1,2,LOW
Dfua5tSEoUTLhXv2Xqt84FJGSsLoPVonMSvWWruXpump,2026-02-14T12:11:09Z,4UcETfQsjwmUypYvp92BCsZunaW2k9y4J38yCVvjAa2D,2.6402705378e-10,0.26,,,,net_00473,1,2,LOW
Dfua5tSEoUTLhXv2Xqt84FJGSsLoPVonMSvWWruXpump,2026-02-14T12:11:09Z,4UcETfQsjwmUypYvp92BCsZunaW2k9y4J38yCVvjAa2D,2.6402705378e-10,0.26,,,,net_00563,1,2,LOW
Dfua5tSEoUTLhXv2Xqt84FJGSsLoPVonMSvWWruXpump,2026-02-14T12:11:09Z,4UcETfQsjwmUypYvp92BCsZunaW2k9y4J38yCVvjAa2D,2.6402705378e-10,0.26,,,,net_00647,23,152,CRITICAL
Dfua5tSEoUTLhXv2Xqt84FJGSsLoPVonMSvWWruXpump,2026-02-14T12:11:09Z,4UcETfQsjwmUypYvp92BCsZunaW2k9y4J38yCVvjAa2D,2.6402705378e-10,0.26,,,,net_00673,1,2,LOW
Dfua5tSEoUTLhXv2Xqt84FJGSsLoPVonMSvWWruXpump,2026-02-14T12:11:09Z,4UcETfQsjwmUypYvp92BCsZunaW2k9y4J38yCVvjAa2D,2.6402705378e-10,0.26,,,,net_00721,1,2,LOW
Dfua5tSEoUTLhXv2Xqt84FJGSsLoPVonMSvWWruXpump,2026-02-14T12:11:09Z,4UcETfQsjwmUypYvp92BCsZunaW2k9y4J38yCVvjAa2D,2.6402705378e-10,0.26,,,,net_01062,1,2,LOW
gj4pB2QL1VoDw96Tsz2DtFKFMsKowjcT4WC71USpump,2026-02-14T11:58:05Z,Ad98LrF6pj6xfNQ6PhrELXYUTtrH2Ppj93AAbVdCRbcj,1.9336644899e-07,193.37,,,,NONE,0,0,NONE
7neejYzH7CToTfaP2dC1ZSAsytbdDKUdJXA6V1vN1CVM,2026-02-14T11:57:05Z,9Zu8AigeXgFAajBTni2VWw6Wmz7XxDqHmY5nQwdCWAyY,2.3239021131e-08,23.24,,,,net_00028,38,11,MEDIUM
7neejYzH7CToTfaP2dC1ZSAsytbdDKUdJXA6V1vN1CVM,2026-02-14T11:57:05Z,9Zu8AigeXgFAajBTni2VWw6Wmz7XxDqHmY5nQwdCWAyY,2.3239021131e-08,23.24,,,,net_00116,1,2,LOW
7neejYzH7CToTfaP2dC1ZSAsytbdDKUdJXA6V1vN1CVM,2026-02-14T11:57:05Z,9Zu8AigeXgFAajBTni2VWw6Wmz7XxDqHmY5nQwdCWAyY,2.3239021131e-08,23.24,,,,net_00343,1,2,LOW
7neejYzH7CToTfaP2dC1ZSAsytbdDKUdJXA6V1vN1CVM,2026-02-14T11:57:05Z,9Zu8AigeXgFAajBTni2VWw6Wmz7XxDqHmY5nQwdCWAyY,2.3239021131e-08,23.24,,,,net_00357,1,2,LOW
7neejYzH7CToTfaP2dC1ZSAsytbdDKUdJXA6V1vN1CVM,2026-02-14T11:57:05Z,9Zu8AigeXgFAajBTni2VWw6Wmz7XxDqHmY5nQwdCWAyY,2.3239021131e-08,23.24,,,,net_00361,1,2,LOW
7neejYzH7CToTfaP2dC1ZSAsytbdDKUdJXA6V1vN1CVM,2026-02-14T11:57:05Z,9Zu8AigeXgFAajBTni2VWw6Wmz7XxDqHmY5nQwdCWAyY,2.3239021131e-08,23.24,,,,net_00470,1,2,LOW
7neejYzH7CToTfaP2dC1ZSAsytbdDKUdJXA6V1vN1CVM,2026-02-14T11:57:05Z,9Zu8AigeXgFAajBTni2VWw6Wmz7XxDqHmY5nQwdCWAyY,2.3239021131e-08,23.24,,,,net_00477,1,2,LOW
7neejYzH7CToTfaP2dC1ZSAsytbdDKUdJXA6V1vN1CVM,2026-02-14T11:57:05Z,9Zu8AigeXgFAajBTni2VWw6Wmz7XxDqHmY5nQwdCWAyY,2.3239021131e-08,23.24,,,,net_00641,1,2,LOW
7neejYzH7CToTfaP2dC1ZSAsytbdDKUdJXA6V1vN1CVM,2026-02-14T11:57:05Z,9Zu8AigeXgFAajBTni2VWw6Wmz7XxDqHmY5nQwdCWAyY,2.3239021131e-08,23.24,,,,net_00894,1,2,LOW
7neejYzH7CToTfaP2dC1ZSAsytbdDKUdJXA6V1vN1CVM,2026-02-14T11:57:05Z,9Zu8AigeXgFAajBTni2VWw6Wmz7XxDqHmY5nQwdCWAyY,2.3239021131e-08,23.24,,,,net_00955,1,2,LOW
D9MA9Qh9zF5L7fYNbjihiWYBzUe5q24c18Sp3mn6pump,2026-02-14T11:47:59Z,38tadwSGTCwcvwiQhUFFK8SMsV26jFur8qAfbkZeWgwS,5.0691078119e-08,50.69,,,,NONE,0,0,NONE
GkoMQAaSDCkNPJwKwoH6WoLPQYwpjK4mvVWSDS3Npump,2026-02-14T11:37:40Z,EmgQUbAcERL1jLhSf9ydLMMDbVCSULn2N9tMSVLqrqzC,5.6920495461e-10,0.57,,,,net_00124,14,36,HIGH
AkcQBi7UdT79RJGDN89wEGHpKfMoMw1kmdP4SFQnpump,2026-02-14T11:28:22Z,35fajwESv8fcxTa33ywhxuakiXNUGo8wnSJvt3BRP8BU,2.0754369962e-09,2.08,,,,NONE,0,0,NONE
HoLWig8ydHzxAtEUtUufUY8baYE2V5jRebDyhD3hpump,2026-02-14T11:20:19Z,Dq3fi8ZmBhkrwHFBChLk2pqV8iAGW9uuJP7coshGzqT6,3.3051476601e-08,33.05,,,,net_00033,1,2,LOW
HoLWig8ydHzxAtEUtUufUY8baYE2V5jRebDyhD3hpump,2026-02-14T11:20:19Z,Dq3fi8ZmBhkrwHFBChLk2pqV8iAGW9uuJP7coshGzqT6,3.3051476601e-08,33.05,,,,net_00279,1,2,LOW
HoLWig8ydHzxAtEUtUufUY8baYE2V5jRebDyhD3hpump,2026-02-14T11:20:19Z,Dq3fi8ZmBhkrwHFBChLk2pqV8iAGW9uuJP7coshGzqT6,3.3051476601e-08,33.05,,,,net_00387,1,2,LOW
HoLWig8ydHzxAtEUtUufUY8baYE2V5jRebDyhD3hpump,2026-02-14T11:20:19Z,Dq3fi8ZmBhkrwHFBChLk2pqV8iAGW9uuJP7coshGzqT6,3.3051476601e-08,33.05,,,,net_00473,1,2,LOW
HoLWig8ydHzxAtEUtUufUY8baYE2V5jRebDyhD3hpump,2026-02-14T11:20:19Z,Dq3fi8ZmBhkrwHFBChLk2pqV8iAGW9uuJP7coshGzqT6,3.3051476601e-08,33.05,,,,net_00795,1,2,LOW
HoLWig8ydHzxAtEUtUufUY8baYE2V5jRebDyhD3hpump,2026-02-14T11:20:19Z,Dq3fi8ZmBhkrwHFBChLk2pqV8iAGW9uuJP7coshGzqT6,3.3051476601e-08,33.05,,,,net_00967,1,2,LOW
8F3JjgGtbnm851jsXBMtx3yw47ieWRwKiNfpsKcpump,2026-02-14T11:12:20Z,2LfbPcpW1cT6i9NEDP2yWXo2y4Th4Lt5bKYAvcAidcQv,4.4045307792e-09,4.40,,,,NONE,0,0,NONE
G8fSP7xigLVxA5qyFiTQg7cs6jPsqYDWwqzJVJ6ppump,2026-02-14T10:57:57Z,GpTXmkdvrTajqkzX1fBmC4BUjSboF9dHgfnqPqj8WAc4,7.2714764500e-08,72.71,,,,net_00015,1,4,LOW
G8fSP7xigLVxA5qyFiTQg7cs6jPsqYDWwqzJVJ6ppump,2026-02-14T10:57:57Z,GpTXmkdvrTajqkzX1fBmC4BUjSboF9dHgfnqPqj8WAc4,7.2714764500e-08,72.71,,,,net_00366,1,2,LOW
G8fSP7xigLVxA5qyFiTQg7cs6jPsqYDWwqzJVJ6ppump,2026-02-14T10:57:57Z,GpTXmkdvrTajqkzX1fBmC4BUjSboF9dHgfnqPqj8WAc4,7.2714764500e-08,72.71,,,,net_00647,23,152,CRITICAL
G8fSP7xigLVxA5qyFiTQg7cs6jPsqYDWwqzJVJ6ppump,2026-02-14T10:57:57Z,GpTXmkdvrTajqkzX1fBmC4BUjSboF9dHgfnqPqj8WAc4,7.2714764500e-08,72.71,,,,net_00660,1,2,LOW
G8fSP7xigLVxA5qyFiTQg7cs6jPsqYDWwqzJVJ6ppump,2026-02-14T10:57:57Z,GpTXmkdvrTajqkzX1fBmC4BUjSboF9dHgfnqPqj8WAc4,7.2714764500e-08,72.71,,,,net_00795,1,2,LOW
Fe1AVhwKzdGScBaMjfKkhG8UgZiLPpxBqGtmDrnrpump,2026-02-14T10:50:33Z,6gqWFTjf2a6EPSZ64kJBb321weFJjfxdcbDohUJqu7zF,6.9049716814e-08,69.05,,,,NONE,0,0,NONE
6RbzrC3JWyCPwAFLwiQJkvNjTj21SjTYaQ7WjXGMpump,2026-02-14T10:41:38Z,ARsEAXcHFEGadgxAULsfTm4FxbkbFd5xUKHiD4hmqeQR,1.8642705292e-07,186.43,,,,net_01094,1,6,MEDIUM
3NCNTQ4KTLF3Z5BsU5saqdrpRLqmt8A6JpCZBiQdpump,2026-02-14T10:36:21Z,AapzjzcAHbP499vMQ5eYc9eypJAUR6SLhtfPyhCWDJHy,1.0592059161e-10,0.11,,,,NONE,0,0,NONE
3CrFRySGwAs3ycN933TqukK9kFy7pfPvzdS8GrwBpump,2026-02-14T10:32:31Z,AxmFqz3pbhj6HDK9dC1u7LsYP3rbsTJyKkeCMSpAxrgU,6.7404238403e-11,0.07,,,,net_00014,1,2,LOW
3CrFRySGwAs3ycN933TqukK9kFy7pfPvzdS8GrwBpump,2026-02-14T10:32:31Z,AxmFqz3pbhj6HDK9dC1u7LsYP3rbsTJyKkeCMSpAxrgU,6.7404238403e-11,0.07,,,,net_00023,1,3,LOW
3CrFRySGwAs3ycN933TqukK9kFy7pfPvzdS8GrwBpump,2026-02-14T10:32:31Z,AxmFqz3pbhj6HDK9dC1u7LsYP3rbsTJyKkeCMSpAxrgU,6.7404238403e-11,0.07,,,,net_00025,1,2,LOW
3CrFRySGwAs3ycN933TqukK9kFy7pfPvzdS8GrwBpump,2026-02-14T10:32:31Z,AxmFqz3pbhj6HDK9dC1u7LsYP3rbsTJyKkeCMSpAxrgU,6.7404238403e-11,0.07,,,,net_00036,1,2,LOW
3CrFRySGwAs3ycN933TqukK9kFy7pfPvzdS8GrwBpump,2026-02-14T10:32:31Z,AxmFqz3pbhj6HDK9dC1u7LsYP3rbsTJyKkeCMSpAxrgU,6.7404238403e-11,0.07,,,,net_00332,1,2,LOW
3CrFRySGwAs3ycN933TqukK9kFy7pfPvzdS8GrwBpump,2026-02-14T10:32:31Z,AxmFqz3pbhj6HDK9dC1u7LsYP3rbsTJyKkeCMSpAxrgU,6.7404238403e-11,0.07,,,,net_00366,1,2,LOW
3CrFRySGwAs3ycN933TqukK9kFy7pfPvzdS8GrwBpump,2026-02-14T10:32:31Z,AxmFqz3pbhj6HDK9dC1u7LsYP3rbsTJyKkeCMSpAxrgU,6.7404238403e-11,0.07,,,,net_00660,1,2,LOW
3CrFRySGwAs3ycN933TqukK9kFy7pfPvzdS8GrwBpump,2026-02-14T10:32:31Z,AxmFqz3pbhj6HDK9dC1u7LsYP3rbsTJyKkeCMSpAxrgU,6.7404238403e-11,0.07,,,,net_00740,1,2,LOW
BUUNnt3iSvvSCGSD4QCoQPB91u4xyUwcwpLYTvcMpump,2026-02-14T10:31:32Z,BWuoN2e4qaxGyuVsSgSVnREutZjUsck2EXqSsdXgsN5m,1.6051897553e-08,16.05,,,,net_00213,1,2,LOW
BUUNnt3iSvvSCGSD4QCoQPB91u4xyUwcwpLYTvcMpump,2026-02-14T10:31:32Z,BWuoN2e4qaxGyuVsSgSVnREutZjUsck2EXqSsdXgsN5m,1.6051897553e-08,16.05,,,,net_00526,35,9,MEDIUM
BUUNnt3iSvvSCGSD4QCoQPB91u4xyUwcwpLYTvcMpump,2026-02-14T10:31:32Z,BWuoN2e4qaxGyuVsSgSVnREutZjUsck2EXqSsdXgsN5m,1.6051897553e-08,16.05,,,,net_00609,1,2,LOW
2xbybpkzYDFEjwGMhk36HVBBqTsaMo8ad49tbyqBpump,2026-02-14T10:01:20Z,4TGb4yXdopy1FYAYofSvDRxGoNDEzTzWcpyqgdtFpx7t,2.9982544262e-10,0.30,,,,net_00024,33,5,LOW
2xbybpkzYDFEjwGMhk36HVBBqTsaMo8ad49tbyqBpump,2026-02-14T10:01:20Z,4TGb4yXdopy1FYAYofSvDRxGoNDEzTzWcpyqgdtFpx7t,2.9982544262e-10,0.30,,,,net_00049,15,15,MEDIUM
2xbybpkzYDFEjwGMhk36HVBBqTsaMo8ad49tbyqBpump,2026-02-14T10:01:20Z,4TGb4yXdopy1FYAYofSvDRxGoNDEzTzWcpyqgdtFpx7t,2.9982544262e-10,0.30,,,,net_00160,1,4,LOW
2xbybpkzYDFEjwGMhk36HVBBqTsaMo8ad49tbyqBpump,2026-02-14T10:01:20Z,4TGb4yXdopy1FYAYofSvDRxGoNDEzTzWcpyqgdtFpx7t,2.9982544262e-10,0.30,,,,net_00171,1,2,LOW
2xbybpkzYDFEjwGMhk36HVBBqTsaMo8ad49tbyqBpump,2026-02-14T10:01:20Z,4TGb4yXdopy1FYAYofSvDRxGoNDEzTzWcpyqgdtFpx7t,2.9982544262e-10,0.30,,,,net_00335,1,3,LOW
2xbybpkzYDFEjwGMhk36HVBBqTsaMo8ad49tbyqBpump,2026-02-14T10:01:20Z,4TGb4yXdopy1FYAYofSvDRxGoNDEzTzWcpyqgdtFpx7t,2.9982544262e-10,0.30,,,,net_00443,1,4,LOW
2xbybpkzYDFEjwGMhk36HVBBqTsaMo8ad49tbyqBpump,2026-02-14T10:01:20Z,4TGb4yXdopy1FYAYofSvDRxGoNDEzTzWcpyqgdtFpx7t,2.9982544262e-10,0.30,,,,net_00488,1,2,LOW
2xbybpkzYDFEjwGMhk36HVBBqTsaMo8ad49tbyqBpump,2026-02-14T10:01:20Z,4TGb4yXdopy1FYAYofSvDRxGoNDEzTzWcpyqgdtFpx7t,2.9982544262e-10,0.30,,,,net_00515,1,3,LOW
2xbybpkzYDFEjwGMhk36HVBBqTsaMo8ad49tbyqBpump,2026-02-14T10:01:20Z,4TGb4yXdopy1FYAYofSvDRxGoNDEzTzWcpyqgdtFpx7t,2.9982544262e-10,0.30,,,,net_00560,1,2,LOW
2xbybpkzYDFEjwGMhk36HVBBqTsaMo8ad49tbyqBpump,2026-02-14T10:01:20Z,4TGb4yXdopy1FYAYofSvDRxGoNDEzTzWcpyqgdtFpx7t,2.9982544262e-10,0.30,,,,net_00679,1,7,MEDIUM
2xbybpkzYDFEjwGMhk36HVBBqTsaMo8ad49tbyqBpump,2026-02-14T10:01:20Z,4TGb4yXdopy1FYAYofSvDRxGoNDEzTzWcpyqgdtFpx7t,2.9982544262e-10,0.30,,,,net_00763,1,2,LOW
2xbybpkzYDFEjwGMhk36HVBBqTsaMo8ad49tbyqBpump,2026-02-14T10:01:20Z,4TGb4yXdopy1FYAYofSvDRxGoNDEzTzWcpyqgdtFpx7t,2.9982544262e-10,0.30,,,,net_00869,1,2,LOW
2xbybpkzYDFEjwGMhk36HVBBqTsaMo8ad49tbyqBpump,2026-02-14T10:01:20Z,4TGb4yXdopy1FYAYofSvDRxGoNDEzTzWcpyqgdtFpx7t,2.9982544262e-10,0.30,,,,net_00882,1,7,MEDIUM
2xbybpkzYDFEjwGMhk36HVBBqTsaMo8ad49tbyqBpump,2026-02-14T10:01:20Z,4TGb4yXdopy1FYAYofSvDRxGoNDEzTzWcpyqgdtFpx7t,2.9982544262e-10,0.30,,,,net_00953,1,2,LOW
2xbybpkzYDFEjwGMhk36HVBBqTsaMo8ad49tbyqBpump,2026-02-14T10:01:20Z,4TGb4yXdopy1FYAYofSvDRxGoNDEzTzWcpyqgdtFpx7t,2.9982544262e-10,0.30,,,,net_00969,1,6,MEDIUM
2xbybpkzYDFEjwGMhk36HVBBqTsaMo8ad49tbyqBpump,2026-02-14T10:01:20Z,4TGb4yXdopy1FYAYofSvDRxGoNDEzTzWcpyqgdtFpx7t,2.9982544262e-10,0.30,,,,net_01070,1,3,LOW
2xbybpkzYDFEjwGMhk36HVBBqTsaMo8ad49tbyqBpump,2026-02-14T10:01:20Z,4TGb4yXdopy1FYAYofSvDRxGoNDEzTzWcpyqgdtFpx7t,2.9982544262e-10,0.30,,,,net_01094,1,6,MEDIUM
2xbybpkzYDFEjwGMhk36HVBBqTsaMo8ad49tbyqBpump,2026-02-14T10:01:20Z,4TGb4yXdopy1FYAYofSvDRxGoNDEzTzWcpyqgdtFpx7t,2.9982544262e-10,0.30,,,,net_01096,1,2,LOW
2xbybpkzYDFEjwGMhk36HVBBqTsaMo8ad49tbyqBpump,2026-02-14T10:01:20Z,4TGb4yXdopy1FYAYofSvDRxGoNDEzTzWcpyqgdtFpx7t,2.9982544262e-10,0.30,,,,net_01097,1,4,LOW
2tHHHoDUXKbyrwbzfgdYSumwNrd1Nd2EhFAQUhnKpump,2026-02-14T09:41:38Z,UUmSFNyZFBMGa7VhW1hn3ZGfVEM8W5cqLRGmsMJTELC,4.7164756662e-11,0.05,,,,NONE,0,0,NONE
DFHbqnYmn9xDyjqetxKdycASVzAubTpZsvTMHd8spump,2026-02-14T09:35:54Z,gvQqfp8LpZQBQogWAwq79WzkASQgc22bk2jX9616Pcx,1.2705066562e-10,0.13,,,,NONE,0,0,NONE
8yXL727CjhJn1jKJWbDGmg1ueWgfBAsHduKfKvGEpump,2026-02-14T09:29:38Z,61XkJfSAyJRmZu1TQa2MR17HoNpEDBiq67sWQ5ThdQE2,1.3837049590e-08,13.84,,,,net_00421,1,2,LOW
XaEWLPeKDUHYwwRSLzVwA1MNXsmRLY5pHEnhBGgpump,2026-02-14T08:49:29Z,ALf2aMeSymsRuqeVuLoUfnkMQNhXRRh5Nkun4QBT4a9M,1.6595423842e-11,0.02,,,,net_00027,1,2,LOW
XaEWLPeKDUHYwwRSLzVwA1MNXsmRLY5pHEnhBGgpump,2026-02-14T08:49:29Z,ALf2aMeSymsRuqeVuLoUfnkMQNhXRRh5Nkun4QBT4a9M,1.6595423842e-11,0.02,,,,net_00051,1,2,LOW
XaEWLPeKDUHYwwRSLzVwA1MNXsmRLY5pHEnhBGgpump,2026-02-14T08:49:29Z,ALf2aMeSymsRuqeVuLoUfnkMQNhXRRh5Nkun4QBT4a9M,1.6595423842e-11,0.02,,,,net_00356,1,3,LOW
XaEWLPeKDUHYwwRSLzVwA1MNXsmRLY5pHEnhBGgpump,2026-02-14T08:49:29Z,ALf2aMeSymsRuqeVuLoUfnkMQNhXRRh5Nkun4QBT4a9M,1.6595423842e-11,0.02,,,,net_00460,1,4,LOW
XaEWLPeKDUHYwwRSLzVwA1MNXsmRLY5pHEnhBGgpump,2026-02-14T08:49:29Z,ALf2aMeSymsRuqeVuLoUfnkMQNhXRRh5Nkun4QBT4a9M,1.6595423842e-11,0.02,,,,net_00579,1,2,LOW
XaEWLPeKDUHYwwRSLzVwA1MNXsmRLY5pHEnhBGgpump,2026-02-14T08:49:29Z,ALf2aMeSymsRuqeVuLoUfnkMQNhXRRh5Nkun4QBT4a9M,1.6595423842e-11,0.02,,,,net_00624,1,2,LOW
ARpd48DEPv4mv1dL52z2X6MRXfHRRhZi8Pzk3NYUpump,2026-02-14T08:21:27Z,HiSo5kykqDPs3EG14Fk9QY4B5RvkuEs8oJTiqPX3EDAn,7.1568448868e-08,71.57,,,,net_00099,1,2,LOW
ARpd48DEPv4mv1dL52z2X6MRXfHRRhZi8Pzk3NYUpump,2026-02-14T08:21:27Z,HiSo5kykqDPs3EG14Fk9QY4B5RvkuEs8oJTiqPX3EDAn,7.1568448868e-08,71.57,,,,net_00294,1,3,LOW
ARpd48DEPv4mv1dL52z2X6MRXfHRRhZi8Pzk3NYUpump,2026-02-14T08:21:27Z,HiSo5kykqDPs3EG14Fk9QY4B5RvkuEs8oJTiqPX3EDAn,7.1568448868e-08,71.57,,,,net_00474,1,3,LOW
ARpd48DEPv4mv1dL52z2X6MRXfHRRhZi8Pzk3NYUpump,2026-02-14T08:21:27Z,HiSo5kykqDPs3EG14Fk9QY4B5RvkuEs8oJTiqPX3EDAn,7.1568448868e-08,71.57,,,,net_00658,1,2,LOW
ARpd48DEPv4mv1dL52z2X6MRXfHRRhZi8Pzk3NYUpump,2026-02-14T08:21:27Z,HiSo5kykqDPs3EG14Fk9QY4B5RvkuEs8oJTiqPX3EDAn,7.1568448868e-08,71.57,,,,net_00766,1,2,LOW
ARpd48DEPv4mv1dL52z2X6MRXfHRRhZi8Pzk3NYUpump,2026-02-14T08:21:27Z,HiSo5kykqDPs3EG14Fk9QY4B5RvkuEs8oJTiqPX3EDAn,7.1568448868e-08,71.57,,,,net_00818,1,2,LOW
ARpd48DEPv4mv1dL52z2X6MRXfHRRhZi8Pzk3NYUpump,2026-02-14T08:21:27Z,HiSo5kykqDPs3EG14Fk9QY4B5RvkuEs8oJTiqPX3EDAn,7.1568448868e-08,71.57,,,,net_00931,1,2,LOW
ARpd48DEPv4mv1dL52z2X6MRXfHRRhZi8Pzk3NYUpump,2026-02-14T08:21:27Z,HiSo5kykqDPs3EG14Fk9QY4B5RvkuEs8oJTiqPX3EDAn,7.1568448868e-08,71.57,,,,net_00936,1,2,LOW
4yRSDGC5zjkF8nHg3CqR2SNvYUQSmPeo5QBvmVs9pump,2026-02-14T08:15:35Z,ACBVSazGZWXv9k5M2x4pUhq8L6NWJcWQULrjRM6ZThSn,7.8041793889e-09,7.80,,,,NONE,0,0,NONE
HbPHRMNZcAunt18VWkYVpmEtwCgHXZqvwnGRQuNPNg4a,2026-02-14T08:15:26Z,9Q27kHAzwH793kXV86QuBpTVXjLbHmHjQa487o7AcU1A,2.7520000000e-05,27528.78,,,,NONE,0,0,NONE
BQrwYPnpRSzsNgxfERYRpH8yLEZ9SjWnSLhzrAnipump,2026-02-14T08:15:13Z,DZkKNWat9JJboCGNgnKpy6hNoivD3PYdNsmAhNYwiX72,5.3405204247e-10,0.53,,,,NONE,0,0,NONE
AjZ2pixdhvANRvPb68ouTGf4ZJJpsHbjQaXpoBPstnbw,2026-02-14T08:03:40Z,58QFjQvv4ka92hyGZHukwK46NBRyb8cpkDoQWpTXKquP,1.2065703844e-07,120.66,,,,NONE,0,0,NONE
7tNviT7hyPL8ZBxd68rMZ12TMDyUXmeSpHQruzLepump,2026-02-14T07:56:42Z,9VXuNqqqzniYYW3fRDeaCtUUtqWsEeWWn5umh3aF9h17,1.2257123672e-10,0.12,,,,net_00006,1,3,LOW
7tNviT7hyPL8ZBxd68rMZ12TMDyUXmeSpHQruzLepump,2026-02-14T07:56:42Z,9VXuNqqqzniYYW3fRDeaCtUUtqWsEeWWn5umh3aF9h17,1.2257123672e-10,0.12,,,,net_00123,1,3,LOW
7tNviT7hyPL8ZBxd68rMZ12TMDyUXmeSpHQruzLepump,2026-02-14T07:56:42Z,9VXuNqqqzniYYW3fRDeaCtUUtqWsEeWWn5umh3aF9h17,1.2257123672e-10,0.12,,,,net_00181,1,2,LOW
7tNviT7hyPL8ZBxd68rMZ12TMDyUXmeSpHQruzLepump,2026-02-14T07:56:42Z,9VXuNqqqzniYYW3fRDeaCtUUtqWsEeWWn5umh3aF9h17,1.2257123672e-10,0.12,,,,net_00355,1,3,LOW
7tNviT7hyPL8ZBxd68rMZ12TMDyUXmeSpHQruzLepump,2026-02-14T07:56:42Z,9VXuNqqqzniYYW3fRDeaCtUUtqWsEeWWn5umh3aF9h17,1.2257123672e-10,0.12,,,,net_00467,1,2,LOW
7tNviT7hyPL8ZBxd68rMZ12TMDyUXmeSpHQruzLepump,2026-02-14T07:56:42Z,9VXuNqqqzniYYW3fRDeaCtUUtqWsEeWWn5umh3aF9h17,1.2257123672e-10,0.12,,,,net_00553,1,2,LOW
7tNviT7hyPL8ZBxd68rMZ12TMDyUXmeSpHQruzLepump,2026-02-14T07:56:42Z,9VXuNqqqzniYYW3fRDeaCtUUtqWsEeWWn5umh3aF9h17,1.2257123672e-10,0.12,,,,net_00591,1,3,LOW
7tNviT7hyPL8ZBxd68rMZ12TMDyUXmeSpHQruzLepump,2026-02-14T07:56:42Z,9VXuNqqqzniYYW3fRDeaCtUUtqWsEeWWn5umh3aF9h17,1.2257123672e-10,0.12,,,,net_00720,1,3,LOW
7tNviT7hyPL8ZBxd68rMZ12TMDyUXmeSpHQruzLepump,2026-02-14T07:56:42Z,9VXuNqqqzniYYW3fRDeaCtUUtqWsEeWWn5umh3aF9h17,1.2257123672e-10,0.12,,,,net_00737,1,2,LOW
7tNviT7hyPL8ZBxd68rMZ12TMDyUXmeSpHQruzLepump,2026-02-14T07:56:42Z,9VXuNqqqzniYYW3fRDeaCtUUtqWsEeWWn5umh3aF9h17,1.2257123672e-10,0.12,,,,net_00953,1,2,LOW
7tNviT7hyPL8ZBxd68rMZ12TMDyUXmeSpHQruzLepump,2026-02-14T07:56:42Z,9VXuNqqqzniYYW3fRDeaCtUUtqWsEeWWn5umh3aF9h17,1.2257123672e-10,0.12,,,,net_01092,1,2,LOW
Fvd2Jxe6hHxgTG3fCSdLZUe43H9jiYPzeSsreCqypump,2026-02-14T07:55:40Z,A8Z1ejQGk45EJibBPJviWnM3UvwKSuYun53nSCkWKM52,3.0341709845e-08,30.34,,,,net_00015,1,4,LOW
Fvd2Jxe6hHxgTG3fCSdLZUe43H9jiYPzeSsreCqypump,2026-02-14T07:55:40Z,A8Z1ejQGk45EJibBPJviWnM3UvwKSuYun53nSCkWKM52,3.0341709845e-08,30.34,,,,net_00028,38,11,MEDIUM
Fvd2Jxe6hHxgTG3fCSdLZUe43H9jiYPzeSsreCqypump,2026-02-14T07:55:40Z,A8Z1ejQGk45EJibBPJviWnM3UvwKSuYun53nSCkWKM52,3.0341709845e-08,30.34,,,,net_00088,1,3,LOW
Fvd2Jxe6hHxgTG3fCSdLZUe43H9jiYPzeSsreCqypump,2026-02-14T07:55:40Z,A8Z1ejQGk45EJibBPJviWnM3UvwKSuYun53nSCkWKM52,3.0341709845e-08,30.34,,,,net_00100,1,2,LOW
Fvd2Jxe6hHxgTG3fCSdLZUe43H9jiYPzeSsreCqypump,2026-02-14T07:55:40Z,A8Z1ejQGk45EJibBPJviWnM3UvwKSuYun53nSCkWKM52,3.0341709845e-08,30.34,,,,net_00148,1,2,LOW
Fvd2Jxe6hHxgTG3fCSdLZUe43H9jiYPzeSsreCqypump,2026-02-14T07:55:40Z,A8Z1ejQGk45EJibBPJviWnM3UvwKSuYun53nSCkWKM52,3.0341709845e-08,30.34,,,,net_00155,1,2,LOW
Fvd2Jxe6hHxgTG3fCSdLZUe43H9jiYPzeSsreCqypump,2026-02-14T07:55:40Z,A8Z1ejQGk45EJibBPJviWnM3UvwKSuYun53nSCkWKM52,3.0341709845e-08,30.34,,,,net_00186,1,2,LOW
Fvd2Jxe6hHxgTG3fCSdLZUe43H9jiYPzeSsreCqypump,2026-02-14T07:55:40Z,A8Z1ejQGk45EJibBPJviWnM3UvwKSuYun53nSCkWKM52,3.0341709845e-08,30.34,,,,net_00373,1,5,LOW
Fvd2Jxe6hHxgTG3fCSdLZUe43H9jiYPzeSsreCqypump,2026-02-14T07:55:40Z,A8Z1ejQGk45EJibBPJviWnM3UvwKSuYun53nSCkWKM52,3.0341709845e-08,30.34,,,,net_00441,1,2,LOW
Fvd2Jxe6hHxgTG3fCSdLZUe43H9jiYPzeSsreCqypump,2026-02-14T07:55:40Z,A8Z1ejQGk45EJibBPJviWnM3UvwKSuYun53nSCkWKM52,3.0341709845e-08,30.34,,,,net_00592,1,8,MEDIUM
Fvd2Jxe6hHxgTG3fCSdLZUe43H9jiYPzeSsreCqypump,2026-02-14T07:55:40Z,A8Z1ejQGk45EJibBPJviWnM3UvwKSuYun53nSCkWKM52,3.0341709845e-08,30.34,,,,net_00658,1,2,LOW
Fvd2Jxe6hHxgTG3fCSdLZUe43H9jiYPzeSsreCqypump,2026-02-14T07:55:40Z,A8Z1ejQGk45EJibBPJviWnM3UvwKSuYun53nSCkWKM52,3.0341709845e-08,30.34,,,,net_00766,1,2,LOW
Fvd2Jxe6hHxgTG3fCSdLZUe43H9jiYPzeSsreCqypump,2026-02-14T07:55:40Z,A8Z1ejQGk45EJibBPJviWnM3UvwKSuYun53nSCkWKM52,3.0341709845e-08,30.34,,,,net_00800,1,7,MEDIUM
Fvd2Jxe6hHxgTG3fCSdLZUe43H9jiYPzeSsreCqypump,2026-02-14T07:55:40Z,A8Z1ejQGk45EJibBPJviWnM3UvwKSuYun53nSCkWKM52,3.0341709845e-08,30.34,,,,net_00820,1,2,LOW
Bhj1Wty4KzoffySMXw8voTmc87v8Et6kNqWe12y1pump,2026-02-14T07:29:37Z,EzHPsKxdf74f2A5qt1rJi6ZwsXjxk4WyJH6Rcs5FCgJM,4.8351006572e-10,0.48,,,,NONE,0,0,NONE
51VhWrjWejPe9JB1jd23tcghPc5JxEDSnidPooq3pump,2026-02-14T07:25:00Z,7Q4wdwBp11kQ1R1pryZ3ZTVqMtQJd9Egf2KZkMPqgPcN,5.1096325869e-08,51.10,,,,net_00037,42,17,MEDIUM
DjXYs7rtZAYj6YBTmniXrdLKNA2wdopRojckFmuLpump,2026-02-14T07:23:07Z,DTdHa4auX68jFtXv9wkzMYCahg295AnRuwvm6moW6meZ,2.7243379563e-08,27.24,,,,net_00037,42,17,MEDIUM
DjXYs7rtZAYj6YBTmniXrdLKNA2wdopRojckFmuLpump,2026-02-14T07:23:07Z,DTdHa4auX68jFtXv9wkzMYCahg295AnRuwvm6moW6meZ,2.7243379563e-08,27.24,,,,net_00376,1,2,LOW
64UuJ3g7LZ8kUatiWWA5bgCDcfV9km8SSBscTacupump,2026-02-14T07:16:50Z,EiJBFgwfeEVdkeTGRsQg38fsLGXDQWQqcX66ZPWQUvDt,1.1066596666e-11,0.01,,,,NONE,0,0,NONE
FLvDF81CnmM3cPb7uyc3iGfZex3Fz4DVeMY7n94Mpump,2026-02-14T07:12:16Z,55GCq3RJ3g4VLwtWNDfdqCkXJGRVjvovkG7mFMFET1m3,5.7473206941e-10,0.57,,,,NONE,0,0,NONE
CMkkMQAP1vqbVmXehWc9jhmgg2NZdJheGPQYdt6Qpump,2026-02-14T07:11:21Z,5Qaf7nJyxfxrHZKyAgqBwPgsNAcVoUw6D4XJw5uDWaww,3.5010156170e-08,35.01,,,,NONE,0,0,NONE
8M3ucvq1YTrPufeTSdVzuuAn7aDEszjhRKpg8DQ9pump,2026-02-14T07:08:06Z,6zM3vb3YkgvKn4yK8uVvA2jUFwPhU8HSguhT5Enf7BB,1.2813595810e-11,0.01,,,,NONE,0,0,NONE
2abhK7Cr4vzCJHG28y24mvB62C2aCFnVNoFQRaHipump,2026-02-14T06:54:24Z,24XmpY1Xk2miETKYwFpLnHyqKLyewcQujMWXcfz6hHiv,9.7525541236e-09,9.75,,,,net_00036,1,2,LOW
2abhK7Cr4vzCJHG28y24mvB62C2aCFnVNoFQRaHipump,2026-02-14T06:54:24Z,24XmpY1Xk2miETKYwFpLnHyqKLyewcQujMWXcfz6hHiv,9.7525541236e-09,9.75,,,,net_00037,42,17,MEDIUM
2abhK7Cr4vzCJHG28y24mvB62C2aCFnVNoFQRaHipump,2026-02-14T06:54:24Z,24XmpY1Xk2miETKYwFpLnHyqKLyewcQujMWXcfz6hHiv,9.7525541236e-09,9.75,,,,net_00175,1,2,LOW
2abhK7Cr4vzCJHG28y24mvB62C2aCFnVNoFQRaHipump,2026-02-14T06:54:24Z,24XmpY1Xk2miETKYwFpLnHyqKLyewcQujMWXcfz6hHiv,9.7525541236e-09,9.75,,,,net_00201,1,3,LOW
2abhK7Cr4vzCJHG28y24mvB62C2aCFnVNoFQRaHipump,2026-02-14T06:54:24Z,24XmpY1Xk2miETKYwFpLnHyqKLyewcQujMWXcfz6hHiv,9.7525541236e-09,9.75,,,,net_00520,1,2,LOW
2abhK7Cr4vzCJHG28y24mvB62C2aCFnVNoFQRaHipump,2026-02-14T06:54:24Z,24XmpY1Xk2miETKYwFpLnHyqKLyewcQujMWXcfz6hHiv,9.7525541236e-09,9.75,,,,net_00592,1,8,MEDIUM
2abhK7Cr4vzCJHG28y24mvB62C2aCFnVNoFQRaHipump,2026-02-14T06:54:24Z,24XmpY1Xk2miETKYwFpLnHyqKLyewcQujMWXcfz6hHiv,9.7525541236e-09,9.75,,,,net_00824,1,2,LOW
7iDm59LFbEqBdGV6S9VVb1KCpV8Xhm7KHVUgws4tpump,2026-02-14T06:52:00Z,FUe3JUnMySc1LS3YzKHMVNtEoZRifNDC7B6jxMcdCk96,6.4924007976e-09,6.49,,,,NONE,0,0,NONE
EYrG3qDEP1J9seh7YJQnuEQLdR8Qs1P92nm4gRzhpump,2026-02-14T06:47:50Z,6Ct5D3AENb5xg5Um7zDvrF7RtTGoYUrCSdiyvPh6TsNR,6.7897980836e-10,0.68,,,,NONE,0,0,NONE
4q1TuukmidTZmfYcRxexpnbF22BKDMqX3LVpxY2qpump,2026-02-14T06:45:02Z,2zyhapjwuXiyJ6WBnbbNJXLFe2VXpm4TWuYghTUMaFg3,4.8962480843e-09,4.90,,,,NONE,0,0,NONE
FYstRNsYY8ZXd6UZMPzCxqyhXr5Cn5xJzh22swSxwK8n,2026-02-14T06:28:29Z,GVdKfXjxmWEewYwJHtukrRUPNucZCaDEoF1udr3ioEbq,,,,,,NONE,0,0,NONE
9HTN1ShWRj696SoetcBTgkS73mna73g5z142wCB8pump,2026-02-14T06:25:14Z,DLG2AknT7NVRCi16DFiLXH7H9ApW1fD7a9wm4uueGqEM,1.0224177691e-09,1.02,,,,NONE,0,0,NONE
8FCXqW6zHGvL8AiYt4S299G7f8KUeDazxiSNwBpcpump,2026-02-14T06:07:58Z,DMZHY7YdeskohCMYgbDUFMjJWqoy79arxiQQRXQ5pqkp,7.7876242413e-08,77.88,,,,NONE,0,0,NONE
8d85YWkpGxdEPWqqMMZKPUi6Sb97SR27i8wco53mpump,2026-02-14T05:48:05Z,69aiAKU3uJMxMLRkUEGFNt6nQ43PiVimE4ZbErJ7VSM1,5.1720496186e-09,5.17,,,,net_00004,1,2,LOW
8d85YWkpGxdEPWqqMMZKPUi6Sb97SR27i8wco53mpump,2026-02-14T05:48:05Z,69aiAKU3uJMxMLRkUEGFNt6nQ43PiVimE4ZbErJ7VSM1,5.1720496186e-09,5.17,,,,net_00009,1,2,LOW
8d85YWkpGxdEPWqqMMZKPUi6Sb97SR27i8wco53mpump,2026-02-14T05:48:05Z,69aiAKU3uJMxMLRkUEGFNt6nQ43PiVimE4ZbErJ7VSM1,5.1720496186e-09,5.17,,,,net_00084,1,7,MEDIUM
8d85YWkpGxdEPWqqMMZKPUi6Sb97SR27i8wco53mpump,2026-02-14T05:48:05Z,69aiAKU3uJMxMLRkUEGFNt6nQ43PiVimE4ZbErJ7VSM1,5.1720496186e-09,5.17,,,,net_00088,1,3,LOW
8d85YWkpGxdEPWqqMMZKPUi6Sb97SR27i8wco53mpump,2026-02-14T05:48:05Z,69aiAKU3uJMxMLRkUEGFNt6nQ43PiVimE4ZbErJ7VSM1,5.1720496186e-09,5.17,,,,net_00100,1,2,LOW
8d85YWkpGxdEPWqqMMZKPUi6Sb97SR27i8wco53mpump,2026-02-14T05:48:05Z,69aiAKU3uJMxMLRkUEGFNt6nQ43PiVimE4ZbErJ7VSM1,5.1720496186e-09,5.17,,,,net_00175,1,2,LOW
8d85YWkpGxdEPWqqMMZKPUi6Sb97SR27i8wco53mpump,2026-02-14T05:48:05Z,69aiAKU3uJMxMLRkUEGFNt6nQ43PiVimE4ZbErJ7VSM1,5.1720496186e-09,5.17,,,,net_00194,1,6,MEDIUM
8d85YWkpGxdEPWqqMMZKPUi6Sb97SR27i8wco53mpump,2026-02-14T05:48:05Z,69aiAKU3uJMxMLRkUEGFNt6nQ43PiVimE4ZbErJ7VSM1,5.1720496186e-09,5.17,,,,net_00237,1,3,LOW
8d85YWkpGxdEPWqqMMZKPUi6Sb97SR27i8wco53mpump,2026-02-14T05:48:05Z,69aiAKU3uJMxMLRkUEGFNt6nQ43PiVimE4ZbErJ7VSM1,5.1720496186e-09,5.17,,,,net_00244,1,2,LOW
8d85YWkpGxdEPWqqMMZKPUi6Sb97SR27i8wco53mpump,2026-02-14T05:48:05Z,69aiAKU3uJMxMLRkUEGFNt6nQ43PiVimE4ZbErJ7VSM1,5.1720496186e-09,5.17,,,,net_00259,1,2,LOW
8d85YWkpGxdEPWqqMMZKPUi6Sb97SR27i8wco53mpump,2026-02-14T05:48:05Z,69aiAKU3uJMxMLRkUEGFNt6nQ43PiVimE4ZbErJ7VSM1,5.1720496186e-09,5.17,,,,net_00314,1,2,LOW
8d85YWkpGxdEPWqqMMZKPUi6Sb97SR27i8wco53mpump,2026-02-14T05:48:05Z,69aiAKU3uJMxMLRkUEGFNt6nQ43PiVimE4ZbErJ7VSM1,5.1720496186e-09,5.17,,,,net_00416,1,2,LOW
8d85YWkpGxdEPWqqMMZKPUi6Sb97SR27i8wco53mpump,2026-02-14T05:48:05Z,69aiAKU3uJMxMLRkUEGFNt6nQ43PiVimE4ZbErJ7VSM1,5.1720496186e-09,5.17,,,,net_00431,1,2,LOW
8d85YWkpGxdEPWqqMMZKPUi6Sb97SR27i8wco53mpump,2026-02-14T05:48:05Z,69aiAKU3uJMxMLRkUEGFNt6nQ43PiVimE4ZbErJ7VSM1,5.1720496186e-09,5.17,,,,net_00789,1,2,LOW
8d85YWkpGxdEPWqqMMZKPUi6Sb97SR27i8wco53mpump,2026-02-14T05:48:05Z,69aiAKU3uJMxMLRkUEGFNt6nQ43PiVimE4ZbErJ7VSM1,5.1720496186e-09,5.17,,,,net_00815,1,2,LOW
8d85YWkpGxdEPWqqMMZKPUi6Sb97SR27i8wco53mpump,2026-02-14T05:48:05Z,69aiAKU3uJMxMLRkUEGFNt6nQ43PiVimE4ZbErJ7VSM1,5.1720496186e-09,5.17,,,,net_00888,1,2,LOW
8d85YWkpGxdEPWqqMMZKPUi6Sb97SR27i8wco53mpump,2026-02-14T05:48:05Z,69aiAKU3uJMxMLRkUEGFNt6nQ43PiVimE4ZbErJ7VSM1,5.1720496186e-09,5.17,,,,net_00994,1,2,LOW
8d85YWkpGxdEPWqqMMZKPUi6Sb97SR27i8wco53mpump,2026-02-14T05:48:05Z,69aiAKU3uJMxMLRkUEGFNt6nQ43PiVimE4ZbErJ7VSM1,5.1720496186e-09,5.17,,,,net_00995,1,2,LOW
8d85YWkpGxdEPWqqMMZKPUi6Sb97SR27i8wco53mpump,2026-02-14T05:48:05Z,69aiAKU3uJMxMLRkUEGFNt6nQ43PiVimE4ZbErJ7VSM1,5.1720496186e-09,5.17,,,,net_00996,1,2,LOW
8d85YWkpGxdEPWqqMMZKPUi6Sb97SR27i8wco53mpump,2026-02-14T05:48:05Z,69aiAKU3uJMxMLRkUEGFNt6nQ43PiVimE4ZbErJ7VSM1,5.1720496186e-09,5.17,,,,net_00997,1,2,LOW
8d85YWkpGxdEPWqqMMZKPUi6Sb97SR27i8wco53mpump,2026-02-14T05:48:05Z,69aiAKU3uJMxMLRkUEGFNt6nQ43PiVimE4ZbErJ7VSM1,5.1720496186e-09,5.17,,,,net_00998,1,2,LOW
8d85YWkpGxdEPWqqMMZKPUi6Sb97SR27i8wco53mpump,2026-02-14T05:48:05Z,69aiAKU3uJMxMLRkUEGFNt6nQ43PiVimE4ZbErJ7VSM1,5.1720496186e-09,5.17,,,,net_00999,1,2,LOW
8d85YWkpGxdEPWqqMMZKPUi6Sb97SR27i8wco53mpump,2026-02-14T05:48:05Z,69aiAKU3uJMxMLRkUEGFNt6nQ43PiVimE4ZbErJ7VSM1,5.1720496186e-09,5.17,,,,net_01000,1,2,LOW
8d85YWkpGxdEPWqqMMZKPUi6Sb97SR27i8wco53mpump,2026-02-14T05:48:05Z,69aiAKU3uJMxMLRkUEGFNt6nQ43PiVimE4ZbErJ7VSM1,5.1720496186e-09,5.17,,,,net_01001,1,2,LOW
8d85YWkpGxdEPWqqMMZKPUi6Sb97SR27i8wco53mpump,2026-02-14T05:48:05Z,69aiAKU3uJMxMLRkUEGFNt6nQ43PiVimE4ZbErJ7VSM1,5.1720496186e-09,5.17,,,,net_01002,1,2,LOW
8d85YWkpGxdEPWqqMMZKPUi6Sb97SR27i8wco53mpump,2026-02-14T05:48:05Z,69aiAKU3uJMxMLRkUEGFNt6nQ43PiVimE4ZbErJ7VSM1,5.1720496186e-09,5.17,,,,net_01003,1,2,LOW
8d85YWkpGxdEPWqqMMZKPUi6Sb97SR27i8wco53mpump,2026-02-14T05:48:05Z,69aiAKU3uJMxMLRkUEGFNt6nQ43PiVimE4ZbErJ7VSM1,5.1720496186e-09,5.17,,,,net_01004,1,2,LOW
8d85YWkpGxdEPWqqMMZKPUi6Sb97SR27i8wco53mpump,2026-02-14T05:48:05Z,69aiAKU3uJMxMLRkUEGFNt6nQ43PiVimE4ZbErJ7VSM1,5.1720496186e-09,5.17,,,,net_01005,1,2,LOW
8d85YWkpGxdEPWqqMMZKPUi6Sb97SR27i8wco53mpump,2026-02-14T05:48:05Z,69aiAKU3uJMxMLRkUEGFNt6nQ43PiVimE4ZbErJ7VSM1,5.1720496186e-09,5.17,,,,net_01006,1,2,LOW
8d85YWkpGxdEPWqqMMZKPUi6Sb97SR27i8wco53mpump,2026-02-14T05:48:05Z,69aiAKU3uJMxMLRkUEGFNt6nQ43PiVimE4ZbErJ7VSM1,5.1720496186e-09,5.17,,,,net_01007,1,2,LOW
8d85YWkpGxdEPWqqMMZKPUi6Sb97SR27i8wco53mpump,2026-02-14T05:48:05Z,69aiAKU3uJMxMLRkUEGFNt6nQ43PiVimE4ZbErJ7VSM1,5.1720496186e-09,5.17,,,,net_01008,1,2,LOW
8d85YWkpGxdEPWqqMMZKPUi6Sb97SR27i8wco53mpump,2026-02-14T05:48:05Z,69aiAKU3uJMxMLRkUEGFNt6nQ43PiVimE4ZbErJ7VSM1,5.1720496186e-09,5.17,,,,net_01009,1,2,LOW
8d85YWkpGxdEPWqqMMZKPUi6Sb97SR27i8wco53mpump,2026-02-14T05:48:05Z,69aiAKU3uJMxMLRkUEGFNt6nQ43PiVimE4ZbErJ7VSM1,5.1720496186e-09,5.17,,,,net_01010,1,2,LOW
8d85YWkpGxdEPWqqMMZKPUi6Sb97SR27i8wco53mpump,2026-02-14T05:48:05Z,69aiAKU3uJMxMLRkUEGFNt6nQ43PiVimE4ZbErJ7VSM1,5.1720496186e-09,5.17,,,,net_01011,1,2,LOW
8d85YWkpGxdEPWqqMMZKPUi6Sb97SR27i8wco53mpump,2026-02-14T05:48:05Z,69aiAKU3uJMxMLRkUEGFNt6nQ43PiVimE4ZbErJ7VSM1,5.1720496186e-09,5.17,,,,net_01012,1,2,LOW
8d85YWkpGxdEPWqqMMZKPUi6Sb97SR27i8wco53mpump,2026-02-14T05:48:05Z,69aiAKU3uJMxMLRkUEGFNt6nQ43PiVimE4ZbErJ7VSM1,5.1720496186e-09,5.17,,,,net_01013,1,2,LOW
8d85YWkpGxdEPWqqMMZKPUi6Sb97SR27i8wco53mpump,2026-02-14T05:48:05Z,69aiAKU3uJMxMLRkUEGFNt6nQ43PiVimE4ZbErJ7VSM1,5.1720496186e-09,5.17,,,,net_01014,1,2,LOW
8d85YWkpGxdEPWqqMMZKPUi6Sb97SR27i8wco53mpump,2026-02-14T05:48:05Z,69aiAKU3uJMxMLRkUEGFNt6nQ43PiVimE4ZbErJ7VSM1,5.1720496186e-09,5.17,,,,net_01015,1,2,LOW
8d85YWkpGxdEPWqqMMZKPUi6Sb97SR27i8wco53mpump,2026-02-14T05:48:05Z,69aiAKU3uJMxMLRkUEGFNt6nQ43PiVimE4ZbErJ7VSM1,5.1720496186e-09,5.17,,,,net_01016,1,2,LOW
8d85YWkpGxdEPWqqMMZKPUi6Sb97SR27i8wco53mpump,2026-02-14T05:48:05Z,69aiAKU3uJMxMLRkUEGFNt6nQ43PiVimE4ZbErJ7VSM1,5.1720496186e-09,5.17,,,,net_01017,1,2,LOW
8d85YWkpGxdEPWqqMMZKPUi6Sb97SR27i8wco53mpump,2026-02-14T05:48:05Z,69aiAKU3uJMxMLRkUEGFNt6nQ43PiVimE4ZbErJ7VSM1,5.1720496186e-09,5.17,,,,net_01018,1,2,LOW
8d85YWkpGxdEPWqqMMZKPUi6Sb97SR27i8wco53mpump,2026-02-14T05:48:05Z,69aiAKU3uJMxMLRkUEGFNt6nQ43PiVimE4ZbErJ7VSM1,5.1720496186e-09,5.17,,,,net_01019,1,2,LOW
8d85YWkpGxdEPWqqMMZKPUi6Sb97SR27i8wco53mpump,2026-02-14T05:48:05Z,69aiAKU3uJMxMLRkUEGFNt6nQ43PiVimE4ZbErJ7VSM1,5.1720496186e-09,5.17,,,,net_01020,1,2,LOW
8d85YWkpGxdEPWqqMMZKPUi6Sb97SR27i8wco53mpump,2026-02-14T05:48:05Z,69aiAKU3uJMxMLRkUEGFNt6nQ43PiVimE4ZbErJ7VSM1,5.1720496186e-09,5.17,,,,net_01021,1,2,LOW
8d85YWkpGxdEPWqqMMZKPUi6Sb97SR27i8wco53mpump,2026-02-14T05:48:05Z,69aiAKU3uJMxMLRkUEGFNt6nQ43PiVimE4ZbErJ7VSM1,5.1720496186e-09,5.17,,,,net_01022,1,2,LOW
8d85YWkpGxdEPWqqMMZKPUi6Sb97SR27i8wco53mpump,2026-02-14T05:48:05Z,69aiAKU3uJMxMLRkUEGFNt6nQ43PiVimE4ZbErJ7VSM1,5.1720496186e-09,5.17,,,,net_01023,1,2,LOW
8d85YWkpGxdEPWqqMMZKPUi6Sb97SR27i8wco53mpump,2026-02-14T05:48:05Z,69aiAKU3uJMxMLRkUEGFNt6nQ43PiVimE4ZbErJ7VSM1,5.1720496186e-09,5.17,,,,net_01024,1,2,LOW
8d85YWkpGxdEPWqqMMZKPUi6Sb97SR27i8wco53mpump,2026-02-14T05:48:05Z,69aiAKU3uJMxMLRkUEGFNt6nQ43PiVimE4ZbErJ7VSM1,5.1720496186e-09,5.17,,,,net_01025,1,2,LOW
8d85YWkpGxdEPWqqMMZKPUi6Sb97SR27i8wco53mpump,2026-02-14T05:48:05Z,69aiAKU3uJMxMLRkUEGFNt6nQ43PiVimE4ZbErJ7VSM1,5.1720496186e-09,5.17,,,,net_01026,1,2,LOW
8d85YWkpGxdEPWqqMMZKPUi6Sb97SR27i8wco53mpump,2026-02-14T05:48:05Z,69aiAKU3uJMxMLRkUEGFNt6nQ43PiVimE4ZbErJ7VSM1,5.1720496186e-09,5.17,,,,net_01027,1,2,LOW
8d85YWkpGxdEPWqqMMZKPUi6Sb97SR27i8wco53mpump,2026-02-14T05:48:05Z,69aiAKU3uJMxMLRkUEGFNt6nQ43PiVimE4ZbErJ7VSM1,5.1720496186e-09,5.17,,,,net_01028,1,2,LOW
8d85YWkpGxdEPWqqMMZKPUi6Sb97SR27i8wco53mpump,2026-02-14T05:48:05Z,69aiAKU3uJMxMLRkUEGFNt6nQ43PiVimE4ZbErJ7VSM1,5.1720496186e-09,5.17,,,,net_01029,1,2,LOW
8d85YWkpGxdEPWqqMMZKPUi6Sb97SR27i8wco53mpump,2026-02-14T05:48:05Z,69aiAKU3uJMxMLRkUEGFNt6nQ43PiVimE4ZbErJ7VSM1,5.1720496186e-09,5.17,,,,net_01030,1,2,LOW
8d85YWkpGxdEPWqqMMZKPUi6Sb97SR27i8wco53mpump,2026-02-14T05:48:05Z,69aiAKU3uJMxMLRkUEGFNt6nQ43PiVimE4ZbErJ7VSM1,5.1720496186e-09,5.17,,,,net_01031,1,2,LOW
8d85YWkpGxdEPWqqMMZKPUi6Sb97SR27i8wco53mpump,2026-02-14T05:48:05Z,69aiAKU3uJMxMLRkUEGFNt6nQ43PiVimE4ZbErJ7VSM1,5.1720496186e-09,5.17,,,,net_01032,1,2,LOW
8d85YWkpGxdEPWqqMMZKPUi6Sb97SR27i8wco53mpump,2026-02-14T05:48:05Z,69aiAKU3uJMxMLRkUEGFNt6nQ43PiVimE4ZbErJ7VSM1,5.1720496186e-09,5.17,,,,net_01033,1,2,LOW
8d85YWkpGxdEPWqqMMZKPUi6Sb97SR27i8wco53mpump,2026-02-14T05:48:05Z,69aiAKU3uJMxMLRkUEGFNt6nQ43PiVimE4ZbErJ7VSM1,5.1720496186e-09,5.17,,,,net_01034,1,2,LOW
8d85YWkpGxdEPWqqMMZKPUi6Sb97SR27i8wco53mpump,2026-02-14T05:48:05Z,69aiAKU3uJMxMLRkUEGFNt6nQ43PiVimE4ZbErJ7VSM1,5.1720496186e-09,5.17,,,,net_01035,1,2,LOW
8d85YWkpGxdEPWqqMMZKPUi6Sb97SR27i8wco53mpump,2026-02-14T05:48:05Z,69aiAKU3uJMxMLRkUEGFNt6nQ43PiVimE4ZbErJ7VSM1,5.1720496186e-09,5.17,,,,net_01036,1,2,LOW
8d85YWkpGxdEPWqqMMZKPUi6Sb97SR27i8wco53mpump,2026-02-14T05:48:05Z,69aiAKU3uJMxMLRkUEGFNt6nQ43PiVimE4ZbErJ7VSM1,5.1720496186e-09,5.17,,,,net_01037,1,2,LOW
8d85YWkpGxdEPWqqMMZKPUi6Sb97SR27i8wco53mpump,2026-02-14T05:48:05Z,69aiAKU3uJMxMLRkUEGFNt6nQ43PiVimE4ZbErJ7VSM1,5.1720496186e-09,5.17,,,,net_01038,1,2,LOW
8d85YWkpGxdEPWqqMMZKPUi6Sb97SR27i8wco53mpump,2026-02-14T05:48:05Z,69aiAKU3uJMxMLRkUEGFNt6nQ43PiVimE4ZbErJ7VSM1,5.1720496186e-09,5.17,,,,net_01039,1,2,LOW
8d85YWkpGxdEPWqqMMZKPUi6Sb97SR27i8wco53mpump,2026-02-14T05:48:05Z,69aiAKU3uJMxMLRkUEGFNt6nQ43PiVimE4ZbErJ7VSM1,5.1720496186e-09,5.17,,,,net_01040,1,2,LOW
8d85YWkpGxdEPWqqMMZKPUi6Sb97SR27i8wco53mpump,2026-02-14T05:48:05Z,69aiAKU3uJMxMLRkUEGFNt6nQ43PiVimE4ZbErJ7VSM1,5.1720496186e-09,5.17,,,,net_01041,1,2,LOW
8d85YWkpGxdEPWqqMMZKPUi6Sb97SR27i8wco53mpump,2026-02-14T05:48:05Z,69aiAKU3uJMxMLRkUEGFNt6nQ43PiVimE4ZbErJ7VSM1,5.1720496186e-09,5.17,,,,net_01042,1,2,LOW
8d85YWkpGxdEPWqqMMZKPUi6Sb97SR27i8wco53mpump,2026-02-14T05:48:05Z,69aiAKU3uJMxMLRkUEGFNt6nQ43PiVimE4ZbErJ7VSM1,5.1720496186e-09,5.17,,,,net_01043,1,2,LOW
8d85YWkpGxdEPWqqMMZKPUi6Sb97SR27i8wco53mpump,2026-02-14T05:48:05Z,69aiAKU3uJMxMLRkUEGFNt6nQ43PiVimE4ZbErJ7VSM1,5.1720496186e-09,5.17,,,,net_01044,1,2,LOW
8d85YWkpGxdEPWqqMMZKPUi6Sb97SR27i8wco53mpump,2026-02-14T05:48:05Z,69aiAKU3uJMxMLRkUEGFNt6nQ43PiVimE4ZbErJ7VSM1,5.1720496186e-09,5.17,,,,net_01045,1,2,LOW
8d85YWkpGxdEPWqqMMZKPUi6Sb97SR27i8wco53mpump,2026-02-14T05:48:05Z,69aiAKU3uJMxMLRkUEGFNt6nQ43PiVimE4ZbErJ7VSM1,5.1720496186e-09,5.17,,,,net_01046,1,2,LOW
54ZcoiWgym7BAyBJE1MgSWQuEg2x1qcJSyghtcDypump,2026-02-14T05:43:58Z,FYYawNQRd2NinWPNk81rnENkDxc7Gnst1nojHf9VNk12,3.1289589747e-09,3.13,,,,NONE,0,0,NONE
4FHBs9HYBaa6U1cxJ11mqrnGjpKhMCQ5pFK8MVCDpump,2026-02-14T05:42:11Z,951wq3qDowjKHaycrNaiRB5WpovYVKXnqhnrcKPh46zt,2.0689968034e-08,20.69,,,,net_00258,1,7,MEDIUM
4ByK2Vr2eRSnYz34Lvfm85ZaGzt7jm6q3KzXyGAMpump,2026-02-14T05:35:47Z,GYWGAYfEj99koT3beLeRaYqib5qAWdT48v1ytoQ4uGtw,2.2772903791e-08,22.77,,,,NONE,0,0,NONE
2SXToGHWg5ikJSzfk43sXrznuVtykwteyST7Aw5Npump,2026-02-14T05:34:07Z,FfrHsV4YTwh1vDzUcFrU1stmJ4HJnGNorNq3maXHAtop,1.0725401939e-09,1.07,,,,NONE,0,0,NONE
EVeAzFJ48ATmvCUvhuLmuuqZ77BEupwHKrdXTK9N4jFZ,2026-02-14T05:32:05Z,DLQC7ts2HsWnvDwUxVerYLiwudDzK8mYsKNBGAptXi6E,6.6695121281e-08,66.70,,,,net_00444,1,2,LOW
EVeAzFJ48ATmvCUvhuLmuuqZ77BEupwHKrdXTK9N4jFZ,2026-02-14T05:32:05Z,DLQC7ts2HsWnvDwUxVerYLiwudDzK8mYsKNBGAptXi6E,6.6695121281e-08,66.70,,,,net_00930,1,2,LOW
7C91Q61Av3djTokeZzcpogzkQ84rSdJvLUMeaz6wpump,2026-02-14T05:20:50Z,G8QBZjEENxsVjiy6nSwU4JDxV6ebV7thSMR887x8oewJ,1.0716038073e-08,10.72,,,,NONE,0,0,NONE
42WnCDkVngrWERoKTca625DsjKyXMWaGjAC5dyNipump,2026-02-14T05:04:18Z,HYWo71Wk9PNDe5sBaRKazPnVyGnQDiwgXCFKvgAQ1ENp,5.9949879603e-08,59.95,,,,net_00001,1,3,LOW
42WnCDkVngrWERoKTca625DsjKyXMWaGjAC5dyNipump,2026-02-14T05:04:18Z,HYWo71Wk9PNDe5sBaRKazPnVyGnQDiwgXCFKvgAQ1ENp,5.9949879603e-08,59.95,,,,net_00006,1,3,LOW
42WnCDkVngrWERoKTca625DsjKyXMWaGjAC5dyNipump,2026-02-14T05:04:18Z,HYWo71Wk9PNDe5sBaRKazPnVyGnQDiwgXCFKvgAQ1ENp,5.9949879603e-08,59.95,,,,net_00007,1,3,LOW
42WnCDkVngrWERoKTca625DsjKyXMWaGjAC5dyNipump,2026-02-14T05:04:18Z,HYWo71Wk9PNDe5sBaRKazPnVyGnQDiwgXCFKvgAQ1ENp,5.9949879603e-08,59.95,,,,net_00010,1,3,LOW
42WnCDkVngrWERoKTca625DsjKyXMWaGjAC5dyNipump,2026-02-14T05:04:18Z,HYWo71Wk9PNDe5sBaRKazPnVyGnQDiwgXCFKvgAQ1ENp,5.9949879603e-08,59.95,,,,net_00016,1,3,LOW
42WnCDkVngrWERoKTca625DsjKyXMWaGjAC5dyNipump,2026-02-14T05:04:18Z,HYWo71Wk9PNDe5sBaRKazPnVyGnQDiwgXCFKvgAQ1ENp,5.9949879603e-08,59.95,,,,net_00018,1,3,LOW
42WnCDkVngrWERoKTca625DsjKyXMWaGjAC5dyNipump,2026-02-14T05:04:18Z,HYWo71Wk9PNDe5sBaRKazPnVyGnQDiwgXCFKvgAQ1ENp,5.9949879603e-08,59.95,,,,net_00020,1,3,LOW
42WnCDkVngrWERoKTca625DsjKyXMWaGjAC5dyNipump,2026-02-14T05:04:18Z,HYWo71Wk9PNDe5sBaRKazPnVyGnQDiwgXCFKvgAQ1ENp,5.9949879603e-08,59.95,,,,net_00044,1,2,LOW
42WnCDkVngrWERoKTca625DsjKyXMWaGjAC5dyNipump,2026-02-14T05:04:18Z,HYWo71Wk9PNDe5sBaRKazPnVyGnQDiwgXCFKvgAQ1ENp,5.9949879603e-08,59.95,,,,net_00052,1,3,LOW
42WnCDkVngrWERoKTca625DsjKyXMWaGjAC5dyNipump,2026-02-14T05:04:18Z,HYWo71Wk9PNDe5sBaRKazPnVyGnQDiwgXCFKvgAQ1ENp,5.9949879603e-08,59.95,,,,net_00063,1,3,LOW
42WnCDkVngrWERoKTca625DsjKyXMWaGjAC5dyNipump,2026-02-14T05:04:18Z,HYWo71Wk9PNDe5sBaRKazPnVyGnQDiwgXCFKvgAQ1ENp,5.9949879603e-08,59.95,,,,net_00093,1,3,LOW
42WnCDkVngrWERoKTca625DsjKyXMWaGjAC5dyNipump,2026-02-14T05:04:18Z,HYWo71Wk9PNDe5sBaRKazPnVyGnQDiwgXCFKvgAQ1ENp,5.9949879603e-08,59.95,,,,net_00138,1,3,LOW
42WnCDkVngrWERoKTca625DsjKyXMWaGjAC5dyNipump,2026-02-14T05:04:18Z,HYWo71Wk9PNDe5sBaRKazPnVyGnQDiwgXCFKvgAQ1ENp,5.9949879603e-08,59.95,,,,net_00160,1,4,LOW
42WnCDkVngrWERoKTca625DsjKyXMWaGjAC5dyNipump,2026-02-14T05:04:18Z,HYWo71Wk9PNDe5sBaRKazPnVyGnQDiwgXCFKvgAQ1ENp,5.9949879603e-08,59.95,,,,net_00203,1,3,LOW
42WnCDkVngrWERoKTca625DsjKyXMWaGjAC5dyNipump,2026-02-14T05:04:18Z,HYWo71Wk9PNDe5sBaRKazPnVyGnQDiwgXCFKvgAQ1ENp,5.9949879603e-08,59.95,,,,net_00221,1,3,LOW
42WnCDkVngrWERoKTca625DsjKyXMWaGjAC5dyNipump,2026-02-14T05:04:18Z,HYWo71Wk9PNDe5sBaRKazPnVyGnQDiwgXCFKvgAQ1ENp,5.9949879603e-08,59.95,,,,net_00225,1,3,LOW
42WnCDkVngrWERoKTca625DsjKyXMWaGjAC5dyNipump,2026-02-14T05:04:18Z,HYWo71Wk9PNDe5sBaRKazPnVyGnQDiwgXCFKvgAQ1ENp,5.9949879603e-08,59.95,,,,net_00234,1,3,LOW
42WnCDkVngrWERoKTca625DsjKyXMWaGjAC5dyNipump,2026-02-14T05:04:18Z,HYWo71Wk9PNDe5sBaRKazPnVyGnQDiwgXCFKvgAQ1ENp,5.9949879603e-08,59.95,,,,net_00239,1,3,LOW
42WnCDkVngrWERoKTca625DsjKyXMWaGjAC5dyNipump,2026-02-14T05:04:18Z,HYWo71Wk9PNDe5sBaRKazPnVyGnQDiwgXCFKvgAQ1ENp,5.9949879603e-08,59.95,,,,net_00247,1,3,LOW
42WnCDkVngrWERoKTca625DsjKyXMWaGjAC5dyNipump,2026-02-14T05:04:18Z,HYWo71Wk9PNDe5sBaRKazPnVyGnQDiwgXCFKvgAQ1ENp,5.9949879603e-08,59.95,,,,net_00265,1,3,LOW
42WnCDkVngrWERoKTca625DsjKyXMWaGjAC5dyNipump,2026-02-14T05:04:18Z,HYWo71Wk9PNDe5sBaRKazPnVyGnQDiwgXCFKvgAQ1ENp,5.9949879603e-08,59.95,,,,net_00304,1,3,LOW
42WnCDkVngrWERoKTca625DsjKyXMWaGjAC5dyNipump,2026-02-14T05:04:18Z,HYWo71Wk9PNDe5sBaRKazPnVyGnQDiwgXCFKvgAQ1ENp,5.9949879603e-08,59.95,,,,net_00305,1,2,LOW
42WnCDkVngrWERoKTca625DsjKyXMWaGjAC5dyNipump,2026-02-14T05:04:18Z,HYWo71Wk9PNDe5sBaRKazPnVyGnQDiwgXCFKvgAQ1ENp,5.9949879603e-08,59.95,,,,net_00307,1,3,LOW
42WnCDkVngrWERoKTca625DsjKyXMWaGjAC5dyNipump,2026-02-14T05:04:18Z,HYWo71Wk9PNDe5sBaRKazPnVyGnQDiwgXCFKvgAQ1ENp,5.9949879603e-08,59.95,,,,net_00311,1,3,LOW
42WnCDkVngrWERoKTca625DsjKyXMWaGjAC5dyNipump,2026-02-14T05:04:18Z,HYWo71Wk9PNDe5sBaRKazPnVyGnQDiwgXCFKvgAQ1ENp,5.9949879603e-08,59.95,,,,net_00355,1,3,LOW
42WnCDkVngrWERoKTca625DsjKyXMWaGjAC5dyNipump,2026-02-14T05:04:18Z,HYWo71Wk9PNDe5sBaRKazPnVyGnQDiwgXCFKvgAQ1ENp,5.9949879603e-08,59.95,,,,net_00362,1,3,LOW
42WnCDkVngrWERoKTca625DsjKyXMWaGjAC5dyNipump,2026-02-14T05:04:18Z,HYWo71Wk9PNDe5sBaRKazPnVyGnQDiwgXCFKvgAQ1ENp,5.9949879603e-08,59.95,,,,net_00385,1,5,LOW
42WnCDkVngrWERoKTca625DsjKyXMWaGjAC5dyNipump,2026-02-14T05:04:18Z,HYWo71Wk9PNDe5sBaRKazPnVyGnQDiwgXCFKvgAQ1ENp,5.9949879603e-08,59.95,,,,net_00388,1,3,LOW
42WnCDkVngrWERoKTca625DsjKyXMWaGjAC5dyNipump,2026-02-14T05:04:18Z,HYWo71Wk9PNDe5sBaRKazPnVyGnQDiwgXCFKvgAQ1ENp,5.9949879603e-08,59.95,,,,net_00442,1,5,LOW
42WnCDkVngrWERoKTca625DsjKyXMWaGjAC5dyNipump,2026-02-14T05:04:18Z,HYWo71Wk9PNDe5sBaRKazPnVyGnQDiwgXCFKvgAQ1ENp,5.9949879603e-08,59.95,,,,net_00454,1,3,LOW
42WnCDkVngrWERoKTca625DsjKyXMWaGjAC5dyNipump,2026-02-14T05:04:18Z,HYWo71Wk9PNDe5sBaRKazPnVyGnQDiwgXCFKvgAQ1ENp,5.9949879603e-08,59.95,,,,net_00463,1,3,LOW
42WnCDkVngrWERoKTca625DsjKyXMWaGjAC5dyNipump,2026-02-14T05:04:18Z,HYWo71Wk9PNDe5sBaRKazPnVyGnQDiwgXCFKvgAQ1ENp,5.9949879603e-08,59.95,,,,net_00472,1,5,LOW
42WnCDkVngrWERoKTca625DsjKyXMWaGjAC5dyNipump,2026-02-14T05:04:18Z,HYWo71Wk9PNDe5sBaRKazPnVyGnQDiwgXCFKvgAQ1ENp,5.9949879603e-08,59.95,,,,net_00482,1,5,LOW
42WnCDkVngrWERoKTca625DsjKyXMWaGjAC5dyNipump,2026-02-14T05:04:18Z,HYWo71Wk9PNDe5sBaRKazPnVyGnQDiwgXCFKvgAQ1ENp,5.9949879603e-08,59.95,,,,net_00485,1,3,LOW
42WnCDkVngrWERoKTca625DsjKyXMWaGjAC5dyNipump,2026-02-14T05:04:18Z,HYWo71Wk9PNDe5sBaRKazPnVyGnQDiwgXCFKvgAQ1ENp,5.9949879603e-08,59.95,,,,net_00509,1,3,LOW
42WnCDkVngrWERoKTca625DsjKyXMWaGjAC5dyNipump,2026-02-14T05:04:18Z,HYWo71Wk9PNDe5sBaRKazPnVyGnQDiwgXCFKvgAQ1ENp,5.9949879603e-08,59.95,,,,net_00528,1,3,LOW
42WnCDkVngrWERoKTca625DsjKyXMWaGjAC5dyNipump,2026-02-14T05:04:18Z,HYWo71Wk9PNDe5sBaRKazPnVyGnQDiwgXCFKvgAQ1ENp,5.9949879603e-08,59.95,,,,net_00536,1,3,LOW
42WnCDkVngrWERoKTca625DsjKyXMWaGjAC5dyNipump,2026-02-14T05:04:18Z,HYWo71Wk9PNDe5sBaRKazPnVyGnQDiwgXCFKvgAQ1ENp,5.9949879603e-08,59.95,,,,net_00564,1,2,LOW
42WnCDkVngrWERoKTca625DsjKyXMWaGjAC5dyNipump,2026-02-14T05:04:18Z,HYWo71Wk9PNDe5sBaRKazPnVyGnQDiwgXCFKvgAQ1ENp,5.9949879603e-08,59.95,,,,net_00576,1,3,LOW
42WnCDkVngrWERoKTca625DsjKyXMWaGjAC5dyNipump,2026-02-14T05:04:18Z,HYWo71Wk9PNDe5sBaRKazPnVyGnQDiwgXCFKvgAQ1ENp,5.9949879603e-08,59.95,,,,net_00630,1,3,LOW
42WnCDkVngrWERoKTca625DsjKyXMWaGjAC5dyNipump,2026-02-14T05:04:18Z,HYWo71Wk9PNDe5sBaRKazPnVyGnQDiwgXCFKvgAQ1ENp,5.9949879603e-08,59.95,,,,net_00647,23,152,CRITICAL
42WnCDkVngrWERoKTca625DsjKyXMWaGjAC5dyNipump,2026-02-14T05:04:18Z,HYWo71Wk9PNDe5sBaRKazPnVyGnQDiwgXCFKvgAQ1ENp,5.9949879603e-08,59.95,,,,net_00652,1,3,LOW
42WnCDkVngrWERoKTca625DsjKyXMWaGjAC5dyNipump,2026-02-14T05:04:18Z,HYWo71Wk9PNDe5sBaRKazPnVyGnQDiwgXCFKvgAQ1ENp,5.9949879603e-08,59.95,,,,net_00663,1,2,LOW
42WnCDkVngrWERoKTca625DsjKyXMWaGjAC5dyNipump,2026-02-14T05:04:18Z,HYWo71Wk9PNDe5sBaRKazPnVyGnQDiwgXCFKvgAQ1ENp,5.9949879603e-08,59.95,,,,net_00687,1,3,LOW
42WnCDkVngrWERoKTca625DsjKyXMWaGjAC5dyNipump,2026-02-14T05:04:18Z,HYWo71Wk9PNDe5sBaRKazPnVyGnQDiwgXCFKvgAQ1ENp,5.9949879603e-08,59.95,,,,net_00712,1,3,LOW
42WnCDkVngrWERoKTca625DsjKyXMWaGjAC5dyNipump,2026-02-14T05:04:18Z,HYWo71Wk9PNDe5sBaRKazPnVyGnQDiwgXCFKvgAQ1ENp,5.9949879603e-08,59.95,,,,net_00720,1,3,LOW
42WnCDkVngrWERoKTca625DsjKyXMWaGjAC5dyNipump,2026-02-14T05:04:18Z,HYWo71Wk9PNDe5sBaRKazPnVyGnQDiwgXCFKvgAQ1ENp,5.9949879603e-08,59.95,,,,net_00768,1,3,LOW
42WnCDkVngrWERoKTca625DsjKyXMWaGjAC5dyNipump,2026-02-14T05:04:18Z,HYWo71Wk9PNDe5sBaRKazPnVyGnQDiwgXCFKvgAQ1ENp,5.9949879603e-08,59.95,,,,net_00779,1,3,LOW
42WnCDkVngrWERoKTca625DsjKyXMWaGjAC5dyNipump,2026-02-14T05:04:18Z,HYWo71Wk9PNDe5sBaRKazPnVyGnQDiwgXCFKvgAQ1ENp,5.9949879603e-08,59.95,,,,net_00781,1,3,LOW
42WnCDkVngrWERoKTca625DsjKyXMWaGjAC5dyNipump,2026-02-14T05:04:18Z,HYWo71Wk9PNDe5sBaRKazPnVyGnQDiwgXCFKvgAQ1ENp,5.9949879603e-08,59.95,,,,net_00791,1,3,LOW
42WnCDkVngrWERoKTca625DsjKyXMWaGjAC5dyNipump,2026-02-14T05:04:18Z,HYWo71Wk9PNDe5sBaRKazPnVyGnQDiwgXCFKvgAQ1ENp,5.9949879603e-08,59.95,,,,net_00803,1,3,LOW
42WnCDkVngrWERoKTca625DsjKyXMWaGjAC5dyNipump,2026-02-14T05:04:18Z,HYWo71Wk9PNDe5sBaRKazPnVyGnQDiwgXCFKvgAQ1ENp,5.9949879603e-08,59.95,,,,net_00809,1,4,LOW
42WnCDkVngrWERoKTca625DsjKyXMWaGjAC5dyNipump,2026-02-14T05:04:18Z,HYWo71Wk9PNDe5sBaRKazPnVyGnQDiwgXCFKvgAQ1ENp,5.9949879603e-08,59.95,,,,net_00813,1,3,LOW
42WnCDkVngrWERoKTca625DsjKyXMWaGjAC5dyNipump,2026-02-14T05:04:18Z,HYWo71Wk9PNDe5sBaRKazPnVyGnQDiwgXCFKvgAQ1ENp,5.9949879603e-08,59.95,,,,net_00816,1,3,LOW
42WnCDkVngrWERoKTca625DsjKyXMWaGjAC5dyNipump,2026-02-14T05:04:18Z,HYWo71Wk9PNDe5sBaRKazPnVyGnQDiwgXCFKvgAQ1ENp,5.9949879603e-08,59.95,,,,net_00829,1,3,LOW
42WnCDkVngrWERoKTca625DsjKyXMWaGjAC5dyNipump,2026-02-14T05:04:18Z,HYWo71Wk9PNDe5sBaRKazPnVyGnQDiwgXCFKvgAQ1ENp,5.9949879603e-08,59.95,,,,net_00840,1,3,LOW
42WnCDkVngrWERoKTca625DsjKyXMWaGjAC5dyNipump,2026-02-14T05:04:18Z,HYWo71Wk9PNDe5sBaRKazPnVyGnQDiwgXCFKvgAQ1ENp,5.9949879603e-08,59.95,,,,net_00844,1,3,LOW
42WnCDkVngrWERoKTca625DsjKyXMWaGjAC5dyNipump,2026-02-14T05:04:18Z,HYWo71Wk9PNDe5sBaRKazPnVyGnQDiwgXCFKvgAQ1ENp,5.9949879603e-08,59.95,,,,net_00882,1,7,MEDIUM
42WnCDkVngrWERoKTca625DsjKyXMWaGjAC5dyNipump,2026-02-14T05:04:18Z,HYWo71Wk9PNDe5sBaRKazPnVyGnQDiwgXCFKvgAQ1ENp,5.9949879603e-08,59.95,,,,net_00884,1,3,LOW
42WnCDkVngrWERoKTca625DsjKyXMWaGjAC5dyNipump,2026-02-14T05:04:18Z,HYWo71Wk9PNDe5sBaRKazPnVyGnQDiwgXCFKvgAQ1ENp,5.9949879603e-08,59.95,,,,net_00891,1,3,LOW
42WnCDkVngrWERoKTca625DsjKyXMWaGjAC5dyNipump,2026-02-14T05:04:18Z,HYWo71Wk9PNDe5sBaRKazPnVyGnQDiwgXCFKvgAQ1ENp,5.9949879603e-08,59.95,,,,net_00898,1,2,LOW
42WnCDkVngrWERoKTca625DsjKyXMWaGjAC5dyNipump,2026-02-14T05:04:18Z,HYWo71Wk9PNDe5sBaRKazPnVyGnQDiwgXCFKvgAQ1ENp,5.9949879603e-08,59.95,,,,net_00900,1,3,LOW
42WnCDkVngrWERoKTca625DsjKyXMWaGjAC5dyNipump,2026-02-14T05:04:18Z,HYWo71Wk9PNDe5sBaRKazPnVyGnQDiwgXCFKvgAQ1ENp,5.9949879603e-08,59.95,,,,net_00921,1,3,LOW
42WnCDkVngrWERoKTca625DsjKyXMWaGjAC5dyNipump,2026-02-14T05:04:18Z,HYWo71Wk9PNDe5sBaRKazPnVyGnQDiwgXCFKvgAQ1ENp,5.9949879603e-08,59.95,,,,net_00934,1,3,LOW
42WnCDkVngrWERoKTca625DsjKyXMWaGjAC5dyNipump,2026-02-14T05:04:18Z,HYWo71Wk9PNDe5sBaRKazPnVyGnQDiwgXCFKvgAQ1ENp,5.9949879603e-08,59.95,,,,net_00936,1,2,LOW
42WnCDkVngrWERoKTca625DsjKyXMWaGjAC5dyNipump,2026-02-14T05:04:18Z,HYWo71Wk9PNDe5sBaRKazPnVyGnQDiwgXCFKvgAQ1ENp,5.9949879603e-08,59.95,,,,net_00959,1,3,LOW
42WnCDkVngrWERoKTca625DsjKyXMWaGjAC5dyNipump,2026-02-14T05:04:18Z,HYWo71Wk9PNDe5sBaRKazPnVyGnQDiwgXCFKvgAQ1ENp,5.9949879603e-08,59.95,,,,net_00966,1,3,LOW
42WnCDkVngrWERoKTca625DsjKyXMWaGjAC5dyNipump,2026-02-14T05:04:18Z,HYWo71Wk9PNDe5sBaRKazPnVyGnQDiwgXCFKvgAQ1ENp,5.9949879603e-08,59.95,,,,net_01086,1,5,LOW
42WnCDkVngrWERoKTca625DsjKyXMWaGjAC5dyNipump,2026-02-14T05:04:18Z,HYWo71Wk9PNDe5sBaRKazPnVyGnQDiwgXCFKvgAQ1ENp,5.9949879603e-08,59.95,,,,net_01088,1,2,LOW
56yWhPo6api6kSym9yuPs9b91SxVg1LBo2ZkzW7Ppump,2026-02-14T05:01:47Z,37PFnmTNkWXimFbU13VjKk59ahgD9fqBxZnm32dYeQED,3.2439081192e-11,0.03,,,,NONE,0,0,NONE
516A2cdfbp1TXrtrB5bSZdvJvx567nnKz2CprNRepump,2026-02-14T04:57:28Z,CKnZxgYgZGPAfbaYP3DSS2VGQDfpGYfask1n2RKXbT5j,3.8076265642e-08,38.08,,,,NONE,0,0,NONE
A8oCa6iAzPnVzdCfA5Qz3DNxNeDbuozeALBvN8eti9Ma,2026-02-14T04:49:02Z,BQWvgzHGYirg7TxaTCFZjJGYiTAmsEzaBwvn17d3qbUq,,,,,,net_00264,1,3,LOW
A8oCa6iAzPnVzdCfA5Qz3DNxNeDbuozeALBvN8eti9Ma,2026-02-14T04:49:02Z,BQWvgzHGYirg7TxaTCFZjJGYiTAmsEzaBwvn17d3qbUq,,,,,,net_00333,1,2,LOW
A8oCa6iAzPnVzdCfA5Qz3DNxNeDbuozeALBvN8eti9Ma,2026-02-14T04:49:02Z,BQWvgzHGYirg7TxaTCFZjJGYiTAmsEzaBwvn17d3qbUq,,,,,,net_00498,1,2,LOW
A8oCa6iAzPnVzdCfA5Qz3DNxNeDbuozeALBvN8eti9Ma,2026-02-14T04:49:02Z,BQWvgzHGYirg7TxaTCFZjJGYiTAmsEzaBwvn17d3qbUq,,,,,,net_00572,1,2,LOW
A8oCa6iAzPnVzdCfA5Qz3DNxNeDbuozeALBvN8eti9Ma,2026-02-14T04:49:02Z,BQWvgzHGYirg7TxaTCFZjJGYiTAmsEzaBwvn17d3qbUq,,,,,,net_00756,1,2,LOW
A8oCa6iAzPnVzdCfA5Qz3DNxNeDbuozeALBvN8eti9Ma,2026-02-14T04:49:02Z,BQWvgzHGYirg7TxaTCFZjJGYiTAmsEzaBwvn17d3qbUq,,,,,,net_00852,1,3,LOW
GQJtYGU5KauDGUmiBvV8xNfFwFH5GkusekZHNVCWpump,2026-02-14T04:40:08Z,5WMNaQNgUvaNWb6BzvxPukZB3q8UiduTwu3yzUo9cQX3,9.6188563776e-08,96.19,,,,net_00014,1,2,LOW
GQJtYGU5KauDGUmiBvV8xNfFwFH5GkusekZHNVCWpump,2026-02-14T04:40:08Z,5WMNaQNgUvaNWb6BzvxPukZB3q8UiduTwu3yzUo9cQX3,9.6188563776e-08,96.19,,,,net_00023,1,3,LOW
GQJtYGU5KauDGUmiBvV8xNfFwFH5GkusekZHNVCWpump,2026-02-14T04:40:08Z,5WMNaQNgUvaNWb6BzvxPukZB3q8UiduTwu3yzUo9cQX3,9.6188563776e-08,96.19,,,,net_00228,1,2,LOW
GQJtYGU5KauDGUmiBvV8xNfFwFH5GkusekZHNVCWpump,2026-02-14T04:40:08Z,5WMNaQNgUvaNWb6BzvxPukZB3q8UiduTwu3yzUo9cQX3,9.6188563776e-08,96.19,,,,net_00570,1,4,LOW
GQJtYGU5KauDGUmiBvV8xNfFwFH5GkusekZHNVCWpump,2026-02-14T04:40:08Z,5WMNaQNgUvaNWb6BzvxPukZB3q8UiduTwu3yzUo9cQX3,9.6188563776e-08,96.19,,,,net_00579,1,2,LOW
GQJtYGU5KauDGUmiBvV8xNfFwFH5GkusekZHNVCWpump,2026-02-14T04:40:08Z,5WMNaQNgUvaNWb6BzvxPukZB3q8UiduTwu3yzUo9cQX3,9.6188563776e-08,96.19,,,,net_00591,1,3,LOW
GQJtYGU5KauDGUmiBvV8xNfFwFH5GkusekZHNVCWpump,2026-02-14T04:40:08Z,5WMNaQNgUvaNWb6BzvxPukZB3q8UiduTwu3yzUo9cQX3,9.6188563776e-08,96.19,,,,net_00647,23,152,CRITICAL
ENq6bvfYBfaoF3h2v6TKJvKy7Z7Wg8R8Lo2vkuWBpump,2026-02-14T04:21:35Z,2Z8iCSDgQrdXtLxXhfiYA21aU7x9M6CJD1bcvbv6u5Kz,3.4378290077e-08,34.38,,,,NONE,0,0,NONE
2cyQXRwMEFcJYBBvd16VT3XVFTmiJ8oQXQsgEpiXpump,2026-02-14T04:15:12Z,5h6nhX97VZceKqX7CYEvN97CLkDJaXKiJ3suvbZqpRcB,7.0281954651e-09,7.03,,,,net_00023,1,3,LOW
2cyQXRwMEFcJYBBvd16VT3XVFTmiJ8oQXQsgEpiXpump,2026-02-14T04:15:12Z,5h6nhX97VZceKqX7CYEvN97CLkDJaXKiJ3suvbZqpRcB,7.0281954651e-09,7.03,,,,net_00201,1,3,LOW
2cyQXRwMEFcJYBBvd16VT3XVFTmiJ8oQXQsgEpiXpump,2026-02-14T04:15:12Z,5h6nhX97VZceKqX7CYEvN97CLkDJaXKiJ3suvbZqpRcB,7.0281954651e-09,7.03,,,,net_00209,1,2,LOW
2cyQXRwMEFcJYBBvd16VT3XVFTmiJ8oQXQsgEpiXpump,2026-02-14T04:15:12Z,5h6nhX97VZceKqX7CYEvN97CLkDJaXKiJ3suvbZqpRcB,7.0281954651e-09,7.03,,,,net_00287,1,2,LOW
2cyQXRwMEFcJYBBvd16VT3XVFTmiJ8oQXQsgEpiXpump,2026-02-14T04:15:12Z,5h6nhX97VZceKqX7CYEvN97CLkDJaXKiJ3suvbZqpRcB,7.0281954651e-09,7.03,,,,net_00428,1,2,LOW
2cyQXRwMEFcJYBBvd16VT3XVFTmiJ8oQXQsgEpiXpump,2026-02-14T04:15:12Z,5h6nhX97VZceKqX7CYEvN97CLkDJaXKiJ3suvbZqpRcB,7.0281954651e-09,7.03,,,,net_00460,1,4,LOW
2cyQXRwMEFcJYBBvd16VT3XVFTmiJ8oQXQsgEpiXpump,2026-02-14T04:15:12Z,5h6nhX97VZceKqX7CYEvN97CLkDJaXKiJ3suvbZqpRcB,7.0281954651e-09,7.03,,,,net_00472,1,5,LOW
2cyQXRwMEFcJYBBvd16VT3XVFTmiJ8oQXQsgEpiXpump,2026-02-14T04:15:12Z,5h6nhX97VZceKqX7CYEvN97CLkDJaXKiJ3suvbZqpRcB,7.0281954651e-09,7.03,,,,net_00490,1,2,LOW
2cyQXRwMEFcJYBBvd16VT3XVFTmiJ8oQXQsgEpiXpump,2026-02-14T04:15:12Z,5h6nhX97VZceKqX7CYEvN97CLkDJaXKiJ3suvbZqpRcB,7.0281954651e-09,7.03,,,,net_00563,1,2,LOW
2cyQXRwMEFcJYBBvd16VT3XVFTmiJ8oQXQsgEpiXpump,2026-02-14T04:15:12Z,5h6nhX97VZceKqX7CYEvN97CLkDJaXKiJ3suvbZqpRcB,7.0281954651e-09,7.03,,,,net_00570,1,4,LOW
2cyQXRwMEFcJYBBvd16VT3XVFTmiJ8oQXQsgEpiXpump,2026-02-14T04:15:12Z,5h6nhX97VZceKqX7CYEvN97CLkDJaXKiJ3suvbZqpRcB,7.0281954651e-09,7.03,,,,net_00634,1,2,LOW
2cyQXRwMEFcJYBBvd16VT3XVFTmiJ8oQXQsgEpiXpump,2026-02-14T04:15:12Z,5h6nhX97VZceKqX7CYEvN97CLkDJaXKiJ3suvbZqpRcB,7.0281954651e-09,7.03,,,,net_00647,23,152,CRITICAL
2cyQXRwMEFcJYBBvd16VT3XVFTmiJ8oQXQsgEpiXpump,2026-02-14T04:15:12Z,5h6nhX97VZceKqX7CYEvN97CLkDJaXKiJ3suvbZqpRcB,7.0281954651e-09,7.03,,,,net_00679,1,7,MEDIUM
2cyQXRwMEFcJYBBvd16VT3XVFTmiJ8oQXQsgEpiXpump,2026-02-14T04:15:12Z,5h6nhX97VZceKqX7CYEvN97CLkDJaXKiJ3suvbZqpRcB,7.0281954651e-09,7.03,,,,net_00731,1,3,LOW
2cyQXRwMEFcJYBBvd16VT3XVFTmiJ8oQXQsgEpiXpump,2026-02-14T04:15:12Z,5h6nhX97VZceKqX7CYEvN97CLkDJaXKiJ3suvbZqpRcB,7.0281954651e-09,7.03,,,,net_00750,1,6,MEDIUM
2cyQXRwMEFcJYBBvd16VT3XVFTmiJ8oQXQsgEpiXpump,2026-02-14T04:15:12Z,5h6nhX97VZceKqX7CYEvN97CLkDJaXKiJ3suvbZqpRcB,7.0281954651e-09,7.03,,,,net_00776,1,5,LOW
2cyQXRwMEFcJYBBvd16VT3XVFTmiJ8oQXQsgEpiXpump,2026-02-14T04:15:12Z,5h6nhX97VZceKqX7CYEvN97CLkDJaXKiJ3suvbZqpRcB,7.0281954651e-09,7.03,,,,net_00824,1,2,LOW
2cyQXRwMEFcJYBBvd16VT3XVFTmiJ8oQXQsgEpiXpump,2026-02-14T04:15:12Z,5h6nhX97VZceKqX7CYEvN97CLkDJaXKiJ3suvbZqpRcB,7.0281954651e-09,7.03,,,,net_00827,1,2,LOW
2cyQXRwMEFcJYBBvd16VT3XVFTmiJ8oQXQsgEpiXpump,2026-02-14T04:15:12Z,5h6nhX97VZceKqX7CYEvN97CLkDJaXKiJ3suvbZqpRcB,7.0281954651e-09,7.03,,,,net_01059,1,3,LOW
2cyQXRwMEFcJYBBvd16VT3XVFTmiJ8oQXQsgEpiXpump,2026-02-14T04:15:12Z,5h6nhX97VZceKqX7CYEvN97CLkDJaXKiJ3suvbZqpRcB,7.0281954651e-09,7.03,,,,net_01097,1,4,LOW
DDoRsK1Hm4LdeNvjp2WidsN3P3aAuiAJQJngV4vHpump,2026-02-14T04:00:28Z,2Z8iCSDgQrdXtLxXhfiYA21aU7x9M6CJD1bcvbv6u5Kz,4.2003827808e-08,42.00,,,,NONE,0,0,NONE
9f1D3Pyy3Rt6XJjnP3GNtYV8dHfkPBsdyjVekSTpump,2026-02-14T03:59:53Z,Hubn6eeHUev2ee3GCW6us45PYH2vMHBdEUDZjtMEshaS,5.1139889726e-06,5113.99,,,,NONE,0,0,NONE
FieC3Ley5DGWnW3HMeyjFjkXL2Z8DUEem5Z36F5mpump,2026-02-14T03:58:00Z,46ujWtbfogaEsuqzNrqu63Cnt8hzxwCGJE9uMFGTgQC9,1.0129465402e-10,0.10,,,,NONE,0,0,NONE
2Yr1p6mHWxPHtef9XN8Z5ccWXf9gPU4SRxHFZfvQpump,2026-02-14T03:47:45Z,6uz9rCH6JpGRJTHcLpkahUH5rqRdB3qam8CSbWzi6C6n,3.1055217841e-08,31.06,,,,NONE,0,0,NONE
DX3TaKNph66zRbHbZxWbsAiJJrSwqH2DEU5ZxgFjpump,2026-02-14T03:41:19Z,CZPqehM66fMj7jb5EGxLCZBZ491qaKEkZNkDRPiBMU8r,1.3134804907e-07,131.35,,,,NONE,0,0,NONE
Fri9YwgMfpCTLJUgf6bZHkwdVzH95y769TVdPEXnpump,2026-02-14T03:39:35Z,BLtBtaio78s8XiaFvcAsWwgzMDAcvr52ha7EsWjFErkt,6.7056929071e-09,6.71,,,,NONE,0,0,NONE
FQ2ooqMaFMAdaKpL4bPHt8xRufz96BeBJ19SNJVMpump,2026-02-14T03:29:49Z,3mvNN96D1qvEbr2CyjqmBJ6FRAPz2Si1LHAsFVEeVxxG,1.1279871998e-09,1.13,,,,NONE,0,0,NONE
Up3m2udJxrBYhidRLUzdgMC3q2U1apM5GeWmEBgpump,2026-02-14T03:18:15Z,8P4P2qfxojjrJZpVXWB2HGyyDLj1D4RzmPdYgYERPNKw,3.0765242268e-07,307.65,,,,NONE,0,0,NONE
6ena5tEzsUrVJsPg4T1tCCUSLFatRRdpNFeiRft5mFAd,2026-02-14T03:10:50Z,79xfRyRBc8UQoXz2CMTWutG2AsBfFdJWpWJHjcwq3FHA,2.7785153421e-07,277.85,,,,net_00054,1,4,LOW
6ena5tEzsUrVJsPg4T1tCCUSLFatRRdpNFeiRft5mFAd,2026-02-14T03:10:50Z,79xfRyRBc8UQoXz2CMTWutG2AsBfFdJWpWJHjcwq3FHA,2.7785153421e-07,277.85,,,,net_00108,1,2,LOW
6ena5tEzsUrVJsPg4T1tCCUSLFatRRdpNFeiRft5mFAd,2026-02-14T03:10:50Z,79xfRyRBc8UQoXz2CMTWutG2AsBfFdJWpWJHjcwq3FHA,2.7785153421e-07,277.85,,,,net_00109,1,2,LOW
6ena5tEzsUrVJsPg4T1tCCUSLFatRRdpNFeiRft5mFAd,2026-02-14T03:10:50Z,79xfRyRBc8UQoXz2CMTWutG2AsBfFdJWpWJHjcwq3FHA,2.7785153421e-07,277.85,,,,net_00136,1,2,LOW
6ena5tEzsUrVJsPg4T1tCCUSLFatRRdpNFeiRft5mFAd,2026-02-14T03:10:50Z,79xfRyRBc8UQoXz2CMTWutG2AsBfFdJWpWJHjcwq3FHA,2.7785153421e-07,277.85,,,,net_00172,1,2,LOW
6ena5tEzsUrVJsPg4T1tCCUSLFatRRdpNFeiRft5mFAd,2026-02-14T03:10:50Z,79xfRyRBc8UQoXz2CMTWutG2AsBfFdJWpWJHjcwq3FHA,2.7785153421e-07,277.85,,,,net_00220,1,2,LOW
6ena5tEzsUrVJsPg4T1tCCUSLFatRRdpNFeiRft5mFAd,2026-02-14T03:10:50Z,79xfRyRBc8UQoXz2CMTWutG2AsBfFdJWpWJHjcwq3FHA,2.7785153421e-07,277.85,,,,net_00233,1,2,LOW
6ena5tEzsUrVJsPg4T1tCCUSLFatRRdpNFeiRft5mFAd,2026-02-14T03:10:50Z,79xfRyRBc8UQoXz2CMTWutG2AsBfFdJWpWJHjcwq3FHA,2.7785153421e-07,277.85,,,,net_00249,1,2,LOW
6ena5tEzsUrVJsPg4T1tCCUSLFatRRdpNFeiRft5mFAd,2026-02-14T03:10:50Z,79xfRyRBc8UQoXz2CMTWutG2AsBfFdJWpWJHjcwq3FHA,2.7785153421e-07,277.85,,,,net_00253,1,2,LOW
6ena5tEzsUrVJsPg4T1tCCUSLFatRRdpNFeiRft5mFAd,2026-02-14T03:10:50Z,79xfRyRBc8UQoXz2CMTWutG2AsBfFdJWpWJHjcwq3FHA,2.7785153421e-07,277.85,,,,net_00321,1,2,LOW
6ena5tEzsUrVJsPg4T1tCCUSLFatRRdpNFeiRft5mFAd,2026-02-14T03:10:50Z,79xfRyRBc8UQoXz2CMTWutG2AsBfFdJWpWJHjcwq3FHA,2.7785153421e-07,277.85,,,,net_00328,1,2,LOW
6ena5tEzsUrVJsPg4T1tCCUSLFatRRdpNFeiRft5mFAd,2026-02-14T03:10:50Z,79xfRyRBc8UQoXz2CMTWutG2AsBfFdJWpWJHjcwq3FHA,2.7785153421e-07,277.85,,,,net_00341,1,2,LOW
6ena5tEzsUrVJsPg4T1tCCUSLFatRRdpNFeiRft5mFAd,2026-02-14T03:10:50Z,79xfRyRBc8UQoXz2CMTWutG2AsBfFdJWpWJHjcwq3FHA,2.7785153421e-07,277.85,,,,net_00350,1,2,LOW
6ena5tEzsUrVJsPg4T1tCCUSLFatRRdpNFeiRft5mFAd,2026-02-14T03:10:50Z,79xfRyRBc8UQoXz2CMTWutG2AsBfFdJWpWJHjcwq3FHA,2.7785153421e-07,277.85,,,,net_00369,1,2,LOW
6ena5tEzsUrVJsPg4T1tCCUSLFatRRdpNFeiRft5mFAd,2026-02-14T03:10:50Z,79xfRyRBc8UQoXz2CMTWutG2AsBfFdJWpWJHjcwq3FHA,2.7785153421e-07,277.85,,,,net_00423,1,2,LOW
6ena5tEzsUrVJsPg4T1tCCUSLFatRRdpNFeiRft5mFAd,2026-02-14T03:10:50Z,79xfRyRBc8UQoXz2CMTWutG2AsBfFdJWpWJHjcwq3FHA,2.7785153421e-07,277.85,,,,net_00436,1,2,LOW
6ena5tEzsUrVJsPg4T1tCCUSLFatRRdpNFeiRft5mFAd,2026-02-14T03:10:50Z,79xfRyRBc8UQoXz2CMTWutG2AsBfFdJWpWJHjcwq3FHA,2.7785153421e-07,277.85,,,,net_00501,1,2,LOW
6ena5tEzsUrVJsPg4T1tCCUSLFatRRdpNFeiRft5mFAd,2026-02-14T03:10:50Z,79xfRyRBc8UQoXz2CMTWutG2AsBfFdJWpWJHjcwq3FHA,2.7785153421e-07,277.85,,,,net_00550,1,2,LOW
6ena5tEzsUrVJsPg4T1tCCUSLFatRRdpNFeiRft5mFAd,2026-02-14T03:10:50Z,79xfRyRBc8UQoXz2CMTWutG2AsBfFdJWpWJHjcwq3FHA,2.7785153421e-07,277.85,,,,net_00591,1,3,LOW
6ena5tEzsUrVJsPg4T1tCCUSLFatRRdpNFeiRft5mFAd,2026-02-14T03:10:50Z,79xfRyRBc8UQoXz2CMTWutG2AsBfFdJWpWJHjcwq3FHA,2.7785153421e-07,277.85,,,,net_00595,1,2,LOW
6ena5tEzsUrVJsPg4T1tCCUSLFatRRdpNFeiRft5mFAd,2026-02-14T03:10:50Z,79xfRyRBc8UQoXz2CMTWutG2AsBfFdJWpWJHjcwq3FHA,2.7785153421e-07,277.85,,,,net_00596,1,2,LOW
6ena5tEzsUrVJsPg4T1tCCUSLFatRRdpNFeiRft5mFAd,2026-02-14T03:10:50Z,79xfRyRBc8UQoXz2CMTWutG2AsBfFdJWpWJHjcwq3FHA,2.7785153421e-07,277.85,,,,net_00603,1,2,LOW
6ena5tEzsUrVJsPg4T1tCCUSLFatRRdpNFeiRft5mFAd,2026-02-14T03:10:50Z,79xfRyRBc8UQoXz2CMTWutG2AsBfFdJWpWJHjcwq3FHA,2.7785153421e-07,277.85,,,,net_00621,1,2,LOW
6ena5tEzsUrVJsPg4T1tCCUSLFatRRdpNFeiRft5mFAd,2026-02-14T03:10:50Z,79xfRyRBc8UQoXz2CMTWutG2AsBfFdJWpWJHjcwq3FHA,2.7785153421e-07,277.85,,,,net_00683,1,2,LOW
6ena5tEzsUrVJsPg4T1tCCUSLFatRRdpNFeiRft5mFAd,2026-02-14T03:10:50Z,79xfRyRBc8UQoXz2CMTWutG2AsBfFdJWpWJHjcwq3FHA,2.7785153421e-07,277.85,,,,net_00715,1,2,LOW
6ena5tEzsUrVJsPg4T1tCCUSLFatRRdpNFeiRft5mFAd,2026-02-14T03:10:50Z,79xfRyRBc8UQoXz2CMTWutG2AsBfFdJWpWJHjcwq3FHA,2.7785153421e-07,277.85,,,,net_00722,1,2,LOW
6ena5tEzsUrVJsPg4T1tCCUSLFatRRdpNFeiRft5mFAd,2026-02-14T03:10:50Z,79xfRyRBc8UQoXz2CMTWutG2AsBfFdJWpWJHjcwq3FHA,2.7785153421e-07,277.85,,,,net_00727,1,2,LOW
6ena5tEzsUrVJsPg4T1tCCUSLFatRRdpNFeiRft5mFAd,2026-02-14T03:10:50Z,79xfRyRBc8UQoXz2CMTWutG2AsBfFdJWpWJHjcwq3FHA,2.7785153421e-07,277.85,,,,net_00770,1,2,LOW
6ena5tEzsUrVJsPg4T1tCCUSLFatRRdpNFeiRft5mFAd,2026-02-14T03:10:50Z,79xfRyRBc8UQoXz2CMTWutG2AsBfFdJWpWJHjcwq3FHA,2.7785153421e-07,277.85,,,,net_00801,1,2,LOW
6ena5tEzsUrVJsPg4T1tCCUSLFatRRdpNFeiRft5mFAd,2026-02-14T03:10:50Z,79xfRyRBc8UQoXz2CMTWutG2AsBfFdJWpWJHjcwq3FHA,2.7785153421e-07,277.85,,,,net_00847,1,2,LOW
6ena5tEzsUrVJsPg4T1tCCUSLFatRRdpNFeiRft5mFAd,2026-02-14T03:10:50Z,79xfRyRBc8UQoXz2CMTWutG2AsBfFdJWpWJHjcwq3FHA,2.7785153421e-07,277.85,,,,net_00908,1,2,LOW
6ena5tEzsUrVJsPg4T1tCCUSLFatRRdpNFeiRft5mFAd,2026-02-14T03:10:50Z,79xfRyRBc8UQoXz2CMTWutG2AsBfFdJWpWJHjcwq3FHA,2.7785153421e-07,277.85,,,,net_00927,1,2,LOW
6ena5tEzsUrVJsPg4T1tCCUSLFatRRdpNFeiRft5mFAd,2026-02-14T03:10:50Z,79xfRyRBc8UQoXz2CMTWutG2AsBfFdJWpWJHjcwq3FHA,2.7785153421e-07,277.85,,,,net_00972,1,2,LOW
6ena5tEzsUrVJsPg4T1tCCUSLFatRRdpNFeiRft5mFAd,2026-02-14T03:10:50Z,79xfRyRBc8UQoXz2CMTWutG2AsBfFdJWpWJHjcwq3FHA,2.7785153421e-07,277.85,,,,net_00988,1,3,LOW
6ena5tEzsUrVJsPg4T1tCCUSLFatRRdpNFeiRft5mFAd,2026-02-14T03:10:50Z,79xfRyRBc8UQoXz2CMTWutG2AsBfFdJWpWJHjcwq3FHA,2.7785153421e-07,277.85,,,,net_01072,1,2,LOW
DrzLAcRj27hZ4j363BehFDoUAxWXZMQWnA2mEdbipump,2026-02-14T03:09:45Z,9LYbieJtmPCaBXdHfrPatYKx49FLFAC54GZxE6Wm3kGd,2.2801973470e-10,0.23,,,,NONE,0,0,NONE
7pCCqr339ktowpkUv1QkQzonUXVK46EcMTg4Z3TLpump,2026-02-14T03:06:09Z,HadgZhhHUeVZbUifREmb5FHi3kMkuBdgKKP6jKGMkVCM,2.9898336227e-08,29.90,,,,NONE,0,0,NONE
wwuLbHScdNvYCKpCvJohBRH8pzqvpiyr4SQLKzDpump,2026-02-14T02:54:56Z,HBcCuTfibuVWxzq5DQPv8cVyxv1Gtke7kdnYBE8JrJRE,,,,,,NONE,0,0,NONE
BszXsxRqx3nHQQK3T1g1LoocA2kuGpZJ7CaLcWatpump,2026-02-14T02:45:00Z,F8PaLmNEBs4Ksn1bpPStvqpzBPDrn54HytEksQu6APR1,3.7281207559e-09,3.73,,,,NONE,0,0,NONE
DxoTY4uEXvsvD4ye1wULms7Bou2CbCj9c2VHwLLepump,2026-02-14T02:44:18Z,DETG5DF5yUhATTE8CSMxPt4ouHey9urvy1aW2wfAotaB,4.0281525792e-08,40.28,,,,NONE,0,0,NONE
Atk9rmQVBA34NLc4RdJV4QGwf6zhiaZfdvuDty1epump,2026-02-14T02:41:42Z,HAMGrHepV7mokZR1je2cP5TUmGqnqD8ahD8jQUCVGuWi,1.8032912783e-08,18.03,,,,NONE,0,0,NONE
oYvNBpJAg279XZzb8JFZBx7NyGU9Nxqi3Q9piXGpump,2026-02-14T02:40:43Z,ZRHGxscejYivNh9e9SFxZ313uNAXNKxtnGC5oK284Gp,1.6851204131e-07,168.51,,,,NONE,0,0,NONE
9X8VSUD8yhYbHtR3KdKeCvnb7TNfgTKMFufgpCympump,2026-02-14T02:35:52Z,87XxAps1WzKuDVaAmTJSCbdhjhyBzn7pd1cwCsbADr73,2.0537242250e-08,20.54,,,,net_00412,1,3,LOW
9X8VSUD8yhYbHtR3KdKeCvnb7TNfgTKMFufgpCympump,2026-02-14T02:35:52Z,87XxAps1WzKuDVaAmTJSCbdhjhyBzn7pd1cwCsbADr73,2.0537242250e-08,20.54,,,,net_00525,1,2,LOW
9X8VSUD8yhYbHtR3KdKeCvnb7TNfgTKMFufgpCympump,2026-02-14T02:35:52Z,87XxAps1WzKuDVaAmTJSCbdhjhyBzn7pd1cwCsbADr73,2.0537242250e-08,20.54,,,,net_00647,23,152,CRITICAL
9X8VSUD8yhYbHtR3KdKeCvnb7TNfgTKMFufgpCympump,2026-02-14T02:35:52Z,87XxAps1WzKuDVaAmTJSCbdhjhyBzn7pd1cwCsbADr73,2.0537242250e-08,20.54,,,,net_00717,1,2,LOW
3ReM5uV3UdzY4BsA8cJKs78ZYYpZ9Wo6NacprWZ9pump,2026-02-14T02:30:15Z,8cBSuYcePKMJGUycJyTyxFXNHKLcDUiugp532e6nJkTg,5.4643277093e-10,0.55,,,,NONE,0,0,NONE
EJ6gySG1uZEYoQxqX7ceNhYEsTUxsgbEv7AtZQ8J5DEk,2026-02-14T02:22:45Z,22tjcNV5nQf2cvmEHnamUEc154bN8WpDjDcM28jzofcS,4.2823816182e-08,42.82,,,,net_00017,1,2,LOW
6HByFQ1FFxJNHTmjuRtKgUUx5g41mzk4nMZMXBVpump,2026-02-14T02:20:20Z,A43pwwsuoWvo6HjvQpstXevPNXybn17Rz5Hf8rB2TkwZ,,,,,,NONE,0,0,NONE
5Gxxs3qDr4P4ninLfvPWXxofqY9mEpMMd1DbXgZapump,2026-02-14T02:12:03Z,DETG5DF5yUhATTE8CSMxPt4ouHey9urvy1aW2wfAotaB,3.2025177877e-08,32.03,,,,NONE,0,0,NONE
8fiF5XukcdyL9vwMkuWLqhbLwrTFgFn1hLihv1Zjpump,2026-02-14T02:05:51Z,5UXmPTpFiYZvyPz4sJjjmwJH3x2rmrwffWH64g9HQarT,1.4171066460e-11,0.01,,,,NONE,0,0,NONE
iEWu65TPwEwQokP8Cbf7L9F3w848AVG99ZwZUTRpump,2026-02-14T02:04:59Z,ASAisYDRWbUKMk2UnNpgEZegdYjas5V2Pr3noxJzGA8g,5.5468812030e-08,55.47,,,,NONE,0,0,NONE
PRy2fTNEgK8mr9WvXwGnVsHij5qRA7qD1F97YP5pump,2026-02-14T02:00:16Z,DpXd3ZtiB3Loqf9U7YBPJkM42BD6W9bYxbw9sukmQLJu,2.3498591082e-08,23.50,,,,NONE,0,0,NONE
Ao2TQCtB8uraXfyeKFqsGkxhVQZ4APA1Zh8B9Zupump,2026-02-14T01:49:57Z,3gu8KyK3bQo21c8BQEKCojn3Usu9Z7oeZoCuyGXbmSv8,5.6814879326e-10,0.57,,,,NONE,0,0,NONE
nWacKjJesTiDd6E4Yued4HB773gCZ35otnmBuPrpump,2026-02-14T01:45:31Z,FjNiHHBh1STsgPrmzFCJXMRNDoeFDZ1Q6kYAT7gbi96y,9.4924268942e-09,9.49,,,,NONE,0,0,NONE
9Kvc6RUaaTfiHzhyhj9ZzTZBj3Up3yXtxak2EcAHpump,2026-02-14T01:42:03Z,2bRoascfGCKkRnyZLmzJh7cKpiD45zyEzUmg9XPZzueC,8.9994732769e-09,9.00,,,,net_00060,1,2,LOW
9Kvc6RUaaTfiHzhyhj9ZzTZBj3Up3yXtxak2EcAHpump,2026-02-14T01:42:03Z,2bRoascfGCKkRnyZLmzJh7cKpiD45zyEzUmg9XPZzueC,8.9994732769e-09,9.00,,,,net_00453,1,2,LOW
9Kvc6RUaaTfiHzhyhj9ZzTZBj3Up3yXtxak2EcAHpump,2026-02-14T01:42:03Z,2bRoascfGCKkRnyZLmzJh7cKpiD45zyEzUmg9XPZzueC,8.9994732769e-09,9.00,,,,net_00582,1,3,LOW
9Kvc6RUaaTfiHzhyhj9ZzTZBj3Up3yXtxak2EcAHpump,2026-02-14T01:42:03Z,2bRoascfGCKkRnyZLmzJh7cKpiD45zyEzUmg9XPZzueC,8.9994732769e-09,9.00,,,,net_00749,1,2,LOW
9Kvc6RUaaTfiHzhyhj9ZzTZBj3Up3yXtxak2EcAHpump,2026-02-14T01:42:03Z,2bRoascfGCKkRnyZLmzJh7cKpiD45zyEzUmg9XPZzueC,8.9994732769e-09,9.00,,,,net_00872,1,3,LOW
9Kvc6RUaaTfiHzhyhj9ZzTZBj3Up3yXtxak2EcAHpump,2026-02-14T01:42:03Z,2bRoascfGCKkRnyZLmzJh7cKpiD45zyEzUmg9XPZzueC,8.9994732769e-09,9.00,,,,net_01097,1,4,LOW
Bc2PN7YR6E1CcayY5rDWCEesU9UKbqvTyHBQAiYWpump,2026-02-14T01:36:15Z,B4eyPokv5kSrhCmPnMR8MyZhnwyASQZUARtjGXZMYRGQ,2.0032685646e-11,0.02,,,,NONE,0,0,NONE
CXfSVT5Ajj2j5RjuVVy6eJz6tmzqJvTBqrqFLYVpump,2026-02-14T01:27:34Z,J5GLRV7hcR7gtGbG8v2fB3FMekPDU1w1TRZuy7TBNcVB,4.8077283337e-08,48.08,,,,NONE,0,0,NONE
EUVm5NpQwBw53iPLWfWWyWuQtAuPfZycSoPbbvpY5A48,2026-02-14T01:20:41Z,2kBJEUNjWNgDJwMjWbxgEeZ7krvH324mxwagoJgtmgGR,1.8795651025e-10,0.19,,,,NONE,0,0,NONE
Dza3Bey5tvyYiPgcGRKoXKU6rNrdoNrWNVmjqePcpump,2026-02-14T01:19:30Z,6HGeNL5852ykqQNiwT6sC5YFu1xBBwvgtVnUWuf5EfEP,2.1694362057e-09,2.17,,,,NONE,0,0,NONE
D3epiyA73SpNQ7C9iwrqv42p4Y8n3fAzDyXTekropump,2026-02-14T01:17:11Z,CQFCNGvfFbDQ6WTRRuuUSqMttn9tqW2BRMk9pJsreLgK,6.7442857870e-11,0.07,,,,NONE,0,0,NONE
H6EVAfeEeTYDEPLokBnVZLuNN7JCjqJgH3wvxceDpump,2026-02-14T01:07:41Z,J8pEAJ8BMnNmYg2Wn2835FRpeJvtgJnHP1yCESKQ1GYr,3.3350000000e-05,33355.20,,,,net_00647,23,152,CRITICAL
5STydHTXNZiBaWLN7d7PwRDQSrTqEfiCZEsMuR7m37ZZ,2026-02-14T00:56:45Z,DpYuKCWw1cQh9TmL3rWbDS7cQAxRY4vuRsVn2U4GGaX7,1.7665473358e-10,0.18,,,,NONE,0,0,NONE
GQdMaG4jKsX4X8SQnngnsBifRkom5JJkRWfhheNSpump,2026-02-14T00:53:28Z,3jKwp9dY9PWxpzr7Hxmm64ZhJBhGWvXmKP8Xcc5opcMc,3.3570987100e-10,0.34,,,,NONE,0,0,NONE
A8HUxKwEGeKe293KgEdt5tdgQ2gewecCVPs8ykQS5xp1,2026-02-14T00:46:33Z,A1KaPhyFGHQxoKJZGEmZiYnsDm584wbCzgFekoFrsY62,1.8177699690e-08,18.18,,,,NONE,0,0,NONE
GEN6Tzbjseo7d7EH8EKGYUcmZjxxXsu4jwm9yoLzpump,2026-02-14T00:40:42Z,GLfSX4YtaFXQrH9S87i1HuwxhX5UtznUvsWyEXvzWzpY,3.2856830826e-08,32.86,,,,net_00217,1,2,LOW
GRfqz5UrL7bk4UYGcDNUU4MMLRFVRKcUB3F9AD76pump,2026-02-14T00:35:30Z,CjtqWn4toBbJ1feRZBDhz3TwBjbZm5RpES8rvKWTuNtk,5.0029908154e-09,5.00,,,,NONE,0,0,NONE
3MfPDsmJfVFF6wTsuZUnvBETtga2tbK1iF5BHqXupump,2026-02-14T00:07:33Z,3uX1FCuenRTLMtRmjNLVpqUThcWtRZR45hMGubKDFpZA,2.7670448389e-11,0.03,,,,NONE,0,0,NONE
AxL2bGLiQ8vvu5miB95TMz3ipDYjaUpZDFhFCDAspump,2026-02-14T00:07:16Z,8i5U2uNBEuTc4zskYP14zbebDg2RSwrrG8REhEnJb97K,1.3133464069e-06,1313.35,,,,NONE,0,0,NONE
B1L28F4jYrotyAXTLDj8E5LEM9ZXmkFeLm6BbP7Fpump,2026-02-14T00:04:44Z,5aea1pYqYRTmAr4JNg9q3RNqWEGuxQMNadzt4oWAv7kh,5.7869233543e-09,5.79,,,,net_00051,1,2,LOW
B1L28F4jYrotyAXTLDj8E5LEM9ZXmkFeLm6BbP7Fpump,2026-02-14T00:04:44Z,5aea1pYqYRTmAr4JNg9q3RNqWEGuxQMNadzt4oWAv7kh,5.7869233543e-09,5.79,,,,net_00217,1,2,LOW
B1L28F4jYrotyAXTLDj8E5LEM9ZXmkFeLm6BbP7Fpump,2026-02-14T00:04:44Z,5aea1pYqYRTmAr4JNg9q3RNqWEGuxQMNadzt4oWAv7kh,5.7869233543e-09,5.79,,,,net_00391,1,2,LOW
B1L28F4jYrotyAXTLDj8E5LEM9ZXmkFeLm6BbP7Fpump,2026-02-14T00:04:44Z,5aea1pYqYRTmAr4JNg9q3RNqWEGuxQMNadzt4oWAv7kh,5.7869233543e-09,5.79,,,,net_00393,1,2,LOW
B1L28F4jYrotyAXTLDj8E5LEM9ZXmkFeLm6BbP7Fpump,2026-02-14T00:04:44Z,5aea1pYqYRTmAr4JNg9q3RNqWEGuxQMNadzt4oWAv7kh,5.7869233543e-09,5.79,,,,net_00486,1,2,LOW
B1L28F4jYrotyAXTLDj8E5LEM9ZXmkFeLm6BbP7Fpump,2026-02-14T00:04:44Z,5aea1pYqYRTmAr4JNg9q3RNqWEGuxQMNadzt4oWAv7kh,5.7869233543e-09,5.79,,,,net_00562,1,2,LOW
B1L28F4jYrotyAXTLDj8E5LEM9ZXmkFeLm6BbP7Fpump,2026-02-14T00:04:44Z,5aea1pYqYRTmAr4JNg9q3RNqWEGuxQMNadzt4oWAv7kh,5.7869233543e-09,5.79,,,,net_00580,1,2,LOW
B1L28F4jYrotyAXTLDj8E5LEM9ZXmkFeLm6BbP7Fpump,2026-02-14T00:04:44Z,5aea1pYqYRTmAr4JNg9q3RNqWEGuxQMNadzt4oWAv7kh,5.7869233543e-09,5.79,,,,net_00610,1,4,LOW
B1L28F4jYrotyAXTLDj8E5LEM9ZXmkFeLm6BbP7Fpump,2026-02-14T00:04:44Z,5aea1pYqYRTmAr4JNg9q3RNqWEGuxQMNadzt4oWAv7kh,5.7869233543e-09,5.79,,,,net_00650,1,2,LOW
B1L28F4jYrotyAXTLDj8E5LEM9ZXmkFeLm6BbP7Fpump,2026-02-14T00:04:44Z,5aea1pYqYRTmAr4JNg9q3RNqWEGuxQMNadzt4oWAv7kh,5.7869233543e-09,5.79,,,,net_00805,1,2,LOW
B1L28F4jYrotyAXTLDj8E5LEM9ZXmkFeLm6BbP7Fpump,2026-02-14T00:04:44Z,5aea1pYqYRTmAr4JNg9q3RNqWEGuxQMNadzt4oWAv7kh,5.7869233543e-09,5.79,,,,net_00876,1,2,LOW
HkJ8xaCKMW1iUKuVZZBBudP5X5LocMaKt7aF642ChSs9,2026-02-13T23:53:00Z,CTjV5CfCzRYnxtGEDmguEwjwAz95QpRDbvWhCkaBYCvL,6.5429637931e-09,6.54,,,,net_00060,1,2,LOW
HkJ8xaCKMW1iUKuVZZBBudP5X5LocMaKt7aF642ChSs9,2026-02-13T23:53:00Z,CTjV5CfCzRYnxtGEDmguEwjwAz95QpRDbvWhCkaBYCvL,6.5429637931e-09,6.54,,,,net_00123,1,3,LOW
HkJ8xaCKMW1iUKuVZZBBudP5X5LocMaKt7aF642ChSs9,2026-02-13T23:53:00Z,CTjV5CfCzRYnxtGEDmguEwjwAz95QpRDbvWhCkaBYCvL,6.5429637931e-09,6.54,,,,net_00354,1,2,LOW
HkJ8xaCKMW1iUKuVZZBBudP5X5LocMaKt7aF642ChSs9,2026-02-13T23:53:00Z,CTjV5CfCzRYnxtGEDmguEwjwAz95QpRDbvWhCkaBYCvL,6.5429637931e-09,6.54,,,,net_00442,1,5,LOW
HkJ8xaCKMW1iUKuVZZBBudP5X5LocMaKt7aF642ChSs9,2026-02-13T23:53:00Z,CTjV5CfCzRYnxtGEDmguEwjwAz95QpRDbvWhCkaBYCvL,6.5429637931e-09,6.54,,,,net_00698,1,6,MEDIUM
HkJ8xaCKMW1iUKuVZZBBudP5X5LocMaKt7aF642ChSs9,2026-02-13T23:53:00Z,CTjV5CfCzRYnxtGEDmguEwjwAz95QpRDbvWhCkaBYCvL,6.5429637931e-09,6.54,,,,net_00811,1,2,LOW
HkJ8xaCKMW1iUKuVZZBBudP5X5LocMaKt7aF642ChSs9,2026-02-13T23:53:00Z,CTjV5CfCzRYnxtGEDmguEwjwAz95QpRDbvWhCkaBYCvL,6.5429637931e-09,6.54,,,,net_00879,1,4,LOW
HkJ8xaCKMW1iUKuVZZBBudP5X5LocMaKt7aF642ChSs9,2026-02-13T23:53:00Z,CTjV5CfCzRYnxtGEDmguEwjwAz95QpRDbvWhCkaBYCvL,6.5429637931e-09,6.54,,,,net_00890,1,2,LOW
HkJ8xaCKMW1iUKuVZZBBudP5X5LocMaKt7aF642ChSs9,2026-02-13T23:53:00Z,CTjV5CfCzRYnxtGEDmguEwjwAz95QpRDbvWhCkaBYCvL,6.5429637931e-09,6.54,,,,net_01090,1,3,LOW
DykwDCmJ8a5MA2BhFmzq1vYWwtwytDn7UkL8UUdopump,2026-02-13T23:50:02Z,Pr3p2eg8aAJ6kEm42brbk4iLmtAkxnXpRuzAcR1HbkR,2.9043734432e-07,290.44,,,,NONE,0,0,NONE
8T4yRnnZAaAnFZsLFqx4Dw9HGCUbdx9KmcsRy2Jspump,2026-02-13T23:42:21Z,Gyd3CR1rK7z1higkeepss3ha7rB8FCcvQGYPeA7NrjtN,2.6380000000e-05,26388.46,,,,NONE,0,0,NONE
BxUgVeQB5JhuhtpjJHVivASJnioy6uqmPoRzkVx2pump,2026-02-13T23:33:05Z,HYWo71Wk9PNDe5sBaRKazPnVyGnQDiwgXCFKvgAQ1ENp,9.6737346528e-08,96.74,,,,net_00001,1,3,LOW
BxUgVeQB5JhuhtpjJHVivASJnioy6uqmPoRzkVx2pump,2026-02-13T23:33:05Z,HYWo71Wk9PNDe5sBaRKazPnVyGnQDiwgXCFKvgAQ1ENp,9.6737346528e-08,96.74,,,,net_00006,1,3,LOW
BxUgVeQB5JhuhtpjJHVivASJnioy6uqmPoRzkVx2pump,2026-02-13T23:33:05Z,HYWo71Wk9PNDe5sBaRKazPnVyGnQDiwgXCFKvgAQ1ENp,9.6737346528e-08,96.74,,,,net_00007,1,3,LOW
BxUgVeQB5JhuhtpjJHVivASJnioy6uqmPoRzkVx2pump,2026-02-13T23:33:05Z,HYWo71Wk9PNDe5sBaRKazPnVyGnQDiwgXCFKvgAQ1ENp,9.6737346528e-08,96.74,,,,net_00010,1,3,LOW
BxUgVeQB5JhuhtpjJHVivASJnioy6uqmPoRzkVx2pump,2026-02-13T23:33:05Z,HYWo71Wk9PNDe5sBaRKazPnVyGnQDiwgXCFKvgAQ1ENp,9.6737346528e-08,96.74,,,,net_00016,1,3,LOW
BxUgVeQB5JhuhtpjJHVivASJnioy6uqmPoRzkVx2pump,2026-02-13T23:33:05Z,HYWo71Wk9PNDe5sBaRKazPnVyGnQDiwgXCFKvgAQ1ENp,9.6737346528e-08,96.74,,,,net_00018,1,3,LOW
BxUgVeQB5JhuhtpjJHVivASJnioy6uqmPoRzkVx2pump,2026-02-13T23:33:05Z,HYWo71Wk9PNDe5sBaRKazPnVyGnQDiwgXCFKvgAQ1ENp,9.6737346528e-08,96.74,,,,net_00020,1,3,LOW
BxUgVeQB5JhuhtpjJHVivASJnioy6uqmPoRzkVx2pump,2026-02-13T23:33:05Z,HYWo71Wk9PNDe5sBaRKazPnVyGnQDiwgXCFKvgAQ1ENp,9.6737346528e-08,96.74,,,,net_00044,1,2,LOW
BxUgVeQB5JhuhtpjJHVivASJnioy6uqmPoRzkVx2pump,2026-02-13T23:33:05Z,HYWo71Wk9PNDe5sBaRKazPnVyGnQDiwgXCFKvgAQ1ENp,9.6737346528e-08,96.74,,,,net_00052,1,3,LOW
BxUgVeQB5JhuhtpjJHVivASJnioy6uqmPoRzkVx2pump,2026-02-13T23:33:05Z,HYWo71Wk9PNDe5sBaRKazPnVyGnQDiwgXCFKvgAQ1ENp,9.6737346528e-08,96.74,,,,net_00063,1,3,LOW
BxUgVeQB5JhuhtpjJHVivASJnioy6uqmPoRzkVx2pump,2026-02-13T23:33:05Z,HYWo71Wk9PNDe5sBaRKazPnVyGnQDiwgXCFKvgAQ1ENp,9.6737346528e-08,96.74,,,,net_00093,1,3,LOW
BxUgVeQB5JhuhtpjJHVivASJnioy6uqmPoRzkVx2pump,2026-02-13T23:33:05Z,HYWo71Wk9PNDe5sBaRKazPnVyGnQDiwgXCFKvgAQ1ENp,9.6737346528e-08,96.74,,,,net_00138,1,3,LOW
BxUgVeQB5JhuhtpjJHVivASJnioy6uqmPoRzkVx2pump,2026-02-13T23:33:05Z,HYWo71Wk9PNDe5sBaRKazPnVyGnQDiwgXCFKvgAQ1ENp,9.6737346528e-08,96.74,,,,net_00160,1,4,LOW
BxUgVeQB5JhuhtpjJHVivASJnioy6uqmPoRzkVx2pump,2026-02-13T23:33:05Z,HYWo71Wk9PNDe5sBaRKazPnVyGnQDiwgXCFKvgAQ1ENp,9.6737346528e-08,96.74,,,,net_00203,1,3,LOW
BxUgVeQB5JhuhtpjJHVivASJnioy6uqmPoRzkVx2pump,2026-02-13T23:33:05Z,HYWo71Wk9PNDe5sBaRKazPnVyGnQDiwgXCFKvgAQ1ENp,9.6737346528e-08,96.74,,,,net_00221,1,3,LOW
BxUgVeQB5JhuhtpjJHVivASJnioy6uqmPoRzkVx2pump,2026-02-13T23:33:05Z,HYWo71Wk9PNDe5sBaRKazPnVyGnQDiwgXCFKvgAQ1ENp,9.6737346528e-08,96.74,,,,net_00225,1,3,LOW
BxUgVeQB5JhuhtpjJHVivASJnioy6uqmPoRzkVx2pump,2026-02-13T23:33:05Z,HYWo71Wk9PNDe5sBaRKazPnVyGnQDiwgXCFKvgAQ1ENp,9.6737346528e-08,96.74,,,,net_00234,1,3,LOW
BxUgVeQB5JhuhtpjJHVivASJnioy6uqmPoRzkVx2pump,2026-02-13T23:33:05Z,HYWo71Wk9PNDe5sBaRKazPnVyGnQDiwgXCFKvgAQ1ENp,9.6737346528e-08,96.74,,,,net_00239,1,3,LOW
BxUgVeQB5JhuhtpjJHVivASJnioy6uqmPoRzkVx2pump,2026-02-13T23:33:05Z,HYWo71Wk9PNDe5sBaRKazPnVyGnQDiwgXCFKvgAQ1ENp,9.6737346528e-08,96.74,,,,net_00247,1,3,LOW
BxUgVeQB5JhuhtpjJHVivASJnioy6uqmPoRzkVx2pump,2026-02-13T23:33:05Z,HYWo71Wk9PNDe5sBaRKazPnVyGnQDiwgXCFKvgAQ1ENp,9.6737346528e-08,96.74,,,,net_00265,1,3,LOW
BxUgVeQB5JhuhtpjJHVivASJnioy6uqmPoRzkVx2pump,2026-02-13T23:33:05Z,HYWo71Wk9PNDe5sBaRKazPnVyGnQDiwgXCFKvgAQ1ENp,9.6737346528e-08,96.74,,,,net_00304,1,3,LOW
BxUgVeQB5JhuhtpjJHVivASJnioy6uqmPoRzkVx2pump,2026-02-13T23:33:05Z,HYWo71Wk9PNDe5sBaRKazPnVyGnQDiwgXCFKvgAQ1ENp,9.6737346528e-08,96.74,,,,net_00305,1,2,LOW
BxUgVeQB5JhuhtpjJHVivASJnioy6uqmPoRzkVx2pump,2026-02-13T23:33:05Z,HYWo71Wk9PNDe5sBaRKazPnVyGnQDiwgXCFKvgAQ1ENp,9.6737346528e-08,96.74,,,,net_00307,1,3,LOW
BxUgVeQB5JhuhtpjJHVivASJnioy6uqmPoRzkVx2pump,2026-02-13T23:33:05Z,HYWo71Wk9PNDe5sBaRKazPnVyGnQDiwgXCFKvgAQ1ENp,9.6737346528e-08,96.74,,,,net_00311,1,3,LOW
BxUgVeQB5JhuhtpjJHVivASJnioy6uqmPoRzkVx2pump,2026-02-13T23:33:05Z,HYWo71Wk9PNDe5sBaRKazPnVyGnQDiwgXCFKvgAQ1ENp,9.6737346528e-08,96.74,,,,net_00355,1,3,LOW
BxUgVeQB5JhuhtpjJHVivASJnioy6uqmPoRzkVx2pump,2026-02-13T23:33:05Z,HYWo71Wk9PNDe5sBaRKazPnVyGnQDiwgXCFKvgAQ1ENp,9.6737346528e-08,96.74,,,,net_00362,1,3,LOW
BxUgVeQB5JhuhtpjJHVivASJnioy6uqmPoRzkVx2pump,2026-02-13T23:33:05Z,HYWo71Wk9PNDe5sBaRKazPnVyGnQDiwgXCFKvgAQ1ENp,9.6737346528e-08,96.74,,,,net_00385,1,5,LOW
BxUgVeQB5JhuhtpjJHVivASJnioy6uqmPoRzkVx2pump,2026-02-13T23:33:05Z,HYWo71Wk9PNDe5sBaRKazPnVyGnQDiwgXCFKvgAQ1ENp,9.6737346528e-08,96.74,,,,net_00388,1,3,LOW
BxUgVeQB5JhuhtpjJHVivASJnioy6uqmPoRzkVx2pump,2026-02-13T23:33:05Z,HYWo71Wk9PNDe5sBaRKazPnVyGnQDiwgXCFKvgAQ1ENp,9.6737346528e-08,96.74,,,,net_00442,1,5,LOW
BxUgVeQB5JhuhtpjJHVivASJnioy6uqmPoRzkVx2pump,2026-02-13T23:33:05Z,HYWo71Wk9PNDe5sBaRKazPnVyGnQDiwgXCFKvgAQ1ENp,9.6737346528e-08,96.74,,,,net_00454,1,3,LOW
BxUgVeQB5JhuhtpjJHVivASJnioy6uqmPoRzkVx2pump,2026-02-13T23:33:05Z,HYWo71Wk9PNDe5sBaRKazPnVyGnQDiwgXCFKvgAQ1ENp,9.6737346528e-08,96.74,,,,net_00463,1,3,LOW
BxUgVeQB5JhuhtpjJHVivASJnioy6uqmPoRzkVx2pump,2026-02-13T23:33:05Z,HYWo71Wk9PNDe5sBaRKazPnVyGnQDiwgXCFKvgAQ1ENp,9.6737346528e-08,96.74,,,,net_00472,1,5,LOW
BxUgVeQB5JhuhtpjJHVivASJnioy6uqmPoRzkVx2pump,2026-02-13T23:33:05Z,HYWo71Wk9PNDe5sBaRKazPnVyGnQDiwgXCFKvgAQ1ENp,9.6737346528e-08,96.74,,,,net_00482,1,5,LOW
BxUgVeQB5JhuhtpjJHVivASJnioy6uqmPoRzkVx2pump,2026-02-13T23:33:05Z,HYWo71Wk9PNDe5sBaRKazPnVyGnQDiwgXCFKvgAQ1ENp,9.6737346528e-08,96.74,,,,net_00485,1,3,LOW
BxUgVeQB5JhuhtpjJHVivASJnioy6uqmPoRzkVx2pump,2026-02-13T23:33:05Z,HYWo71Wk9PNDe5sBaRKazPnVyGnQDiwgXCFKvgAQ1ENp,9.6737346528e-08,96.74,,,,net_00509,1,3,LOW
BxUgVeQB5JhuhtpjJHVivASJnioy6uqmPoRzkVx2pump,2026-02-13T23:33:05Z,HYWo71Wk9PNDe5sBaRKazPnVyGnQDiwgXCFKvgAQ1ENp,9.6737346528e-08,96.74,,,,net_00528,1,3,LOW
BxUgVeQB5JhuhtpjJHVivASJnioy6uqmPoRzkVx2pump,2026-02-13T23:33:05Z,HYWo71Wk9PNDe5sBaRKazPnVyGnQDiwgXCFKvgAQ1ENp,9.6737346528e-08,96.74,,,,net_00536,1,3,LOW
BxUgVeQB5JhuhtpjJHVivASJnioy6uqmPoRzkVx2pump,2026-02-13T23:33:05Z,HYWo71Wk9PNDe5sBaRKazPnVyGnQDiwgXCFKvgAQ1ENp,9.6737346528e-08,96.74,,,,net_00564,1,2,LOW
BxUgVeQB5JhuhtpjJHVivASJnioy6uqmPoRzkVx2pump,2026-02-13T23:33:05Z,HYWo71Wk9PNDe5sBaRKazPnVyGnQDiwgXCFKvgAQ1ENp,9.6737346528e-08,96.74,,,,net_00576,1,3,LOW
BxUgVeQB5JhuhtpjJHVivASJnioy6uqmPoRzkVx2pump,2026-02-13T23:33:05Z,HYWo71Wk9PNDe5sBaRKazPnVyGnQDiwgXCFKvgAQ1ENp,9.6737346528e-08,96.74,,,,net_00630,1,3,LOW
BxUgVeQB5JhuhtpjJHVivASJnioy6uqmPoRzkVx2pump,2026-02-13T23:33:05Z,HYWo71Wk9PNDe5sBaRKazPnVyGnQDiwgXCFKvgAQ1ENp,9.6737346528e-08,96.74,,,,net_00647,23,152,CRITICAL
BxUgVeQB5JhuhtpjJHVivASJnioy6uqmPoRzkVx2pump,2026-02-13T23:33:05Z,HYWo71Wk9PNDe5sBaRKazPnVyGnQDiwgXCFKvgAQ1ENp,9.6737346528e-08,96.74,,,,net_00652,1,3,LOW
BxUgVeQB5JhuhtpjJHVivASJnioy6uqmPoRzkVx2pump,2026-02-13T23:33:05Z,HYWo71Wk9PNDe5sBaRKazPnVyGnQDiwgXCFKvgAQ1ENp,9.6737346528e-08,96.74,,,,net_00663,1,2,LOW
BxUgVeQB5JhuhtpjJHVivASJnioy6uqmPoRzkVx2pump,2026-02-13T23:33:05Z,HYWo71Wk9PNDe5sBaRKazPnVyGnQDiwgXCFKvgAQ1ENp,9.6737346528e-08,96.74,,,,net_00687,1,3,LOW
BxUgVeQB5JhuhtpjJHVivASJnioy6uqmPoRzkVx2pump,2026-02-13T23:33:05Z,HYWo71Wk9PNDe5sBaRKazPnVyGnQDiwgXCFKvgAQ1ENp,9.6737346528e-08,96.74,,,,net_00712,1,3,LOW
BxUgVeQB5JhuhtpjJHVivASJnioy6uqmPoRzkVx2pump,2026-02-13T23:33:05Z,HYWo71Wk9PNDe5sBaRKazPnVyGnQDiwgXCFKvgAQ1ENp,9.6737346528e-08,96.74,,,,net_00720,1,3,LOW
BxUgVeQB5JhuhtpjJHVivASJnioy6uqmPoRzkVx2pump,2026-02-13T23:33:05Z,HYWo71Wk9PNDe5sBaRKazPnVyGnQDiwgXCFKvgAQ1ENp,9.6737346528e-08,96.74,,,,net_00768,1,3,LOW
BxUgVeQB5JhuhtpjJHVivASJnioy6uqmPoRzkVx2pump,2026-02-13T23:33:05Z,HYWo71Wk9PNDe5sBaRKazPnVyGnQDiwgXCFKvgAQ1ENp,9.6737346528e-08,96.74,,,,net_00779,1,3,LOW
BxUgVeQB5JhuhtpjJHVivASJnioy6uqmPoRzkVx2pump,2026-02-13T23:33:05Z,HYWo71Wk9PNDe5sBaRKazPnVyGnQDiwgXCFKvgAQ1ENp,9.6737346528e-08,96.74,,,,net_00781,1,3,LOW
BxUgVeQB5JhuhtpjJHVivASJnioy6uqmPoRzkVx2pump,2026-02-13T23:33:05Z,HYWo71Wk9PNDe5sBaRKazPnVyGnQDiwgXCFKvgAQ1ENp,9.6737346528e-08,96.74,,,,net_00791,1,3,LOW
BxUgVeQB5JhuhtpjJHVivASJnioy6uqmPoRzkVx2pump,2026-02-13T23:33:05Z,HYWo71Wk9PNDe5sBaRKazPnVyGnQDiwgXCFKvgAQ1ENp,9.6737346528e-08,96.74,,,,net_00803,1,3,LOW
BxUgVeQB5JhuhtpjJHVivASJnioy6uqmPoRzkVx2pump,2026-02-13T23:33:05Z,HYWo71Wk9PNDe5sBaRKazPnVyGnQDiwgXCFKvgAQ1ENp,9.6737346528e-08,96.74,,,,net_00809,1,4,LOW
BxUgVeQB5JhuhtpjJHVivASJnioy6uqmPoRzkVx2pump,2026-02-13T23:33:05Z,HYWo71Wk9PNDe5sBaRKazPnVyGnQDiwgXCFKvgAQ1ENp,9.6737346528e-08,96.74,,,,net_00813,1,3,LOW
BxUgVeQB5JhuhtpjJHVivASJnioy6uqmPoRzkVx2pump,2026-02-13T23:33:05Z,HYWo71Wk9PNDe5sBaRKazPnVyGnQDiwgXCFKvgAQ1ENp,9.6737346528e-08,96.74,,,,net_00816,1,3,LOW
BxUgVeQB5JhuhtpjJHVivASJnioy6uqmPoRzkVx2pump,2026-02-13T23:33:05Z,HYWo71Wk9PNDe5sBaRKazPnVyGnQDiwgXCFKvgAQ1ENp,9.6737346528e-08,96.74,,,,net_00829,1,3,LOW
BxUgVeQB5JhuhtpjJHVivASJnioy6uqmPoRzkVx2pump,2026-02-13T23:33:05Z,HYWo71Wk9PNDe5sBaRKazPnVyGnQDiwgXCFKvgAQ1ENp,9.6737346528e-08,96.74,,,,net_00840,1,3,LOW
BxUgVeQB5JhuhtpjJHVivASJnioy6uqmPoRzkVx2pump,2026-02-13T23:33:05Z,HYWo71Wk9PNDe5sBaRKazPnVyGnQDiwgXCFKvgAQ1ENp,9.6737346528e-08,96.74,,,,net_00844,1,3,LOW
BxUgVeQB5JhuhtpjJHVivASJnioy6uqmPoRzkVx2pump,2026-02-13T23:33:05Z,HYWo71Wk9PNDe5sBaRKazPnVyGnQDiwgXCFKvgAQ1ENp,9.6737346528e-08,96.74,,,,net_00882,1,7,MEDIUM
BxUgVeQB5JhuhtpjJHVivASJnioy6uqmPoRzkVx2pump,2026-02-13T23:33:05Z,HYWo71Wk9PNDe5sBaRKazPnVyGnQDiwgXCFKvgAQ1ENp,9.6737346528e-08,96.74,,,,net_00884,1,3,LOW
BxUgVeQB5JhuhtpjJHVivASJnioy6uqmPoRzkVx2pump,2026-02-13T23:33:05Z,HYWo71Wk9PNDe5sBaRKazPnVyGnQDiwgXCFKvgAQ1ENp,9.6737346528e-08,96.74,,,,net_00891,1,3,LOW
BxUgVeQB5JhuhtpjJHVivASJnioy6uqmPoRzkVx2pump,2026-02-13T23:33:05Z,HYWo71Wk9PNDe5sBaRKazPnVyGnQDiwgXCFKvgAQ1ENp,9.6737346528e-08,96.74,,,,net_00898,1,2,LOW
BxUgVeQB5JhuhtpjJHVivASJnioy6uqmPoRzkVx2pump,2026-02-13T23:33:05Z,HYWo71Wk9PNDe5sBaRKazPnVyGnQDiwgXCFKvgAQ1ENp,9.6737346528e-08,96.74,,,,net_00900,1,3,LOW
BxUgVeQB5JhuhtpjJHVivASJnioy6uqmPoRzkVx2pump,2026-02-13T23:33:05Z,HYWo71Wk9PNDe5sBaRKazPnVyGnQDiwgXCFKvgAQ1ENp,9.6737346528e-08,96.74,,,,net_00921,1,3,LOW
BxUgVeQB5JhuhtpjJHVivASJnioy6uqmPoRzkVx2pump,2026-02-13T23:33:05Z,HYWo71Wk9PNDe5sBaRKazPnVyGnQDiwgXCFKvgAQ1ENp,9.6737346528e-08,96.74,,,,net_00934,1,3,LOW
BxUgVeQB5JhuhtpjJHVivASJnioy6uqmPoRzkVx2pump,2026-02-13T23:33:05Z,HYWo71Wk9PNDe5sBaRKazPnVyGnQDiwgXCFKvgAQ1ENp,9.6737346528e-08,96.74,,,,net_00936,1,2,LOW
BxUgVeQB5JhuhtpjJHVivASJnioy6uqmPoRzkVx2pump,2026-02-13T23:33:05Z,HYWo71Wk9PNDe5sBaRKazPnVyGnQDiwgXCFKvgAQ1ENp,9.6737346528e-08,96.74,,,,net_00959,1,3,LOW
BxUgVeQB5JhuhtpjJHVivASJnioy6uqmPoRzkVx2pump,2026-02-13T23:33:05Z,HYWo71Wk9PNDe5sBaRKazPnVyGnQDiwgXCFKvgAQ1ENp,9.6737346528e-08,96.74,,,,net_00966,1,3,LOW
BxUgVeQB5JhuhtpjJHVivASJnioy6uqmPoRzkVx2pump,2026-02-13T23:33:05Z,HYWo71Wk9PNDe5sBaRKazPnVyGnQDiwgXCFKvgAQ1ENp,9.6737346528e-08,96.74,,,,net_01086,1,5,LOW
BxUgVeQB5JhuhtpjJHVivASJnioy6uqmPoRzkVx2pump,2026-02-13T23:33:05Z,HYWo71Wk9PNDe5sBaRKazPnVyGnQDiwgXCFKvgAQ1ENp,9.6737346528e-08,96.74,,,,net_01088,1,2,LOW
3z4csL3DQNBitageV7pRy9ysaR6g1QwFrFNX6DE4pump,2026-02-13T23:29:24Z,HdKJM6Lvfp9aV9tvEMC8AD4GnsbFgMUkHLoK923Sn1ET,8.6133353327e-09,8.61,,,,net_00015,1,4,LOW
3z4csL3DQNBitageV7pRy9ysaR6g1QwFrFNX6DE4pump,2026-02-13T23:29:24Z,HdKJM6Lvfp9aV9tvEMC8AD4GnsbFgMUkHLoK923Sn1ET,8.6133353327e-09,8.61,,,,net_00141,1,2,LOW
3z4csL3DQNBitageV7pRy9ysaR6g1QwFrFNX6DE4pump,2026-02-13T23:29:24Z,HdKJM6Lvfp9aV9tvEMC8AD4GnsbFgMUkHLoK923Sn1ET,8.6133353327e-09,8.61,,,,net_00237,1,3,LOW
3z4csL3DQNBitageV7pRy9ysaR6g1QwFrFNX6DE4pump,2026-02-13T23:29:24Z,HdKJM6Lvfp9aV9tvEMC8AD4GnsbFgMUkHLoK923Sn1ET,8.6133353327e-09,8.61,,,,net_00238,1,2,LOW
3z4csL3DQNBitageV7pRy9ysaR6g1QwFrFNX6DE4pump,2026-02-13T23:29:24Z,HdKJM6Lvfp9aV9tvEMC8AD4GnsbFgMUkHLoK923Sn1ET,8.6133353327e-09,8.61,,,,net_00393,1,2,LOW
GH4qdJ6ryU4EJN7nzvbbHAwi4oQcrgoBPUsCkNGdpump,2026-02-13T23:26:40Z,78zWoReyGSKnQt4fWVdTFcrKpaBajnz35pHquMgBd7GM,4.9652729132e-11,0.05,,,,NONE,0,0,NONE
HsQVKh4bMP6g2dYHVYTrnS9tdH8AszLr7w264MJ8pump,2026-02-13T23:19:22Z,5ZuV8eqkvzYFVEKbLvGBdexL2tFv7E5BCd2HZpjqbdg,1.1214911013e-09,1.12,,,,net_00004,1,2,LOW
HsQVKh4bMP6g2dYHVYTrnS9tdH8AszLr7w264MJ8pump,2026-02-13T23:19:22Z,5ZuV8eqkvzYFVEKbLvGBdexL2tFv7E5BCd2HZpjqbdg,1.1214911013e-09,1.12,,,,net_00009,1,2,LOW
HsQVKh4bMP6g2dYHVYTrnS9tdH8AszLr7w264MJ8pump,2026-02-13T23:19:22Z,5ZuV8eqkvzYFVEKbLvGBdexL2tFv7E5BCd2HZpjqbdg,1.1214911013e-09,1.12,,,,net_00071,1,2,LOW
HsQVKh4bMP6g2dYHVYTrnS9tdH8AszLr7w264MJ8pump,2026-02-13T23:19:22Z,5ZuV8eqkvzYFVEKbLvGBdexL2tFv7E5BCd2HZpjqbdg,1.1214911013e-09,1.12,,,,net_00088,1,3,LOW
HsQVKh4bMP6g2dYHVYTrnS9tdH8AszLr7w264MJ8pump,2026-02-13T23:19:22Z,5ZuV8eqkvzYFVEKbLvGBdexL2tFv7E5BCd2HZpjqbdg,1.1214911013e-09,1.12,,,,net_00116,1,2,LOW
HsQVKh4bMP6g2dYHVYTrnS9tdH8AszLr7w264MJ8pump,2026-02-13T23:19:22Z,5ZuV8eqkvzYFVEKbLvGBdexL2tFv7E5BCd2HZpjqbdg,1.1214911013e-09,1.12,,,,net_00172,1,2,LOW
HsQVKh4bMP6g2dYHVYTrnS9tdH8AszLr7w264MJ8pump,2026-02-13T23:19:22Z,5ZuV8eqkvzYFVEKbLvGBdexL2tFv7E5BCd2HZpjqbdg,1.1214911013e-09,1.12,,,,net_00187,1,2,LOW
HsQVKh4bMP6g2dYHVYTrnS9tdH8AszLr7w264MJ8pump,2026-02-13T23:19:22Z,5ZuV8eqkvzYFVEKbLvGBdexL2tFv7E5BCd2HZpjqbdg,1.1214911013e-09,1.12,,,,net_00245,1,5,LOW
HsQVKh4bMP6g2dYHVYTrnS9tdH8AszLr7w264MJ8pump,2026-02-13T23:19:22Z,5ZuV8eqkvzYFVEKbLvGBdexL2tFv7E5BCd2HZpjqbdg,1.1214911013e-09,1.12,,,,net_00280,1,6,MEDIUM
HsQVKh4bMP6g2dYHVYTrnS9tdH8AszLr7w264MJ8pump,2026-02-13T23:19:22Z,5ZuV8eqkvzYFVEKbLvGBdexL2tFv7E5BCd2HZpjqbdg,1.1214911013e-09,1.12,,,,net_00335,1,3,LOW
HsQVKh4bMP6g2dYHVYTrnS9tdH8AszLr7w264MJ8pump,2026-02-13T23:19:22Z,5ZuV8eqkvzYFVEKbLvGBdexL2tFv7E5BCd2HZpjqbdg,1.1214911013e-09,1.12,,,,net_00373,1,5,LOW
HsQVKh4bMP6g2dYHVYTrnS9tdH8AszLr7w264MJ8pump,2026-02-13T23:19:22Z,5ZuV8eqkvzYFVEKbLvGBdexL2tFv7E5BCd2HZpjqbdg,1.1214911013e-09,1.12,,,,net_00403,1,2,LOW
HsQVKh4bMP6g2dYHVYTrnS9tdH8AszLr7w264MJ8pump,2026-02-13T23:19:22Z,5ZuV8eqkvzYFVEKbLvGBdexL2tFv7E5BCd2HZpjqbdg,1.1214911013e-09,1.12,,,,net_00537,1,2,LOW
HsQVKh4bMP6g2dYHVYTrnS9tdH8AszLr7w264MJ8pump,2026-02-13T23:19:22Z,5ZuV8eqkvzYFVEKbLvGBdexL2tFv7E5BCd2HZpjqbdg,1.1214911013e-09,1.12,,,,net_00557,1,2,LOW
HsQVKh4bMP6g2dYHVYTrnS9tdH8AszLr7w264MJ8pump,2026-02-13T23:19:22Z,5ZuV8eqkvzYFVEKbLvGBdexL2tFv7E5BCd2HZpjqbdg,1.1214911013e-09,1.12,,,,net_00763,1,2,LOW
49VACCPX2QqrszkJwXXkdXeAGn49f51kAho3ir2zpump,2026-02-13T23:17:47Z,8XwBR8WJEhbEncNN5Qvev2J2QH6u4rtVJA7YLpX2ZiDD,1.2297002327e-07,122.97,,,,NONE,0,0,NONE
LN5PStYaQENEvsjmBQVjUHEsZzPsLB8Mr2xHqoCpump,2026-02-13T23:15:43Z,7hkd2kdx4bMyuUDgktZvykDh69r8YkkrX4kf1sW2C8T6,7.2822834748e-10,0.73,,,,NONE,0,0,NONE
FJgevubTR17PZpVhseGRsugVvtBg15pBHVnbrbn9pump,2026-02-13T23:09:18Z,6y75b67cbRJfmzcMeDek2phgAcRDgWHRpeoNgXfLmYXV,2.8838978498e-07,288.39,,,,NONE,0,0,NONE
CTJc2yQ6hgPBqagQZYyEYT8Z4RRdNfjEkosnDdqopump,2026-02-13T23:08:16Z,2KeeVYw73LsXbpvYAtm2njDBYLc3rZK1vkutH41ZQ8Vi,2.1049913658e-07,210.50,,,,NONE,0,0,NONE
6uEU8qe2L4BSWJoiJiE2UTQcvvD9u95VmpmU6xRQLLuW,2026-02-13T23:08:13Z,611T8vnXmJiNCTAeVysDn8Tpnb3VaWvQZ7N4S7ZBUxtm,,,,,,net_00264,1,3,LOW
6uEU8qe2L4BSWJoiJiE2UTQcvvD9u95VmpmU6xRQLLuW,2026-02-13T23:08:13Z,611T8vnXmJiNCTAeVysDn8Tpnb3VaWvQZ7N4S7ZBUxtm,,,,,,net_00333,1,2,LOW
6uEU8qe2L4BSWJoiJiE2UTQcvvD9u95VmpmU6xRQLLuW,2026-02-13T23:08:13Z,611T8vnXmJiNCTAeVysDn8Tpnb3VaWvQZ7N4S7ZBUxtm,,,,,,net_00498,1,2,LOW
6uEU8qe2L4BSWJoiJiE2UTQcvvD9u95VmpmU6xRQLLuW,2026-02-13T23:08:13Z,611T8vnXmJiNCTAeVysDn8Tpnb3VaWvQZ7N4S7ZBUxtm,,,,,,net_00572,1,2,LOW
6uEU8qe2L4BSWJoiJiE2UTQcvvD9u95VmpmU6xRQLLuW,2026-02-13T23:08:13Z,611T8vnXmJiNCTAeVysDn8Tpnb3VaWvQZ7N4S7ZBUxtm,,,,,,net_00756,1,2,LOW
6uEU8qe2L4BSWJoiJiE2UTQcvvD9u95VmpmU6xRQLLuW,2026-02-13T23:08:13Z,611T8vnXmJiNCTAeVysDn8Tpnb3VaWvQZ7N4S7ZBUxtm,,,,,,net_00852,1,3,LOW
BwWdcMtBRz8R38sbjA3GnkR35wz6z3xz3GFiS1yGpump,2026-02-13T23:03:01Z,4LVkaw3xYeV2ZQsJuTZSu8MWA1ucJGvisCmvBowcmfcw,6.2673203174e-08,62.67,,,,NONE,0,0,NONE
9Swmd88zT2F8DbNw2KRmRZAodCcnFYvBBuhaGcvepump,2026-02-13T23:02:42Z,B32QbbdDAyhvUQzjcaM5j6ZVKwjCxAwGH5Xgvb9SJqnC,5.8938295582e-08,58.94,,,,NONE,0,0,NONE
Dt7rNPRfpmf4P8QvWQgyh5S7pnp4nQWYUmUwrarwpump,2026-02-13T22:53:06Z,CRrhH1LrGmMxK9LnfQSjj7q69zHoaYANn9Ro7nPkTKwz,1.3456448333e-10,0.13,,,,NONE,0,0,NONE
BzyKa1FGjs2EUpu3GGDibY4xdygn5evAiRboKmETpump,2026-02-13T22:38:55Z,H9RFkiWrxarmy4ZAsWfTrk4K46FyJ2NHhRVpwgoocr26,7.7571972019e-09,7.76,,,,NONE,0,0,NONE
GPTfQizjVNQfjKiPzqXswetu5QXoFdTrtEahfWtEpump,2026-02-13T22:28:58Z,9qHDuUKozgadEpWgjBFUNrW3zjkbZ3QJqHbeuzKuYzkW,3.8493179290e-08,38.49,,,,NONE,0,0,NONE
3H1nRm8sVXvyeFWonmBBDTeqPZVZKXXyYwdrW4Zfpump,2026-02-13T22:24:48Z,9s2u7ZHqQdsmLzgA7ynL4ftYqV6KLvyoRvQs3cGGhph7,7.9458694683e-09,7.95,,,,net_00037,42,17,MEDIUM
8rf4KYYJaK5jDd5NaQhFtLsB4Zxa5hynz1jjW1xWpump,2026-02-13T22:22:39Z,HzSVZMBkpQw4Zuwby7pE47SXw5mhEMLm69P82w9oq6Z6,7.5768748618e-09,7.58,,,,NONE,0,0,NONE
88KLnEvZ9xg6c9UZzSHKcEJNNaS5hDerKdDZPgydpump,2026-02-13T22:14:38Z,95ZCf3jKMHeFYvPXVZW3Ek6AEPDyjebosqnc7eNioVMo,1.3647111208e-06,1364.71,,,,net_00037,42,17,MEDIUM
88KLnEvZ9xg6c9UZzSHKcEJNNaS5hDerKdDZPgydpump,2026-02-13T22:14:38Z,95ZCf3jKMHeFYvPXVZW3Ek6AEPDyjebosqnc7eNioVMo,1.3647111208e-06,1364.71,,,,net_00223,1,2,LOW
88KLnEvZ9xg6c9UZzSHKcEJNNaS5hDerKdDZPgydpump,2026-02-13T22:14:38Z,95ZCf3jKMHeFYvPXVZW3Ek6AEPDyjebosqnc7eNioVMo,1.3647111208e-06,1364.71,,,,net_00440,1,2,LOW
88KLnEvZ9xg6c9UZzSHKcEJNNaS5hDerKdDZPgydpump,2026-02-13T22:14:38Z,95ZCf3jKMHeFYvPXVZW3Ek6AEPDyjebosqnc7eNioVMo,1.3647111208e-06,1364.71,,,,net_00540,1,2,LOW
88KLnEvZ9xg6c9UZzSHKcEJNNaS5hDerKdDZPgydpump,2026-02-13T22:14:38Z,95ZCf3jKMHeFYvPXVZW3Ek6AEPDyjebosqnc7eNioVMo,1.3647111208e-06,1364.71,,,,net_00565,1,4,LOW
88KLnEvZ9xg6c9UZzSHKcEJNNaS5hDerKdDZPgydpump,2026-02-13T22:14:38Z,95ZCf3jKMHeFYvPXVZW3Ek6AEPDyjebosqnc7eNioVMo,1.3647111208e-06,1364.71,,,,net_00970,1,2,LOW
88KLnEvZ9xg6c9UZzSHKcEJNNaS5hDerKdDZPgydpump,2026-02-13T22:14:38Z,95ZCf3jKMHeFYvPXVZW3Ek6AEPDyjebosqnc7eNioVMo,1.3647111208e-06,1364.71,,,,net_01095,1,2,LOW
8LSxAVJ6UfdpN33W6ha1DVWSj9DCs5sQEYwMzPoxpump,2026-02-13T22:10:30Z,2GYNU7t9kLKRHHWtQVUZzzz6xvCTW9PPayvgspGbX1Mx,1.9893527638e-10,0.20,,,,net_00002,1,3,LOW
8LSxAVJ6UfdpN33W6ha1DVWSj9DCs5sQEYwMzPoxpump,2026-02-13T22:10:30Z,2GYNU7t9kLKRHHWtQVUZzzz6xvCTW9PPayvgspGbX1Mx,1.9893527638e-10,0.20,,,,net_00045,1,3,LOW
8LSxAVJ6UfdpN33W6ha1DVWSj9DCs5sQEYwMzPoxpump,2026-02-13T22:10:30Z,2GYNU7t9kLKRHHWtQVUZzzz6xvCTW9PPayvgspGbX1Mx,1.9893527638e-10,0.20,,,,net_00046,1,3,LOW
8LSxAVJ6UfdpN33W6ha1DVWSj9DCs5sQEYwMzPoxpump,2026-02-13T22:10:30Z,2GYNU7t9kLKRHHWtQVUZzzz6xvCTW9PPayvgspGbX1Mx,1.9893527638e-10,0.20,,,,net_00070,1,3,LOW
8LSxAVJ6UfdpN33W6ha1DVWSj9DCs5sQEYwMzPoxpump,2026-02-13T22:10:30Z,2GYNU7t9kLKRHHWtQVUZzzz6xvCTW9PPayvgspGbX1Mx,1.9893527638e-10,0.20,,,,net_00081,1,3,LOW
8LSxAVJ6UfdpN33W6ha1DVWSj9DCs5sQEYwMzPoxpump,2026-02-13T22:10:30Z,2GYNU7t9kLKRHHWtQVUZzzz6xvCTW9PPayvgspGbX1Mx,1.9893527638e-10,0.20,,,,net_00083,1,3,LOW
8LSxAVJ6UfdpN33W6ha1DVWSj9DCs5sQEYwMzPoxpump,2026-02-13T22:10:30Z,2GYNU7t9kLKRHHWtQVUZzzz6xvCTW9PPayvgspGbX1Mx,1.9893527638e-10,0.20,,,,net_00090,1,3,LOW
8LSxAVJ6UfdpN33W6ha1DVWSj9DCs5sQEYwMzPoxpump,2026-02-13T22:10:30Z,2GYNU7t9kLKRHHWtQVUZzzz6xvCTW9PPayvgspGbX1Mx,1.9893527638e-10,0.20,,,,net_00125,1,3,LOW
8LSxAVJ6UfdpN33W6ha1DVWSj9DCs5sQEYwMzPoxpump,2026-02-13T22:10:30Z,2GYNU7t9kLKRHHWtQVUZzzz6xvCTW9PPayvgspGbX1Mx,1.9893527638e-10,0.20,,,,net_00131,1,3,LOW
8LSxAVJ6UfdpN33W6ha1DVWSj9DCs5sQEYwMzPoxpump,2026-02-13T22:10:30Z,2GYNU7t9kLKRHHWtQVUZzzz6xvCTW9PPayvgspGbX1Mx,1.9893527638e-10,0.20,,,,net_00140,1,3,LOW
8LSxAVJ6UfdpN33W6ha1DVWSj9DCs5sQEYwMzPoxpump,2026-02-13T22:10:30Z,2GYNU7t9kLKRHHWtQVUZzzz6xvCTW9PPayvgspGbX1Mx,1.9893527638e-10,0.20,,,,net_00146,1,3,LOW
8LSxAVJ6UfdpN33W6ha1DVWSj9DCs5sQEYwMzPoxpump,2026-02-13T22:10:30Z,2GYNU7t9kLKRHHWtQVUZzzz6xvCTW9PPayvgspGbX1Mx,1.9893527638e-10,0.20,,,,net_00150,1,3,LOW
8LSxAVJ6UfdpN33W6ha1DVWSj9DCs5sQEYwMzPoxpump,2026-02-13T22:10:30Z,2GYNU7t9kLKRHHWtQVUZzzz6xvCTW9PPayvgspGbX1Mx,1.9893527638e-10,0.20,,,,net_00170,1,3,LOW
8LSxAVJ6UfdpN33W6ha1DVWSj9DCs5sQEYwMzPoxpump,2026-02-13T22:10:30Z,2GYNU7t9kLKRHHWtQVUZzzz6xvCTW9PPayvgspGbX1Mx,1.9893527638e-10,0.20,,,,net_00204,1,3,LOW
8LSxAVJ6UfdpN33W6ha1DVWSj9DCs5sQEYwMzPoxpump,2026-02-13T22:10:30Z,2GYNU7t9kLKRHHWtQVUZzzz6xvCTW9PPayvgspGbX1Mx,1.9893527638e-10,0.20,,,,net_00205,1,3,LOW
8LSxAVJ6UfdpN33W6ha1DVWSj9DCs5sQEYwMzPoxpump,2026-02-13T22:10:30Z,2GYNU7t9kLKRHHWtQVUZzzz6xvCTW9PPayvgspGbX1Mx,1.9893527638e-10,0.20,,,,net_00211,1,3,LOW
8LSxAVJ6UfdpN33W6ha1DVWSj9DCs5sQEYwMzPoxpump,2026-02-13T22:10:30Z,2GYNU7t9kLKRHHWtQVUZzzz6xvCTW9PPayvgspGbX1Mx,1.9893527638e-10,0.20,,,,net_00215,1,3,LOW
8LSxAVJ6UfdpN33W6ha1DVWSj9DCs5sQEYwMzPoxpump,2026-02-13T22:10:30Z,2GYNU7t9kLKRHHWtQVUZzzz6xvCTW9PPayvgspGbX1Mx,1.9893527638e-10,0.20,,,,net_00224,1,3,LOW
8LSxAVJ6UfdpN33W6ha1DVWSj9DCs5sQEYwMzPoxpump,2026-02-13T22:10:30Z,2GYNU7t9kLKRHHWtQVUZzzz6xvCTW9PPayvgspGbX1Mx,1.9893527638e-10,0.20,,,,net_00230,1,3,LOW
8LSxAVJ6UfdpN33W6ha1DVWSj9DCs5sQEYwMzPoxpump,2026-02-13T22:10:30Z,2GYNU7t9kLKRHHWtQVUZzzz6xvCTW9PPayvgspGbX1Mx,1.9893527638e-10,0.20,,,,net_00275,1,3,LOW
8LSxAVJ6UfdpN33W6ha1DVWSj9DCs5sQEYwMzPoxpump,2026-02-13T22:10:30Z,2GYNU7t9kLKRHHWtQVUZzzz6xvCTW9PPayvgspGbX1Mx,1.9893527638e-10,0.20,,,,net_00284,1,3,LOW
8LSxAVJ6UfdpN33W6ha1DVWSj9DCs5sQEYwMzPoxpump,2026-02-13T22:10:30Z,2GYNU7t9kLKRHHWtQVUZzzz6xvCTW9PPayvgspGbX1Mx,1.9893527638e-10,0.20,,,,net_00306,1,3,LOW
8LSxAVJ6UfdpN33W6ha1DVWSj9DCs5sQEYwMzPoxpump,2026-02-13T22:10:30Z,2GYNU7t9kLKRHHWtQVUZzzz6xvCTW9PPayvgspGbX1Mx,1.9893527638e-10,0.20,,,,net_00339,1,3,LOW
8LSxAVJ6UfdpN33W6ha1DVWSj9DCs5sQEYwMzPoxpump,2026-02-13T22:10:30Z,2GYNU7t9kLKRHHWtQVUZzzz6xvCTW9PPayvgspGbX1Mx,1.9893527638e-10,0.20,,,,net_00347,1,3,LOW
8LSxAVJ6UfdpN33W6ha1DVWSj9DCs5sQEYwMzPoxpump,2026-02-13T22:10:30Z,2GYNU7t9kLKRHHWtQVUZzzz6xvCTW9PPayvgspGbX1Mx,1.9893527638e-10,0.20,,,,net_00348,1,3,LOW
8LSxAVJ6UfdpN33W6ha1DVWSj9DCs5sQEYwMzPoxpump,2026-02-13T22:10:30Z,2GYNU7t9kLKRHHWtQVUZzzz6xvCTW9PPayvgspGbX1Mx,1.9893527638e-10,0.20,,,,net_00359,1,3,LOW
8LSxAVJ6UfdpN33W6ha1DVWSj9DCs5sQEYwMzPoxpump,2026-02-13T22:10:30Z,2GYNU7t9kLKRHHWtQVUZzzz6xvCTW9PPayvgspGbX1Mx,1.9893527638e-10,0.20,,,,net_00378,1,3,LOW
8LSxAVJ6UfdpN33W6ha1DVWSj9DCs5sQEYwMzPoxpump,2026-02-13T22:10:30Z,2GYNU7t9kLKRHHWtQVUZzzz6xvCTW9PPayvgspGbX1Mx,1.9893527638e-10,0.20,,,,net_00415,1,3,LOW
8LSxAVJ6UfdpN33W6ha1DVWSj9DCs5sQEYwMzPoxpump,2026-02-13T22:10:30Z,2GYNU7t9kLKRHHWtQVUZzzz6xvCTW9PPayvgspGbX1Mx,1.9893527638e-10,0.20,,,,net_00417,1,3,LOW
8LSxAVJ6UfdpN33W6ha1DVWSj9DCs5sQEYwMzPoxpump,2026-02-13T22:10:30Z,2GYNU7t9kLKRHHWtQVUZzzz6xvCTW9PPayvgspGbX1Mx,1.9893527638e-10,0.20,,,,net_00455,1,3,LOW
8LSxAVJ6UfdpN33W6ha1DVWSj9DCs5sQEYwMzPoxpump,2026-02-13T22:10:30Z,2GYNU7t9kLKRHHWtQVUZzzz6xvCTW9PPayvgspGbX1Mx,1.9893527638e-10,0.20,,,,net_00483,1,3,LOW
8LSxAVJ6UfdpN33W6ha1DVWSj9DCs5sQEYwMzPoxpump,2026-02-13T22:10:30Z,2GYNU7t9kLKRHHWtQVUZzzz6xvCTW9PPayvgspGbX1Mx,1.9893527638e-10,0.20,,,,net_00491,1,3,LOW
8LSxAVJ6UfdpN33W6ha1DVWSj9DCs5sQEYwMzPoxpump,2026-02-13T22:10:30Z,2GYNU7t9kLKRHHWtQVUZzzz6xvCTW9PPayvgspGbX1Mx,1.9893527638e-10,0.20,,,,net_00492,1,3,LOW
8LSxAVJ6UfdpN33W6ha1DVWSj9DCs5sQEYwMzPoxpump,2026-02-13T22:10:30Z,2GYNU7t9kLKRHHWtQVUZzzz6xvCTW9PPayvgspGbX1Mx,1.9893527638e-10,0.20,,,,net_00503,1,3,LOW
8LSxAVJ6UfdpN33W6ha1DVWSj9DCs5sQEYwMzPoxpump,2026-02-13T22:10:30Z,2GYNU7t9kLKRHHWtQVUZzzz6xvCTW9PPayvgspGbX1Mx,1.9893527638e-10,0.20,,,,net_00529,1,3,LOW
8LSxAVJ6UfdpN33W6ha1DVWSj9DCs5sQEYwMzPoxpump,2026-02-13T22:10:30Z,2GYNU7t9kLKRHHWtQVUZzzz6xvCTW9PPayvgspGbX1Mx,1.9893527638e-10,0.20,,,,net_00539,1,3,LOW
8LSxAVJ6UfdpN33W6ha1DVWSj9DCs5sQEYwMzPoxpump,2026-02-13T22:10:30Z,2GYNU7t9kLKRHHWtQVUZzzz6xvCTW9PPayvgspGbX1Mx,1.9893527638e-10,0.20,,,,net_00543,1,3,LOW
8LSxAVJ6UfdpN33W6ha1DVWSj9DCs5sQEYwMzPoxpump,2026-02-13T22:10:30Z,2GYNU7t9kLKRHHWtQVUZzzz6xvCTW9PPayvgspGbX1Mx,1.9893527638e-10,0.20,,,,net_00545,1,3,LOW
8LSxAVJ6UfdpN33W6ha1DVWSj9DCs5sQEYwMzPoxpump,2026-02-13T22:10:30Z,2GYNU7t9kLKRHHWtQVUZzzz6xvCTW9PPayvgspGbX1Mx,1.9893527638e-10,0.20,,,,net_00554,1,3,LOW
8LSxAVJ6UfdpN33W6ha1DVWSj9DCs5sQEYwMzPoxpump,2026-02-13T22:10:30Z,2GYNU7t9kLKRHHWtQVUZzzz6xvCTW9PPayvgspGbX1Mx,1.9893527638e-10,0.20,,,,net_00561,1,3,LOW
8LSxAVJ6UfdpN33W6ha1DVWSj9DCs5sQEYwMzPoxpump,2026-02-13T22:10:30Z,2GYNU7t9kLKRHHWtQVUZzzz6xvCTW9PPayvgspGbX1Mx,1.9893527638e-10,0.20,,,,net_00597,1,3,LOW
8LSxAVJ6UfdpN33W6ha1DVWSj9DCs5sQEYwMzPoxpump,2026-02-13T22:10:30Z,2GYNU7t9kLKRHHWtQVUZzzz6xvCTW9PPayvgspGbX1Mx,1.9893527638e-10,0.20,,,,net_00604,1,3,LOW
8LSxAVJ6UfdpN33W6ha1DVWSj9DCs5sQEYwMzPoxpump,2026-02-13T22:10:30Z,2GYNU7t9kLKRHHWtQVUZzzz6xvCTW9PPayvgspGbX1Mx,1.9893527638e-10,0.20,,,,net_00607,1,3,LOW
8LSxAVJ6UfdpN33W6ha1DVWSj9DCs5sQEYwMzPoxpump,2026-02-13T22:10:30Z,2GYNU7t9kLKRHHWtQVUZzzz6xvCTW9PPayvgspGbX1Mx,1.9893527638e-10,0.20,,,,net_00627,1,3,LOW
8LSxAVJ6UfdpN33W6ha1DVWSj9DCs5sQEYwMzPoxpump,2026-02-13T22:10:30Z,2GYNU7t9kLKRHHWtQVUZzzz6xvCTW9PPayvgspGbX1Mx,1.9893527638e-10,0.20,,,,net_00638,1,3,LOW
8LSxAVJ6UfdpN33W6ha1DVWSj9DCs5sQEYwMzPoxpump,2026-02-13T22:10:30Z,2GYNU7t9kLKRHHWtQVUZzzz6xvCTW9PPayvgspGbX1Mx,1.9893527638e-10,0.20,,,,net_00640,1,3,LOW
8LSxAVJ6UfdpN33W6ha1DVWSj9DCs5sQEYwMzPoxpump,2026-02-13T22:10:30Z,2GYNU7t9kLKRHHWtQVUZzzz6xvCTW9PPayvgspGbX1Mx,1.9893527638e-10,0.20,,,,net_00644,1,3,LOW
8LSxAVJ6UfdpN33W6ha1DVWSj9DCs5sQEYwMzPoxpump,2026-02-13T22:10:30Z,2GYNU7t9kLKRHHWtQVUZzzz6xvCTW9PPayvgspGbX1Mx,1.9893527638e-10,0.20,,,,net_00661,1,3,LOW
8LSxAVJ6UfdpN33W6ha1DVWSj9DCs5sQEYwMzPoxpump,2026-02-13T22:10:30Z,2GYNU7t9kLKRHHWtQVUZzzz6xvCTW9PPayvgspGbX1Mx,1.9893527638e-10,0.20,,,,net_00685,1,3,LOW
8LSxAVJ6UfdpN33W6ha1DVWSj9DCs5sQEYwMzPoxpump,2026-02-13T22:10:30Z,2GYNU7t9kLKRHHWtQVUZzzz6xvCTW9PPayvgspGbX1Mx,1.9893527638e-10,0.20,,,,net_00690,1,3,LOW
8LSxAVJ6UfdpN33W6ha1DVWSj9DCs5sQEYwMzPoxpump,2026-02-13T22:10:30Z,2GYNU7t9kLKRHHWtQVUZzzz6xvCTW9PPayvgspGbX1Mx,1.9893527638e-10,0.20,,,,net_00693,1,3,LOW
8LSxAVJ6UfdpN33W6ha1DVWSj9DCs5sQEYwMzPoxpump,2026-02-13T22:10:30Z,2GYNU7t9kLKRHHWtQVUZzzz6xvCTW9PPayvgspGbX1Mx,1.9893527638e-10,0.20,,,,net_00735,1,3,LOW
8LSxAVJ6UfdpN33W6ha1DVWSj9DCs5sQEYwMzPoxpump,2026-02-13T22:10:30Z,2GYNU7t9kLKRHHWtQVUZzzz6xvCTW9PPayvgspGbX1Mx,1.9893527638e-10,0.20,,,,net_00773,1,3,LOW
8LSxAVJ6UfdpN33W6ha1DVWSj9DCs5sQEYwMzPoxpump,2026-02-13T22:10:30Z,2GYNU7t9kLKRHHWtQVUZzzz6xvCTW9PPayvgspGbX1Mx,1.9893527638e-10,0.20,,,,net_00775,1,3,LOW
8LSxAVJ6UfdpN33W6ha1DVWSj9DCs5sQEYwMzPoxpump,2026-02-13T22:10:30Z,2GYNU7t9kLKRHHWtQVUZzzz6xvCTW9PPayvgspGbX1Mx,1.9893527638e-10,0.20,,,,net_00785,1,3,LOW
8LSxAVJ6UfdpN33W6ha1DVWSj9DCs5sQEYwMzPoxpump,2026-02-13T22:10:30Z,2GYNU7t9kLKRHHWtQVUZzzz6xvCTW9PPayvgspGbX1Mx,1.9893527638e-10,0.20,,,,net_00794,1,3,LOW
8LSxAVJ6UfdpN33W6ha1DVWSj9DCs5sQEYwMzPoxpump,2026-02-13T22:10:30Z,2GYNU7t9kLKRHHWtQVUZzzz6xvCTW9PPayvgspGbX1Mx,1.9893527638e-10,0.20,,,,net_00836,1,3,LOW
8LSxAVJ6UfdpN33W6ha1DVWSj9DCs5sQEYwMzPoxpump,2026-02-13T22:10:30Z,2GYNU7t9kLKRHHWtQVUZzzz6xvCTW9PPayvgspGbX1Mx,1.9893527638e-10,0.20,,,,net_00843,1,3,LOW
8LSxAVJ6UfdpN33W6ha1DVWSj9DCs5sQEYwMzPoxpump,2026-02-13T22:10:30Z,2GYNU7t9kLKRHHWtQVUZzzz6xvCTW9PPayvgspGbX1Mx,1.9893527638e-10,0.20,,,,net_00858,1,3,LOW
8LSxAVJ6UfdpN33W6ha1DVWSj9DCs5sQEYwMzPoxpump,2026-02-13T22:10:30Z,2GYNU7t9kLKRHHWtQVUZzzz6xvCTW9PPayvgspGbX1Mx,1.9893527638e-10,0.20,,,,net_00867,1,3,LOW
8LSxAVJ6UfdpN33W6ha1DVWSj9DCs5sQEYwMzPoxpump,2026-02-13T22:10:30Z,2GYNU7t9kLKRHHWtQVUZzzz6xvCTW9PPayvgspGbX1Mx,1.9893527638e-10,0.20,,,,net_00873,1,3,LOW
8LSxAVJ6UfdpN33W6ha1DVWSj9DCs5sQEYwMzPoxpump,2026-02-13T22:10:30Z,2GYNU7t9kLKRHHWtQVUZzzz6xvCTW9PPayvgspGbX1Mx,1.9893527638e-10,0.20,,,,net_00892,1,3,LOW
8LSxAVJ6UfdpN33W6ha1DVWSj9DCs5sQEYwMzPoxpump,2026-02-13T22:10:30Z,2GYNU7t9kLKRHHWtQVUZzzz6xvCTW9PPayvgspGbX1Mx,1.9893527638e-10,0.20,,,,net_00905,1,3,LOW
8LSxAVJ6UfdpN33W6ha1DVWSj9DCs5sQEYwMzPoxpump,2026-02-13T22:10:30Z,2GYNU7t9kLKRHHWtQVUZzzz6xvCTW9PPayvgspGbX1Mx,1.9893527638e-10,0.20,,,,net_00912,1,3,LOW
8LSxAVJ6UfdpN33W6ha1DVWSj9DCs5sQEYwMzPoxpump,2026-02-13T22:10:30Z,2GYNU7t9kLKRHHWtQVUZzzz6xvCTW9PPayvgspGbX1Mx,1.9893527638e-10,0.20,,,,net_00924,1,3,LOW
8LSxAVJ6UfdpN33W6ha1DVWSj9DCs5sQEYwMzPoxpump,2026-02-13T22:10:30Z,2GYNU7t9kLKRHHWtQVUZzzz6xvCTW9PPayvgspGbX1Mx,1.9893527638e-10,0.20,,,,net_00942,1,3,LOW
8LSxAVJ6UfdpN33W6ha1DVWSj9DCs5sQEYwMzPoxpump,2026-02-13T22:10:30Z,2GYNU7t9kLKRHHWtQVUZzzz6xvCTW9PPayvgspGbX1Mx,1.9893527638e-10,0.20,,,,net_00944,1,3,LOW
8LSxAVJ6UfdpN33W6ha1DVWSj9DCs5sQEYwMzPoxpump,2026-02-13T22:10:30Z,2GYNU7t9kLKRHHWtQVUZzzz6xvCTW9PPayvgspGbX1Mx,1.9893527638e-10,0.20,,,,net_00947,1,3,LOW
8LSxAVJ6UfdpN33W6ha1DVWSj9DCs5sQEYwMzPoxpump,2026-02-13T22:10:30Z,2GYNU7t9kLKRHHWtQVUZzzz6xvCTW9PPayvgspGbX1Mx,1.9893527638e-10,0.20,,,,net_00964,1,3,LOW
8LSxAVJ6UfdpN33W6ha1DVWSj9DCs5sQEYwMzPoxpump,2026-02-13T22:10:30Z,2GYNU7t9kLKRHHWtQVUZzzz6xvCTW9PPayvgspGbX1Mx,1.9893527638e-10,0.20,,,,net_01061,1,3,LOW
JBpLXvYaZi2unNHnb6iwcXTrv4rFpYa1KkwnVfiypump,2026-02-13T21:55:04Z,4GcuBiAq7pZGuuCpV1pSyxk5obKG1VsHUyjvKjEc1VGh,2.2032262521e-08,22.03,,,,NONE,0,0,NONE
EaaberaQK4U4LzSPCYMzbQxTZougXMQNY3VzgAWVpump,2026-02-13T21:54:52Z,HvhM9Qgh9uUxDa2miQ8zem1VTRK27MsLCpfPTcgsweCE,3.9194395465e-08,39.19,,,,NONE,0,0,NONE
BVPQuES4tDnVSfycm8bASuQne7LXzRJVTFtnW1uCGN3T,2026-02-13T21:53:53Z,EM2C5hJ1CubYKhikyCR2JiBrLiaWPpZUoXANPZ3PsBsD,3.9577487269e-08,39.58,,,,net_00258,1,7,MEDIUM
BVPQuES4tDnVSfycm8bASuQne7LXzRJVTFtnW1uCGN3T,2026-02-13T21:53:53Z,EM2C5hJ1CubYKhikyCR2JiBrLiaWPpZUoXANPZ3PsBsD,3.9577487269e-08,39.58,,,,net_00405,1,3,LOW
BVPQuES4tDnVSfycm8bASuQne7LXzRJVTFtnW1uCGN3T,2026-02-13T21:53:53Z,EM2C5hJ1CubYKhikyCR2JiBrLiaWPpZUoXANPZ3PsBsD,3.9577487269e-08,39.58,,,,net_00443,1,4,LOW
BVPQuES4tDnVSfycm8bASuQne7LXzRJVTFtnW1uCGN3T,2026-02-13T21:53:53Z,EM2C5hJ1CubYKhikyCR2JiBrLiaWPpZUoXANPZ3PsBsD,3.9577487269e-08,39.58,,,,net_00502,1,10,MEDIUM
BVPQuES4tDnVSfycm8bASuQne7LXzRJVTFtnW1uCGN3T,2026-02-13T21:53:53Z,EM2C5hJ1CubYKhikyCR2JiBrLiaWPpZUoXANPZ3PsBsD,3.9577487269e-08,39.58,,,,net_00522,1,2,LOW
BVPQuES4tDnVSfycm8bASuQne7LXzRJVTFtnW1uCGN3T,2026-02-13T21:53:53Z,EM2C5hJ1CubYKhikyCR2JiBrLiaWPpZUoXANPZ3PsBsD,3.9577487269e-08,39.58,,,,net_00581,1,2,LOW
BVPQuES4tDnVSfycm8bASuQne7LXzRJVTFtnW1uCGN3T,2026-02-13T21:53:53Z,EM2C5hJ1CubYKhikyCR2JiBrLiaWPpZUoXANPZ3PsBsD,3.9577487269e-08,39.58,,,,net_00973,1,2,LOW
BVPQuES4tDnVSfycm8bASuQne7LXzRJVTFtnW1uCGN3T,2026-02-13T21:53:53Z,EM2C5hJ1CubYKhikyCR2JiBrLiaWPpZUoXANPZ3PsBsD,3.9577487269e-08,39.58,,,,net_01082,1,5,LOW
8zS9RtW6Q3Dap4CjJ7DGtbEaq4sZrkq9tPQdRja6pump,2026-02-13T21:52:31Z,AgJNRcr6qYDRjNkNYm9wT2yYWLCzBbN8epwUqscWKd8G,2.5740000000e-08,25.74,,,,net_00194,1,6,MEDIUM
A4XCS1kZbbUNYjGPe2kMdDT7VYyr3Wnf5t6kP4Ewpump,2026-02-13T21:48:29Z,2TShMMcR1FBm6aQ97cwfYRsH6cNXYG9pQZYoVatMdksC,5.2299480937e-07,522.99,,,,NONE,0,0,NONE
DYsxx8FydPu7rshcYvPWQtetHtqz8Q8gXeR6CbxYpump,2026-02-13T21:47:42Z,DKfDdLy9JYA2gpoSmxzPmmT57FmTe6uzTmpEk6hyjPhR,1.8190146495e-10,0.18,,,,net_00031,22,12,MEDIUM
DYsxx8FydPu7rshcYvPWQtetHtqz8Q8gXeR6CbxYpump,2026-02-13T21:47:42Z,DKfDdLy9JYA2gpoSmxzPmmT57FmTe6uzTmpEk6hyjPhR,1.8190146495e-10,0.18,,,,net_00044,1,2,LOW
DYsxx8FydPu7rshcYvPWQtetHtqz8Q8gXeR6CbxYpump,2026-02-13T21:47:42Z,DKfDdLy9JYA2gpoSmxzPmmT57FmTe6uzTmpEk6hyjPhR,1.8190146495e-10,0.18,,,,net_00154,1,2,LOW
DYsxx8FydPu7rshcYvPWQtetHtqz8Q8gXeR6CbxYpump,2026-02-13T21:47:42Z,DKfDdLy9JYA2gpoSmxzPmmT57FmTe6uzTmpEk6hyjPhR,1.8190146495e-10,0.18,,,,net_00181,1,2,LOW
DYsxx8FydPu7rshcYvPWQtetHtqz8Q8gXeR6CbxYpump,2026-02-13T21:47:42Z,DKfDdLy9JYA2gpoSmxzPmmT57FmTe6uzTmpEk6hyjPhR,1.8190146495e-10,0.18,,,,net_00280,1,6,MEDIUM
DYsxx8FydPu7rshcYvPWQtetHtqz8Q8gXeR6CbxYpump,2026-02-13T21:47:42Z,DKfDdLy9JYA2gpoSmxzPmmT57FmTe6uzTmpEk6hyjPhR,1.8190146495e-10,0.18,,,,net_00363,1,2,LOW
DYsxx8FydPu7rshcYvPWQtetHtqz8Q8gXeR6CbxYpump,2026-02-13T21:47:42Z,DKfDdLy9JYA2gpoSmxzPmmT57FmTe6uzTmpEk6hyjPhR,1.8190146495e-10,0.18,,,,net_00385,1,5,LOW
DYsxx8FydPu7rshcYvPWQtetHtqz8Q8gXeR6CbxYpump,2026-02-13T21:47:42Z,DKfDdLy9JYA2gpoSmxzPmmT57FmTe6uzTmpEk6hyjPhR,1.8190146495e-10,0.18,,,,net_00412,1,3,LOW
DYsxx8FydPu7rshcYvPWQtetHtqz8Q8gXeR6CbxYpump,2026-02-13T21:47:42Z,DKfDdLy9JYA2gpoSmxzPmmT57FmTe6uzTmpEk6hyjPhR,1.8190146495e-10,0.18,,,,net_00428,1,2,LOW
DYsxx8FydPu7rshcYvPWQtetHtqz8Q8gXeR6CbxYpump,2026-02-13T21:47:42Z,DKfDdLy9JYA2gpoSmxzPmmT57FmTe6uzTmpEk6hyjPhR,1.8190146495e-10,0.18,,,,net_00472,1,5,LOW
DYsxx8FydPu7rshcYvPWQtetHtqz8Q8gXeR6CbxYpump,2026-02-13T21:47:42Z,DKfDdLy9JYA2gpoSmxzPmmT57FmTe6uzTmpEk6hyjPhR,1.8190146495e-10,0.18,,,,net_00560,1,2,LOW
DYsxx8FydPu7rshcYvPWQtetHtqz8Q8gXeR6CbxYpump,2026-02-13T21:47:42Z,DKfDdLy9JYA2gpoSmxzPmmT57FmTe6uzTmpEk6hyjPhR,1.8190146495e-10,0.18,,,,net_00592,1,8,MEDIUM
DYsxx8FydPu7rshcYvPWQtetHtqz8Q8gXeR6CbxYpump,2026-02-13T21:47:42Z,DKfDdLy9JYA2gpoSmxzPmmT57FmTe6uzTmpEk6hyjPhR,1.8190146495e-10,0.18,,,,net_00625,1,2,LOW
DYsxx8FydPu7rshcYvPWQtetHtqz8Q8gXeR6CbxYpump,2026-02-13T21:47:42Z,DKfDdLy9JYA2gpoSmxzPmmT57FmTe6uzTmpEk6hyjPhR,1.8190146495e-10,0.18,,,,net_00667,1,2,LOW
DYsxx8FydPu7rshcYvPWQtetHtqz8Q8gXeR6CbxYpump,2026-02-13T21:47:42Z,DKfDdLy9JYA2gpoSmxzPmmT57FmTe6uzTmpEk6hyjPhR,1.8190146495e-10,0.18,,,,net_00679,1,7,MEDIUM
DYsxx8FydPu7rshcYvPWQtetHtqz8Q8gXeR6CbxYpump,2026-02-13T21:47:42Z,DKfDdLy9JYA2gpoSmxzPmmT57FmTe6uzTmpEk6hyjPhR,1.8190146495e-10,0.18,,,,net_00717,1,2,LOW
DYsxx8FydPu7rshcYvPWQtetHtqz8Q8gXeR6CbxYpump,2026-02-13T21:47:42Z,DKfDdLy9JYA2gpoSmxzPmmT57FmTe6uzTmpEk6hyjPhR,1.8190146495e-10,0.18,,,,net_00728,1,7,MEDIUM
DYsxx8FydPu7rshcYvPWQtetHtqz8Q8gXeR6CbxYpump,2026-02-13T21:47:42Z,DKfDdLy9JYA2gpoSmxzPmmT57FmTe6uzTmpEk6hyjPhR,1.8190146495e-10,0.18,,,,net_00731,1,3,LOW
DYsxx8FydPu7rshcYvPWQtetHtqz8Q8gXeR6CbxYpump,2026-02-13T21:47:42Z,DKfDdLy9JYA2gpoSmxzPmmT57FmTe6uzTmpEk6hyjPhR,1.8190146495e-10,0.18,,,,net_00758,1,2,LOW
DYsxx8FydPu7rshcYvPWQtetHtqz8Q8gXeR6CbxYpump,2026-02-13T21:47:42Z,DKfDdLy9JYA2gpoSmxzPmmT57FmTe6uzTmpEk6hyjPhR,1.8190146495e-10,0.18,,,,net_00776,1,5,LOW
DYsxx8FydPu7rshcYvPWQtetHtqz8Q8gXeR6CbxYpump,2026-02-13T21:47:42Z,DKfDdLy9JYA2gpoSmxzPmmT57FmTe6uzTmpEk6hyjPhR,1.8190146495e-10,0.18,,,,net_00790,1,3,LOW
DYsxx8FydPu7rshcYvPWQtetHtqz8Q8gXeR6CbxYpump,2026-02-13T21:47:42Z,DKfDdLy9JYA2gpoSmxzPmmT57FmTe6uzTmpEk6hyjPhR,1.8190146495e-10,0.18,,,,net_00842,1,3,LOW
DYsxx8FydPu7rshcYvPWQtetHtqz8Q8gXeR6CbxYpump,2026-02-13T21:47:42Z,DKfDdLy9JYA2gpoSmxzPmmT57FmTe6uzTmpEk6hyjPhR,1.8190146495e-10,0.18,,,,net_00882,1,7,MEDIUM
DYsxx8FydPu7rshcYvPWQtetHtqz8Q8gXeR6CbxYpump,2026-02-13T21:47:42Z,DKfDdLy9JYA2gpoSmxzPmmT57FmTe6uzTmpEk6hyjPhR,1.8190146495e-10,0.18,,,,net_00893,1,2,LOW
DYsxx8FydPu7rshcYvPWQtetHtqz8Q8gXeR6CbxYpump,2026-02-13T21:47:42Z,DKfDdLy9JYA2gpoSmxzPmmT57FmTe6uzTmpEk6hyjPhR,1.8190146495e-10,0.18,,,,net_01059,1,3,LOW
DYsxx8FydPu7rshcYvPWQtetHtqz8Q8gXeR6CbxYpump,2026-02-13T21:47:42Z,DKfDdLy9JYA2gpoSmxzPmmT57FmTe6uzTmpEk6hyjPhR,1.8190146495e-10,0.18,,,,net_01097,1,4,LOW
GytQthjDhj3pE9seoZ6ir35VBBH86U22ntkGJndQpump,2026-02-13T21:46:20Z,3VmNQ8ForGkoBpvyHyfS31VQuQqWn4NuxTTsvf7bGGot,3.4372939207e-07,343.73,,,,NONE,0,0,NONE
AQmCjfePNN75ouZXM9kTgbhK91kLVWWBqTRcCcfjpump,2026-02-13T21:43:32Z,B8vcr6KBgPJbZ8rVQu7e6Ngv96MPcWKatzBAhfwwdLfk,,,,,,NONE,0,0,NONE
EfgbbifSi9k1EkrrURBbjTdP8hi6zzHBHiJfbQ3ipump,2026-02-13T21:41:05Z,2pYVEE3NcabZFoEZPi72HyFxTUzicsQ3HWvEhJXUPtFM,1.5840999647e-10,0.16,,,,NONE,0,0,NONE
8AUN4gDvWwLieuKr6cizT31BJSmbnKhEXA8QhNrCpump,2026-02-13T21:37:49Z,8HeDT75s5g4CtCimH5B5nySqCiQhtWii8UnZhxBtFo38,1.0477504575e-07,104.78,,,,net_00223,1,2,LOW
8AUN4gDvWwLieuKr6cizT31BJSmbnKhEXA8QhNrCpump,2026-02-13T21:37:49Z,8HeDT75s5g4CtCimH5B5nySqCiQhtWii8UnZhxBtFo38,1.0477504575e-07,104.78,,,,net_00338,1,4,LOW
8AUN4gDvWwLieuKr6cizT31BJSmbnKhEXA8QhNrCpump,2026-02-13T21:37:49Z,8HeDT75s5g4CtCimH5B5nySqCiQhtWii8UnZhxBtFo38,1.0477504575e-07,104.78,,,,net_00502,1,10,MEDIUM
8AUN4gDvWwLieuKr6cizT31BJSmbnKhEXA8QhNrCpump,2026-02-13T21:37:49Z,8HeDT75s5g4CtCimH5B5nySqCiQhtWii8UnZhxBtFo38,1.0477504575e-07,104.78,,,,net_00698,1,6,MEDIUM
8AUN4gDvWwLieuKr6cizT31BJSmbnKhEXA8QhNrCpump,2026-02-13T21:37:49Z,8HeDT75s5g4CtCimH5B5nySqCiQhtWii8UnZhxBtFo38,1.0477504575e-07,104.78,,,,net_00969,1,6,MEDIUM
HKFFFjEfU2JobChGDKUDtXnDEKiZ9QyWMWybnCyGpump,2026-02-13T21:37:23Z,4jNmRRuC1dHw7GNFRy4Y8TTAxahspvRD5YJjHD7ddcoa,3.5876074442e-08,35.88,,,,net_01094,1,6,MEDIUM
3W7z3gWiFfwyB42jAZfuUnaF13T5L7MnVuPQvi2Kpump,2026-02-13T21:30:20Z,8inTY66csRNgKNtGhqGhd4odAV2VeJBDcRVuF7UE3Eeh,2.9072205138e-08,29.07,,,,NONE,0,0,NONE
GXmvfLWgQMqoKTcFLZqY9KiYoos2jGhYsKVF46yqpump,2026-02-13T21:27:46Z,5LTpwK2j8DnRioZUAFGPP1jyc3uintGDNVSkU41w4sqe,1.3597924076e-06,1359.79,,,,NONE,0,0,NONE
VoHgZ6ssXQMQTsYv6uELn5Wbo4TTtDRhXQ1tTcTpump,2026-02-13T21:19:00Z,C5f1yQDK3MHs3DNDome6NqGTAnPXzXSpgHT2t6cKRMQm,8.9230124793e-10,0.89,,,,NONE,0,0,NONE
9Uq6chcUbu8BoJPozhFqVpWhGkfU9PC3n9A5ADZWpump,2026-02-13T20:57:01Z,8fSnLTnRViK83dDesivTsPx2wiRhwti9xoafeMGjEyLJ,2.2072621485e-08,22.07,,,,NONE,0,0,NONE
6uw1FsCyH6JKjoHo1HKBumExwVkgrBjZxXiS9rN1pump,2026-02-13T20:53:28Z,AuqQbGhvyXd7oUemB36dyMKWjvaTqSKD4LwvwyGoSYxx,9.0471157173e-08,90.47,,,,NONE,0,0,NONE
4pTRcLufJ4KzR7bphEcvcyBHcNqsBi7jdrg1BFjHpump,2026-02-13T20:47:36Z,9VXuNqqqzniYYW3fRDeaCtUUtqWsEeWWn5umh3aF9h17,3.1023095482e-08,31.02,,,,net_00006,1,3,LOW
4pTRcLufJ4KzR7bphEcvcyBHcNqsBi7jdrg1BFjHpump,2026-02-13T20:47:36Z,9VXuNqqqzniYYW3fRDeaCtUUtqWsEeWWn5umh3aF9h17,3.1023095482e-08,31.02,,,,net_00123,1,3,LOW
4pTRcLufJ4KzR7bphEcvcyBHcNqsBi7jdrg1BFjHpump,2026-02-13T20:47:36Z,9VXuNqqqzniYYW3fRDeaCtUUtqWsEeWWn5umh3aF9h17,3.1023095482e-08,31.02,,,,net_00181,1,2,LOW
4pTRcLufJ4KzR7bphEcvcyBHcNqsBi7jdrg1BFjHpump,2026-02-13T20:47:36Z,9VXuNqqqzniYYW3fRDeaCtUUtqWsEeWWn5umh3aF9h17,3.1023095482e-08,31.02,,,,net_00355,1,3,LOW
4pTRcLufJ4KzR7bphEcvcyBHcNqsBi7jdrg1BFjHpump,2026-02-13T20:47:36Z,9VXuNqqqzniYYW3fRDeaCtUUtqWsEeWWn5umh3aF9h17,3.1023095482e-08,31.02,,,,net_00467,1,2,LOW
4pTRcLufJ4KzR7bphEcvcyBHcNqsBi7jdrg1BFjHpump,2026-02-13T20:47:36Z,9VXuNqqqzniYYW3fRDeaCtUUtqWsEeWWn5umh3aF9h17,3.1023095482e-08,31.02,,,,net_00553,1,2,LOW
4pTRcLufJ4KzR7bphEcvcyBHcNqsBi7jdrg1BFjHpump,2026-02-13T20:47:36Z,9VXuNqqqzniYYW3fRDeaCtUUtqWsEeWWn5umh3aF9h17,3.1023095482e-08,31.02,,,,net_00591,1,3,LOW
4pTRcLufJ4KzR7bphEcvcyBHcNqsBi7jdrg1BFjHpump,2026-02-13T20:47:36Z,9VXuNqqqzniYYW3fRDeaCtUUtqWsEeWWn5umh3aF9h17,3.1023095482e-08,31.02,,,,net_00720,1,3,LOW
4pTRcLufJ4KzR7bphEcvcyBHcNqsBi7jdrg1BFjHpump,2026-02-13T20:47:36Z,9VXuNqqqzniYYW3fRDeaCtUUtqWsEeWWn5umh3aF9h17,3.1023095482e-08,31.02,,,,net_00737,1,2,LOW
4pTRcLufJ4KzR7bphEcvcyBHcNqsBi7jdrg1BFjHpump,2026-02-13T20:47:36Z,9VXuNqqqzniYYW3fRDeaCtUUtqWsEeWWn5umh3aF9h17,3.1023095482e-08,31.02,,,,net_00953,1,2,LOW
4pTRcLufJ4KzR7bphEcvcyBHcNqsBi7jdrg1BFjHpump,2026-02-13T20:47:36Z,9VXuNqqqzniYYW3fRDeaCtUUtqWsEeWWn5umh3aF9h17,3.1023095482e-08,31.02,,,,net_01092,1,2,LOW
F2GuZQpmQ7B7Eukkxwyamb2N7sieFJkeFZPLHgLVpump,2026-02-13T20:45:58Z,4jNmRRuC1dHw7GNFRy4Y8TTAxahspvRD5YJjHD7ddcoa,2.7474344678e-08,27.47,,,,net_01094,1,6,MEDIUM
7BY9t5a3fKCqtPvZ6RAcHhRw8RBcESKFGz3mrnDppump,2026-02-13T20:32:01Z,59r6t97Wu4YBqUbcdyMRTvxJiD7bkfmuEifWPptFbY4U,6.7414781178e-11,0.07,,,,net_00144,1,2,LOW
7BY9t5a3fKCqtPvZ6RAcHhRw8RBcESKFGz3mrnDppump,2026-02-13T20:32:01Z,59r6t97Wu4YBqUbcdyMRTvxJiD7bkfmuEifWPptFbY4U,6.7414781178e-11,0.07,,,,net_00280,1,6,MEDIUM
7BY9t5a3fKCqtPvZ6RAcHhRw8RBcESKFGz3mrnDppump,2026-02-13T20:32:01Z,59r6t97Wu4YBqUbcdyMRTvxJiD7bkfmuEifWPptFbY4U,6.7414781178e-11,0.07,,,,net_00367,1,2,LOW
7BY9t5a3fKCqtPvZ6RAcHhRw8RBcESKFGz3mrnDppump,2026-02-13T20:32:01Z,59r6t97Wu4YBqUbcdyMRTvxJiD7bkfmuEifWPptFbY4U,6.7414781178e-11,0.07,,,,net_00480,1,2,LOW
7BY9t5a3fKCqtPvZ6RAcHhRw8RBcESKFGz3mrnDppump,2026-02-13T20:32:01Z,59r6t97Wu4YBqUbcdyMRTvxJiD7bkfmuEifWPptFbY4U,6.7414781178e-11,0.07,,,,net_00549,1,2,LOW
7BY9t5a3fKCqtPvZ6RAcHhRw8RBcESKFGz3mrnDppump,2026-02-13T20:32:01Z,59r6t97Wu4YBqUbcdyMRTvxJiD7bkfmuEifWPptFbY4U,6.7414781178e-11,0.07,,,,net_00565,1,4,LOW
7BY9t5a3fKCqtPvZ6RAcHhRw8RBcESKFGz3mrnDppump,2026-02-13T20:32:01Z,59r6t97Wu4YBqUbcdyMRTvxJiD7bkfmuEifWPptFbY4U,6.7414781178e-11,0.07,,,,net_00594,1,2,LOW
7BY9t5a3fKCqtPvZ6RAcHhRw8RBcESKFGz3mrnDppump,2026-02-13T20:32:01Z,59r6t97Wu4YBqUbcdyMRTvxJiD7bkfmuEifWPptFbY4U,6.7414781178e-11,0.07,,,,net_00680,1,2,LOW
7BY9t5a3fKCqtPvZ6RAcHhRw8RBcESKFGz3mrnDppump,2026-02-13T20:32:01Z,59r6t97Wu4YBqUbcdyMRTvxJiD7bkfmuEifWPptFbY4U,6.7414781178e-11,0.07,,,,net_00750,1,6,MEDIUM
7BY9t5a3fKCqtPvZ6RAcHhRw8RBcESKFGz3mrnDppump,2026-02-13T20:32:01Z,59r6t97Wu4YBqUbcdyMRTvxJiD7bkfmuEifWPptFbY4U,6.7414781178e-11,0.07,,,,net_00752,1,6,MEDIUM
7BY9t5a3fKCqtPvZ6RAcHhRw8RBcESKFGz3mrnDppump,2026-02-13T20:32:01Z,59r6t97Wu4YBqUbcdyMRTvxJiD7bkfmuEifWPptFbY4U,6.7414781178e-11,0.07,,,,net_00799,1,2,LOW
7BY9t5a3fKCqtPvZ6RAcHhRw8RBcESKFGz3mrnDppump,2026-02-13T20:32:01Z,59r6t97Wu4YBqUbcdyMRTvxJiD7bkfmuEifWPptFbY4U,6.7414781178e-11,0.07,,,,net_00976,1,2,LOW
BGPGt8a7LGucu55MbHSarhC6gYgSMQ88ytCGhuZspump,2026-02-13T20:29:38Z,FUoPwu1i4MdtT7w67niC7wWXcYAuqwmuSJzyoHTqGDNd,3.9198062433e-09,3.92,,,,NONE,0,0,NONE
3AGoKKVWaMBEk8pmRYrfpYVdEH5owiYXXxAtuGZYpump,2026-02-13T20:26:50Z,PSTRrvcT11k5ZUmKx5BfP6rXMm1Np77PyE7GmVNekdv,1.6264233591e-08,16.26,,,,NONE,0,0,NONE
FNhXoGKqnraA3gQ7ZqbYeF91b6ccSFLSXXBgteQzpump,2026-02-13T20:24:09Z,99i9uVA7Q56bY22ajKKUfTZTgTeP5yCtVGsrG9J4pDYQ,1.3736366014e-08,13.74,,,,net_00022,1,4,LOW
FNhXoGKqnraA3gQ7ZqbYeF91b6ccSFLSXXBgteQzpump,2026-02-13T20:24:09Z,99i9uVA7Q56bY22ajKKUfTZTgTeP5yCtVGsrG9J4pDYQ,1.3736366014e-08,13.74,,,,net_00039,1,4,LOW
FNhXoGKqnraA3gQ7ZqbYeF91b6ccSFLSXXBgteQzpump,2026-02-13T20:24:09Z,99i9uVA7Q56bY22ajKKUfTZTgTeP5yCtVGsrG9J4pDYQ,1.3736366014e-08,13.74,,,,net_00043,1,4,LOW
FNhXoGKqnraA3gQ7ZqbYeF91b6ccSFLSXXBgteQzpump,2026-02-13T20:24:09Z,99i9uVA7Q56bY22ajKKUfTZTgTeP5yCtVGsrG9J4pDYQ,1.3736366014e-08,13.74,,,,net_00059,1,4,LOW
FNhXoGKqnraA3gQ7ZqbYeF91b6ccSFLSXXBgteQzpump,2026-02-13T20:24:09Z,99i9uVA7Q56bY22ajKKUfTZTgTeP5yCtVGsrG9J4pDYQ,1.3736366014e-08,13.74,,,,net_00062,1,4,LOW
FNhXoGKqnraA3gQ7ZqbYeF91b6ccSFLSXXBgteQzpump,2026-02-13T20:24:09Z,99i9uVA7Q56bY22ajKKUfTZTgTeP5yCtVGsrG9J4pDYQ,1.3736366014e-08,13.74,,,,net_00072,1,4,LOW
FNhXoGKqnraA3gQ7ZqbYeF91b6ccSFLSXXBgteQzpump,2026-02-13T20:24:09Z,99i9uVA7Q56bY22ajKKUfTZTgTeP5yCtVGsrG9J4pDYQ,1.3736366014e-08,13.74,,,,net_00077,1,4,LOW
FNhXoGKqnraA3gQ7ZqbYeF91b6ccSFLSXXBgteQzpump,2026-02-13T20:24:09Z,99i9uVA7Q56bY22ajKKUfTZTgTeP5yCtVGsrG9J4pDYQ,1.3736366014e-08,13.74,,,,net_00080,1,2,LOW
FNhXoGKqnraA3gQ7ZqbYeF91b6ccSFLSXXBgteQzpump,2026-02-13T20:24:09Z,99i9uVA7Q56bY22ajKKUfTZTgTeP5yCtVGsrG9J4pDYQ,1.3736366014e-08,13.74,,,,net_00085,1,4,LOW
FNhXoGKqnraA3gQ7ZqbYeF91b6ccSFLSXXBgteQzpump,2026-02-13T20:24:09Z,99i9uVA7Q56bY22ajKKUfTZTgTeP5yCtVGsrG9J4pDYQ,1.3736366014e-08,13.74,,,,net_00089,1,2,LOW
FNhXoGKqnraA3gQ7ZqbYeF91b6ccSFLSXXBgteQzpump,2026-02-13T20:24:09Z,99i9uVA7Q56bY22ajKKUfTZTgTeP5yCtVGsrG9J4pDYQ,1.3736366014e-08,13.74,,,,net_00106,1,4,LOW
FNhXoGKqnraA3gQ7ZqbYeF91b6ccSFLSXXBgteQzpump,2026-02-13T20:24:09Z,99i9uVA7Q56bY22ajKKUfTZTgTeP5yCtVGsrG9J4pDYQ,1.3736366014e-08,13.74,,,,net_00110,1,4,LOW
FNhXoGKqnraA3gQ7ZqbYeF91b6ccSFLSXXBgteQzpump,2026-02-13T20:24:09Z,99i9uVA7Q56bY22ajKKUfTZTgTeP5yCtVGsrG9J4pDYQ,1.3736366014e-08,13.74,,,,net_00112,1,4,LOW
FNhXoGKqnraA3gQ7ZqbYeF91b6ccSFLSXXBgteQzpump,2026-02-13T20:24:09Z,99i9uVA7Q56bY22ajKKUfTZTgTeP5yCtVGsrG9J4pDYQ,1.3736366014e-08,13.74,,,,net_00113,1,4,LOW
FNhXoGKqnraA3gQ7ZqbYeF91b6ccSFLSXXBgteQzpump,2026-02-13T20:24:09Z,99i9uVA7Q56bY22ajKKUfTZTgTeP5yCtVGsrG9J4pDYQ,1.3736366014e-08,13.74,,,,net_00118,1,2,LOW
FNhXoGKqnraA3gQ7ZqbYeF91b6ccSFLSXXBgteQzpump,2026-02-13T20:24:09Z,99i9uVA7Q56bY22ajKKUfTZTgTeP5yCtVGsrG9J4pDYQ,1.3736366014e-08,13.74,,,,net_00119,1,2,LOW
FNhXoGKqnraA3gQ7ZqbYeF91b6ccSFLSXXBgteQzpump,2026-02-13T20:24:09Z,99i9uVA7Q56bY22ajKKUfTZTgTeP5yCtVGsrG9J4pDYQ,1.3736366014e-08,13.74,,,,net_00121,1,2,LOW
FNhXoGKqnraA3gQ7ZqbYeF91b6ccSFLSXXBgteQzpump,2026-02-13T20:24:09Z,99i9uVA7Q56bY22ajKKUfTZTgTeP5yCtVGsrG9J4pDYQ,1.3736366014e-08,13.74,,,,net_00126,1,4,LOW
FNhXoGKqnraA3gQ7ZqbYeF91b6ccSFLSXXBgteQzpump,2026-02-13T20:24:09Z,99i9uVA7Q56bY22ajKKUfTZTgTeP5yCtVGsrG9J4pDYQ,1.3736366014e-08,13.74,,,,net_00134,1,4,LOW
FNhXoGKqnraA3gQ7ZqbYeF91b6ccSFLSXXBgteQzpump,2026-02-13T20:24:09Z,99i9uVA7Q56bY22ajKKUfTZTgTeP5yCtVGsrG9J4pDYQ,1.3736366014e-08,13.74,,,,net_00137,1,2,LOW
FNhXoGKqnraA3gQ7ZqbYeF91b6ccSFLSXXBgteQzpump,2026-02-13T20:24:09Z,99i9uVA7Q56bY22ajKKUfTZTgTeP5yCtVGsrG9J4pDYQ,1.3736366014e-08,13.74,,,,net_00152,1,4,LOW
FNhXoGKqnraA3gQ7ZqbYeF91b6ccSFLSXXBgteQzpump,2026-02-13T20:24:09Z,99i9uVA7Q56bY22ajKKUfTZTgTeP5yCtVGsrG9J4pDYQ,1.3736366014e-08,13.74,,,,net_00169,1,4,LOW
FNhXoGKqnraA3gQ7ZqbYeF91b6ccSFLSXXBgteQzpump,2026-02-13T20:24:09Z,99i9uVA7Q56bY22ajKKUfTZTgTeP5yCtVGsrG9J4pDYQ,1.3736366014e-08,13.74,,,,net_00173,1,4,LOW
FNhXoGKqnraA3gQ7ZqbYeF91b6ccSFLSXXBgteQzpump,2026-02-13T20:24:09Z,99i9uVA7Q56bY22ajKKUfTZTgTeP5yCtVGsrG9J4pDYQ,1.3736366014e-08,13.74,,,,net_00184,1,4,LOW
FNhXoGKqnraA3gQ7ZqbYeF91b6ccSFLSXXBgteQzpump,2026-02-13T20:24:09Z,99i9uVA7Q56bY22ajKKUfTZTgTeP5yCtVGsrG9J4pDYQ,1.3736366014e-08,13.74,,,,net_00190,1,4,LOW
FNhXoGKqnraA3gQ7ZqbYeF91b6ccSFLSXXBgteQzpump,2026-02-13T20:24:09Z,99i9uVA7Q56bY22ajKKUfTZTgTeP5yCtVGsrG9J4pDYQ,1.3736366014e-08,13.74,,,,net_00212,1,4,LOW
FNhXoGKqnraA3gQ7ZqbYeF91b6ccSFLSXXBgteQzpump,2026-02-13T20:24:09Z,99i9uVA7Q56bY22ajKKUfTZTgTeP5yCtVGsrG9J4pDYQ,1.3736366014e-08,13.74,,,,net_00232,1,4,LOW
FNhXoGKqnraA3gQ7ZqbYeF91b6ccSFLSXXBgteQzpump,2026-02-13T20:24:09Z,99i9uVA7Q56bY22ajKKUfTZTgTeP5yCtVGsrG9J4pDYQ,1.3736366014e-08,13.74,,,,net_00240,1,2,LOW
FNhXoGKqnraA3gQ7ZqbYeF91b6ccSFLSXXBgteQzpump,2026-02-13T20:24:09Z,99i9uVA7Q56bY22ajKKUfTZTgTeP5yCtVGsrG9J4pDYQ,1.3736366014e-08,13.74,,,,net_00251,1,4,LOW
FNhXoGKqnraA3gQ7ZqbYeF91b6ccSFLSXXBgteQzpump,2026-02-13T20:24:09Z,99i9uVA7Q56bY22ajKKUfTZTgTeP5yCtVGsrG9J4pDYQ,1.3736366014e-08,13.74,,,,net_00262,1,4,LOW
FNhXoGKqnraA3gQ7ZqbYeF91b6ccSFLSXXBgteQzpump,2026-02-13T20:24:09Z,99i9uVA7Q56bY22ajKKUfTZTgTeP5yCtVGsrG9J4pDYQ,1.3736366014e-08,13.74,,,,net_00286,1,2,LOW
FNhXoGKqnraA3gQ7ZqbYeF91b6ccSFLSXXBgteQzpump,2026-02-13T20:24:09Z,99i9uVA7Q56bY22ajKKUfTZTgTeP5yCtVGsrG9J4pDYQ,1.3736366014e-08,13.74,,,,net_00295,1,4,LOW
FNhXoGKqnraA3gQ7ZqbYeF91b6ccSFLSXXBgteQzpump,2026-02-13T20:24:09Z,99i9uVA7Q56bY22ajKKUfTZTgTeP5yCtVGsrG9J4pDYQ,1.3736366014e-08,13.74,,,,net_00297,1,2,LOW
FNhXoGKqnraA3gQ7ZqbYeF91b6ccSFLSXXBgteQzpump,2026-02-13T20:24:09Z,99i9uVA7Q56bY22ajKKUfTZTgTeP5yCtVGsrG9J4pDYQ,1.3736366014e-08,13.74,,,,net_00298,1,4,LOW
FNhXoGKqnraA3gQ7ZqbYeF91b6ccSFLSXXBgteQzpump,2026-02-13T20:24:09Z,99i9uVA7Q56bY22ajKKUfTZTgTeP5yCtVGsrG9J4pDYQ,1.3736366014e-08,13.74,,,,net_00300,1,4,LOW
FNhXoGKqnraA3gQ7ZqbYeF91b6ccSFLSXXBgteQzpump,2026-02-13T20:24:09Z,99i9uVA7Q56bY22ajKKUfTZTgTeP5yCtVGsrG9J4pDYQ,1.3736366014e-08,13.74,,,,net_00302,1,4,LOW
FNhXoGKqnraA3gQ7ZqbYeF91b6ccSFLSXXBgteQzpump,2026-02-13T20:24:09Z,99i9uVA7Q56bY22ajKKUfTZTgTeP5yCtVGsrG9J4pDYQ,1.3736366014e-08,13.74,,,,net_00315,1,4,LOW
FNhXoGKqnraA3gQ7ZqbYeF91b6ccSFLSXXBgteQzpump,2026-02-13T20:24:09Z,99i9uVA7Q56bY22ajKKUfTZTgTeP5yCtVGsrG9J4pDYQ,1.3736366014e-08,13.74,,,,net_00316,1,4,LOW
FNhXoGKqnraA3gQ7ZqbYeF91b6ccSFLSXXBgteQzpump,2026-02-13T20:24:09Z,99i9uVA7Q56bY22ajKKUfTZTgTeP5yCtVGsrG9J4pDYQ,1.3736366014e-08,13.74,,,,net_00319,1,2,LOW
FNhXoGKqnraA3gQ7ZqbYeF91b6ccSFLSXXBgteQzpump,2026-02-13T20:24:09Z,99i9uVA7Q56bY22ajKKUfTZTgTeP5yCtVGsrG9J4pDYQ,1.3736366014e-08,13.74,,,,net_00323,1,4,LOW
FNhXoGKqnraA3gQ7ZqbYeF91b6ccSFLSXXBgteQzpump,2026-02-13T20:24:09Z,99i9uVA7Q56bY22ajKKUfTZTgTeP5yCtVGsrG9J4pDYQ,1.3736366014e-08,13.74,,,,net_00340,1,4,LOW
FNhXoGKqnraA3gQ7ZqbYeF91b6ccSFLSXXBgteQzpump,2026-02-13T20:24:09Z,99i9uVA7Q56bY22ajKKUfTZTgTeP5yCtVGsrG9J4pDYQ,1.3736366014e-08,13.74,,,,net_00344,1,4,LOW
FNhXoGKqnraA3gQ7ZqbYeF91b6ccSFLSXXBgteQzpump,2026-02-13T20:24:09Z,99i9uVA7Q56bY22ajKKUfTZTgTeP5yCtVGsrG9J4pDYQ,1.3736366014e-08,13.74,,,,net_00351,1,4,LOW
FNhXoGKqnraA3gQ7ZqbYeF91b6ccSFLSXXBgteQzpump,2026-02-13T20:24:09Z,99i9uVA7Q56bY22ajKKUfTZTgTeP5yCtVGsrG9J4pDYQ,1.3736366014e-08,13.74,,,,net_00379,1,4,LOW
FNhXoGKqnraA3gQ7ZqbYeF91b6ccSFLSXXBgteQzpump,2026-02-13T20:24:09Z,99i9uVA7Q56bY22ajKKUfTZTgTeP5yCtVGsrG9J4pDYQ,1.3736366014e-08,13.74,,,,net_00381,1,4,LOW
FNhXoGKqnraA3gQ7ZqbYeF91b6ccSFLSXXBgteQzpump,2026-02-13T20:24:09Z,99i9uVA7Q56bY22ajKKUfTZTgTeP5yCtVGsrG9J4pDYQ,1.3736366014e-08,13.74,,,,net_00383,1,4,LOW
FNhXoGKqnraA3gQ7ZqbYeF91b6ccSFLSXXBgteQzpump,2026-02-13T20:24:09Z,99i9uVA7Q56bY22ajKKUfTZTgTeP5yCtVGsrG9J4pDYQ,1.3736366014e-08,13.74,,,,net_00389,1,4,LOW
FNhXoGKqnraA3gQ7ZqbYeF91b6ccSFLSXXBgteQzpump,2026-02-13T20:24:09Z,99i9uVA7Q56bY22ajKKUfTZTgTeP5yCtVGsrG9J4pDYQ,1.3736366014e-08,13.74,,,,net_00395,1,2,LOW
FNhXoGKqnraA3gQ7ZqbYeF91b6ccSFLSXXBgteQzpump,2026-02-13T20:24:09Z,99i9uVA7Q56bY22ajKKUfTZTgTeP5yCtVGsrG9J4pDYQ,1.3736366014e-08,13.74,,,,net_00398,1,2,LOW
FNhXoGKqnraA3gQ7ZqbYeF91b6ccSFLSXXBgteQzpump,2026-02-13T20:24:09Z,99i9uVA7Q56bY22ajKKUfTZTgTeP5yCtVGsrG9J4pDYQ,1.3736366014e-08,13.74,,,,net_00401,1,4,LOW
FNhXoGKqnraA3gQ7ZqbYeF91b6ccSFLSXXBgteQzpump,2026-02-13T20:24:09Z,99i9uVA7Q56bY22ajKKUfTZTgTeP5yCtVGsrG9J4pDYQ,1.3736366014e-08,13.74,,,,net_00402,1,2,LOW
FNhXoGKqnraA3gQ7ZqbYeF91b6ccSFLSXXBgteQzpump,2026-02-13T20:24:09Z,99i9uVA7Q56bY22ajKKUfTZTgTeP5yCtVGsrG9J4pDYQ,1.3736366014e-08,13.74,,,,net_00408,1,4,LOW
FNhXoGKqnraA3gQ7ZqbYeF91b6ccSFLSXXBgteQzpump,2026-02-13T20:24:09Z,99i9uVA7Q56bY22ajKKUfTZTgTeP5yCtVGsrG9J4pDYQ,1.3736366014e-08,13.74,,,,net_00419,1,4,LOW
FNhXoGKqnraA3gQ7ZqbYeF91b6ccSFLSXXBgteQzpump,2026-02-13T20:24:09Z,99i9uVA7Q56bY22ajKKUfTZTgTeP5yCtVGsrG9J4pDYQ,1.3736366014e-08,13.74,,,,net_00445,1,2,LOW
FNhXoGKqnraA3gQ7ZqbYeF91b6ccSFLSXXBgteQzpump,2026-02-13T20:24:09Z,99i9uVA7Q56bY22ajKKUfTZTgTeP5yCtVGsrG9J4pDYQ,1.3736366014e-08,13.74,,,,net_00461,1,4,LOW
FNhXoGKqnraA3gQ7ZqbYeF91b6ccSFLSXXBgteQzpump,2026-02-13T20:24:09Z,99i9uVA7Q56bY22ajKKUfTZTgTeP5yCtVGsrG9J4pDYQ,1.3736366014e-08,13.74,,,,net_00469,1,4,LOW
FNhXoGKqnraA3gQ7ZqbYeF91b6ccSFLSXXBgteQzpump,2026-02-13T20:24:09Z,99i9uVA7Q56bY22ajKKUfTZTgTeP5yCtVGsrG9J4pDYQ,1.3736366014e-08,13.74,,,,net_00505,1,4,LOW
FNhXoGKqnraA3gQ7ZqbYeF91b6ccSFLSXXBgteQzpump,2026-02-13T20:24:09Z,99i9uVA7Q56bY22ajKKUfTZTgTeP5yCtVGsrG9J4pDYQ,1.3736366014e-08,13.74,,,,net_00506,1,4,LOW
FNhXoGKqnraA3gQ7ZqbYeF91b6ccSFLSXXBgteQzpump,2026-02-13T20:24:09Z,99i9uVA7Q56bY22ajKKUfTZTgTeP5yCtVGsrG9J4pDYQ,1.3736366014e-08,13.74,,,,net_00508,1,4,LOW
FNhXoGKqnraA3gQ7ZqbYeF91b6ccSFLSXXBgteQzpump,2026-02-13T20:24:09Z,99i9uVA7Q56bY22ajKKUfTZTgTeP5yCtVGsrG9J4pDYQ,1.3736366014e-08,13.74,,,,net_00511,1,4,LOW
FNhXoGKqnraA3gQ7ZqbYeF91b6ccSFLSXXBgteQzpump,2026-02-13T20:24:09Z,99i9uVA7Q56bY22ajKKUfTZTgTeP5yCtVGsrG9J4pDYQ,1.3736366014e-08,13.74,,,,net_00512,1,4,LOW
FNhXoGKqnraA3gQ7ZqbYeF91b6ccSFLSXXBgteQzpump,2026-02-13T20:24:09Z,99i9uVA7Q56bY22ajKKUfTZTgTeP5yCtVGsrG9J4pDYQ,1.3736366014e-08,13.74,,,,net_00519,1,4,LOW
FNhXoGKqnraA3gQ7ZqbYeF91b6ccSFLSXXBgteQzpump,2026-02-13T20:24:09Z,99i9uVA7Q56bY22ajKKUfTZTgTeP5yCtVGsrG9J4pDYQ,1.3736366014e-08,13.74,,,,net_00527,1,4,LOW
FNhXoGKqnraA3gQ7ZqbYeF91b6ccSFLSXXBgteQzpump,2026-02-13T20:24:09Z,99i9uVA7Q56bY22ajKKUfTZTgTeP5yCtVGsrG9J4pDYQ,1.3736366014e-08,13.74,,,,net_00531,1,4,LOW
FNhXoGKqnraA3gQ7ZqbYeF91b6ccSFLSXXBgteQzpump,2026-02-13T20:24:09Z,99i9uVA7Q56bY22ajKKUfTZTgTeP5yCtVGsrG9J4pDYQ,1.3736366014e-08,13.74,,,,net_00538,1,4,LOW
FNhXoGKqnraA3gQ7ZqbYeF91b6ccSFLSXXBgteQzpump,2026-02-13T20:24:09Z,99i9uVA7Q56bY22ajKKUfTZTgTeP5yCtVGsrG9J4pDYQ,1.3736366014e-08,13.74,,,,net_00541,1,4,LOW
FNhXoGKqnraA3gQ7ZqbYeF91b6ccSFLSXXBgteQzpump,2026-02-13T20:24:09Z,99i9uVA7Q56bY22ajKKUfTZTgTeP5yCtVGsrG9J4pDYQ,1.3736366014e-08,13.74,,,,net_00559,1,4,LOW
FNhXoGKqnraA3gQ7ZqbYeF91b6ccSFLSXXBgteQzpump,2026-02-13T20:24:09Z,99i9uVA7Q56bY22ajKKUfTZTgTeP5yCtVGsrG9J4pDYQ,1.3736366014e-08,13.74,,,,net_00575,1,2,LOW
FNhXoGKqnraA3gQ7ZqbYeF91b6ccSFLSXXBgteQzpump,2026-02-13T20:24:09Z,99i9uVA7Q56bY22ajKKUfTZTgTeP5yCtVGsrG9J4pDYQ,1.3736366014e-08,13.74,,,,net_00578,1,2,LOW
FNhXoGKqnraA3gQ7ZqbYeF91b6ccSFLSXXBgteQzpump,2026-02-13T20:24:09Z,99i9uVA7Q56bY22ajKKUfTZTgTeP5yCtVGsrG9J4pDYQ,1.3736366014e-08,13.74,,,,net_00583,1,4,LOW
FNhXoGKqnraA3gQ7ZqbYeF91b6ccSFLSXXBgteQzpump,2026-02-13T20:24:09Z,99i9uVA7Q56bY22ajKKUfTZTgTeP5yCtVGsrG9J4pDYQ,1.3736366014e-08,13.74,,,,net_00584,1,4,LOW
FNhXoGKqnraA3gQ7ZqbYeF91b6ccSFLSXXBgteQzpump,2026-02-13T20:24:09Z,99i9uVA7Q56bY22ajKKUfTZTgTeP5yCtVGsrG9J4pDYQ,1.3736366014e-08,13.74,,,,net_00590,1,2,LOW
FNhXoGKqnraA3gQ7ZqbYeF91b6ccSFLSXXBgteQzpump,2026-02-13T20:24:09Z,99i9uVA7Q56bY22ajKKUfTZTgTeP5yCtVGsrG9J4pDYQ,1.3736366014e-08,13.74,,,,net_00601,1,4,LOW
FNhXoGKqnraA3gQ7ZqbYeF91b6ccSFLSXXBgteQzpump,2026-02-13T20:24:09Z,99i9uVA7Q56bY22ajKKUfTZTgTeP5yCtVGsrG9J4pDYQ,1.3736366014e-08,13.74,,,,net_00614,1,2,LOW
FNhXoGKqnraA3gQ7ZqbYeF91b6ccSFLSXXBgteQzpump,2026-02-13T20:24:09Z,99i9uVA7Q56bY22ajKKUfTZTgTeP5yCtVGsrG9J4pDYQ,1.3736366014e-08,13.74,,,,net_00617,1,4,LOW
FNhXoGKqnraA3gQ7ZqbYeF91b6ccSFLSXXBgteQzpump,2026-02-13T20:24:09Z,99i9uVA7Q56bY22ajKKUfTZTgTeP5yCtVGsrG9J4pDYQ,1.3736366014e-08,13.74,,,,net_00618,1,4,LOW
FNhXoGKqnraA3gQ7ZqbYeF91b6ccSFLSXXBgteQzpump,2026-02-13T20:24:09Z,99i9uVA7Q56bY22ajKKUfTZTgTeP5yCtVGsrG9J4pDYQ,1.3736366014e-08,13.74,,,,net_00622,1,4,LOW
FNhXoGKqnraA3gQ7ZqbYeF91b6ccSFLSXXBgteQzpump,2026-02-13T20:24:09Z,99i9uVA7Q56bY22ajKKUfTZTgTeP5yCtVGsrG9J4pDYQ,1.3736366014e-08,13.74,,,,net_00632,1,4,LOW
FNhXoGKqnraA3gQ7ZqbYeF91b6ccSFLSXXBgteQzpump,2026-02-13T20:24:09Z,99i9uVA7Q56bY22ajKKUfTZTgTeP5yCtVGsrG9J4pDYQ,1.3736366014e-08,13.74,,,,net_00643,1,2,LOW
FNhXoGKqnraA3gQ7ZqbYeF91b6ccSFLSXXBgteQzpump,2026-02-13T20:24:09Z,99i9uVA7Q56bY22ajKKUfTZTgTeP5yCtVGsrG9J4pDYQ,1.3736366014e-08,13.74,,,,net_00655,1,4,LOW
FNhXoGKqnraA3gQ7ZqbYeF91b6ccSFLSXXBgteQzpump,2026-02-13T20:24:09Z,99i9uVA7Q56bY22ajKKUfTZTgTeP5yCtVGsrG9J4pDYQ,1.3736366014e-08,13.74,,,,net_00657,1,4,LOW
FNhXoGKqnraA3gQ7ZqbYeF91b6ccSFLSXXBgteQzpump,2026-02-13T20:24:09Z,99i9uVA7Q56bY22ajKKUfTZTgTeP5yCtVGsrG9J4pDYQ,1.3736366014e-08,13.74,,,,net_00662,1,4,LOW
FNhXoGKqnraA3gQ7ZqbYeF91b6ccSFLSXXBgteQzpump,2026-02-13T20:24:09Z,99i9uVA7Q56bY22ajKKUfTZTgTeP5yCtVGsrG9J4pDYQ,1.3736366014e-08,13.74,,,,net_00672,1,4,LOW
FNhXoGKqnraA3gQ7ZqbYeF91b6ccSFLSXXBgteQzpump,2026-02-13T20:24:09Z,99i9uVA7Q56bY22ajKKUfTZTgTeP5yCtVGsrG9J4pDYQ,1.3736366014e-08,13.74,,,,net_00684,1,4,LOW
FNhXoGKqnraA3gQ7ZqbYeF91b6ccSFLSXXBgteQzpump,2026-02-13T20:24:09Z,99i9uVA7Q56bY22ajKKUfTZTgTeP5yCtVGsrG9J4pDYQ,1.3736366014e-08,13.74,,,,net_00707,1,4,LOW
FNhXoGKqnraA3gQ7ZqbYeF91b6ccSFLSXXBgteQzpump,2026-02-13T20:24:09Z,99i9uVA7Q56bY22ajKKUfTZTgTeP5yCtVGsrG9J4pDYQ,1.3736366014e-08,13.74,,,,net_00708,1,4,LOW
FNhXoGKqnraA3gQ7ZqbYeF91b6ccSFLSXXBgteQzpump,2026-02-13T20:24:09Z,99i9uVA7Q56bY22ajKKUfTZTgTeP5yCtVGsrG9J4pDYQ,1.3736366014e-08,13.74,,,,net_00713,1,4,LOW
FNhXoGKqnraA3gQ7ZqbYeF91b6ccSFLSXXBgteQzpump,2026-02-13T20:24:09Z,99i9uVA7Q56bY22ajKKUfTZTgTeP5yCtVGsrG9J4pDYQ,1.3736366014e-08,13.74,,,,net_00716,1,4,LOW
FNhXoGKqnraA3gQ7ZqbYeF91b6ccSFLSXXBgteQzpump,2026-02-13T20:24:09Z,99i9uVA7Q56bY22ajKKUfTZTgTeP5yCtVGsrG9J4pDYQ,1.3736366014e-08,13.74,,,,net_00741,1,4,LOW
FNhXoGKqnraA3gQ7ZqbYeF91b6ccSFLSXXBgteQzpump,2026-02-13T20:24:09Z,99i9uVA7Q56bY22ajKKUfTZTgTeP5yCtVGsrG9J4pDYQ,1.3736366014e-08,13.74,,,,net_00742,1,2,LOW
FNhXoGKqnraA3gQ7ZqbYeF91b6ccSFLSXXBgteQzpump,2026-02-13T20:24:09Z,99i9uVA7Q56bY22ajKKUfTZTgTeP5yCtVGsrG9J4pDYQ,1.3736366014e-08,13.74,,,,net_00743,1,4,LOW
FNhXoGKqnraA3gQ7ZqbYeF91b6ccSFLSXXBgteQzpump,2026-02-13T20:24:09Z,99i9uVA7Q56bY22ajKKUfTZTgTeP5yCtVGsrG9J4pDYQ,1.3736366014e-08,13.74,,,,net_00753,1,4,LOW
FNhXoGKqnraA3gQ7ZqbYeF91b6ccSFLSXXBgteQzpump,2026-02-13T20:24:09Z,99i9uVA7Q56bY22ajKKUfTZTgTeP5yCtVGsrG9J4pDYQ,1.3736366014e-08,13.74,,,,net_00757,1,4,LOW
FNhXoGKqnraA3gQ7ZqbYeF91b6ccSFLSXXBgteQzpump,2026-02-13T20:24:09Z,99i9uVA7Q56bY22ajKKUfTZTgTeP5yCtVGsrG9J4pDYQ,1.3736366014e-08,13.74,,,,net_00769,1,4,LOW
FNhXoGKqnraA3gQ7ZqbYeF91b6ccSFLSXXBgteQzpump,2026-02-13T20:24:09Z,99i9uVA7Q56bY22ajKKUfTZTgTeP5yCtVGsrG9J4pDYQ,1.3736366014e-08,13.74,,,,net_00774,1,4,LOW
FNhXoGKqnraA3gQ7ZqbYeF91b6ccSFLSXXBgteQzpump,2026-02-13T20:24:09Z,99i9uVA7Q56bY22ajKKUfTZTgTeP5yCtVGsrG9J4pDYQ,1.3736366014e-08,13.74,,,,net_00777,1,4,LOW
FNhXoGKqnraA3gQ7ZqbYeF91b6ccSFLSXXBgteQzpump,2026-02-13T20:24:09Z,99i9uVA7Q56bY22ajKKUfTZTgTeP5yCtVGsrG9J4pDYQ,1.3736366014e-08,13.74,,,,net_00780,1,2,LOW
FNhXoGKqnraA3gQ7ZqbYeF91b6ccSFLSXXBgteQzpump,2026-02-13T20:24:09Z,99i9uVA7Q56bY22ajKKUfTZTgTeP5yCtVGsrG9J4pDYQ,1.3736366014e-08,13.74,,,,net_00782,1,4,LOW
FNhXoGKqnraA3gQ7ZqbYeF91b6ccSFLSXXBgteQzpump,2026-02-13T20:24:09Z,99i9uVA7Q56bY22ajKKUfTZTgTeP5yCtVGsrG9J4pDYQ,1.3736366014e-08,13.74,,,,net_00804,1,4,LOW
FNhXoGKqnraA3gQ7ZqbYeF91b6ccSFLSXXBgteQzpump,2026-02-13T20:24:09Z,99i9uVA7Q56bY22ajKKUfTZTgTeP5yCtVGsrG9J4pDYQ,1.3736366014e-08,13.74,,,,net_00814,1,4,LOW
FNhXoGKqnraA3gQ7ZqbYeF91b6ccSFLSXXBgteQzpump,2026-02-13T20:24:09Z,99i9uVA7Q56bY22ajKKUfTZTgTeP5yCtVGsrG9J4pDYQ,1.3736366014e-08,13.74,,,,net_00817,1,4,LOW
FNhXoGKqnraA3gQ7ZqbYeF91b6ccSFLSXXBgteQzpump,2026-02-13T20:24:09Z,99i9uVA7Q56bY22ajKKUfTZTgTeP5yCtVGsrG9J4pDYQ,1.3736366014e-08,13.74,,,,net_00848,1,2,LOW
FNhXoGKqnraA3gQ7ZqbYeF91b6ccSFLSXXBgteQzpump,2026-02-13T20:24:09Z,99i9uVA7Q56bY22ajKKUfTZTgTeP5yCtVGsrG9J4pDYQ,1.3736366014e-08,13.74,,,,net_00855,1,4,LOW
FNhXoGKqnraA3gQ7ZqbYeF91b6ccSFLSXXBgteQzpump,2026-02-13T20:24:09Z,99i9uVA7Q56bY22ajKKUfTZTgTeP5yCtVGsrG9J4pDYQ,1.3736366014e-08,13.74,,,,net_00865,1,4,LOW
FNhXoGKqnraA3gQ7ZqbYeF91b6ccSFLSXXBgteQzpump,2026-02-13T20:24:09Z,99i9uVA7Q56bY22ajKKUfTZTgTeP5yCtVGsrG9J4pDYQ,1.3736366014e-08,13.74,,,,net_00871,1,2,LOW
FNhXoGKqnraA3gQ7ZqbYeF91b6ccSFLSXXBgteQzpump,2026-02-13T20:24:09Z,99i9uVA7Q56bY22ajKKUfTZTgTeP5yCtVGsrG9J4pDYQ,1.3736366014e-08,13.74,,,,net_00877,1,4,LOW
FNhXoGKqnraA3gQ7ZqbYeF91b6ccSFLSXXBgteQzpump,2026-02-13T20:24:09Z,99i9uVA7Q56bY22ajKKUfTZTgTeP5yCtVGsrG9J4pDYQ,1.3736366014e-08,13.74,,,,net_00881,1,4,LOW
FNhXoGKqnraA3gQ7ZqbYeF91b6ccSFLSXXBgteQzpump,2026-02-13T20:24:09Z,99i9uVA7Q56bY22ajKKUfTZTgTeP5yCtVGsrG9J4pDYQ,1.3736366014e-08,13.74,,,,net_00895,1,4,LOW
FNhXoGKqnraA3gQ7ZqbYeF91b6ccSFLSXXBgteQzpump,2026-02-13T20:24:09Z,99i9uVA7Q56bY22ajKKUfTZTgTeP5yCtVGsrG9J4pDYQ,1.3736366014e-08,13.74,,,,net_00906,1,4,LOW
FNhXoGKqnraA3gQ7ZqbYeF91b6ccSFLSXXBgteQzpump,2026-02-13T20:24:09Z,99i9uVA7Q56bY22ajKKUfTZTgTeP5yCtVGsrG9J4pDYQ,1.3736366014e-08,13.74,,,,net_00925,1,2,LOW
FNhXoGKqnraA3gQ7ZqbYeF91b6ccSFLSXXBgteQzpump,2026-02-13T20:24:09Z,99i9uVA7Q56bY22ajKKUfTZTgTeP5yCtVGsrG9J4pDYQ,1.3736366014e-08,13.74,,,,net_00928,1,4,LOW
FNhXoGKqnraA3gQ7ZqbYeF91b6ccSFLSXXBgteQzpump,2026-02-13T20:24:09Z,99i9uVA7Q56bY22ajKKUfTZTgTeP5yCtVGsrG9J4pDYQ,1.3736366014e-08,13.74,,,,net_00951,1,2,LOW
FNhXoGKqnraA3gQ7ZqbYeF91b6ccSFLSXXBgteQzpump,2026-02-13T20:24:09Z,99i9uVA7Q56bY22ajKKUfTZTgTeP5yCtVGsrG9J4pDYQ,1.3736366014e-08,13.74,,,,net_00952,1,4,LOW
FNhXoGKqnraA3gQ7ZqbYeF91b6ccSFLSXXBgteQzpump,2026-02-13T20:24:09Z,99i9uVA7Q56bY22ajKKUfTZTgTeP5yCtVGsrG9J4pDYQ,1.3736366014e-08,13.74,,,,net_00954,1,4,LOW
FNhXoGKqnraA3gQ7ZqbYeF91b6ccSFLSXXBgteQzpump,2026-02-13T20:24:09Z,99i9uVA7Q56bY22ajKKUfTZTgTeP5yCtVGsrG9J4pDYQ,1.3736366014e-08,13.74,,,,net_00962,1,4,LOW
FNhXoGKqnraA3gQ7ZqbYeF91b6ccSFLSXXBgteQzpump,2026-02-13T20:24:09Z,99i9uVA7Q56bY22ajKKUfTZTgTeP5yCtVGsrG9J4pDYQ,1.3736366014e-08,13.74,,,,net_00963,1,4,LOW
FNhXoGKqnraA3gQ7ZqbYeF91b6ccSFLSXXBgteQzpump,2026-02-13T20:24:09Z,99i9uVA7Q56bY22ajKKUfTZTgTeP5yCtVGsrG9J4pDYQ,1.3736366014e-08,13.74,,,,net_00968,1,4,LOW
FNhXoGKqnraA3gQ7ZqbYeF91b6ccSFLSXXBgteQzpump,2026-02-13T20:24:09Z,99i9uVA7Q56bY22ajKKUfTZTgTeP5yCtVGsrG9J4pDYQ,1.3736366014e-08,13.74,,,,net_00983,1,2,LOW
FNhXoGKqnraA3gQ7ZqbYeF91b6ccSFLSXXBgteQzpump,2026-02-13T20:24:09Z,99i9uVA7Q56bY22ajKKUfTZTgTeP5yCtVGsrG9J4pDYQ,1.3736366014e-08,13.74,,,,net_00986,1,2,LOW
FNhXoGKqnraA3gQ7ZqbYeF91b6ccSFLSXXBgteQzpump,2026-02-13T20:24:09Z,99i9uVA7Q56bY22ajKKUfTZTgTeP5yCtVGsrG9J4pDYQ,1.3736366014e-08,13.74,,,,net_01052,1,4,LOW
FNhXoGKqnraA3gQ7ZqbYeF91b6ccSFLSXXBgteQzpump,2026-02-13T20:24:09Z,99i9uVA7Q56bY22ajKKUfTZTgTeP5yCtVGsrG9J4pDYQ,1.3736366014e-08,13.74,,,,net_01077,1,2,LOW
FNhXoGKqnraA3gQ7ZqbYeF91b6ccSFLSXXBgteQzpump,2026-02-13T20:24:09Z,99i9uVA7Q56bY22ajKKUfTZTgTeP5yCtVGsrG9J4pDYQ,1.3736366014e-08,13.74,,,,net_01079,1,4,LOW
22szY45TSUZ3hJG6TGsYf5FsA94SdDuRw2i7tBH4pump,2026-02-13T20:20:33Z,HjQjWKyv6gR9RiRE1a6rfBhKiaEMe5LvBz97qmdEJBbu,1.5211949013e-06,1521.19,,,,net_00533,1,4,LOW
22szY45TSUZ3hJG6TGsYf5FsA94SdDuRw2i7tBH4pump,2026-02-13T20:20:33Z,HjQjWKyv6gR9RiRE1a6rfBhKiaEMe5LvBz97qmdEJBbu,1.5211949013e-06,1521.19,,,,net_00932,1,2,LOW
22szY45TSUZ3hJG6TGsYf5FsA94SdDuRw2i7tBH4pump,2026-02-13T20:20:33Z,HjQjWKyv6gR9RiRE1a6rfBhKiaEMe5LvBz97qmdEJBbu,1.5211949013e-06,1521.19,,,,net_01069,1,4,LOW
7UqUB7Eb2Dj8RPtm7eoKcDMaqgfMRV7HmM8EbR28pump,2026-02-13T20:18:56Z,5EYLyZscoFZ2ACZbaBh5GbHeSFJ5FHKbDk789LnoSNWN,3.1682155708e-10,0.32,,,,NONE,0,0,NONE
6Umuz6gM1ygB1WXXsCyYPUycCTuAoKbofSADfiY1pump,2026-02-13T20:17:37Z,F58N26fjLL9FwqLYyhGaGw6LCpaPcxC5kE5LzWRa5C4c,5.7339677342e-09,5.73,,,,NONE,0,0,NONE
G8FW5vWGAjszftPDS8tGWukHs8JiL8AUWCEqHzWipump,2026-02-13T20:14:35Z,6irj7Lgw1xeryegy1n5CeH2Cv9rZzMfQU7eQcbaDraQ7,5.3116026748e-07,531.16,,,,NONE,0,0,NONE
D4DiTDdzSmDB6G3snd8t7RxxfXsP5m7moh6mVCwApump,2026-02-13T20:08:46Z,9vqXe6ibRd7wwqXycqTbQaiPgkFeQXCKmsnLvNhuBeZG,5.3970621214e-11,0.05,,,,NONE,0,0,NONE
GtigowxdUJBBVGzAYxS9KmGcNyewqQCG6rdRpEonpump,2026-02-13T20:03:18Z,FpDXDj4FycmBTfdnoxGWTf3jeTAu1VeEjmEZj8muB1TZ,,,,,,net_00124,14,36,HIGH
3fP46CWXpEoVMQ8wXtTYsWbL3k1ihNsr9E3vXECCpump,2026-02-13T19:54:29Z,2zYoYY4wdvagwgKBSgqwGXSxY18TUZgEg2ixdwfpsGMh,3.4480000000e-05,34481.66,,,,net_00002,1,3,LOW
3fP46CWXpEoVMQ8wXtTYsWbL3k1ihNsr9E3vXECCpump,2026-02-13T19:54:29Z,2zYoYY4wdvagwgKBSgqwGXSxY18TUZgEg2ixdwfpsGMh,3.4480000000e-05,34481.66,,,,net_00045,1,3,LOW
3fP46CWXpEoVMQ8wXtTYsWbL3k1ihNsr9E3vXECCpump,2026-02-13T19:54:29Z,2zYoYY4wdvagwgKBSgqwGXSxY18TUZgEg2ixdwfpsGMh,3.4480000000e-05,34481.66,,,,net_00046,1,3,LOW
3fP46CWXpEoVMQ8wXtTYsWbL3k1ihNsr9E3vXECCpump,2026-02-13T19:54:29Z,2zYoYY4wdvagwgKBSgqwGXSxY18TUZgEg2ixdwfpsGMh,3.4480000000e-05,34481.66,,,,net_00070,1,3,LOW
3fP46CWXpEoVMQ8wXtTYsWbL3k1ihNsr9E3vXECCpump,2026-02-13T19:54:29Z,2zYoYY4wdvagwgKBSgqwGXSxY18TUZgEg2ixdwfpsGMh,3.4480000000e-05,34481.66,,,,net_00081,1,3,LOW
3fP46CWXpEoVMQ8wXtTYsWbL3k1ihNsr9E3vXECCpump,2026-02-13T19:54:29Z,2zYoYY4wdvagwgKBSgqwGXSxY18TUZgEg2ixdwfpsGMh,3.4480000000e-05,34481.66,,,,net_00083,1,3,LOW
3fP46CWXpEoVMQ8wXtTYsWbL3k1ihNsr9E3vXECCpump,2026-02-13T19:54:29Z,2zYoYY4wdvagwgKBSgqwGXSxY18TUZgEg2ixdwfpsGMh,3.4480000000e-05,34481.66,,,,net_00090,1,3,LOW
3fP46CWXpEoVMQ8wXtTYsWbL3k1ihNsr9E3vXECCpump,2026-02-13T19:54:29Z,2zYoYY4wdvagwgKBSgqwGXSxY18TUZgEg2ixdwfpsGMh,3.4480000000e-05,34481.66,,,,net_00125,1,3,LOW
3fP46CWXpEoVMQ8wXtTYsWbL3k1ihNsr9E3vXECCpump,2026-02-13T19:54:29Z,2zYoYY4wdvagwgKBSgqwGXSxY18TUZgEg2ixdwfpsGMh,3.4480000000e-05,34481.66,,,,net_00131,1,3,LOW
3fP46CWXpEoVMQ8wXtTYsWbL3k1ihNsr9E3vXECCpump,2026-02-13T19:54:29Z,2zYoYY4wdvagwgKBSgqwGXSxY18TUZgEg2ixdwfpsGMh,3.4480000000e-05,34481.66,,,,net_00140,1,3,LOW
3fP46CWXpEoVMQ8wXtTYsWbL3k1ihNsr9E3vXECCpump,2026-02-13T19:54:29Z,2zYoYY4wdvagwgKBSgqwGXSxY18TUZgEg2ixdwfpsGMh,3.4480000000e-05,34481.66,,,,net_00146,1,3,LOW
3fP46CWXpEoVMQ8wXtTYsWbL3k1ihNsr9E3vXECCpump,2026-02-13T19:54:29Z,2zYoYY4wdvagwgKBSgqwGXSxY18TUZgEg2ixdwfpsGMh,3.4480000000e-05,34481.66,,,,net_00150,1,3,LOW
3fP46CWXpEoVMQ8wXtTYsWbL3k1ihNsr9E3vXECCpump,2026-02-13T19:54:29Z,2zYoYY4wdvagwgKBSgqwGXSxY18TUZgEg2ixdwfpsGMh,3.4480000000e-05,34481.66,,,,net_00170,1,3,LOW
3fP46CWXpEoVMQ8wXtTYsWbL3k1ihNsr9E3vXECCpump,2026-02-13T19:54:29Z,2zYoYY4wdvagwgKBSgqwGXSxY18TUZgEg2ixdwfpsGMh,3.4480000000e-05,34481.66,,,,net_00194,1,6,MEDIUM
3fP46CWXpEoVMQ8wXtTYsWbL3k1ihNsr9E3vXECCpump,2026-02-13T19:54:29Z,2zYoYY4wdvagwgKBSgqwGXSxY18TUZgEg2ixdwfpsGMh,3.4480000000e-05,34481.66,,,,net_00204,1,3,LOW
3fP46CWXpEoVMQ8wXtTYsWbL3k1ihNsr9E3vXECCpump,2026-02-13T19:54:29Z,2zYoYY4wdvagwgKBSgqwGXSxY18TUZgEg2ixdwfpsGMh,3.4480000000e-05,34481.66,,,,net_00205,1,3,LOW
3fP46CWXpEoVMQ8wXtTYsWbL3k1ihNsr9E3vXECCpump,2026-02-13T19:54:29Z,2zYoYY4wdvagwgKBSgqwGXSxY18TUZgEg2ixdwfpsGMh,3.4480000000e-05,34481.66,,,,net_00211,1,3,LOW
3fP46CWXpEoVMQ8wXtTYsWbL3k1ihNsr9E3vXECCpump,2026-02-13T19:54:29Z,2zYoYY4wdvagwgKBSgqwGXSxY18TUZgEg2ixdwfpsGMh,3.4480000000e-05,34481.66,,,,net_00215,1,3,LOW
3fP46CWXpEoVMQ8wXtTYsWbL3k1ihNsr9E3vXECCpump,2026-02-13T19:54:29Z,2zYoYY4wdvagwgKBSgqwGXSxY18TUZgEg2ixdwfpsGMh,3.4480000000e-05,34481.66,,,,net_00224,1,3,LOW
3fP46CWXpEoVMQ8wXtTYsWbL3k1ihNsr9E3vXECCpump,2026-02-13T19:54:29Z,2zYoYY4wdvagwgKBSgqwGXSxY18TUZgEg2ixdwfpsGMh,3.4480000000e-05,34481.66,,,,net_00230,1,3,LOW
3fP46CWXpEoVMQ8wXtTYsWbL3k1ihNsr9E3vXECCpump,2026-02-13T19:54:29Z,2zYoYY4wdvagwgKBSgqwGXSxY18TUZgEg2ixdwfpsGMh,3.4480000000e-05,34481.66,,,,net_00275,1,3,LOW
3fP46CWXpEoVMQ8wXtTYsWbL3k1ihNsr9E3vXECCpump,2026-02-13T19:54:29Z,2zYoYY4wdvagwgKBSgqwGXSxY18TUZgEg2ixdwfpsGMh,3.4480000000e-05,34481.66,,,,net_00284,1,3,LOW
3fP46CWXpEoVMQ8wXtTYsWbL3k1ihNsr9E3vXECCpump,2026-02-13T19:54:29Z,2zYoYY4wdvagwgKBSgqwGXSxY18TUZgEg2ixdwfpsGMh,3.4480000000e-05,34481.66,,,,net_00306,1,3,LOW
3fP46CWXpEoVMQ8wXtTYsWbL3k1ihNsr9E3vXECCpump,2026-02-13T19:54:29Z,2zYoYY4wdvagwgKBSgqwGXSxY18TUZgEg2ixdwfpsGMh,3.4480000000e-05,34481.66,,,,net_00339,1,3,LOW
3fP46CWXpEoVMQ8wXtTYsWbL3k1ihNsr9E3vXECCpump,2026-02-13T19:54:29Z,2zYoYY4wdvagwgKBSgqwGXSxY18TUZgEg2ixdwfpsGMh,3.4480000000e-05,34481.66,,,,net_00347,1,3,LOW
3fP46CWXpEoVMQ8wXtTYsWbL3k1ihNsr9E3vXECCpump,2026-02-13T19:54:29Z,2zYoYY4wdvagwgKBSgqwGXSxY18TUZgEg2ixdwfpsGMh,3.4480000000e-05,34481.66,,,,net_00348,1,3,LOW
3fP46CWXpEoVMQ8wXtTYsWbL3k1ihNsr9E3vXECCpump,2026-02-13T19:54:29Z,2zYoYY4wdvagwgKBSgqwGXSxY18TUZgEg2ixdwfpsGMh,3.4480000000e-05,34481.66,,,,net_00359,1,3,LOW
3fP46CWXpEoVMQ8wXtTYsWbL3k1ihNsr9E3vXECCpump,2026-02-13T19:54:29Z,2zYoYY4wdvagwgKBSgqwGXSxY18TUZgEg2ixdwfpsGMh,3.4480000000e-05,34481.66,,,,net_00378,1,3,LOW
3fP46CWXpEoVMQ8wXtTYsWbL3k1ihNsr9E3vXECCpump,2026-02-13T19:54:29Z,2zYoYY4wdvagwgKBSgqwGXSxY18TUZgEg2ixdwfpsGMh,3.4480000000e-05,34481.66,,,,net_00415,1,3,LOW
3fP46CWXpEoVMQ8wXtTYsWbL3k1ihNsr9E3vXECCpump,2026-02-13T19:54:29Z,2zYoYY4wdvagwgKBSgqwGXSxY18TUZgEg2ixdwfpsGMh,3.4480000000e-05,34481.66,,,,net_00417,1,3,LOW
3fP46CWXpEoVMQ8wXtTYsWbL3k1ihNsr9E3vXECCpump,2026-02-13T19:54:29Z,2zYoYY4wdvagwgKBSgqwGXSxY18TUZgEg2ixdwfpsGMh,3.4480000000e-05,34481.66,,,,net_00455,1,3,LOW
3fP46CWXpEoVMQ8wXtTYsWbL3k1ihNsr9E3vXECCpump,2026-02-13T19:54:29Z,2zYoYY4wdvagwgKBSgqwGXSxY18TUZgEg2ixdwfpsGMh,3.4480000000e-05,34481.66,,,,net_00483,1,3,LOW
3fP46CWXpEoVMQ8wXtTYsWbL3k1ihNsr9E3vXECCpump,2026-02-13T19:54:29Z,2zYoYY4wdvagwgKBSgqwGXSxY18TUZgEg2ixdwfpsGMh,3.4480000000e-05,34481.66,,,,net_00491,1,3,LOW
3fP46CWXpEoVMQ8wXtTYsWbL3k1ihNsr9E3vXECCpump,2026-02-13T19:54:29Z,2zYoYY4wdvagwgKBSgqwGXSxY18TUZgEg2ixdwfpsGMh,3.4480000000e-05,34481.66,,,,net_00492,1,3,LOW
3fP46CWXpEoVMQ8wXtTYsWbL3k1ihNsr9E3vXECCpump,2026-02-13T19:54:29Z,2zYoYY4wdvagwgKBSgqwGXSxY18TUZgEg2ixdwfpsGMh,3.4480000000e-05,34481.66,,,,net_00503,1,3,LOW
3fP46CWXpEoVMQ8wXtTYsWbL3k1ihNsr9E3vXECCpump,2026-02-13T19:54:29Z,2zYoYY4wdvagwgKBSgqwGXSxY18TUZgEg2ixdwfpsGMh,3.4480000000e-05,34481.66,,,,net_00529,1,3,LOW
3fP46CWXpEoVMQ8wXtTYsWbL3k1ihNsr9E3vXECCpump,2026-02-13T19:54:29Z,2zYoYY4wdvagwgKBSgqwGXSxY18TUZgEg2ixdwfpsGMh,3.4480000000e-05,34481.66,,,,net_00539,1,3,LOW
3fP46CWXpEoVMQ8wXtTYsWbL3k1ihNsr9E3vXECCpump,2026-02-13T19:54:29Z,2zYoYY4wdvagwgKBSgqwGXSxY18TUZgEg2ixdwfpsGMh,3.4480000000e-05,34481.66,,,,net_00543,1,3,LOW
3fP46CWXpEoVMQ8wXtTYsWbL3k1ihNsr9E3vXECCpump,2026-02-13T19:54:29Z,2zYoYY4wdvagwgKBSgqwGXSxY18TUZgEg2ixdwfpsGMh,3.4480000000e-05,34481.66,,,,net_00545,1,3,LOW
3fP46CWXpEoVMQ8wXtTYsWbL3k1ihNsr9E3vXECCpump,2026-02-13T19:54:29Z,2zYoYY4wdvagwgKBSgqwGXSxY18TUZgEg2ixdwfpsGMh,3.4480000000e-05,34481.66,,,,net_00554,1,3,LOW
3fP46CWXpEoVMQ8wXtTYsWbL3k1ihNsr9E3vXECCpump,2026-02-13T19:54:29Z,2zYoYY4wdvagwgKBSgqwGXSxY18TUZgEg2ixdwfpsGMh,3.4480000000e-05,34481.66,,,,net_00561,1,3,LOW
3fP46CWXpEoVMQ8wXtTYsWbL3k1ihNsr9E3vXECCpump,2026-02-13T19:54:29Z,2zYoYY4wdvagwgKBSgqwGXSxY18TUZgEg2ixdwfpsGMh,3.4480000000e-05,34481.66,,,,net_00597,1,3,LOW
3fP46CWXpEoVMQ8wXtTYsWbL3k1ihNsr9E3vXECCpump,2026-02-13T19:54:29Z,2zYoYY4wdvagwgKBSgqwGXSxY18TUZgEg2ixdwfpsGMh,3.4480000000e-05,34481.66,,,,net_00604,1,3,LOW
3fP46CWXpEoVMQ8wXtTYsWbL3k1ihNsr9E3vXECCpump,2026-02-13T19:54:29Z,2zYoYY4wdvagwgKBSgqwGXSxY18TUZgEg2ixdwfpsGMh,3.4480000000e-05,34481.66,,,,net_00607,1,3,LOW
3fP46CWXpEoVMQ8wXtTYsWbL3k1ihNsr9E3vXECCpump,2026-02-13T19:54:29Z,2zYoYY4wdvagwgKBSgqwGXSxY18TUZgEg2ixdwfpsGMh,3.4480000000e-05,34481.66,,,,net_00627,1,3,LOW
3fP46CWXpEoVMQ8wXtTYsWbL3k1ihNsr9E3vXECCpump,2026-02-13T19:54:29Z,2zYoYY4wdvagwgKBSgqwGXSxY18TUZgEg2ixdwfpsGMh,3.4480000000e-05,34481.66,,,,net_00638,1,3,LOW
3fP46CWXpEoVMQ8wXtTYsWbL3k1ihNsr9E3vXECCpump,2026-02-13T19:54:29Z,2zYoYY4wdvagwgKBSgqwGXSxY18TUZgEg2ixdwfpsGMh,3.4480000000e-05,34481.66,,,,net_00640,1,3,LOW
3fP46CWXpEoVMQ8wXtTYsWbL3k1ihNsr9E3vXECCpump,2026-02-13T19:54:29Z,2zYoYY4wdvagwgKBSgqwGXSxY18TUZgEg2ixdwfpsGMh,3.4480000000e-05,34481.66,,,,net_00644,1,3,LOW
3fP46CWXpEoVMQ8wXtTYsWbL3k1ihNsr9E3vXECCpump,2026-02-13T19:54:29Z,2zYoYY4wdvagwgKBSgqwGXSxY18TUZgEg2ixdwfpsGMh,3.4480000000e-05,34481.66,,,,net_00661,1,3,LOW
3fP46CWXpEoVMQ8wXtTYsWbL3k1ihNsr9E3vXECCpump,2026-02-13T19:54:29Z,2zYoYY4wdvagwgKBSgqwGXSxY18TUZgEg2ixdwfpsGMh,3.4480000000e-05,34481.66,,,,net_00685,1,3,LOW
3fP46CWXpEoVMQ8wXtTYsWbL3k1ihNsr9E3vXECCpump,2026-02-13T19:54:29Z,2zYoYY4wdvagwgKBSgqwGXSxY18TUZgEg2ixdwfpsGMh,3.4480000000e-05,34481.66,,,,net_00690,1,3,LOW
3fP46CWXpEoVMQ8wXtTYsWbL3k1ihNsr9E3vXECCpump,2026-02-13T19:54:29Z,2zYoYY4wdvagwgKBSgqwGXSxY18TUZgEg2ixdwfpsGMh,3.4480000000e-05,34481.66,,,,net_00693,1,3,LOW
3fP46CWXpEoVMQ8wXtTYsWbL3k1ihNsr9E3vXECCpump,2026-02-13T19:54:29Z,2zYoYY4wdvagwgKBSgqwGXSxY18TUZgEg2ixdwfpsGMh,3.4480000000e-05,34481.66,,,,net_00735,1,3,LOW
3fP46CWXpEoVMQ8wXtTYsWbL3k1ihNsr9E3vXECCpump,2026-02-13T19:54:29Z,2zYoYY4wdvagwgKBSgqwGXSxY18TUZgEg2ixdwfpsGMh,3.4480000000e-05,34481.66,,,,net_00773,1,3,LOW
3fP46CWXpEoVMQ8wXtTYsWbL3k1ihNsr9E3vXECCpump,2026-02-13T19:54:29Z,2zYoYY4wdvagwgKBSgqwGXSxY18TUZgEg2ixdwfpsGMh,3.4480000000e-05,34481.66,,,,net_00775,1,3,LOW
3fP46CWXpEoVMQ8wXtTYsWbL3k1ihNsr9E3vXECCpump,2026-02-13T19:54:29Z,2zYoYY4wdvagwgKBSgqwGXSxY18TUZgEg2ixdwfpsGMh,3.4480000000e-05,34481.66,,,,net_00785,1,3,LOW
3fP46CWXpEoVMQ8wXtTYsWbL3k1ihNsr9E3vXECCpump,2026-02-13T19:54:29Z,2zYoYY4wdvagwgKBSgqwGXSxY18TUZgEg2ixdwfpsGMh,3.4480000000e-05,34481.66,,,,net_00794,1,3,LOW
3fP46CWXpEoVMQ8wXtTYsWbL3k1ihNsr9E3vXECCpump,2026-02-13T19:54:29Z,2zYoYY4wdvagwgKBSgqwGXSxY18TUZgEg2ixdwfpsGMh,3.4480000000e-05,34481.66,,,,net_00836,1,3,LOW
3fP46CWXpEoVMQ8wXtTYsWbL3k1ihNsr9E3vXECCpump,2026-02-13T19:54:29Z,2zYoYY4wdvagwgKBSgqwGXSxY18TUZgEg2ixdwfpsGMh,3.4480000000e-05,34481.66,,,,net_00843,1,3,LOW
3fP46CWXpEoVMQ8wXtTYsWbL3k1ihNsr9E3vXECCpump,2026-02-13T19:54:29Z,2zYoYY4wdvagwgKBSgqwGXSxY18TUZgEg2ixdwfpsGMh,3.4480000000e-05,34481.66,,,,net_00858,1,3,LOW
3fP46CWXpEoVMQ8wXtTYsWbL3k1ihNsr9E3vXECCpump,2026-02-13T19:54:29Z,2zYoYY4wdvagwgKBSgqwGXSxY18TUZgEg2ixdwfpsGMh,3.4480000000e-05,34481.66,,,,net_00867,1,3,LOW
3fP46CWXpEoVMQ8wXtTYsWbL3k1ihNsr9E3vXECCpump,2026-02-13T19:54:29Z,2zYoYY4wdvagwgKBSgqwGXSxY18TUZgEg2ixdwfpsGMh,3.4480000000e-05,34481.66,,,,net_00873,1,3,LOW
3fP46CWXpEoVMQ8wXtTYsWbL3k1ihNsr9E3vXECCpump,2026-02-13T19:54:29Z,2zYoYY4wdvagwgKBSgqwGXSxY18TUZgEg2ixdwfpsGMh,3.4480000000e-05,34481.66,,,,net_00892,1,3,LOW
3fP46CWXpEoVMQ8wXtTYsWbL3k1ihNsr9E3vXECCpump,2026-02-13T19:54:29Z,2zYoYY4wdvagwgKBSgqwGXSxY18TUZgEg2ixdwfpsGMh,3.4480000000e-05,34481.66,,,,net_00905,1,3,LOW
3fP46CWXpEoVMQ8wXtTYsWbL3k1ihNsr9E3vXECCpump,2026-02-13T19:54:29Z,2zYoYY4wdvagwgKBSgqwGXSxY18TUZgEg2ixdwfpsGMh,3.4480000000e-05,34481.66,,,,net_00912,1,3,LOW
3fP46CWXpEoVMQ8wXtTYsWbL3k1ihNsr9E3vXECCpump,2026-02-13T19:54:29Z,2zYoYY4wdvagwgKBSgqwGXSxY18TUZgEg2ixdwfpsGMh,3.4480000000e-05,34481.66,,,,net_00924,1,3,LOW
3fP46CWXpEoVMQ8wXtTYsWbL3k1ihNsr9E3vXECCpump,2026-02-13T19:54:29Z,2zYoYY4wdvagwgKBSgqwGXSxY18TUZgEg2ixdwfpsGMh,3.4480000000e-05,34481.66,,,,net_00942,1,3,LOW
3fP46CWXpEoVMQ8wXtTYsWbL3k1ihNsr9E3vXECCpump,2026-02-13T19:54:29Z,2zYoYY4wdvagwgKBSgqwGXSxY18TUZgEg2ixdwfpsGMh,3.4480000000e-05,34481.66,,,,net_00944,1,3,LOW
3fP46CWXpEoVMQ8wXtTYsWbL3k1ihNsr9E3vXECCpump,2026-02-13T19:54:29Z,2zYoYY4wdvagwgKBSgqwGXSxY18TUZgEg2ixdwfpsGMh,3.4480000000e-05,34481.66,,,,net_00947,1,3,LOW
3fP46CWXpEoVMQ8wXtTYsWbL3k1ihNsr9E3vXECCpump,2026-02-13T19:54:29Z,2zYoYY4wdvagwgKBSgqwGXSxY18TUZgEg2ixdwfpsGMh,3.4480000000e-05,34481.66,,,,net_00964,1,3,LOW
3fP46CWXpEoVMQ8wXtTYsWbL3k1ihNsr9E3vXECCpump,2026-02-13T19:54:29Z,2zYoYY4wdvagwgKBSgqwGXSxY18TUZgEg2ixdwfpsGMh,3.4480000000e-05,34481.66,,,,net_01061,1,3,LOW
J88PfU5AyN454e3m47jGwd6sGvKShPxN33qYTtXKpump,2026-02-13T19:49:19Z,2t7qffaCq8s13jXvNSjEktxPeoQDm4trsbjG2TbWDoDB,1.5560420021e-08,15.56,,,,NONE,0,0,NONE
YM15Y2tcyqjgyGjRoAccSwa8uY3f1Doae8Xkb5Fpump,2026-02-13T19:47:14Z,miLtonJTjXf1v6ue3QGWmmJtYCjrKXuLg74bve2UeyC,2.1280501559e-07,212.81,,,,NONE,0,0,NONE
7Cz7nttF9M3hkVCDjnQwhcfQmPLpkEZ88Amx6QnEpump,2026-02-13T19:42:14Z,x6yaaS3ZE7oG7k9uRjahXVBR8h5ib9ZzbvsKsZaDtvr,5.9373366381e-09,5.94,,,,net_00431,1,2,LOW
Csw4sqJ4C7J2c3oyh4VERUcdqpSoySXyCnnenmhepump,2026-02-13T19:35:49Z,5aaNezKqFc5q6PZaRSEczzBuVaRuYxPKC2y63LLt3XXP,2.0728056364e-06,2072.81,,,,NONE,0,0,NONE
3AByg4F1LyxNh5a8CGRboUvEcFtnZkBtqV8CBNEBpump,2026-02-13T19:34:36Z,ECcGpGNceXcP98d9adWdyEXDNumKLTfgJ4nK1Je6ZpRU,4.2410756673e-09,4.24,,,,NONE,0,0,NONE
DemaVbdRNKRokEKyfbn3aCASmw5jrPGdPxnnSPmopump,2026-02-13T19:24:53Z,69aiAKU3uJMxMLRkUEGFNt6nQ43PiVimE4ZbErJ7VSM1,1.5413731014e-06,1541.37,,,,net_00004,1,2,LOW
DemaVbdRNKRokEKyfbn3aCASmw5jrPGdPxnnSPmopump,2026-02-13T19:24:53Z,69aiAKU3uJMxMLRkUEGFNt6nQ43PiVimE4ZbErJ7VSM1,1.5413731014e-06,1541.37,,,,net_00009,1,2,LOW
DemaVbdRNKRokEKyfbn3aCASmw5jrPGdPxnnSPmopump,2026-02-13T19:24:53Z,69aiAKU3uJMxMLRkUEGFNt6nQ43PiVimE4ZbErJ7VSM1,1.5413731014e-06,1541.37,,,,net_00084,1,7,MEDIUM
DemaVbdRNKRokEKyfbn3aCASmw5jrPGdPxnnSPmopump,2026-02-13T19:24:53Z,69aiAKU3uJMxMLRkUEGFNt6nQ43PiVimE4ZbErJ7VSM1,1.5413731014e-06,1541.37,,,,net_00088,1,3,LOW
DemaVbdRNKRokEKyfbn3aCASmw5jrPGdPxnnSPmopump,2026-02-13T19:24:53Z,69aiAKU3uJMxMLRkUEGFNt6nQ43PiVimE4ZbErJ7VSM1,1.5413731014e-06,1541.37,,,,net_00100,1,2,LOW
DemaVbdRNKRokEKyfbn3aCASmw5jrPGdPxnnSPmopump,2026-02-13T19:24:53Z,69aiAKU3uJMxMLRkUEGFNt6nQ43PiVimE4ZbErJ7VSM1,1.5413731014e-06,1541.37,,,,net_00175,1,2,LOW
DemaVbdRNKRokEKyfbn3aCASmw5jrPGdPxnnSPmopump,2026-02-13T19:24:53Z,69aiAKU3uJMxMLRkUEGFNt6nQ43PiVimE4ZbErJ7VSM1,1.5413731014e-06,1541.37,,,,net_00194,1,6,MEDIUM
DemaVbdRNKRokEKyfbn3aCASmw5jrPGdPxnnSPmopump,2026-02-13T19:24:53Z,69aiAKU3uJMxMLRkUEGFNt6nQ43PiVimE4ZbErJ7VSM1,1.5413731014e-06,1541.37,,,,net_00237,1,3,LOW
DemaVbdRNKRokEKyfbn3aCASmw5jrPGdPxnnSPmopump,2026-02-13T19:24:53Z,69aiAKU3uJMxMLRkUEGFNt6nQ43PiVimE4ZbErJ7VSM1,1.5413731014e-06,1541.37,,,,net_00244,1,2,LOW
DemaVbdRNKRokEKyfbn3aCASmw5jrPGdPxnnSPmopump,2026-02-13T19:24:53Z,69aiAKU3uJMxMLRkUEGFNt6nQ43PiVimE4ZbErJ7VSM1,1.5413731014e-06,1541.37,,,,net_00259,1,2,LOW
DemaVbdRNKRokEKyfbn3aCASmw5jrPGdPxnnSPmopump,2026-02-13T19:24:53Z,69aiAKU3uJMxMLRkUEGFNt6nQ43PiVimE4ZbErJ7VSM1,1.5413731014e-06,1541.37,,,,net_00314,1,2,LOW
DemaVbdRNKRokEKyfbn3aCASmw5jrPGdPxnnSPmopump,2026-02-13T19:24:53Z,69aiAKU3uJMxMLRkUEGFNt6nQ43PiVimE4ZbErJ7VSM1,1.5413731014e-06,1541.37,,,,net_00416,1,2,LOW
DemaVbdRNKRokEKyfbn3aCASmw5jrPGdPxnnSPmopump,2026-02-13T19:24:53Z,69aiAKU3uJMxMLRkUEGFNt6nQ43PiVimE4ZbErJ7VSM1,1.5413731014e-06,1541.37,,,,net_00431,1,2,LOW
DemaVbdRNKRokEKyfbn3aCASmw5jrPGdPxnnSPmopump,2026-02-13T19:24:53Z,69aiAKU3uJMxMLRkUEGFNt6nQ43PiVimE4ZbErJ7VSM1,1.5413731014e-06,1541.37,,,,net_00789,1,2,LOW
DemaVbdRNKRokEKyfbn3aCASmw5jrPGdPxnnSPmopump,2026-02-13T19:24:53Z,69aiAKU3uJMxMLRkUEGFNt6nQ43PiVimE4ZbErJ7VSM1,1.5413731014e-06,1541.37,,,,net_00815,1,2,LOW
DemaVbdRNKRokEKyfbn3aCASmw5jrPGdPxnnSPmopump,2026-02-13T19:24:53Z,69aiAKU3uJMxMLRkUEGFNt6nQ43PiVimE4ZbErJ7VSM1,1.5413731014e-06,1541.37,,,,net_00888,1,2,LOW
DemaVbdRNKRokEKyfbn3aCASmw5jrPGdPxnnSPmopump,2026-02-13T19:24:53Z,69aiAKU3uJMxMLRkUEGFNt6nQ43PiVimE4ZbErJ7VSM1,1.5413731014e-06,1541.37,,,,net_00994,1,2,LOW
DemaVbdRNKRokEKyfbn3aCASmw5jrPGdPxnnSPmopump,2026-02-13T19:24:53Z,69aiAKU3uJMxMLRkUEGFNt6nQ43PiVimE4ZbErJ7VSM1,1.5413731014e-06,1541.37,,,,net_00995,1,2,LOW
DemaVbdRNKRokEKyfbn3aCASmw5jrPGdPxnnSPmopump,2026-02-13T19:24:53Z,69aiAKU3uJMxMLRkUEGFNt6nQ43PiVimE4ZbErJ7VSM1,1.5413731014e-06,1541.37,,,,net_00996,1,2,LOW
DemaVbdRNKRokEKyfbn3aCASmw5jrPGdPxnnSPmopump,2026-02-13T19:24:53Z,69aiAKU3uJMxMLRkUEGFNt6nQ43PiVimE4ZbErJ7VSM1,1.5413731014e-06,1541.37,,,,net_00997,1,2,LOW
DemaVbdRNKRokEKyfbn3aCASmw5jrPGdPxnnSPmopump,2026-02-13T19:24:53Z,69aiAKU3uJMxMLRkUEGFNt6nQ43PiVimE4ZbErJ7VSM1,1.5413731014e-06,1541.37,,,,net_00998,1,2,LOW
DemaVbdRNKRokEKyfbn3aCASmw5jrPGdPxnnSPmopump,2026-02-13T19:24:53Z,69aiAKU3uJMxMLRkUEGFNt6nQ43PiVimE4ZbErJ7VSM1,1.5413731014e-06,1541.37,,,,net_00999,1,2,LOW
DemaVbdRNKRokEKyfbn3aCASmw5jrPGdPxnnSPmopump,2026-02-13T19:24:53Z,69aiAKU3uJMxMLRkUEGFNt6nQ43PiVimE4ZbErJ7VSM1,1.5413731014e-06,1541.37,,,,net_01000,1,2,LOW
DemaVbdRNKRokEKyfbn3aCASmw5jrPGdPxnnSPmopump,2026-02-13T19:24:53Z,69aiAKU3uJMxMLRkUEGFNt6nQ43PiVimE4ZbErJ7VSM1,1.5413731014e-06,1541.37,,,,net_01001,1,2,LOW
DemaVbdRNKRokEKyfbn3aCASmw5jrPGdPxnnSPmopump,2026-02-13T19:24:53Z,69aiAKU3uJMxMLRkUEGFNt6nQ43PiVimE4ZbErJ7VSM1,1.5413731014e-06,1541.37,,,,net_01002,1,2,LOW
DemaVbdRNKRokEKyfbn3aCASmw5jrPGdPxnnSPmopump,2026-02-13T19:24:53Z,69aiAKU3uJMxMLRkUEGFNt6nQ43PiVimE4ZbErJ7VSM1,1.5413731014e-06,1541.37,,,,net_01003,1,2,LOW
DemaVbdRNKRokEKyfbn3aCASmw5jrPGdPxnnSPmopump,2026-02-13T19:24:53Z,69aiAKU3uJMxMLRkUEGFNt6nQ43PiVimE4ZbErJ7VSM1,1.5413731014e-06,1541.37,,,,net_01004,1,2,LOW
DemaVbdRNKRokEKyfbn3aCASmw5jrPGdPxnnSPmopump,2026-02-13T19:24:53Z,69aiAKU3uJMxMLRkUEGFNt6nQ43PiVimE4ZbErJ7VSM1,1.5413731014e-06,1541.37,,,,net_01005,1,2,LOW
DemaVbdRNKRokEKyfbn3aCASmw5jrPGdPxnnSPmopump,2026-02-13T19:24:53Z,69aiAKU3uJMxMLRkUEGFNt6nQ43PiVimE4ZbErJ7VSM1,1.5413731014e-06,1541.37,,,,net_01006,1,2,LOW
DemaVbdRNKRokEKyfbn3aCASmw5jrPGdPxnnSPmopump,2026-02-13T19:24:53Z,69aiAKU3uJMxMLRkUEGFNt6nQ43PiVimE4ZbErJ7VSM1,1.5413731014e-06,1541.37,,,,net_01007,1,2,LOW
DemaVbdRNKRokEKyfbn3aCASmw5jrPGdPxnnSPmopump,2026-02-13T19:24:53Z,69aiAKU3uJMxMLRkUEGFNt6nQ43PiVimE4ZbErJ7VSM1,1.5413731014e-06,1541.37,,,,net_01008,1,2,LOW
DemaVbdRNKRokEKyfbn3aCASmw5jrPGdPxnnSPmopump,2026-02-13T19:24:53Z,69aiAKU3uJMxMLRkUEGFNt6nQ43PiVimE4ZbErJ7VSM1,1.5413731014e-06,1541.37,,,,net_01009,1,2,LOW
DemaVbdRNKRokEKyfbn3aCASmw5jrPGdPxnnSPmopump,2026-02-13T19:24:53Z,69aiAKU3uJMxMLRkUEGFNt6nQ43PiVimE4ZbErJ7VSM1,1.5413731014e-06,1541.37,,,,net_01010,1,2,LOW
DemaVbdRNKRokEKyfbn3aCASmw5jrPGdPxnnSPmopump,2026-02-13T19:24:53Z,69aiAKU3uJMxMLRkUEGFNt6nQ43PiVimE4ZbErJ7VSM1,1.5413731014e-06,1541.37,,,,net_01011,1,2,LOW
DemaVbdRNKRokEKyfbn3aCASmw5jrPGdPxnnSPmopump,2026-02-13T19:24:53Z,69aiAKU3uJMxMLRkUEGFNt6nQ43PiVimE4ZbErJ7VSM1,1.5413731014e-06,1541.37,,,,net_01012,1,2,LOW
DemaVbdRNKRokEKyfbn3aCASmw5jrPGdPxnnSPmopump,2026-02-13T19:24:53Z,69aiAKU3uJMxMLRkUEGFNt6nQ43PiVimE4ZbErJ7VSM1,1.5413731014e-06,1541.37,,,,net_01013,1,2,LOW
DemaVbdRNKRokEKyfbn3aCASmw5jrPGdPxnnSPmopump,2026-02-13T19:24:53Z,69aiAKU3uJMxMLRkUEGFNt6nQ43PiVimE4ZbErJ7VSM1,1.5413731014e-06,1541.37,,,,net_01014,1,2,LOW
DemaVbdRNKRokEKyfbn3aCASmw5jrPGdPxnnSPmopump,2026-02-13T19:24:53Z,69aiAKU3uJMxMLRkUEGFNt6nQ43PiVimE4ZbErJ7VSM1,1.5413731014e-06,1541.37,,,,net_01015,1,2,LOW
DemaVbdRNKRokEKyfbn3aCASmw5jrPGdPxnnSPmopump,2026-02-13T19:24:53Z,69aiAKU3uJMxMLRkUEGFNt6nQ43PiVimE4ZbErJ7VSM1,1.5413731014e-06,1541.37,,,,net_01016,1,2,LOW
DemaVbdRNKRokEKyfbn3aCASmw5jrPGdPxnnSPmopump,2026-02-13T19:24:53Z,69aiAKU3uJMxMLRkUEGFNt6nQ43PiVimE4ZbErJ7VSM1,1.5413731014e-06,1541.37,,,,net_01017,1,2,LOW
DemaVbdRNKRokEKyfbn3aCASmw5jrPGdPxnnSPmopump,2026-02-13T19:24:53Z,69aiAKU3uJMxMLRkUEGFNt6nQ43PiVimE4ZbErJ7VSM1,1.5413731014e-06,1541.37,,,,net_01018,1,2,LOW
DemaVbdRNKRokEKyfbn3aCASmw5jrPGdPxnnSPmopump,2026-02-13T19:24:53Z,69aiAKU3uJMxMLRkUEGFNt6nQ43PiVimE4ZbErJ7VSM1,1.5413731014e-06,1541.37,,,,net_01019,1,2,LOW
DemaVbdRNKRokEKyfbn3aCASmw5jrPGdPxnnSPmopump,2026-02-13T19:24:53Z,69aiAKU3uJMxMLRkUEGFNt6nQ43PiVimE4ZbErJ7VSM1,1.5413731014e-06,1541.37,,,,net_01020,1,2,LOW
DemaVbdRNKRokEKyfbn3aCASmw5jrPGdPxnnSPmopump,2026-02-13T19:24:53Z,69aiAKU3uJMxMLRkUEGFNt6nQ43PiVimE4ZbErJ7VSM1,1.5413731014e-06,1541.37,,,,net_01021,1,2,LOW
DemaVbdRNKRokEKyfbn3aCASmw5jrPGdPxnnSPmopump,2026-02-13T19:24:53Z,69aiAKU3uJMxMLRkUEGFNt6nQ43PiVimE4ZbErJ7VSM1,1.5413731014e-06,1541.37,,,,net_01022,1,2,LOW
DemaVbdRNKRokEKyfbn3aCASmw5jrPGdPxnnSPmopump,2026-02-13T19:24:53Z,69aiAKU3uJMxMLRkUEGFNt6nQ43PiVimE4ZbErJ7VSM1,1.5413731014e-06,1541.37,,,,net_01023,1,2,LOW
DemaVbdRNKRokEKyfbn3aCASmw5jrPGdPxnnSPmopump,2026-02-13T19:24:53Z,69aiAKU3uJMxMLRkUEGFNt6nQ43PiVimE4ZbErJ7VSM1,1.5413731014e-06,1541.37,,,,net_01024,1,2,LOW
DemaVbdRNKRokEKyfbn3aCASmw5jrPGdPxnnSPmopump,2026-02-13T19:24:53Z,69aiAKU3uJMxMLRkUEGFNt6nQ43PiVimE4ZbErJ7VSM1,1.5413731014e-06,1541.37,,,,net_01025,1,2,LOW
DemaVbdRNKRokEKyfbn3aCASmw5jrPGdPxnnSPmopump,2026-02-13T19:24:53Z,69aiAKU3uJMxMLRkUEGFNt6nQ43PiVimE4ZbErJ7VSM1,1.5413731014e-06,1541.37,,,,net_01026,1,2,LOW
DemaVbdRNKRokEKyfbn3aCASmw5jrPGdPxnnSPmopump,2026-02-13T19:24:53Z,69aiAKU3uJMxMLRkUEGFNt6nQ43PiVimE4ZbErJ7VSM1,1.5413731014e-06,1541.37,,,,net_01027,1,2,LOW
DemaVbdRNKRokEKyfbn3aCASmw5jrPGdPxnnSPmopump,2026-02-13T19:24:53Z,69aiAKU3uJMxMLRkUEGFNt6nQ43PiVimE4ZbErJ7VSM1,1.5413731014e-06,1541.37,,,,net_01028,1,2,LOW
DemaVbdRNKRokEKyfbn3aCASmw5jrPGdPxnnSPmopump,2026-02-13T19:24:53Z,69aiAKU3uJMxMLRkUEGFNt6nQ43PiVimE4ZbErJ7VSM1,1.5413731014e-06,1541.37,,,,net_01029,1,2,LOW
DemaVbdRNKRokEKyfbn3aCASmw5jrPGdPxnnSPmopump,2026-02-13T19:24:53Z,69aiAKU3uJMxMLRkUEGFNt6nQ43PiVimE4ZbErJ7VSM1,1.5413731014e-06,1541.37,,,,net_01030,1,2,LOW
DemaVbdRNKRokEKyfbn3aCASmw5jrPGdPxnnSPmopump,2026-02-13T19:24:53Z,69aiAKU3uJMxMLRkUEGFNt6nQ43PiVimE4ZbErJ7VSM1,1.5413731014e-06,1541.37,,,,net_01031,1,2,LOW
DemaVbdRNKRokEKyfbn3aCASmw5jrPGdPxnnSPmopump,2026-02-13T19:24:53Z,69aiAKU3uJMxMLRkUEGFNt6nQ43PiVimE4ZbErJ7VSM1,1.5413731014e-06,1541.37,,,,net_01032,1,2,LOW
DemaVbdRNKRokEKyfbn3aCASmw5jrPGdPxnnSPmopump,2026-02-13T19:24:53Z,69aiAKU3uJMxMLRkUEGFNt6nQ43PiVimE4ZbErJ7VSM1,1.5413731014e-06,1541.37,,,,net_01033,1,2,LOW
DemaVbdRNKRokEKyfbn3aCASmw5jrPGdPxnnSPmopump,2026-02-13T19:24:53Z,69aiAKU3uJMxMLRkUEGFNt6nQ43PiVimE4ZbErJ7VSM1,1.5413731014e-06,1541.37,,,,net_01034,1,2,LOW
DemaVbdRNKRokEKyfbn3aCASmw5jrPGdPxnnSPmopump,2026-02-13T19:24:53Z,69aiAKU3uJMxMLRkUEGFNt6nQ43PiVimE4ZbErJ7VSM1,1.5413731014e-06,1541.37,,,,net_01035,1,2,LOW
DemaVbdRNKRokEKyfbn3aCASmw5jrPGdPxnnSPmopump,2026-02-13T19:24:53Z,69aiAKU3uJMxMLRkUEGFNt6nQ43PiVimE4ZbErJ7VSM1,1.5413731014e-06,1541.37,,,,net_01036,1,2,LOW
DemaVbdRNKRokEKyfbn3aCASmw5jrPGdPxnnSPmopump,2026-02-13T19:24:53Z,69aiAKU3uJMxMLRkUEGFNt6nQ43PiVimE4ZbErJ7VSM1,1.5413731014e-06,1541.37,,,,net_01037,1,2,LOW
DemaVbdRNKRokEKyfbn3aCASmw5jrPGdPxnnSPmopump,2026-02-13T19:24:53Z,69aiAKU3uJMxMLRkUEGFNt6nQ43PiVimE4ZbErJ7VSM1,1.5413731014e-06,1541.37,,,,net_01038,1,2,LOW
DemaVbdRNKRokEKyfbn3aCASmw5jrPGdPxnnSPmopump,2026-02-13T19:24:53Z,69aiAKU3uJMxMLRkUEGFNt6nQ43PiVimE4ZbErJ7VSM1,1.5413731014e-06,1541.37,,,,net_01039,1,2,LOW
DemaVbdRNKRokEKyfbn3aCASmw5jrPGdPxnnSPmopump,2026-02-13T19:24:53Z,69aiAKU3uJMxMLRkUEGFNt6nQ43PiVimE4ZbErJ7VSM1,1.5413731014e-06,1541.37,,,,net_01040,1,2,LOW
DemaVbdRNKRokEKyfbn3aCASmw5jrPGdPxnnSPmopump,2026-02-13T19:24:53Z,69aiAKU3uJMxMLRkUEGFNt6nQ43PiVimE4ZbErJ7VSM1,1.5413731014e-06,1541.37,,,,net_01041,1,2,LOW
DemaVbdRNKRokEKyfbn3aCASmw5jrPGdPxnnSPmopump,2026-02-13T19:24:53Z,69aiAKU3uJMxMLRkUEGFNt6nQ43PiVimE4ZbErJ7VSM1,1.5413731014e-06,1541.37,,,,net_01042,1,2,LOW
DemaVbdRNKRokEKyfbn3aCASmw5jrPGdPxnnSPmopump,2026-02-13T19:24:53Z,69aiAKU3uJMxMLRkUEGFNt6nQ43PiVimE4ZbErJ7VSM1,1.5413731014e-06,1541.37,,,,net_01043,1,2,LOW
DemaVbdRNKRokEKyfbn3aCASmw5jrPGdPxnnSPmopump,2026-02-13T19:24:53Z,69aiAKU3uJMxMLRkUEGFNt6nQ43PiVimE4ZbErJ7VSM1,1.5413731014e-06,1541.37,,,,net_01044,1,2,LOW
DemaVbdRNKRokEKyfbn3aCASmw5jrPGdPxnnSPmopump,2026-02-13T19:24:53Z,69aiAKU3uJMxMLRkUEGFNt6nQ43PiVimE4ZbErJ7VSM1,1.5413731014e-06,1541.37,,,,net_01045,1,2,LOW
DemaVbdRNKRokEKyfbn3aCASmw5jrPGdPxnnSPmopump,2026-02-13T19:24:53Z,69aiAKU3uJMxMLRkUEGFNt6nQ43PiVimE4ZbErJ7VSM1,1.5413731014e-06,1541.37,,,,net_01046,1,2,LOW
BeFtLwLtS9Rva12KrHKRMY1H5WoeM1Y2ULMnNJKopump,2026-02-13T19:24:43Z,9brAccpqRFPGR1gttPMP8Fy9pXFvmxP6Q98S8TmQprSY,,,,,,NONE,0,0,NONE
D8GtRnroepJHeFhnDXhtJfv3Zzq9tCip2ef3Ygn4xVSh,2026-02-13T19:15:28Z,9Zu8AigeXgFAajBTni2VWw6Wmz7XxDqHmY5nQwdCWAyY,1.0460047248e-07,104.60,,,,net_00028,38,11,MEDIUM
D8GtRnroepJHeFhnDXhtJfv3Zzq9tCip2ef3Ygn4xVSh,2026-02-13T19:15:28Z,9Zu8AigeXgFAajBTni2VWw6Wmz7XxDqHmY5nQwdCWAyY,1.0460047248e-07,104.60,,,,net_00116,1,2,LOW
D8GtRnroepJHeFhnDXhtJfv3Zzq9tCip2ef3Ygn4xVSh,2026-02-13T19:15:28Z,9Zu8AigeXgFAajBTni2VWw6Wmz7XxDqHmY5nQwdCWAyY,1.0460047248e-07,104.60,,,,net_00343,1,2,LOW
D8GtRnroepJHeFhnDXhtJfv3Zzq9tCip2ef3Ygn4xVSh,2026-02-13T19:15:28Z,9Zu8AigeXgFAajBTni2VWw6Wmz7XxDqHmY5nQwdCWAyY,1.0460047248e-07,104.60,,,,net_00357,1,2,LOW
D8GtRnroepJHeFhnDXhtJfv3Zzq9tCip2ef3Ygn4xVSh,2026-02-13T19:15:28Z,9Zu8AigeXgFAajBTni2VWw6Wmz7XxDqHmY5nQwdCWAyY,1.0460047248e-07,104.60,,,,net_00361,1,2,LOW
D8GtRnroepJHeFhnDXhtJfv3Zzq9tCip2ef3Ygn4xVSh,2026-02-13T19:15:28Z,9Zu8AigeXgFAajBTni2VWw6Wmz7XxDqHmY5nQwdCWAyY,1.0460047248e-07,104.60,,,,net_00470,1,2,LOW
D8GtRnroepJHeFhnDXhtJfv3Zzq9tCip2ef3Ygn4xVSh,2026-02-13T19:15:28Z,9Zu8AigeXgFAajBTni2VWw6Wmz7XxDqHmY5nQwdCWAyY,1.0460047248e-07,104.60,,,,net_00477,1,2,LOW
D8GtRnroepJHeFhnDXhtJfv3Zzq9tCip2ef3Ygn4xVSh,2026-02-13T19:15:28Z,9Zu8AigeXgFAajBTni2VWw6Wmz7XxDqHmY5nQwdCWAyY,1.0460047248e-07,104.60,,,,net_00641,1,2,LOW
D8GtRnroepJHeFhnDXhtJfv3Zzq9tCip2ef3Ygn4xVSh,2026-02-13T19:15:28Z,9Zu8AigeXgFAajBTni2VWw6Wmz7XxDqHmY5nQwdCWAyY,1.0460047248e-07,104.60,,,,net_00894,1,2,LOW
D8GtRnroepJHeFhnDXhtJfv3Zzq9tCip2ef3Ygn4xVSh,2026-02-13T19:15:28Z,9Zu8AigeXgFAajBTni2VWw6Wmz7XxDqHmY5nQwdCWAyY,1.0460047248e-07,104.60,,,,net_00955,1,2,LOW
F4esbK8e3f6nY5J5McN4JSc5ZCurimUsVGNaQBZApump,2026-02-13T19:07:37Z,D9gQ6RhKEpnobPBUdWY5bPQt2p3zGk3iVz6ChpUi2ArA,4.5876054736e-09,4.59,,,,net_00028,38,11,MEDIUM
F4esbK8e3f6nY5J5McN4JSc5ZCurimUsVGNaQBZApump,2026-02-13T19:07:37Z,D9gQ6RhKEpnobPBUdWY5bPQt2p3zGk3iVz6ChpUi2ArA,4.5876054736e-09,4.59,,,,net_00098,1,4,LOW
F4esbK8e3f6nY5J5McN4JSc5ZCurimUsVGNaQBZApump,2026-02-13T19:07:37Z,D9gQ6RhKEpnobPBUdWY5bPQt2p3zGk3iVz6ChpUi2ArA,4.5876054736e-09,4.59,,,,net_00255,1,2,LOW
F4esbK8e3f6nY5J5McN4JSc5ZCurimUsVGNaQBZApump,2026-02-13T19:07:37Z,D9gQ6RhKEpnobPBUdWY5bPQt2p3zGk3iVz6ChpUi2ArA,4.5876054736e-09,4.59,,,,net_00330,1,2,LOW
F4esbK8e3f6nY5J5McN4JSc5ZCurimUsVGNaQBZApump,2026-02-13T19:07:37Z,D9gQ6RhKEpnobPBUdWY5bPQt2p3zGk3iVz6ChpUi2ArA,4.5876054736e-09,4.59,,,,net_00457,1,2,LOW
F4esbK8e3f6nY5J5McN4JSc5ZCurimUsVGNaQBZApump,2026-02-13T19:07:37Z,D9gQ6RhKEpnobPBUdWY5bPQt2p3zGk3iVz6ChpUi2ArA,4.5876054736e-09,4.59,,,,net_00502,1,10,MEDIUM
F4esbK8e3f6nY5J5McN4JSc5ZCurimUsVGNaQBZApump,2026-02-13T19:07:37Z,D9gQ6RhKEpnobPBUdWY5bPQt2p3zGk3iVz6ChpUi2ArA,4.5876054736e-09,4.59,,,,net_00566,1,3,LOW
F4esbK8e3f6nY5J5McN4JSc5ZCurimUsVGNaQBZApump,2026-02-13T19:07:37Z,D9gQ6RhKEpnobPBUdWY5bPQt2p3zGk3iVz6ChpUi2ArA,4.5876054736e-09,4.59,,,,net_00698,1,6,MEDIUM
F4esbK8e3f6nY5J5McN4JSc5ZCurimUsVGNaQBZApump,2026-02-13T19:07:37Z,D9gQ6RhKEpnobPBUdWY5bPQt2p3zGk3iVz6ChpUi2ArA,4.5876054736e-09,4.59,,,,net_00728,1,7,MEDIUM
F4esbK8e3f6nY5J5McN4JSc5ZCurimUsVGNaQBZApump,2026-02-13T19:07:37Z,D9gQ6RhKEpnobPBUdWY5bPQt2p3zGk3iVz6ChpUi2ArA,4.5876054736e-09,4.59,,,,net_00732,1,3,LOW
F4esbK8e3f6nY5J5McN4JSc5ZCurimUsVGNaQBZApump,2026-02-13T19:07:37Z,D9gQ6RhKEpnobPBUdWY5bPQt2p3zGk3iVz6ChpUi2ArA,4.5876054736e-09,4.59,,,,net_00747,1,2,LOW
9SXs9FYrNFvbEZ5vjBmkbv2KUPy8ACd49q2xwrfypump,2026-02-13T18:59:34Z,CHcbXf8uNYr84xJmMcWyhpTQuFv2X2KrC64oQbJy73jp,2.2737392613e-10,0.23,,,,NONE,0,0,NONE
253scG2n3bYEh2ahTjtBfVWnHwd8nwZh3zvSqtCZpump,2026-02-13T18:58:21Z,8AQrqdsSBhNU7DbbaD6kytcdSn1eXvRNGjcYY2U6aNwt,,,,,,NONE,0,0,NONE
56TkruuHFoo255bsyrgfikjgFyfi6MqZU7haciSfpump,2026-02-13T18:56:58Z,Li3WZNGnt2fbKkNBmWbFkvYNqm4pc4rQogQDUYsVf7m,3.4050000000e-05,34059.91,,,,NONE,0,0,NONE
HBBqvz3seLLMLsMPZag4HtJYFYB1LR42N1xUwePJSaqV,2026-02-13T18:54:39Z,8ZN71XTdVo8yRovnGLmNgW3Tgniw6A4J3JGLvPD686FP,6.7379931932e-09,6.74,,,,net_00281,1,2,LOW
HBBqvz3seLLMLsMPZag4HtJYFYB1LR42N1xUwePJSaqV,2026-02-13T18:54:39Z,8ZN71XTdVo8yRovnGLmNgW3Tgniw6A4J3JGLvPD686FP,6.7379931932e-09,6.74,,,,net_00502,1,10,MEDIUM
HBBqvz3seLLMLsMPZag4HtJYFYB1LR42N1xUwePJSaqV,2026-02-13T18:54:39Z,8ZN71XTdVo8yRovnGLmNgW3Tgniw6A4J3JGLvPD686FP,6.7379931932e-09,6.74,,,,net_00582,1,3,LOW
4Emjk1P3nvxc9f78ATUZd1AYmSVjZft96D3xbnodpump,2026-02-13T18:46:11Z,6xDpid1beBpmzaBKpd2L4Y44CJAo132cjc6xtzFCKnL1,2.5828474859e-10,0.26,,,,net_00027,1,2,LOW
4Emjk1P3nvxc9f78ATUZd1AYmSVjZft96D3xbnodpump,2026-02-13T18:46:11Z,6xDpid1beBpmzaBKpd2L4Y44CJAo132cjc6xtzFCKnL1,2.5828474859e-10,0.26,,,,net_00245,1,5,LOW
4Emjk1P3nvxc9f78ATUZd1AYmSVjZft96D3xbnodpump,2026-02-13T18:46:11Z,6xDpid1beBpmzaBKpd2L4Y44CJAo132cjc6xtzFCKnL1,2.5828474859e-10,0.26,,,,net_00256,1,2,LOW
4Emjk1P3nvxc9f78ATUZd1AYmSVjZft96D3xbnodpump,2026-02-13T18:46:11Z,6xDpid1beBpmzaBKpd2L4Y44CJAo132cjc6xtzFCKnL1,2.5828474859e-10,0.26,,,,net_00376,1,2,LOW
4Emjk1P3nvxc9f78ATUZd1AYmSVjZft96D3xbnodpump,2026-02-13T18:46:11Z,6xDpid1beBpmzaBKpd2L4Y44CJAo132cjc6xtzFCKnL1,2.5828474859e-10,0.26,,,,net_00416,1,2,LOW
4Emjk1P3nvxc9f78ATUZd1AYmSVjZft96D3xbnodpump,2026-02-13T18:46:11Z,6xDpid1beBpmzaBKpd2L4Y44CJAo132cjc6xtzFCKnL1,2.5828474859e-10,0.26,,,,net_00421,1,2,LOW
4Emjk1P3nvxc9f78ATUZd1AYmSVjZft96D3xbnodpump,2026-02-13T18:46:11Z,6xDpid1beBpmzaBKpd2L4Y44CJAo132cjc6xtzFCKnL1,2.5828474859e-10,0.26,,,,net_00489,1,3,LOW
4Emjk1P3nvxc9f78ATUZd1AYmSVjZft96D3xbnodpump,2026-02-13T18:46:11Z,6xDpid1beBpmzaBKpd2L4Y44CJAo132cjc6xtzFCKnL1,2.5828474859e-10,0.26,,,,net_00515,1,3,LOW
4Emjk1P3nvxc9f78ATUZd1AYmSVjZft96D3xbnodpump,2026-02-13T18:46:11Z,6xDpid1beBpmzaBKpd2L4Y44CJAo132cjc6xtzFCKnL1,2.5828474859e-10,0.26,,,,net_00567,1,3,LOW
4Emjk1P3nvxc9f78ATUZd1AYmSVjZft96D3xbnodpump,2026-02-13T18:46:11Z,6xDpid1beBpmzaBKpd2L4Y44CJAo132cjc6xtzFCKnL1,2.5828474859e-10,0.26,,,,net_00728,1,7,MEDIUM
4Emjk1P3nvxc9f78ATUZd1AYmSVjZft96D3xbnodpump,2026-02-13T18:46:11Z,6xDpid1beBpmzaBKpd2L4Y44CJAo132cjc6xtzFCKnL1,2.5828474859e-10,0.26,,,,net_00834,1,2,LOW
4Emjk1P3nvxc9f78ATUZd1AYmSVjZft96D3xbnodpump,2026-02-13T18:46:11Z,6xDpid1beBpmzaBKpd2L4Y44CJAo132cjc6xtzFCKnL1,2.5828474859e-10,0.26,,,,net_00879,1,4,LOW
4Emjk1P3nvxc9f78ATUZd1AYmSVjZft96D3xbnodpump,2026-02-13T18:46:11Z,6xDpid1beBpmzaBKpd2L4Y44CJAo132cjc6xtzFCKnL1,2.5828474859e-10,0.26,,,,net_00888,1,2,LOW
4Emjk1P3nvxc9f78ATUZd1AYmSVjZft96D3xbnodpump,2026-02-13T18:46:11Z,6xDpid1beBpmzaBKpd2L4Y44CJAo132cjc6xtzFCKnL1,2.5828474859e-10,0.26,,,,net_00917,1,2,LOW
4Emjk1P3nvxc9f78ATUZd1AYmSVjZft96D3xbnodpump,2026-02-13T18:46:11Z,6xDpid1beBpmzaBKpd2L4Y44CJAo132cjc6xtzFCKnL1,2.5828474859e-10,0.26,,,,net_00918,1,2,LOW
4Emjk1P3nvxc9f78ATUZd1AYmSVjZft96D3xbnodpump,2026-02-13T18:46:11Z,6xDpid1beBpmzaBKpd2L4Y44CJAo132cjc6xtzFCKnL1,2.5828474859e-10,0.26,,,,net_00932,1,2,LOW
4Emjk1P3nvxc9f78ATUZd1AYmSVjZft96D3xbnodpump,2026-02-13T18:46:11Z,6xDpid1beBpmzaBKpd2L4Y44CJAo132cjc6xtzFCKnL1,2.5828474859e-10,0.26,,,,net_00948,1,2,LOW
4Emjk1P3nvxc9f78ATUZd1AYmSVjZft96D3xbnodpump,2026-02-13T18:46:11Z,6xDpid1beBpmzaBKpd2L4Y44CJAo132cjc6xtzFCKnL1,2.5828474859e-10,0.26,,,,net_01069,1,4,LOW
HV6no4bUkd1zQJUN71AGPYKaKdk6bXg9CkCtTGaPSWAP,2026-02-13T18:44:23Z,7TVC1YfB7yePHPpvrHb7gsCPVZkRTTUp93YGFSmKJ1Hm,4.7545581600e-12,0.00,,,,NONE,0,0,NONE
DiHc5w3vSGPWXeTtE9ymnFbuA8t4nph2yZUTcmyUpump,2026-02-13T18:42:22Z,A47WcpRcF39KJXP9Hih9afAPWqYTKMDsnZZH3vmUkWP5,3.8716806923e-09,3.87,,,,NONE,0,0,NONE
CjKp8MZ1u7BmeADZ6ZSK3tQjELfT5ap2nxFG6xXppump,2026-02-13T18:38:25Z,8zog4DFcqYw7ampgiKcez6cSwMedYUg8s4V4HcXxemrC,3.3161700712e-08,33.16,,,,NONE,0,0,NONE
HobqfaEL7EDR17taxHGvkga3v2VtvEBy1zkaLFZDpump,2026-02-13T18:38:20Z,EU1bFxZ9oiUC2V6tme6gaPgTP6mvVm54q2oUKD27U3pm,2.9245685541e-07,292.46,,,,NONE,0,0,NONE
4MNMghUQeEwDYdC6pN8q4RDAbCWbXtqpah9o2Laipump,2026-02-13T18:29:40Z,7JZXALfy5FNrSM4y7UBGc8RbDgoMYSHj4KKQZnamWfHP,3.7034637106e-08,37.03,,,,net_00154,1,2,LOW
4MNMghUQeEwDYdC6pN8q4RDAbCWbXtqpah9o2Laipump,2026-02-13T18:29:40Z,7JZXALfy5FNrSM4y7UBGc8RbDgoMYSHj4KKQZnamWfHP,3.7034637106e-08,37.03,,,,net_00162,1,2,LOW
4MNMghUQeEwDYdC6pN8q4RDAbCWbXtqpah9o2Laipump,2026-02-13T18:29:40Z,7JZXALfy5FNrSM4y7UBGc8RbDgoMYSHj4KKQZnamWfHP,3.7034637106e-08,37.03,,,,net_00209,1,2,LOW
4MNMghUQeEwDYdC6pN8q4RDAbCWbXtqpah9o2Laipump,2026-02-13T18:29:40Z,7JZXALfy5FNrSM4y7UBGc8RbDgoMYSHj4KKQZnamWfHP,3.7034637106e-08,37.03,,,,net_00257,1,2,LOW
4MNMghUQeEwDYdC6pN8q4RDAbCWbXtqpah9o2Laipump,2026-02-13T18:29:40Z,7JZXALfy5FNrSM4y7UBGc8RbDgoMYSHj4KKQZnamWfHP,3.7034637106e-08,37.03,,,,net_00308,1,2,LOW
4MNMghUQeEwDYdC6pN8q4RDAbCWbXtqpah9o2Laipump,2026-02-13T18:29:40Z,7JZXALfy5FNrSM4y7UBGc8RbDgoMYSHj4KKQZnamWfHP,3.7034637106e-08,37.03,,,,net_00489,1,3,LOW
4MNMghUQeEwDYdC6pN8q4RDAbCWbXtqpah9o2Laipump,2026-02-13T18:29:40Z,7JZXALfy5FNrSM4y7UBGc8RbDgoMYSHj4KKQZnamWfHP,3.7034637106e-08,37.03,,,,net_00520,1,2,LOW
4MNMghUQeEwDYdC6pN8q4RDAbCWbXtqpah9o2Laipump,2026-02-13T18:29:40Z,7JZXALfy5FNrSM4y7UBGc8RbDgoMYSHj4KKQZnamWfHP,3.7034637106e-08,37.03,,,,net_00669,1,2,LOW
4MNMghUQeEwDYdC6pN8q4RDAbCWbXtqpah9o2Laipump,2026-02-13T18:29:40Z,7JZXALfy5FNrSM4y7UBGc8RbDgoMYSHj4KKQZnamWfHP,3.7034637106e-08,37.03,,,,net_00679,1,7,MEDIUM
4MNMghUQeEwDYdC6pN8q4RDAbCWbXtqpah9o2Laipump,2026-02-13T18:29:40Z,7JZXALfy5FNrSM4y7UBGc8RbDgoMYSHj4KKQZnamWfHP,3.7034637106e-08,37.03,,,,net_00882,1,7,MEDIUM
4MNMghUQeEwDYdC6pN8q4RDAbCWbXtqpah9o2Laipump,2026-02-13T18:29:40Z,7JZXALfy5FNrSM4y7UBGc8RbDgoMYSHj4KKQZnamWfHP,3.7034637106e-08,37.03,,,,net_00915,1,4,LOW
4MNMghUQeEwDYdC6pN8q4RDAbCWbXtqpah9o2Laipump,2026-02-13T18:29:40Z,7JZXALfy5FNrSM4y7UBGc8RbDgoMYSHj4KKQZnamWfHP,3.7034637106e-08,37.03,,,,net_01067,1,4,LOW
5yjihRX8x1hKvmoRmdJNGf6Xz3NW49EMXwZaKbXFpump,2026-02-13T18:29:30Z,56HyRiHEHTSzJXJfzZk21ZZP2R6XNu2yR3fVVCo4zVid,8.5006573357e-08,85.01,,,,NONE,0,0,NONE
HNnnbr4NLS3WFEpUw41E6wPyYFgeCdibv57FKUdypump,2026-02-13T18:27:12Z,CVkfM75doCa24VgxjZbWsqAg2FmfNvQru8BmazM5dpbv,,,,,,net_00679,1,7,MEDIUM
HNnnbr4NLS3WFEpUw41E6wPyYFgeCdibv57FKUdypump,2026-02-13T18:27:12Z,CVkfM75doCa24VgxjZbWsqAg2FmfNvQru8BmazM5dpbv,,,,,,net_01082,1,5,LOW
Bedkb3YiDUH1qvqYxte22kaD3Vm7CP9D9i67GyvBpump,2026-02-13T18:25:24Z,3tj78Aszqx87GMwq2igcjcNypGKe3W793GMnMv6dKv4z,5.0452845295e-09,5.05,,,,NONE,0,0,NONE
bf1Kh9aicC2tBcd4SJyE5tzErCrk4NDDs2akjDhpump,2026-02-13T18:24:57Z,CVkfM75doCa24VgxjZbWsqAg2FmfNvQru8BmazM5dpbv,5.3206788613e-08,53.21,,,,net_00679,1,7,MEDIUM
bf1Kh9aicC2tBcd4SJyE5tzErCrk4NDDs2akjDhpump,2026-02-13T18:24:57Z,CVkfM75doCa24VgxjZbWsqAg2FmfNvQru8BmazM5dpbv,5.3206788613e-08,53.21,,,,net_01082,1,5,LOW
76MwdQM9fJyNfzyQT95bGVfq5pJyuPQU8rvSx3e37GTc,2026-02-13T18:22:13Z,GasFQE9fi8Zqc9HuEJ7U5W7vBpCY4zyNFGuqnKqtLQgW,1.0585308226e-08,10.59,,,,net_00148,1,2,LOW
76MwdQM9fJyNfzyQT95bGVfq5pJyuPQU8rvSx3e37GTc,2026-02-13T18:22:13Z,GasFQE9fi8Zqc9HuEJ7U5W7vBpCY4zyNFGuqnKqtLQgW,1.0585308226e-08,10.59,,,,net_00160,1,4,LOW
76MwdQM9fJyNfzyQT95bGVfq5pJyuPQU8rvSx3e37GTc,2026-02-13T18:22:13Z,GasFQE9fi8Zqc9HuEJ7U5W7vBpCY4zyNFGuqnKqtLQgW,1.0585308226e-08,10.59,,,,net_00266,1,2,LOW
76MwdQM9fJyNfzyQT95bGVfq5pJyuPQU8rvSx3e37GTc,2026-02-13T18:22:13Z,GasFQE9fi8Zqc9HuEJ7U5W7vBpCY4zyNFGuqnKqtLQgW,1.0585308226e-08,10.59,,,,net_00343,1,2,LOW
76MwdQM9fJyNfzyQT95bGVfq5pJyuPQU8rvSx3e37GTc,2026-02-13T18:22:13Z,GasFQE9fi8Zqc9HuEJ7U5W7vBpCY4zyNFGuqnKqtLQgW,1.0585308226e-08,10.59,,,,net_00357,1,2,LOW
76MwdQM9fJyNfzyQT95bGVfq5pJyuPQU8rvSx3e37GTc,2026-02-13T18:22:13Z,GasFQE9fi8Zqc9HuEJ7U5W7vBpCY4zyNFGuqnKqtLQgW,1.0585308226e-08,10.59,,,,net_00361,1,2,LOW
76MwdQM9fJyNfzyQT95bGVfq5pJyuPQU8rvSx3e37GTc,2026-02-13T18:22:13Z,GasFQE9fi8Zqc9HuEJ7U5W7vBpCY4zyNFGuqnKqtLQgW,1.0585308226e-08,10.59,,,,net_00439,1,2,LOW
76MwdQM9fJyNfzyQT95bGVfq5pJyuPQU8rvSx3e37GTc,2026-02-13T18:22:13Z,GasFQE9fi8Zqc9HuEJ7U5W7vBpCY4zyNFGuqnKqtLQgW,1.0585308226e-08,10.59,,,,net_00460,1,4,LOW
76MwdQM9fJyNfzyQT95bGVfq5pJyuPQU8rvSx3e37GTc,2026-02-13T18:22:13Z,GasFQE9fi8Zqc9HuEJ7U5W7vBpCY4zyNFGuqnKqtLQgW,1.0585308226e-08,10.59,,,,net_00470,1,2,LOW
76MwdQM9fJyNfzyQT95bGVfq5pJyuPQU8rvSx3e37GTc,2026-02-13T18:22:13Z,GasFQE9fi8Zqc9HuEJ7U5W7vBpCY4zyNFGuqnKqtLQgW,1.0585308226e-08,10.59,,,,net_00635,1,2,LOW
76MwdQM9fJyNfzyQT95bGVfq5pJyuPQU8rvSx3e37GTc,2026-02-13T18:22:13Z,GasFQE9fi8Zqc9HuEJ7U5W7vBpCY4zyNFGuqnKqtLQgW,1.0585308226e-08,10.59,,,,net_00641,1,2,LOW
76MwdQM9fJyNfzyQT95bGVfq5pJyuPQU8rvSx3e37GTc,2026-02-13T18:22:13Z,GasFQE9fi8Zqc9HuEJ7U5W7vBpCY4zyNFGuqnKqtLQgW,1.0585308226e-08,10.59,,,,net_00698,1,6,MEDIUM
76MwdQM9fJyNfzyQT95bGVfq5pJyuPQU8rvSx3e37GTc,2026-02-13T18:22:13Z,GasFQE9fi8Zqc9HuEJ7U5W7vBpCY4zyNFGuqnKqtLQgW,1.0585308226e-08,10.59,,,,net_00734,1,2,LOW
76MwdQM9fJyNfzyQT95bGVfq5pJyuPQU8rvSx3e37GTc,2026-02-13T18:22:13Z,GasFQE9fi8Zqc9HuEJ7U5W7vBpCY4zyNFGuqnKqtLQgW,1.0585308226e-08,10.59,,,,net_00744,1,4,LOW
76MwdQM9fJyNfzyQT95bGVfq5pJyuPQU8rvSx3e37GTc,2026-02-13T18:22:13Z,GasFQE9fi8Zqc9HuEJ7U5W7vBpCY4zyNFGuqnKqtLQgW,1.0585308226e-08,10.59,,,,net_00745,1,4,LOW
76MwdQM9fJyNfzyQT95bGVfq5pJyuPQU8rvSx3e37GTc,2026-02-13T18:22:13Z,GasFQE9fi8Zqc9HuEJ7U5W7vBpCY4zyNFGuqnKqtLQgW,1.0585308226e-08,10.59,,,,net_00788,1,2,LOW
76MwdQM9fJyNfzyQT95bGVfq5pJyuPQU8rvSx3e37GTc,2026-02-13T18:22:13Z,GasFQE9fi8Zqc9HuEJ7U5W7vBpCY4zyNFGuqnKqtLQgW,1.0585308226e-08,10.59,,,,net_00894,1,2,LOW
9SDzVxNMtaRYdSe3JxuMyx5s7TE46kYKNMqqpiZupump,2026-02-13T18:19:48Z,DxyrRfPRowERX3Y196TRB1819Z7ScC1HTdVMM2BEaDh9,3.3766689232e-08,33.77,,,,NONE,0,0,NONE
7ASpUGEgCh5DtpYPHDGgUodvJrsX1rQ8qYePCXYbpump,2026-02-13T18:08:05Z,D9t2jHu5aapKUN29dJV1pEWS4W9ibiAD8s7fwoLF2t7y,3.6650000000e-05,36650.51,,,,NONE,0,0,NONE
7C8c9M3P1qXtQxDLfUv8GRs8ZAKcUbwHeZmCECcopump,2026-02-13T18:06:11Z,EmCAAbXXqtRjkejF5Ft7B8XHWVY6ggqbcWepWDGWPCdY,5.9897435623e-09,5.99,,,,NONE,0,0,NONE
7wBWFe8NbdeXyyz3bNCMjzpi9M71Ucs4jeSbYovApump,2026-02-13T18:05:37Z,E7rgd7sH5QPiAJbtSRT65KS6UwZoT2Zs7iSvTwdRwE7q,,,,,,NONE,0,0,NONE
7FQmXJzEAgky5tk6ymsqRaqrNtXu6SG2vYtBxzDWpump,2026-02-13T18:05:08Z,GvWEm9wsUYAYk8BJX786whoBE7obxBs7qNz4iWt9u8T,4.7522770578e-06,4752.28,,,,NONE,0,0,NONE
5ic8ie1joooDK8FpkwThkbWPViLty524NuCcUY7epump,2026-02-13T17:57:12Z,ARCEJc9NNjiw5WviQ2UEGCF6agpnwb9Esy82s9axEqjT,1.3378685618e-07,133.79,,,,NONE,0,0,NONE
5GYb6SVAsG3YDP7YZuaEdxb2mu3Ys3pXpR6xpC1uAAUn,2026-02-13T17:55:24Z,CgmwCcCoF5YNhWrVBz2R2iH4MopfvYLfxLgSZsrnemi6,2.6584121713e-07,265.84,,,,net_00540,1,2,LOW
BVBuqwWUdeQrbHimZg6zNi7g6Cg4DusvjRKA79YDAWdc,2026-02-13T17:53:38Z,FgifQEkRkSSXZjf2cJ4c55BhVts2yrNKzmzBLLyicg8b,,,,,,net_00037,42,17,MEDIUM
BVBuqwWUdeQrbHimZg6zNi7g6Cg4DusvjRKA79YDAWdc,2026-02-13T17:53:38Z,FgifQEkRkSSXZjf2cJ4c55BhVts2yrNKzmzBLLyicg8b,,,,,,net_00050,1,2,LOW
BVBuqwWUdeQrbHimZg6zNi7g6Cg4DusvjRKA79YDAWdc,2026-02-13T17:53:38Z,FgifQEkRkSSXZjf2cJ4c55BhVts2yrNKzmzBLLyicg8b,,,,,,net_00098,1,4,LOW
BVBuqwWUdeQrbHimZg6zNi7g6Cg4DusvjRKA79YDAWdc,2026-02-13T17:53:38Z,FgifQEkRkSSXZjf2cJ4c55BhVts2yrNKzmzBLLyicg8b,,,,,,net_00166,1,3,LOW
BVBuqwWUdeQrbHimZg6zNi7g6Cg4DusvjRKA79YDAWdc,2026-02-13T17:53:38Z,FgifQEkRkSSXZjf2cJ4c55BhVts2yrNKzmzBLLyicg8b,,,,,,net_00558,1,3,LOW
BVBuqwWUdeQrbHimZg6zNi7g6Cg4DusvjRKA79YDAWdc,2026-02-13T17:53:38Z,FgifQEkRkSSXZjf2cJ4c55BhVts2yrNKzmzBLLyicg8b,,,,,,net_00616,1,2,LOW
BVBuqwWUdeQrbHimZg6zNi7g6Cg4DusvjRKA79YDAWdc,2026-02-13T17:53:38Z,FgifQEkRkSSXZjf2cJ4c55BhVts2yrNKzmzBLLyicg8b,,,,,,net_00631,1,3,LOW
6XboTeMdVNu1aMkYyzgKqvGewHF1PokTpbDH5esRpump,2026-02-13T17:52:23Z,3fqmoiR6TgwPduZcPkRZn7QwXAPVVqs4YMnPfNotaMq2,,,,,,net_00124,14,36,HIGH
HUszYim5uyfkDYHQsWtNwVTeegZrjgW16b938CLCAERx,2026-02-13T17:47:06Z,7i4Nq5qhRZtyQ483y2C7w74GRnAaQcofzG4QTCXUEEH6,2.2011711570e-08,22.01,,,,NONE,0,0,NONE
FNPxzS8DcYmkzmEJKNobS3FQxJNwQii2cXvNq8Tfpump,2026-02-13T17:43:53Z,AQc5Xb5rZhRJhwCnuVukJRg32rrtoNBTRRdw29a8XJGG,1.5430249868e-08,15.43,,,,NONE,0,0,NONE
HTfw9uFBoUzdSEfJkRz9KZNvg9XN9nBjrEMUfYaUpump,2026-02-13T17:37:59Z,EFaQQTGywnD4CjQQvTugUiyVT4LV9G6MsWqiub8X6unN,7.9201764568e-09,7.92,,,,net_00147,1,2,LOW
HTfw9uFBoUzdSEfJkRz9KZNvg9XN9nBjrEMUfYaUpump,2026-02-13T17:37:59Z,EFaQQTGywnD4CjQQvTugUiyVT4LV9G6MsWqiub8X6unN,7.9201764568e-09,7.92,,,,net_00255,1,2,LOW
HTfw9uFBoUzdSEfJkRz9KZNvg9XN9nBjrEMUfYaUpump,2026-02-13T17:37:59Z,EFaQQTGywnD4CjQQvTugUiyVT4LV9G6MsWqiub8X6unN,7.9201764568e-09,7.92,,,,net_00317,1,2,LOW
HTfw9uFBoUzdSEfJkRz9KZNvg9XN9nBjrEMUfYaUpump,2026-02-13T17:37:59Z,EFaQQTGywnD4CjQQvTugUiyVT4LV9G6MsWqiub8X6unN,7.9201764568e-09,7.92,,,,net_00385,1,5,LOW
HTfw9uFBoUzdSEfJkRz9KZNvg9XN9nBjrEMUfYaUpump,2026-02-13T17:37:59Z,EFaQQTGywnD4CjQQvTugUiyVT4LV9G6MsWqiub8X6unN,7.9201764568e-09,7.92,,,,net_00405,1,3,LOW
HTfw9uFBoUzdSEfJkRz9KZNvg9XN9nBjrEMUfYaUpump,2026-02-13T17:37:59Z,EFaQQTGywnD4CjQQvTugUiyVT4LV9G6MsWqiub8X6unN,7.9201764568e-09,7.92,,,,net_00442,1,5,LOW
HTfw9uFBoUzdSEfJkRz9KZNvg9XN9nBjrEMUfYaUpump,2026-02-13T17:37:59Z,EFaQQTGywnD4CjQQvTugUiyVT4LV9G6MsWqiub8X6unN,7.9201764568e-09,7.92,,,,net_00486,1,2,LOW
HTfw9uFBoUzdSEfJkRz9KZNvg9XN9nBjrEMUfYaUpump,2026-02-13T17:37:59Z,EFaQQTGywnD4CjQQvTugUiyVT4LV9G6MsWqiub8X6unN,7.9201764568e-09,7.92,,,,net_00513,1,2,LOW
HTfw9uFBoUzdSEfJkRz9KZNvg9XN9nBjrEMUfYaUpump,2026-02-13T17:37:59Z,EFaQQTGywnD4CjQQvTugUiyVT4LV9G6MsWqiub8X6unN,7.9201764568e-09,7.92,,,,net_00588,1,3,LOW
HTfw9uFBoUzdSEfJkRz9KZNvg9XN9nBjrEMUfYaUpump,2026-02-13T17:37:59Z,EFaQQTGywnD4CjQQvTugUiyVT4LV9G6MsWqiub8X6unN,7.9201764568e-09,7.92,,,,net_00610,1,4,LOW
HTfw9uFBoUzdSEfJkRz9KZNvg9XN9nBjrEMUfYaUpump,2026-02-13T17:37:59Z,EFaQQTGywnD4CjQQvTugUiyVT4LV9G6MsWqiub8X6unN,7.9201764568e-09,7.92,,,,net_00636,1,3,LOW
HTfw9uFBoUzdSEfJkRz9KZNvg9XN9nBjrEMUfYaUpump,2026-02-13T17:37:59Z,EFaQQTGywnD4CjQQvTugUiyVT4LV9G6MsWqiub8X6unN,7.9201764568e-09,7.92,,,,net_00650,1,2,LOW
HTfw9uFBoUzdSEfJkRz9KZNvg9XN9nBjrEMUfYaUpump,2026-02-13T17:37:59Z,EFaQQTGywnD4CjQQvTugUiyVT4LV9G6MsWqiub8X6unN,7.9201764568e-09,7.92,,,,net_00688,1,3,LOW
HTfw9uFBoUzdSEfJkRz9KZNvg9XN9nBjrEMUfYaUpump,2026-02-13T17:37:59Z,EFaQQTGywnD4CjQQvTugUiyVT4LV9G6MsWqiub8X6unN,7.9201764568e-09,7.92,,,,net_00696,1,2,LOW
HTfw9uFBoUzdSEfJkRz9KZNvg9XN9nBjrEMUfYaUpump,2026-02-13T17:37:59Z,EFaQQTGywnD4CjQQvTugUiyVT4LV9G6MsWqiub8X6unN,7.9201764568e-09,7.92,,,,net_00703,1,2,LOW
HTfw9uFBoUzdSEfJkRz9KZNvg9XN9nBjrEMUfYaUpump,2026-02-13T17:37:59Z,EFaQQTGywnD4CjQQvTugUiyVT4LV9G6MsWqiub8X6unN,7.9201764568e-09,7.92,,,,net_00704,1,5,LOW
HTfw9uFBoUzdSEfJkRz9KZNvg9XN9nBjrEMUfYaUpump,2026-02-13T17:37:59Z,EFaQQTGywnD4CjQQvTugUiyVT4LV9G6MsWqiub8X6unN,7.9201764568e-09,7.92,,,,net_00728,1,7,MEDIUM
HTfw9uFBoUzdSEfJkRz9KZNvg9XN9nBjrEMUfYaUpump,2026-02-13T17:37:59Z,EFaQQTGywnD4CjQQvTugUiyVT4LV9G6MsWqiub8X6unN,7.9201764568e-09,7.92,,,,net_00739,1,4,LOW
HTfw9uFBoUzdSEfJkRz9KZNvg9XN9nBjrEMUfYaUpump,2026-02-13T17:37:59Z,EFaQQTGywnD4CjQQvTugUiyVT4LV9G6MsWqiub8X6unN,7.9201764568e-09,7.92,,,,net_00800,1,7,MEDIUM
HTfw9uFBoUzdSEfJkRz9KZNvg9XN9nBjrEMUfYaUpump,2026-02-13T17:37:59Z,EFaQQTGywnD4CjQQvTugUiyVT4LV9G6MsWqiub8X6unN,7.9201764568e-09,7.92,,,,net_00830,1,3,LOW
HTfw9uFBoUzdSEfJkRz9KZNvg9XN9nBjrEMUfYaUpump,2026-02-13T17:37:59Z,EFaQQTGywnD4CjQQvTugUiyVT4LV9G6MsWqiub8X6unN,7.9201764568e-09,7.92,,,,net_00862,1,2,LOW
HTfw9uFBoUzdSEfJkRz9KZNvg9XN9nBjrEMUfYaUpump,2026-02-13T17:37:59Z,EFaQQTGywnD4CjQQvTugUiyVT4LV9G6MsWqiub8X6unN,7.9201764568e-09,7.92,,,,net_00981,1,2,LOW
HTfw9uFBoUzdSEfJkRz9KZNvg9XN9nBjrEMUfYaUpump,2026-02-13T17:37:59Z,EFaQQTGywnD4CjQQvTugUiyVT4LV9G6MsWqiub8X6unN,7.9201764568e-09,7.92,,,,net_00992,1,2,LOW
CGc4bfLqov6rPKCv6kwDbY3cms8r5M4FHU72k5uspump,2026-02-13T17:29:02Z,2rv6NkMhDEENk3csjuvdYDww2CvCJAmjioq6pVtX5Mg6,3.5062125073e-08,35.06,,,,NONE,0,0,NONE
ERQ3GWnCByevh8HZZ7V5wd3xvUTQPuKcagJWhNJpump,2026-02-13T17:28:04Z,FXQPzvFxvNMEgJ6nkgwU2T6H2DYXEXoJDuC2SQKzXpj5,,,,,,NONE,0,0,NONE
7uP2973VKmz33h2H5NCubUavgC7mJn6jkWfTDfADpump,2026-02-13T17:27:13Z,94QRt4mgNzzhd78VpqvfKY2qbUmkcoVpMpWY5newL2mW,7.3389860665e-10,0.73,,,,NONE,0,0,NONE
6oZouQCNfA1iaRjNPiFapKVKDDiNYvZq3atntimpump,2026-02-13T17:26:23Z,GrK8bU8V3qYy9k3fxeEKddn8WXYdQDiQUZUfwfyrAvo5,9.0654124001e-09,9.07,,,,NONE,0,0,NONE
Ea5YYYjJpFMXnvGddgitWGZv225vrfCfDBVmvCT8pump,2026-02-13T17:12:49Z,5Ti6QZrU4jdzUSBBJ246YofKciB5VJNRx3tTMFYCsf6u,1.5097542967e-09,1.51,,,,NONE,0,0,NONE
EqB6q66xeBizzBzWmk9uobmpuhp5NDf9dYaiihuvdwJh,2026-02-13T17:07:40Z,aofYn7GFRRpC2vT2pwd6UnBht32xkHZ7wcN9fsJgLLi,1.0350315295e-12,0.00,,,,net_00108,1,2,LOW
EqB6q66xeBizzBzWmk9uobmpuhp5NDf9dYaiihuvdwJh,2026-02-13T17:07:40Z,aofYn7GFRRpC2vT2pwd6UnBht32xkHZ7wcN9fsJgLLi,1.0350315295e-12,0.00,,,,net_00109,1,2,LOW
EqB6q66xeBizzBzWmk9uobmpuhp5NDf9dYaiihuvdwJh,2026-02-13T17:07:40Z,aofYn7GFRRpC2vT2pwd6UnBht32xkHZ7wcN9fsJgLLi,1.0350315295e-12,0.00,,,,net_00136,1,2,LOW
EqB6q66xeBizzBzWmk9uobmpuhp5NDf9dYaiihuvdwJh,2026-02-13T17:07:40Z,aofYn7GFRRpC2vT2pwd6UnBht32xkHZ7wcN9fsJgLLi,1.0350315295e-12,0.00,,,,net_00220,1,2,LOW
EqB6q66xeBizzBzWmk9uobmpuhp5NDf9dYaiihuvdwJh,2026-02-13T17:07:40Z,aofYn7GFRRpC2vT2pwd6UnBht32xkHZ7wcN9fsJgLLi,1.0350315295e-12,0.00,,,,net_00233,1,2,LOW
EqB6q66xeBizzBzWmk9uobmpuhp5NDf9dYaiihuvdwJh,2026-02-13T17:07:40Z,aofYn7GFRRpC2vT2pwd6UnBht32xkHZ7wcN9fsJgLLi,1.0350315295e-12,0.00,,,,net_00249,1,2,LOW
EqB6q66xeBizzBzWmk9uobmpuhp5NDf9dYaiihuvdwJh,2026-02-13T17:07:40Z,aofYn7GFRRpC2vT2pwd6UnBht32xkHZ7wcN9fsJgLLi,1.0350315295e-12,0.00,,,,net_00253,1,2,LOW
EqB6q66xeBizzBzWmk9uobmpuhp5NDf9dYaiihuvdwJh,2026-02-13T17:07:40Z,aofYn7GFRRpC2vT2pwd6UnBht32xkHZ7wcN9fsJgLLi,1.0350315295e-12,0.00,,,,net_00321,1,2,LOW
EqB6q66xeBizzBzWmk9uobmpuhp5NDf9dYaiihuvdwJh,2026-02-13T17:07:40Z,aofYn7GFRRpC2vT2pwd6UnBht32xkHZ7wcN9fsJgLLi,1.0350315295e-12,0.00,,,,net_00328,1,2,LOW
EqB6q66xeBizzBzWmk9uobmpuhp5NDf9dYaiihuvdwJh,2026-02-13T17:07:40Z,aofYn7GFRRpC2vT2pwd6UnBht32xkHZ7wcN9fsJgLLi,1.0350315295e-12,0.00,,,,net_00341,1,2,LOW
EqB6q66xeBizzBzWmk9uobmpuhp5NDf9dYaiihuvdwJh,2026-02-13T17:07:40Z,aofYn7GFRRpC2vT2pwd6UnBht32xkHZ7wcN9fsJgLLi,1.0350315295e-12,0.00,,,,net_00350,1,2,LOW
EqB6q66xeBizzBzWmk9uobmpuhp5NDf9dYaiihuvdwJh,2026-02-13T17:07:40Z,aofYn7GFRRpC2vT2pwd6UnBht32xkHZ7wcN9fsJgLLi,1.0350315295e-12,0.00,,,,net_00369,1,2,LOW
EqB6q66xeBizzBzWmk9uobmpuhp5NDf9dYaiihuvdwJh,2026-02-13T17:07:40Z,aofYn7GFRRpC2vT2pwd6UnBht32xkHZ7wcN9fsJgLLi,1.0350315295e-12,0.00,,,,net_00423,1,2,LOW
EqB6q66xeBizzBzWmk9uobmpuhp5NDf9dYaiihuvdwJh,2026-02-13T17:07:40Z,aofYn7GFRRpC2vT2pwd6UnBht32xkHZ7wcN9fsJgLLi,1.0350315295e-12,0.00,,,,net_00436,1,2,LOW
EqB6q66xeBizzBzWmk9uobmpuhp5NDf9dYaiihuvdwJh,2026-02-13T17:07:40Z,aofYn7GFRRpC2vT2pwd6UnBht32xkHZ7wcN9fsJgLLi,1.0350315295e-12,0.00,,,,net_00501,1,2,LOW
EqB6q66xeBizzBzWmk9uobmpuhp5NDf9dYaiihuvdwJh,2026-02-13T17:07:40Z,aofYn7GFRRpC2vT2pwd6UnBht32xkHZ7wcN9fsJgLLi,1.0350315295e-12,0.00,,,,net_00550,1,2,LOW
EqB6q66xeBizzBzWmk9uobmpuhp5NDf9dYaiihuvdwJh,2026-02-13T17:07:40Z,aofYn7GFRRpC2vT2pwd6UnBht32xkHZ7wcN9fsJgLLi,1.0350315295e-12,0.00,,,,net_00595,1,2,LOW
EqB6q66xeBizzBzWmk9uobmpuhp5NDf9dYaiihuvdwJh,2026-02-13T17:07:40Z,aofYn7GFRRpC2vT2pwd6UnBht32xkHZ7wcN9fsJgLLi,1.0350315295e-12,0.00,,,,net_00596,1,2,LOW
EqB6q66xeBizzBzWmk9uobmpuhp5NDf9dYaiihuvdwJh,2026-02-13T17:07:40Z,aofYn7GFRRpC2vT2pwd6UnBht32xkHZ7wcN9fsJgLLi,1.0350315295e-12,0.00,,,,net_00603,1,2,LOW
EqB6q66xeBizzBzWmk9uobmpuhp5NDf9dYaiihuvdwJh,2026-02-13T17:07:40Z,aofYn7GFRRpC2vT2pwd6UnBht32xkHZ7wcN9fsJgLLi,1.0350315295e-12,0.00,,,,net_00621,1,2,LOW
EqB6q66xeBizzBzWmk9uobmpuhp5NDf9dYaiihuvdwJh,2026-02-13T17:07:40Z,aofYn7GFRRpC2vT2pwd6UnBht32xkHZ7wcN9fsJgLLi,1.0350315295e-12,0.00,,,,net_00683,1,2,LOW
EqB6q66xeBizzBzWmk9uobmpuhp5NDf9dYaiihuvdwJh,2026-02-13T17:07:40Z,aofYn7GFRRpC2vT2pwd6UnBht32xkHZ7wcN9fsJgLLi,1.0350315295e-12,0.00,,,,net_00715,1,2,LOW
EqB6q66xeBizzBzWmk9uobmpuhp5NDf9dYaiihuvdwJh,2026-02-13T17:07:40Z,aofYn7GFRRpC2vT2pwd6UnBht32xkHZ7wcN9fsJgLLi,1.0350315295e-12,0.00,,,,net_00722,1,2,LOW
EqB6q66xeBizzBzWmk9uobmpuhp5NDf9dYaiihuvdwJh,2026-02-13T17:07:40Z,aofYn7GFRRpC2vT2pwd6UnBht32xkHZ7wcN9fsJgLLi,1.0350315295e-12,0.00,,,,net_00727,1,2,LOW
EqB6q66xeBizzBzWmk9uobmpuhp5NDf9dYaiihuvdwJh,2026-02-13T17:07:40Z,aofYn7GFRRpC2vT2pwd6UnBht32xkHZ7wcN9fsJgLLi,1.0350315295e-12,0.00,,,,net_00770,1,2,LOW
EqB6q66xeBizzBzWmk9uobmpuhp5NDf9dYaiihuvdwJh,2026-02-13T17:07:40Z,aofYn7GFRRpC2vT2pwd6UnBht32xkHZ7wcN9fsJgLLi,1.0350315295e-12,0.00,,,,net_00801,1,2,LOW
EqB6q66xeBizzBzWmk9uobmpuhp5NDf9dYaiihuvdwJh,2026-02-13T17:07:40Z,aofYn7GFRRpC2vT2pwd6UnBht32xkHZ7wcN9fsJgLLi,1.0350315295e-12,0.00,,,,net_00847,1,2,LOW
EqB6q66xeBizzBzWmk9uobmpuhp5NDf9dYaiihuvdwJh,2026-02-13T17:07:40Z,aofYn7GFRRpC2vT2pwd6UnBht32xkHZ7wcN9fsJgLLi,1.0350315295e-12,0.00,,,,net_00908,1,2,LOW
EqB6q66xeBizzBzWmk9uobmpuhp5NDf9dYaiihuvdwJh,2026-02-13T17:07:40Z,aofYn7GFRRpC2vT2pwd6UnBht32xkHZ7wcN9fsJgLLi,1.0350315295e-12,0.00,,,,net_00927,1,2,LOW
EqB6q66xeBizzBzWmk9uobmpuhp5NDf9dYaiihuvdwJh,2026-02-13T17:07:40Z,aofYn7GFRRpC2vT2pwd6UnBht32xkHZ7wcN9fsJgLLi,1.0350315295e-12,0.00,,,,net_01072,1,2,LOW
Dno6qcgAPnJBQ6sZAETyrAhquRBU2QuHVuSYiMNHpump,2026-02-13T17:04:46Z,HRV512AYkkxhHpcERBN2x8Xf2mGksPFavwfAr22XSrGb,1.9520369566e-08,19.52,,,,net_00200,1,2,LOW
Dno6qcgAPnJBQ6sZAETyrAhquRBU2QuHVuSYiMNHpump,2026-02-13T17:04:46Z,HRV512AYkkxhHpcERBN2x8Xf2mGksPFavwfAr22XSrGb,1.9520369566e-08,19.52,,,,net_00280,1,6,MEDIUM
Dno6qcgAPnJBQ6sZAETyrAhquRBU2QuHVuSYiMNHpump,2026-02-13T17:04:46Z,HRV512AYkkxhHpcERBN2x8Xf2mGksPFavwfAr22XSrGb,1.9520369566e-08,19.52,,,,net_00588,1,3,LOW
Dno6qcgAPnJBQ6sZAETyrAhquRBU2QuHVuSYiMNHpump,2026-02-13T17:04:46Z,HRV512AYkkxhHpcERBN2x8Xf2mGksPFavwfAr22XSrGb,1.9520369566e-08,19.52,,,,net_00636,1,3,LOW
7RjYNhxqHHaFTAKbnZMVwxGtnCWvCBDedo4JffUepump,2026-02-13T17:03:48Z,8MytZPmctzEdtAv9HxJ4v2wcyAPQakHFBUhxoyWRiPTp,3.6154202892e-09,3.62,,,,NONE,0,0,NONE
dnQvdCQvZuMsjeYCJhoGyuxsXJFth3mwBkJdpbkpump,2026-02-13T17:02:46Z,DJN6wiTE54ndisYvpUzYzEa5QvgeptjFFnRasbDQ7c2D,1.3194959092e-07,131.95,,,,NONE,0,0,NONE
Fp1CcsWjsXWK2Hyejf8niQtJhA3YRDVezndbncPVKHTs,2026-02-13T17:01:33Z,8ZN71XTdVo8yRovnGLmNgW3Tgniw6A4J3JGLvPD686FP,2.5166603211e-08,25.17,,,,net_00281,1,2,LOW
Fp1CcsWjsXWK2Hyejf8niQtJhA3YRDVezndbncPVKHTs,2026-02-13T17:01:33Z,8ZN71XTdVo8yRovnGLmNgW3Tgniw6A4J3JGLvPD686FP,2.5166603211e-08,25.17,,,,net_00502,1,10,MEDIUM
Fp1CcsWjsXWK2Hyejf8niQtJhA3YRDVezndbncPVKHTs,2026-02-13T17:01:33Z,8ZN71XTdVo8yRovnGLmNgW3Tgniw6A4J3JGLvPD686FP,2.5166603211e-08,25.17,,,,net_00582,1,3,LOW
E7AaqmGaPsYxBzWERpgigt75nNs99eZEBUjKYA3cpump,2026-02-13T16:56:08Z,4Qce9p4GYHtc7BGFzLFAKzXjyWVXhmFKUKzsUNSPjeMz,1.7197408705e-08,17.20,,,,NONE,0,0,NONE
2d9qt9GFtPmoYv9rSt3pqW4s7NdcYLSph3KMcBvUpump,2026-02-13T16:55:25Z,HRCoJW4TQ9RudVooKHyCz9zNDqKxqGoaFZf7ybFAHJkh,4.2396115280e-10,0.42,,,,NONE,0,0,NONE
2MU7yVxHgmEycaXmrq5Dgy6xqFADruM6oHD3ECSqpump,2026-02-13T16:53:04Z,Dzp1SrZ474xwGp6ZEP6cNKo39u9zeXe1YAuTkyZyv3t4,8.6774114914e-13,0.00,,,,net_00502,1,10,MEDIUM
2MU7yVxHgmEycaXmrq5Dgy6xqFADruM6oHD3ECSqpump,2026-02-13T16:53:04Z,Dzp1SrZ474xwGp6ZEP6cNKo39u9zeXe1YAuTkyZyv3t4,8.6774114914e-13,0.00,,,,net_00566,1,3,LOW
2MU7yVxHgmEycaXmrq5Dgy6xqFADruM6oHD3ECSqpump,2026-02-13T16:53:04Z,Dzp1SrZ474xwGp6ZEP6cNKo39u9zeXe1YAuTkyZyv3t4,8.6774114914e-13,0.00,,,,net_00704,1,5,LOW
2MU7yVxHgmEycaXmrq5Dgy6xqFADruM6oHD3ECSqpump,2026-02-13T16:53:04Z,Dzp1SrZ474xwGp6ZEP6cNKo39u9zeXe1YAuTkyZyv3t4,8.6774114914e-13,0.00,,,,net_00728,1,7,MEDIUM
2MU7yVxHgmEycaXmrq5Dgy6xqFADruM6oHD3ECSqpump,2026-02-13T16:53:04Z,Dzp1SrZ474xwGp6ZEP6cNKo39u9zeXe1YAuTkyZyv3t4,8.6774114914e-13,0.00,,,,net_00739,1,4,LOW
8fHVrHu7XwoeVEq3AWBnhevJPef1DCPfSezzujhwpump,2026-02-13T16:43:48Z,YbswuY6EXNvoRBTQVfY6hnaobCc4yvpTJrG6jNo1kJS,2.6526286473e-10,0.27,,,,NONE,0,0,NONE
XfjiJnhaN5UCYqzdFxhrefkoN4bGBdJQmRxes1Wpump,2026-02-13T16:39:32Z,kV777WtyRsFCRR7hnzitAaqAgSpsWqh8SUSZrTnRvyW,,,,,,NONE,0,0,NONE
2EYGPeAfTMA34ZHANw35SG9gk642DFP7RvJsmBZbpump,2026-02-13T16:35:45Z,7Qj1oYgCzVjjFALfQU42kNzJyBnTuzfzuNGdtyZphPeB,,,,,,NONE,0,0,NONE
qSHUQePJLGNaAg9hcSDyx4iuvcQtvngDgEJvDozpump,2026-02-13T16:27:07Z,6NDUsVWTqSootMSrH74aZ5C4hunJCMhfPP98K5VWS1sm,3.6836001711e-10,0.37,,,,NONE,0,0,NONE
9GpiqqgqtKae8dRVvMqaeyE5F5x3iBWFA4gvzTtKpump,2026-02-13T16:24:05Z,J7pfiFu423CZepFMP3QjqFEpArLwCUAEkJL1CY5kRbBT,3.4861988081e-10,0.35,,,,NONE,0,0,NONE
LHt5DejiBg9uAQicUxoBAVsVy7WctqqE6TxKh1Lpump,2026-02-13T16:22:33Z,58T9juqHozgw4V6fCJNXAdgnLujgRHH5pM7dT6gYrMgv,1.1834283134e-08,11.83,,,,NONE,0,0,NONE
ESto2cvLsywSvZeyqaQSu5rTkk6PNudPRDjDqcPo47Gc,2026-02-13T16:15:40Z,7kGAXsa7n1qN2FuNoJAGmzebmN9KqqLAHcwj7gvoekKk,1.0088062486e-07,100.88,,,,net_00037,42,17,MEDIUM
8XA8j1fVD6emGB8EYjj4e2Y4za25gAZLRUEp9Pffmzix,2026-02-13T16:06:00Z,7Wxbnq5Ke4ZU2USdge56ui3owEXgTv5T3hzBssiCqxPN,1.1275976802e-07,112.76,,,,net_00308,1,2,LOW
8XA8j1fVD6emGB8EYjj4e2Y4za25gAZLRUEp9Pffmzix,2026-02-13T16:06:00Z,7Wxbnq5Ke4ZU2USdge56ui3owEXgTv5T3hzBssiCqxPN,1.1275976802e-07,112.76,,,,net_00318,1,5,LOW
8XA8j1fVD6emGB8EYjj4e2Y4za25gAZLRUEp9Pffmzix,2026-02-13T16:06:00Z,7Wxbnq5Ke4ZU2USdge56ui3owEXgTv5T3hzBssiCqxPN,1.1275976802e-07,112.76,,,,net_00373,1,5,LOW
8XA8j1fVD6emGB8EYjj4e2Y4za25gAZLRUEp9Pffmzix,2026-02-13T16:06:00Z,7Wxbnq5Ke4ZU2USdge56ui3owEXgTv5T3hzBssiCqxPN,1.1275976802e-07,112.76,,,,net_00556,1,2,LOW
8XA8j1fVD6emGB8EYjj4e2Y4za25gAZLRUEp9Pffmzix,2026-02-13T16:06:00Z,7Wxbnq5Ke4ZU2USdge56ui3owEXgTv5T3hzBssiCqxPN,1.1275976802e-07,112.76,,,,net_00610,1,4,LOW
8XA8j1fVD6emGB8EYjj4e2Y4za25gAZLRUEp9Pffmzix,2026-02-13T16:06:00Z,7Wxbnq5Ke4ZU2USdge56ui3owEXgTv5T3hzBssiCqxPN,1.1275976802e-07,112.76,,,,net_00666,1,2,LOW
8XA8j1fVD6emGB8EYjj4e2Y4za25gAZLRUEp9Pffmzix,2026-02-13T16:06:00Z,7Wxbnq5Ke4ZU2USdge56ui3owEXgTv5T3hzBssiCqxPN,1.1275976802e-07,112.76,,,,net_00751,1,2,LOW
8XA8j1fVD6emGB8EYjj4e2Y4za25gAZLRUEp9Pffmzix,2026-02-13T16:06:00Z,7Wxbnq5Ke4ZU2USdge56ui3owEXgTv5T3hzBssiCqxPN,1.1275976802e-07,112.76,,,,net_00830,1,3,LOW
3ZogCPV16CdFsBdcEXwWb9cCLChxmp5mKxuJ1uAqpump,2026-02-13T16:02:08Z,DKfDdLy9JYA2gpoSmxzPmmT57FmTe6uzTmpEk6hyjPhR,2.8824850644e-09,2.88,,,,net_00031,22,12,MEDIUM
3ZogCPV16CdFsBdcEXwWb9cCLChxmp5mKxuJ1uAqpump,2026-02-13T16:02:08Z,DKfDdLy9JYA2gpoSmxzPmmT57FmTe6uzTmpEk6hyjPhR,2.8824850644e-09,2.88,,,,net_00044,1,2,LOW
3ZogCPV16CdFsBdcEXwWb9cCLChxmp5mKxuJ1uAqpump,2026-02-13T16:02:08Z,DKfDdLy9JYA2gpoSmxzPmmT57FmTe6uzTmpEk6hyjPhR,2.8824850644e-09,2.88,,,,net_00154,1,2,LOW
3ZogCPV16CdFsBdcEXwWb9cCLChxmp5mKxuJ1uAqpump,2026-02-13T16:02:08Z,DKfDdLy9JYA2gpoSmxzPmmT57FmTe6uzTmpEk6hyjPhR,2.8824850644e-09,2.88,,,,net_00181,1,2,LOW
3ZogCPV16CdFsBdcEXwWb9cCLChxmp5mKxuJ1uAqpump,2026-02-13T16:02:08Z,DKfDdLy9JYA2gpoSmxzPmmT57FmTe6uzTmpEk6hyjPhR,2.8824850644e-09,2.88,,,,net_00280,1,6,MEDIUM
3ZogCPV16CdFsBdcEXwWb9cCLChxmp5mKxuJ1uAqpump,2026-02-13T16:02:08Z,DKfDdLy9JYA2gpoSmxzPmmT57FmTe6uzTmpEk6hyjPhR,2.8824850644e-09,2.88,,,,net_00363,1,2,LOW
3ZogCPV16CdFsBdcEXwWb9cCLChxmp5mKxuJ1uAqpump,2026-02-13T16:02:08Z,DKfDdLy9JYA2gpoSmxzPmmT57FmTe6uzTmpEk6hyjPhR,2.8824850644e-09,2.88,,,,net_00385,1,5,LOW
3ZogCPV16CdFsBdcEXwWb9cCLChxmp5mKxuJ1uAqpump,2026-02-13T16:02:08Z,DKfDdLy9JYA2gpoSmxzPmmT57FmTe6uzTmpEk6hyjPhR,2.8824850644e-09,2.88,,,,net_00412,1,3,LOW
3ZogCPV16CdFsBdcEXwWb9cCLChxmp5mKxuJ1uAqpump,2026-02-13T16:02:08Z,DKfDdLy9JYA2gpoSmxzPmmT57FmTe6uzTmpEk6hyjPhR,2.8824850644e-09,2.88,,,,net_00428,1,2,LOW
3ZogCPV16CdFsBdcEXwWb9cCLChxmp5mKxuJ1uAqpump,2026-02-13T16:02:08Z,DKfDdLy9JYA2gpoSmxzPmmT57FmTe6uzTmpEk6hyjPhR,2.8824850644e-09,2.88,,,,net_00472,1,5,LOW
3ZogCPV16CdFsBdcEXwWb9cCLChxmp5mKxuJ1uAqpump,2026-02-13T16:02:08Z,DKfDdLy9JYA2gpoSmxzPmmT57FmTe6uzTmpEk6hyjPhR,2.8824850644e-09,2.88,,,,net_00560,1,2,LOW
3ZogCPV16CdFsBdcEXwWb9cCLChxmp5mKxuJ1uAqpump,2026-02-13T16:02:08Z,DKfDdLy9JYA2gpoSmxzPmmT57FmTe6uzTmpEk6hyjPhR,2.8824850644e-09,2.88,,,,net_00592,1,8,MEDIUM
3ZogCPV16CdFsBdcEXwWb9cCLChxmp5mKxuJ1uAqpump,2026-02-13T16:02:08Z,DKfDdLy9JYA2gpoSmxzPmmT57FmTe6uzTmpEk6hyjPhR,2.8824850644e-09,2.88,,,,net_00625,1,2,LOW
3ZogCPV16CdFsBdcEXwWb9cCLChxmp5mKxuJ1uAqpump,2026-02-13T16:02:08Z,DKfDdLy9JYA2gpoSmxzPmmT57FmTe6uzTmpEk6hyjPhR,2.8824850644e-09,2.88,,,,net_00667,1,2,LOW
3ZogCPV16CdFsBdcEXwWb9cCLChxmp5mKxuJ1uAqpump,2026-02-13T16:02:08Z,DKfDdLy9JYA2gpoSmxzPmmT57FmTe6uzTmpEk6hyjPhR,2.8824850644e-09,2.88,,,,net_00679,1,7,MEDIUM
3ZogCPV16CdFsBdcEXwWb9cCLChxmp5mKxuJ1uAqpump,2026-02-13T16:02:08Z,DKfDdLy9JYA2gpoSmxzPmmT57FmTe6uzTmpEk6hyjPhR,2.8824850644e-09,2.88,,,,net_00717,1,2,LOW
3ZogCPV16CdFsBdcEXwWb9cCLChxmp5mKxuJ1uAqpump,2026-02-13T16:02:08Z,DKfDdLy9JYA2gpoSmxzPmmT57FmTe6uzTmpEk6hyjPhR,2.8824850644e-09,2.88,,,,net_00728,1,7,MEDIUM
3ZogCPV16CdFsBdcEXwWb9cCLChxmp5mKxuJ1uAqpump,2026-02-13T16:02:08Z,DKfDdLy9JYA2gpoSmxzPmmT57FmTe6uzTmpEk6hyjPhR,2.8824850644e-09,2.88,,,,net_00731,1,3,LOW
3ZogCPV16CdFsBdcEXwWb9cCLChxmp5mKxuJ1uAqpump,2026-02-13T16:02:08Z,DKfDdLy9JYA2gpoSmxzPmmT57FmTe6uzTmpEk6hyjPhR,2.8824850644e-09,2.88,,,,net_00758,1,2,LOW
3ZogCPV16CdFsBdcEXwWb9cCLChxmp5mKxuJ1uAqpump,2026-02-13T16:02:08Z,DKfDdLy9JYA2gpoSmxzPmmT57FmTe6uzTmpEk6hyjPhR,2.8824850644e-09,2.88,,,,net_00776,1,5,LOW
3ZogCPV16CdFsBdcEXwWb9cCLChxmp5mKxuJ1uAqpump,2026-02-13T16:02:08Z,DKfDdLy9JYA2gpoSmxzPmmT57FmTe6uzTmpEk6hyjPhR,2.8824850644e-09,2.88,,,,net_00790,1,3,LOW
3ZogCPV16CdFsBdcEXwWb9cCLChxmp5mKxuJ1uAqpump,2026-02-13T16:02:08Z,DKfDdLy9JYA2gpoSmxzPmmT57FmTe6uzTmpEk6hyjPhR,2.8824850644e-09,2.88,,,,net_00842,1,3,LOW
3ZogCPV16CdFsBdcEXwWb9cCLChxmp5mKxuJ1uAqpump,2026-02-13T16:02:08Z,DKfDdLy9JYA2gpoSmxzPmmT57FmTe6uzTmpEk6hyjPhR,2.8824850644e-09,2.88,,,,net_00882,1,7,MEDIUM
3ZogCPV16CdFsBdcEXwWb9cCLChxmp5mKxuJ1uAqpump,2026-02-13T16:02:08Z,DKfDdLy9JYA2gpoSmxzPmmT57FmTe6uzTmpEk6hyjPhR,2.8824850644e-09,2.88,,,,net_00893,1,2,LOW
3ZogCPV16CdFsBdcEXwWb9cCLChxmp5mKxuJ1uAqpump,2026-02-13T16:02:08Z,DKfDdLy9JYA2gpoSmxzPmmT57FmTe6uzTmpEk6hyjPhR,2.8824850644e-09,2.88,,,,net_01059,1,3,LOW
3ZogCPV16CdFsBdcEXwWb9cCLChxmp5mKxuJ1uAqpump,2026-02-13T16:02:08Z,DKfDdLy9JYA2gpoSmxzPmmT57FmTe6uzTmpEk6hyjPhR,2.8824850644e-09,2.88,,,,net_01097,1,4,LOW
BUbU2xeb58hHYZuDpjqv6baJzJahb68NhLUpjgpxpump,2026-02-13T15:48:20Z,CFqsrQbvhb1Z3XKHVAZg6sovZzTg5NN9X9RnTf3D2BBZ,2.1261178407e-10,0.21,,,,NONE,0,0,NONE
H1fe842KaQgXEd1zQh28kMpV2ogWwKorxKSjvY7kpump,2026-02-13T15:42:43Z,FAicXNV5FVqtfbpn4Zccs71XcfGeyxBSGbqLDyDJZjke,6.3883499604e-07,638.83,,,,net_00811,1,2,LOW
EUQHTZA3UD2ACowxu4HeUwBfUCekMMxBx6GyYEzzpump,2026-02-13T15:39:51Z,87HE7FWa4psLQRmvxNPY7rREurQgi2M5x2mbQrkF37Kp,3.5337638589e-08,35.34,,,,NONE,0,0,NONE
5WVrFJQQjdXrJG33myUGkcGEEXRhELg5MDeB5cuApump,2026-02-13T15:39:39Z,EmvWJA6G9raPB9y41sDXpfL7Yi7QszTetsntjKq3YxJY,,,,,,NONE,0,0,NONE
BggqbVhVq5xhJT7SmydEtdZriT68u7McyWJFK2rfpump,2026-02-13T15:35:34Z,EPQszHc25DtDjjMRJ132JdDxPd3b4XYVnEswWMeWBkbu,1.0379740399e-08,10.38,,,,NONE,0,0,NONE
3g3YFfUZLspiKpVmv9mDkaDcKh168CLArcqShR64pump,2026-02-13T15:30:02Z,B8xXkQbPcGyA6aL2NQEnyvNWGo3TibFqEgMnZ9zoz1mx,7.5037110145e-10,0.75,,,,NONE,0,0,NONE
DuuEwT5UtvnXPfC7WUFkHLDYk8yB6ynrkqfVvP48pump,2026-02-13T15:27:56Z,9dqU775VmXvFmhcHM2qGmfgaVPF4VhU4vE5LRWsaZhCj,1.5606085516e-08,15.61,,,,net_00280,1,6,MEDIUM
DuuEwT5UtvnXPfC7WUFkHLDYk8yB6ynrkqfVvP48pump,2026-02-13T15:27:56Z,9dqU775VmXvFmhcHM2qGmfgaVPF4VhU4vE5LRWsaZhCj,1.5606085516e-08,15.61,,,,net_00410,1,2,LOW
DuuEwT5UtvnXPfC7WUFkHLDYk8yB6ynrkqfVvP48pump,2026-02-13T15:27:56Z,9dqU775VmXvFmhcHM2qGmfgaVPF4VhU4vE5LRWsaZhCj,1.5606085516e-08,15.61,,,,net_00647,23,152,CRITICAL
jZafRRCGpisiqQYxnCSsc2aF9mbxiKtwJSNWVuepump,2026-02-13T15:27:38Z,Gqk7hZB2gYv1LF5bKgv78TBeTWAmsRHToxqcwK4UCL55,,,,,,NONE,0,0,NONE
GZLrt1boCGiV7VZMh7vAhF4JVF15p8BUq6DqfiZ6pump,2026-02-13T15:21:12Z,95TWoKkvv2z85EXBzd2z6NwbxH2f54AvwuCA9x3NoKep,1.7498050593e-08,17.50,,,,NONE,0,0,NONE
5vXAT2FZyrZPMoujvhYHHjm9L51E8XWnrR3gWDuaRwqU,2026-02-13T15:16:30Z,37JcicoNvYFbbAZd83iEMVSs7gHLbxkRwiRrj3JoaSZy,1.0659374581e-07,106.59,,,,net_00647,23,152,CRITICAL
12z5HmRnwyYoPEfbgpDNMmsiKhErx4VmcQLD5yW1pump,2026-02-13T15:12:33Z,EW8HNymzLUxPPZumn3r5QMaxNZNkqGY4bV9KiatU9Usg,2.1863962673e-07,218.64,,,,NONE,0,0,NONE
8FBzgKkHPh3BzZsM5Up1o1uDCGANKm8PpuRszJrFpump,2026-02-13T15:12:12Z,9ZYGy1uGjBcJkS53Fh1Rz4tfrSXHx6w7av9fV1aWvGsp,7.1561937183e-09,7.16,,,,NONE,0,0,NONE
D1UG1mbP4A8nskzhgRbzUwWSykoN8XEtnBQbqsgNpump,2026-02-13T15:10:40Z,8inTY66csRNgKNtGhqGhd4odAV2VeJBDcRVuF7UE3Eeh,1.6563174015e-08,16.56,,,,NONE,0,0,NONE
ZwKTaVmbQ5aDrscTh9LLXjGuKZDeLnT5PM6ySAWpump,2026-02-13T14:56:58Z,D3nx8NKx5g4HPoiLH4hNTfiBrx3DaJLc18mhvw1C5igs,,,,,,NONE,0,0,NONE
C7NFi1FgrBFj4aTPyLbPVuLCzVWXdMmPgxt3aHhzosey,2026-02-13T14:55:50Z,CTjV5CfCzRYnxtGEDmguEwjwAz95QpRDbvWhCkaBYCvL,1.3239662501e-06,1323.97,,,,net_00060,1,2,LOW
C7NFi1FgrBFj4aTPyLbPVuLCzVWXdMmPgxt3aHhzosey,2026-02-13T14:55:50Z,CTjV5CfCzRYnxtGEDmguEwjwAz95QpRDbvWhCkaBYCvL,1.3239662501e-06,1323.97,,,,net_00123,1,3,LOW
C7NFi1FgrBFj4aTPyLbPVuLCzVWXdMmPgxt3aHhzosey,2026-02-13T14:55:50Z,CTjV5CfCzRYnxtGEDmguEwjwAz95QpRDbvWhCkaBYCvL,1.3239662501e-06,1323.97,,,,net_00354,1,2,LOW
C7NFi1FgrBFj4aTPyLbPVuLCzVWXdMmPgxt3aHhzosey,2026-02-13T14:55:50Z,CTjV5CfCzRYnxtGEDmguEwjwAz95QpRDbvWhCkaBYCvL,1.3239662501e-06,1323.97,,,,net_00442,1,5,LOW
C7NFi1FgrBFj4aTPyLbPVuLCzVWXdMmPgxt3aHhzosey,2026-02-13T14:55:50Z,CTjV5CfCzRYnxtGEDmguEwjwAz95QpRDbvWhCkaBYCvL,1.3239662501e-06,1323.97,,,,net_00698,1,6,MEDIUM
C7NFi1FgrBFj4aTPyLbPVuLCzVWXdMmPgxt3aHhzosey,2026-02-13T14:55:50Z,CTjV5CfCzRYnxtGEDmguEwjwAz95QpRDbvWhCkaBYCvL,1.3239662501e-06,1323.97,,,,net_00811,1,2,LOW
C7NFi1FgrBFj4aTPyLbPVuLCzVWXdMmPgxt3aHhzosey,2026-02-13T14:55:50Z,CTjV5CfCzRYnxtGEDmguEwjwAz95QpRDbvWhCkaBYCvL,1.3239662501e-06,1323.97,,,,net_00879,1,4,LOW
C7NFi1FgrBFj4aTPyLbPVuLCzVWXdMmPgxt3aHhzosey,2026-02-13T14:55:50Z,CTjV5CfCzRYnxtGEDmguEwjwAz95QpRDbvWhCkaBYCvL,1.3239662501e-06,1323.97,,,,net_00890,1,2,LOW
C7NFi1FgrBFj4aTPyLbPVuLCzVWXdMmPgxt3aHhzosey,2026-02-13T14:55:50Z,CTjV5CfCzRYnxtGEDmguEwjwAz95QpRDbvWhCkaBYCvL,1.3239662501e-06,1323.97,,,,net_01090,1,3,LOW
41rRe8q5EGBTWQs7F6JfDyRSbwFQn4upQRzfyRH5pump,2026-02-13T14:47:29Z,7cWpF6NeGueFa6JXDrTQmApinoHjyfsh5kaAXDaeoEy8,4.5075233704e-09,4.51,,,,net_00037,42,17,MEDIUM
41rRe8q5EGBTWQs7F6JfDyRSbwFQn4upQRzfyRH5pump,2026-02-13T14:47:29Z,7cWpF6NeGueFa6JXDrTQmApinoHjyfsh5kaAXDaeoEy8,4.5075233704e-09,4.51,,,,net_00267,1,2,LOW
41rRe8q5EGBTWQs7F6JfDyRSbwFQn4upQRzfyRH5pump,2026-02-13T14:47:29Z,7cWpF6NeGueFa6JXDrTQmApinoHjyfsh5kaAXDaeoEy8,4.5075233704e-09,4.51,,,,net_00272,1,2,LOW
41rRe8q5EGBTWQs7F6JfDyRSbwFQn4upQRzfyRH5pump,2026-02-13T14:47:29Z,7cWpF6NeGueFa6JXDrTQmApinoHjyfsh5kaAXDaeoEy8,4.5075233704e-09,4.51,,,,net_00314,1,2,LOW
41rRe8q5EGBTWQs7F6JfDyRSbwFQn4upQRzfyRH5pump,2026-02-13T14:47:29Z,7cWpF6NeGueFa6JXDrTQmApinoHjyfsh5kaAXDaeoEy8,4.5075233704e-09,4.51,,,,net_00386,1,2,LOW
41rRe8q5EGBTWQs7F6JfDyRSbwFQn4upQRzfyRH5pump,2026-02-13T14:47:29Z,7cWpF6NeGueFa6JXDrTQmApinoHjyfsh5kaAXDaeoEy8,4.5075233704e-09,4.51,,,,net_00434,1,2,LOW
41rRe8q5EGBTWQs7F6JfDyRSbwFQn4upQRzfyRH5pump,2026-02-13T14:47:29Z,7cWpF6NeGueFa6JXDrTQmApinoHjyfsh5kaAXDaeoEy8,4.5075233704e-09,4.51,,,,net_00566,1,3,LOW
41rRe8q5EGBTWQs7F6JfDyRSbwFQn4upQRzfyRH5pump,2026-02-13T14:47:29Z,7cWpF6NeGueFa6JXDrTQmApinoHjyfsh5kaAXDaeoEy8,4.5075233704e-09,4.51,,,,net_00587,1,2,LOW
41rRe8q5EGBTWQs7F6JfDyRSbwFQn4upQRzfyRH5pump,2026-02-13T14:47:29Z,7cWpF6NeGueFa6JXDrTQmApinoHjyfsh5kaAXDaeoEy8,4.5075233704e-09,4.51,,,,net_00593,1,2,LOW
41rRe8q5EGBTWQs7F6JfDyRSbwFQn4upQRzfyRH5pump,2026-02-13T14:47:29Z,7cWpF6NeGueFa6JXDrTQmApinoHjyfsh5kaAXDaeoEy8,4.5075233704e-09,4.51,,,,net_00610,1,4,LOW
41rRe8q5EGBTWQs7F6JfDyRSbwFQn4upQRzfyRH5pump,2026-02-13T14:47:29Z,7cWpF6NeGueFa6JXDrTQmApinoHjyfsh5kaAXDaeoEy8,4.5075233704e-09,4.51,,,,net_00656,1,2,LOW
41rRe8q5EGBTWQs7F6JfDyRSbwFQn4upQRzfyRH5pump,2026-02-13T14:47:29Z,7cWpF6NeGueFa6JXDrTQmApinoHjyfsh5kaAXDaeoEy8,4.5075233704e-09,4.51,,,,net_00767,1,2,LOW
41rRe8q5EGBTWQs7F6JfDyRSbwFQn4upQRzfyRH5pump,2026-02-13T14:47:29Z,7cWpF6NeGueFa6JXDrTQmApinoHjyfsh5kaAXDaeoEy8,4.5075233704e-09,4.51,,,,net_00783,1,2,LOW
41rRe8q5EGBTWQs7F6JfDyRSbwFQn4upQRzfyRH5pump,2026-02-13T14:47:29Z,7cWpF6NeGueFa6JXDrTQmApinoHjyfsh5kaAXDaeoEy8,4.5075233704e-09,4.51,,,,net_00975,1,2,LOW
41rRe8q5EGBTWQs7F6JfDyRSbwFQn4upQRzfyRH5pump,2026-02-13T14:47:29Z,7cWpF6NeGueFa6JXDrTQmApinoHjyfsh5kaAXDaeoEy8,4.5075233704e-09,4.51,,,,net_00993,1,2,LOW
CQarj81ov7512FEz6T8moMkZooF7ChsgtZsA54Ggpump,2026-02-13T14:44:02Z,APbiL6E5PDyUdLFDgjjHV4UMBnuzTzhzF1K1Cvj39b3Y,5.7287048232e-08,57.29,,,,NONE,0,0,NONE
Cb3s6KsZfqXd65KYa8UEcBKQjcYYbetN8h8qUCMrpump,2026-02-13T14:43:54Z,HKHrWsJZQhCHu6U18yjFM47mbcMeLAtkhVzRuWQS7GB9,1.1963257158e-10,0.12,,,,NONE,0,0,NONE
8ucgWfoG9UDTZttgzKP99f4pLtZyczDan2GDHiG7pump,2026-02-13T14:24:44Z,4iGA6w5xgqXuCvWt9davYjdE12esMxETBxHhdT4pRpaS,8.3923711061e-09,8.39,,,,net_00647,23,152,CRITICAL
A2bQLZS9eamvEQP1XtrSmey4bYimZUAQVqTUjoB1pump,2026-02-13T14:22:40Z,52oeqXUemSPRkESRCgoNvnmJpYhbWtY3uVieeVq6v3EM,6.9765693644e-08,69.77,,,,net_00114,1,2,LOW
A2bQLZS9eamvEQP1XtrSmey4bYimZUAQVqTUjoB1pump,2026-02-13T14:22:40Z,52oeqXUemSPRkESRCgoNvnmJpYhbWtY3uVieeVq6v3EM,6.9765693644e-08,69.77,,,,net_00257,1,2,LOW
A2bQLZS9eamvEQP1XtrSmey4bYimZUAQVqTUjoB1pump,2026-02-13T14:22:40Z,52oeqXUemSPRkESRCgoNvnmJpYhbWtY3uVieeVq6v3EM,6.9765693644e-08,69.77,,,,net_00448,1,2,LOW
A2bQLZS9eamvEQP1XtrSmey4bYimZUAQVqTUjoB1pump,2026-02-13T14:22:40Z,52oeqXUemSPRkESRCgoNvnmJpYhbWtY3uVieeVq6v3EM,6.9765693644e-08,69.77,,,,net_00564,1,2,LOW
A2bQLZS9eamvEQP1XtrSmey4bYimZUAQVqTUjoB1pump,2026-02-13T14:22:40Z,52oeqXUemSPRkESRCgoNvnmJpYhbWtY3uVieeVq6v3EM,6.9765693644e-08,69.77,,,,net_00570,1,4,LOW
A2bQLZS9eamvEQP1XtrSmey4bYimZUAQVqTUjoB1pump,2026-02-13T14:22:40Z,52oeqXUemSPRkESRCgoNvnmJpYhbWtY3uVieeVq6v3EM,6.9765693644e-08,69.77,,,,net_00592,1,8,MEDIUM
A2bQLZS9eamvEQP1XtrSmey4bYimZUAQVqTUjoB1pump,2026-02-13T14:22:40Z,52oeqXUemSPRkESRCgoNvnmJpYhbWtY3uVieeVq6v3EM,6.9765693644e-08,69.77,,,,net_00679,1,7,MEDIUM
A2bQLZS9eamvEQP1XtrSmey4bYimZUAQVqTUjoB1pump,2026-02-13T14:22:40Z,52oeqXUemSPRkESRCgoNvnmJpYhbWtY3uVieeVq6v3EM,6.9765693644e-08,69.77,,,,net_00834,1,2,LOW
A2bQLZS9eamvEQP1XtrSmey4bYimZUAQVqTUjoB1pump,2026-02-13T14:22:40Z,52oeqXUemSPRkESRCgoNvnmJpYhbWtY3uVieeVq6v3EM,6.9765693644e-08,69.77,,,,net_00882,1,7,MEDIUM
A2bQLZS9eamvEQP1XtrSmey4bYimZUAQVqTUjoB1pump,2026-02-13T14:22:40Z,52oeqXUemSPRkESRCgoNvnmJpYhbWtY3uVieeVq6v3EM,6.9765693644e-08,69.77,,,,net_00935,1,3,LOW
A2bQLZS9eamvEQP1XtrSmey4bYimZUAQVqTUjoB1pump,2026-02-13T14:22:40Z,52oeqXUemSPRkESRCgoNvnmJpYhbWtY3uVieeVq6v3EM,6.9765693644e-08,69.77,,,,net_01064,1,5,LOW
8CBCDnuVawajZ9yJ9qUthjkmpwFpnmKpnPHL4mYKpump,2026-02-13T14:17:54Z,EyY1DMZ6mGCx8BU7n3gPRW6DQnZWxGQC4CTJJLWPxarx,1.0527334506e-07,105.27,,,,net_00237,1,3,LOW
8CBCDnuVawajZ9yJ9qUthjkmpwFpnmKpnPHL4mYKpump,2026-02-13T14:17:54Z,EyY1DMZ6mGCx8BU7n3gPRW6DQnZWxGQC4CTJJLWPxarx,1.0527334506e-07,105.27,,,,net_00625,1,2,LOW
8CBCDnuVawajZ9yJ9qUthjkmpwFpnmKpnPHL4mYKpump,2026-02-13T14:17:54Z,EyY1DMZ6mGCx8BU7n3gPRW6DQnZWxGQC4CTJJLWPxarx,1.0527334506e-07,105.27,,,,net_00647,23,152,CRITICAL
8CBCDnuVawajZ9yJ9qUthjkmpwFpnmKpnPHL4mYKpump,2026-02-13T14:17:54Z,EyY1DMZ6mGCx8BU7n3gPRW6DQnZWxGQC4CTJJLWPxarx,1.0527334506e-07,105.27,,,,net_00706,1,2,LOW
8CBCDnuVawajZ9yJ9qUthjkmpwFpnmKpnPHL4mYKpump,2026-02-13T14:17:54Z,EyY1DMZ6mGCx8BU7n3gPRW6DQnZWxGQC4CTJJLWPxarx,1.0527334506e-07,105.27,,,,net_01090,1,3,LOW
6HY4GrUEqiBeMdonfLXKe6jTpND8wZk13voizDtngo2P,2026-02-13T14:08:37Z,Dzp1SrZ474xwGp6ZEP6cNKo39u9zeXe1YAuTkyZyv3t4,6.2093209669e-08,62.09,,,,net_00502,1,10,MEDIUM
6HY4GrUEqiBeMdonfLXKe6jTpND8wZk13voizDtngo2P,2026-02-13T14:08:37Z,Dzp1SrZ474xwGp6ZEP6cNKo39u9zeXe1YAuTkyZyv3t4,6.2093209669e-08,62.09,,,,net_00566,1,3,LOW
6HY4GrUEqiBeMdonfLXKe6jTpND8wZk13voizDtngo2P,2026-02-13T14:08:37Z,Dzp1SrZ474xwGp6ZEP6cNKo39u9zeXe1YAuTkyZyv3t4,6.2093209669e-08,62.09,,,,net_00704,1,5,LOW
6HY4GrUEqiBeMdonfLXKe6jTpND8wZk13voizDtngo2P,2026-02-13T14:08:37Z,Dzp1SrZ474xwGp6ZEP6cNKo39u9zeXe1YAuTkyZyv3t4,6.2093209669e-08,62.09,,,,net_00728,1,7,MEDIUM
6HY4GrUEqiBeMdonfLXKe6jTpND8wZk13voizDtngo2P,2026-02-13T14:08:37Z,Dzp1SrZ474xwGp6ZEP6cNKo39u9zeXe1YAuTkyZyv3t4,6.2093209669e-08,62.09,,,,net_00739,1,4,LOW
7HEug5Lk3F1TppRPftTL1V37FPmdotuEfpyaUUMrpump,2026-02-13T14:01:35Z,6ujZxnphRxTqveaQtLAQHFoWz16xhLWZbTijcgZN4fRp,9.6186232124e-10,0.96,,,,net_00196,1,2,LOW
7HEug5Lk3F1TppRPftTL1V37FPmdotuEfpyaUUMrpump,2026-02-13T14:01:35Z,6ujZxnphRxTqveaQtLAQHFoWz16xhLWZbTijcgZN4fRp,9.6186232124e-10,0.96,,,,net_00245,1,5,LOW
7HEug5Lk3F1TppRPftTL1V37FPmdotuEfpyaUUMrpump,2026-02-13T14:01:35Z,6ujZxnphRxTqveaQtLAQHFoWz16xhLWZbTijcgZN4fRp,9.6186232124e-10,0.96,,,,net_00287,1,2,LOW
7HEug5Lk3F1TppRPftTL1V37FPmdotuEfpyaUUMrpump,2026-02-13T14:01:35Z,6ujZxnphRxTqveaQtLAQHFoWz16xhLWZbTijcgZN4fRp,9.6186232124e-10,0.96,,,,net_00320,1,2,LOW
7HEug5Lk3F1TppRPftTL1V37FPmdotuEfpyaUUMrpump,2026-02-13T14:01:35Z,6ujZxnphRxTqveaQtLAQHFoWz16xhLWZbTijcgZN4fRp,9.6186232124e-10,0.96,,,,net_00346,1,3,LOW
7HEug5Lk3F1TppRPftTL1V37FPmdotuEfpyaUUMrpump,2026-02-13T14:01:35Z,6ujZxnphRxTqveaQtLAQHFoWz16xhLWZbTijcgZN4fRp,9.6186232124e-10,0.96,,,,net_00478,1,3,LOW
7HEug5Lk3F1TppRPftTL1V37FPmdotuEfpyaUUMrpump,2026-02-13T14:01:35Z,6ujZxnphRxTqveaQtLAQHFoWz16xhLWZbTijcgZN4fRp,9.6186232124e-10,0.96,,,,net_00857,1,2,LOW
7HEug5Lk3F1TppRPftTL1V37FPmdotuEfpyaUUMrpump,2026-02-13T14:01:35Z,6ujZxnphRxTqveaQtLAQHFoWz16xhLWZbTijcgZN4fRp,9.6186232124e-10,0.96,,,,net_00882,1,7,MEDIUM
7HEug5Lk3F1TppRPftTL1V37FPmdotuEfpyaUUMrpump,2026-02-13T14:01:35Z,6ujZxnphRxTqveaQtLAQHFoWz16xhLWZbTijcgZN4fRp,9.6186232124e-10,0.96,,,,net_00935,1,3,LOW
CAdr52UUpPApJ7rt5Y3f4B4TueeVvCCyAc4hm6Ejpump,2026-02-13T13:59:35Z,8AgdxQbdmAeMtZcPiK3qTDMMMjVeJHQQGqAp3YFGRnmD,2.3712705912e-08,23.71,,,,net_00028,38,11,MEDIUM
CAdr52UUpPApJ7rt5Y3f4B4TueeVvCCyAc4hm6Ejpump,2026-02-13T13:59:35Z,8AgdxQbdmAeMtZcPiK3qTDMMMjVeJHQQGqAp3YFGRnmD,2.3712705912e-08,23.71,,,,net_00054,1,4,LOW
CAdr52UUpPApJ7rt5Y3f4B4TueeVvCCyAc4hm6Ejpump,2026-02-13T13:59:35Z,8AgdxQbdmAeMtZcPiK3qTDMMMjVeJHQQGqAp3YFGRnmD,2.3712705912e-08,23.71,,,,net_00243,1,2,LOW
CAdr52UUpPApJ7rt5Y3f4B4TueeVvCCyAc4hm6Ejpump,2026-02-13T13:59:35Z,8AgdxQbdmAeMtZcPiK3qTDMMMjVeJHQQGqAp3YFGRnmD,2.3712705912e-08,23.71,,,,net_00266,1,2,LOW
CAdr52UUpPApJ7rt5Y3f4B4TueeVvCCyAc4hm6Ejpump,2026-02-13T13:59:35Z,8AgdxQbdmAeMtZcPiK3qTDMMMjVeJHQQGqAp3YFGRnmD,2.3712705912e-08,23.71,,,,net_00439,1,2,LOW
CAdr52UUpPApJ7rt5Y3f4B4TueeVvCCyAc4hm6Ejpump,2026-02-13T13:59:35Z,8AgdxQbdmAeMtZcPiK3qTDMMMjVeJHQQGqAp3YFGRnmD,2.3712705912e-08,23.71,,,,net_00481,1,2,LOW
CAdr52UUpPApJ7rt5Y3f4B4TueeVvCCyAc4hm6Ejpump,2026-02-13T13:59:35Z,8AgdxQbdmAeMtZcPiK3qTDMMMjVeJHQQGqAp3YFGRnmD,2.3712705912e-08,23.71,,,,net_00635,1,2,LOW
CAdr52UUpPApJ7rt5Y3f4B4TueeVvCCyAc4hm6Ejpump,2026-02-13T13:59:35Z,8AgdxQbdmAeMtZcPiK3qTDMMMjVeJHQQGqAp3YFGRnmD,2.3712705912e-08,23.71,,,,net_00734,1,2,LOW
CAdr52UUpPApJ7rt5Y3f4B4TueeVvCCyAc4hm6Ejpump,2026-02-13T13:59:35Z,8AgdxQbdmAeMtZcPiK3qTDMMMjVeJHQQGqAp3YFGRnmD,2.3712705912e-08,23.71,,,,net_00750,1,6,MEDIUM
CAdr52UUpPApJ7rt5Y3f4B4TueeVvCCyAc4hm6Ejpump,2026-02-13T13:59:35Z,8AgdxQbdmAeMtZcPiK3qTDMMMjVeJHQQGqAp3YFGRnmD,2.3712705912e-08,23.71,,,,net_00752,1,6,MEDIUM
CAdr52UUpPApJ7rt5Y3f4B4TueeVvCCyAc4hm6Ejpump,2026-02-13T13:59:35Z,8AgdxQbdmAeMtZcPiK3qTDMMMjVeJHQQGqAp3YFGRnmD,2.3712705912e-08,23.71,,,,net_00788,1,2,LOW
DR5bHV8CCdeNQyzkVdu2e57RdquxNq8tXWZ97CArRj26,2026-02-13T13:33:17Z,866SrsMfwKsErATZDCLAPbxH3NuqjKn7zQ1xXMqixoz1,3.5989166104e-08,35.99,,,,net_00011,1,2,LOW
DR5bHV8CCdeNQyzkVdu2e57RdquxNq8tXWZ97CArRj26,2026-02-13T13:33:17Z,866SrsMfwKsErATZDCLAPbxH3NuqjKn7zQ1xXMqixoz1,3.5989166104e-08,35.99,,,,net_00096,1,2,LOW
DR5bHV8CCdeNQyzkVdu2e57RdquxNq8tXWZ97CArRj26,2026-02-13T13:33:17Z,866SrsMfwKsErATZDCLAPbxH3NuqjKn7zQ1xXMqixoz1,3.5989166104e-08,35.99,,,,net_00160,1,4,LOW
DR5bHV8CCdeNQyzkVdu2e57RdquxNq8tXWZ97CArRj26,2026-02-13T13:33:17Z,866SrsMfwKsErATZDCLAPbxH3NuqjKn7zQ1xXMqixoz1,3.5989166104e-08,35.99,,,,net_00235,1,2,LOW
DR5bHV8CCdeNQyzkVdu2e57RdquxNq8tXWZ97CArRj26,2026-02-13T13:33:17Z,866SrsMfwKsErATZDCLAPbxH3NuqjKn7zQ1xXMqixoz1,3.5989166104e-08,35.99,,,,net_00336,1,2,LOW
DR5bHV8CCdeNQyzkVdu2e57RdquxNq8tXWZ97CArRj26,2026-02-13T13:33:17Z,866SrsMfwKsErATZDCLAPbxH3NuqjKn7zQ1xXMqixoz1,3.5989166104e-08,35.99,,,,net_00385,1,5,LOW
DR5bHV8CCdeNQyzkVdu2e57RdquxNq8tXWZ97CArRj26,2026-02-13T13:33:17Z,866SrsMfwKsErATZDCLAPbxH3NuqjKn7zQ1xXMqixoz1,3.5989166104e-08,35.99,,,,net_00442,1,5,LOW
DR5bHV8CCdeNQyzkVdu2e57RdquxNq8tXWZ97CArRj26,2026-02-13T13:33:17Z,866SrsMfwKsErATZDCLAPbxH3NuqjKn7zQ1xXMqixoz1,3.5989166104e-08,35.99,,,,net_00443,1,4,LOW
DR5bHV8CCdeNQyzkVdu2e57RdquxNq8tXWZ97CArRj26,2026-02-13T13:33:17Z,866SrsMfwKsErATZDCLAPbxH3NuqjKn7zQ1xXMqixoz1,3.5989166104e-08,35.99,,,,net_00460,1,4,LOW
DR5bHV8CCdeNQyzkVdu2e57RdquxNq8tXWZ97CArRj26,2026-02-13T13:33:17Z,866SrsMfwKsErATZDCLAPbxH3NuqjKn7zQ1xXMqixoz1,3.5989166104e-08,35.99,,,,net_00478,1,3,LOW
DR5bHV8CCdeNQyzkVdu2e57RdquxNq8tXWZ97CArRj26,2026-02-13T13:33:17Z,866SrsMfwKsErATZDCLAPbxH3NuqjKn7zQ1xXMqixoz1,3.5989166104e-08,35.99,,,,net_00482,1,5,LOW
DR5bHV8CCdeNQyzkVdu2e57RdquxNq8tXWZ97CArRj26,2026-02-13T13:33:17Z,866SrsMfwKsErATZDCLAPbxH3NuqjKn7zQ1xXMqixoz1,3.5989166104e-08,35.99,,,,net_00502,1,10,MEDIUM
DR5bHV8CCdeNQyzkVdu2e57RdquxNq8tXWZ97CArRj26,2026-02-13T13:33:17Z,866SrsMfwKsErATZDCLAPbxH3NuqjKn7zQ1xXMqixoz1,3.5989166104e-08,35.99,,,,net_00533,1,4,LOW
DR5bHV8CCdeNQyzkVdu2e57RdquxNq8tXWZ97CArRj26,2026-02-13T13:33:17Z,866SrsMfwKsErATZDCLAPbxH3NuqjKn7zQ1xXMqixoz1,3.5989166104e-08,35.99,,,,net_00732,1,3,LOW
DR5bHV8CCdeNQyzkVdu2e57RdquxNq8tXWZ97CArRj26,2026-02-13T13:33:17Z,866SrsMfwKsErATZDCLAPbxH3NuqjKn7zQ1xXMqixoz1,3.5989166104e-08,35.99,,,,net_00745,1,4,LOW
DR5bHV8CCdeNQyzkVdu2e57RdquxNq8tXWZ97CArRj26,2026-02-13T13:33:17Z,866SrsMfwKsErATZDCLAPbxH3NuqjKn7zQ1xXMqixoz1,3.5989166104e-08,35.99,,,,net_00750,1,6,MEDIUM
DR5bHV8CCdeNQyzkVdu2e57RdquxNq8tXWZ97CArRj26,2026-02-13T13:33:17Z,866SrsMfwKsErATZDCLAPbxH3NuqjKn7zQ1xXMqixoz1,3.5989166104e-08,35.99,,,,net_00752,1,6,MEDIUM
DR5bHV8CCdeNQyzkVdu2e57RdquxNq8tXWZ97CArRj26,2026-02-13T13:33:17Z,866SrsMfwKsErATZDCLAPbxH3NuqjKn7zQ1xXMqixoz1,3.5989166104e-08,35.99,,,,net_00800,1,7,MEDIUM
DR5bHV8CCdeNQyzkVdu2e57RdquxNq8tXWZ97CArRj26,2026-02-13T13:33:17Z,866SrsMfwKsErATZDCLAPbxH3NuqjKn7zQ1xXMqixoz1,3.5989166104e-08,35.99,,,,net_00839,1,4,LOW
DR5bHV8CCdeNQyzkVdu2e57RdquxNq8tXWZ97CArRj26,2026-02-13T13:33:17Z,866SrsMfwKsErATZDCLAPbxH3NuqjKn7zQ1xXMqixoz1,3.5989166104e-08,35.99,,,,net_00970,1,2,LOW
2CQfZ9wH3E4vCqKuGUkCzpZyXnhu7iwVbYc7ZAGfpump,2026-02-13T13:33:02Z,ALJ4P5QNyHeLEjpKGmA1eUfJHSEGQMjY8HLnDkSgjczb,8.1277868292e-11,0.08,,,,net_00182,1,2,LOW
2CQfZ9wH3E4vCqKuGUkCzpZyXnhu7iwVbYc7ZAGfpump,2026-02-13T13:33:02Z,ALJ4P5QNyHeLEjpKGmA1eUfJHSEGQMjY8HLnDkSgjczb,8.1277868292e-11,0.08,,,,net_00288,1,2,LOW
2CQfZ9wH3E4vCqKuGUkCzpZyXnhu7iwVbYc7ZAGfpump,2026-02-13T13:33:02Z,ALJ4P5QNyHeLEjpKGmA1eUfJHSEGQMjY8HLnDkSgjczb,8.1277868292e-11,0.08,,,,net_00426,1,2,LOW
2CQfZ9wH3E4vCqKuGUkCzpZyXnhu7iwVbYc7ZAGfpump,2026-02-13T13:33:02Z,ALJ4P5QNyHeLEjpKGmA1eUfJHSEGQMjY8HLnDkSgjczb,8.1277868292e-11,0.08,,,,net_00755,1,2,LOW
2CQfZ9wH3E4vCqKuGUkCzpZyXnhu7iwVbYc7ZAGfpump,2026-02-13T13:33:02Z,ALJ4P5QNyHeLEjpKGmA1eUfJHSEGQMjY8HLnDkSgjczb,8.1277868292e-11,0.08,,,,net_00771,1,2,LOW
Fiz3UzjMudjXcXaRK78A179DMbVZcFsUFD5AbbJpump,2026-02-13T13:32:25Z,4isPmqGiTP4fYxrdxsd4EawtQJzmRKaqxPHFNjRzvfGN,1.1757757643e-09,1.18,,,,net_00114,1,2,LOW
Fiz3UzjMudjXcXaRK78A179DMbVZcFsUFD5AbbJpump,2026-02-13T13:32:25Z,4isPmqGiTP4fYxrdxsd4EawtQJzmRKaqxPHFNjRzvfGN,1.1757757643e-09,1.18,,,,net_00162,1,2,LOW
Fiz3UzjMudjXcXaRK78A179DMbVZcFsUFD5AbbJpump,2026-02-13T13:32:25Z,4isPmqGiTP4fYxrdxsd4EawtQJzmRKaqxPHFNjRzvfGN,1.1757757643e-09,1.18,,,,net_00448,1,2,LOW
Fiz3UzjMudjXcXaRK78A179DMbVZcFsUFD5AbbJpump,2026-02-13T13:32:25Z,4isPmqGiTP4fYxrdxsd4EawtQJzmRKaqxPHFNjRzvfGN,1.1757757643e-09,1.18,,,,net_00481,1,2,LOW
Fiz3UzjMudjXcXaRK78A179DMbVZcFsUFD5AbbJpump,2026-02-13T13:32:25Z,4isPmqGiTP4fYxrdxsd4EawtQJzmRKaqxPHFNjRzvfGN,1.1757757643e-09,1.18,,,,net_00485,1,3,LOW
Fiz3UzjMudjXcXaRK78A179DMbVZcFsUFD5AbbJpump,2026-02-13T13:32:25Z,4isPmqGiTP4fYxrdxsd4EawtQJzmRKaqxPHFNjRzvfGN,1.1757757643e-09,1.18,,,,net_00533,1,4,LOW
Fiz3UzjMudjXcXaRK78A179DMbVZcFsUFD5AbbJpump,2026-02-13T13:32:25Z,4isPmqGiTP4fYxrdxsd4EawtQJzmRKaqxPHFNjRzvfGN,1.1757757643e-09,1.18,,,,net_00616,1,2,LOW
Fiz3UzjMudjXcXaRK78A179DMbVZcFsUFD5AbbJpump,2026-02-13T13:32:25Z,4isPmqGiTP4fYxrdxsd4EawtQJzmRKaqxPHFNjRzvfGN,1.1757757643e-09,1.18,,,,net_00666,1,2,LOW
2YvM55dN47xVMz5GwA75GZ9YPjSJpnLFMGrfFLc6pump,2026-02-13T13:26:26Z,2eqwfuGhdHSxaxZbb6e5U9d2zwtb3uTH88tHzSq2rGyJ,7.5772722074e-09,7.58,,,,NONE,0,0,NONE
8dAsTqYBjG9jyy7RkRhH8KkwmmZA7mFViWneh5Acpump,2026-02-13T13:25:39Z,8v1CA3WsQxQi23hzm5kVLFURCvyy1hSUoSHhwxTKFTma,1.8981925437e-07,189.82,,,,NONE,0,0,NONE
HytpLmXEFm9HUJypoQDdJ4mD9NnoqPbEiRKqxPhCpump,2026-02-13T13:20:16Z,95ZCf3jKMHeFYvPXVZW3Ek6AEPDyjebosqnc7eNioVMo,2.3635743301e-07,236.36,,,,net_00037,42,17,MEDIUM
HytpLmXEFm9HUJypoQDdJ4mD9NnoqPbEiRKqxPhCpump,2026-02-13T13:20:16Z,95ZCf3jKMHeFYvPXVZW3Ek6AEPDyjebosqnc7eNioVMo,2.3635743301e-07,236.36,,,,net_00223,1,2,LOW
HytpLmXEFm9HUJypoQDdJ4mD9NnoqPbEiRKqxPhCpump,2026-02-13T13:20:16Z,95ZCf3jKMHeFYvPXVZW3Ek6AEPDyjebosqnc7eNioVMo,2.3635743301e-07,236.36,,,,net_00440,1,2,LOW
HytpLmXEFm9HUJypoQDdJ4mD9NnoqPbEiRKqxPhCpump,2026-02-13T13:20:16Z,95ZCf3jKMHeFYvPXVZW3Ek6AEPDyjebosqnc7eNioVMo,2.3635743301e-07,236.36,,,,net_00540,1,2,LOW
HytpLmXEFm9HUJypoQDdJ4mD9NnoqPbEiRKqxPhCpump,2026-02-13T13:20:16Z,95ZCf3jKMHeFYvPXVZW3Ek6AEPDyjebosqnc7eNioVMo,2.3635743301e-07,236.36,,,,net_00565,1,4,LOW
HytpLmXEFm9HUJypoQDdJ4mD9NnoqPbEiRKqxPhCpump,2026-02-13T13:20:16Z,95ZCf3jKMHeFYvPXVZW3Ek6AEPDyjebosqnc7eNioVMo,2.3635743301e-07,236.36,,,,net_00970,1,2,LOW
HytpLmXEFm9HUJypoQDdJ4mD9NnoqPbEiRKqxPhCpump,2026-02-13T13:20:16Z,95ZCf3jKMHeFYvPXVZW3Ek6AEPDyjebosqnc7eNioVMo,2.3635743301e-07,236.36,,,,net_01095,1,2,LOW
B2LbjxW3CzExWuA746ntJVJJPZjtcX7WmGFJjHvVpump,2026-02-13T13:15:01Z,BpX7Gz1jYc1hSDh1gPN2DVqh4gCSFysgYayoeCdBxgYV,5.1976932161e-10,0.52,,,,net_01094,1,6,MEDIUM
6uGjzexABYBEgCkd44YVScVcf5sbu3zuhuYnMxg1pump,2026-02-13T13:06:12Z,XMdPXJjsmHkJ9Qx2s8Mpow4m4S72jgJf359vtkp8v79,2.7913879265e-08,27.91,,,,NONE,0,0,NONE
HKpuXy26kKQvCP6dWLEaRd1bJQFPxC5RXYsJBH7fpump,2026-02-13T12:56:54Z,A8Z1ejQGk45EJibBPJviWnM3UvwKSuYun53nSCkWKM52,1.5591250849e-07,155.91,,,,net_00015,1,4,LOW
HKpuXy26kKQvCP6dWLEaRd1bJQFPxC5RXYsJBH7fpump,2026-02-13T12:56:54Z,A8Z1ejQGk45EJibBPJviWnM3UvwKSuYun53nSCkWKM52,1.5591250849e-07,155.91,,,,net_00028,38,11,MEDIUM
HKpuXy26kKQvCP6dWLEaRd1bJQFPxC5RXYsJBH7fpump,2026-02-13T12:56:54Z,A8Z1ejQGk45EJibBPJviWnM3UvwKSuYun53nSCkWKM52,1.5591250849e-07,155.91,,,,net_00088,1,3,LOW
HKpuXy26kKQvCP6dWLEaRd1bJQFPxC5RXYsJBH7fpump,2026-02-13T12:56:54Z,A8Z1ejQGk45EJibBPJviWnM3UvwKSuYun53nSCkWKM52,1.5591250849e-07,155.91,,,,net_00100,1,2,LOW
HKpuXy26kKQvCP6dWLEaRd1bJQFPxC5RXYsJBH7fpump,2026-02-13T12:56:54Z,A8Z1ejQGk45EJibBPJviWnM3UvwKSuYun53nSCkWKM52,1.5591250849e-07,155.91,,,,net_00148,1,2,LOW
HKpuXy26kKQvCP6dWLEaRd1bJQFPxC5RXYsJBH7fpump,2026-02-13T12:56:54Z,A8Z1ejQGk45EJibBPJviWnM3UvwKSuYun53nSCkWKM52,1.5591250849e-07,155.91,,,,net_00155,1,2,LOW
HKpuXy26kKQvCP6dWLEaRd1bJQFPxC5RXYsJBH7fpump,2026-02-13T12:56:54Z,A8Z1ejQGk45EJibBPJviWnM3UvwKSuYun53nSCkWKM52,1.5591250849e-07,155.91,,,,net_00186,1,2,LOW
HKpuXy26kKQvCP6dWLEaRd1bJQFPxC5RXYsJBH7fpump,2026-02-13T12:56:54Z,A8Z1ejQGk45EJibBPJviWnM3UvwKSuYun53nSCkWKM52,1.5591250849e-07,155.91,,,,net_00373,1,5,LOW
HKpuXy26kKQvCP6dWLEaRd1bJQFPxC5RXYsJBH7fpump,2026-02-13T12:56:54Z,A8Z1ejQGk45EJibBPJviWnM3UvwKSuYun53nSCkWKM52,1.5591250849e-07,155.91,,,,net_00441,1,2,LOW
HKpuXy26kKQvCP6dWLEaRd1bJQFPxC5RXYsJBH7fpump,2026-02-13T12:56:54Z,A8Z1ejQGk45EJibBPJviWnM3UvwKSuYun53nSCkWKM52,1.5591250849e-07,155.91,,,,net_00592,1,8,MEDIUM
HKpuXy26kKQvCP6dWLEaRd1bJQFPxC5RXYsJBH7fpump,2026-02-13T12:56:54Z,A8Z1ejQGk45EJibBPJviWnM3UvwKSuYun53nSCkWKM52,1.5591250849e-07,155.91,,,,net_00658,1,2,LOW
HKpuXy26kKQvCP6dWLEaRd1bJQFPxC5RXYsJBH7fpump,2026-02-13T12:56:54Z,A8Z1ejQGk45EJibBPJviWnM3UvwKSuYun53nSCkWKM52,1.5591250849e-07,155.91,,,,net_00766,1,2,LOW
HKpuXy26kKQvCP6dWLEaRd1bJQFPxC5RXYsJBH7fpump,2026-02-13T12:56:54Z,A8Z1ejQGk45EJibBPJviWnM3UvwKSuYun53nSCkWKM52,1.5591250849e-07,155.91,,,,net_00800,1,7,MEDIUM
HKpuXy26kKQvCP6dWLEaRd1bJQFPxC5RXYsJBH7fpump,2026-02-13T12:56:54Z,A8Z1ejQGk45EJibBPJviWnM3UvwKSuYun53nSCkWKM52,1.5591250849e-07,155.91,,,,net_00820,1,2,LOW
5Yam8qiQWbN8nGeaG7nAKrSc8KivsquGz2dgfnfLpump,2026-02-13T12:54:37Z,71UuNTAqBFFa7foqdZ8epG3sw22kHQ8fqsZuKPeLXv9b,1.4961496983e-08,14.96,,,,NONE,0,0,NONE
HRX8pkZNoGQmSA6eRuQo7vvspKU9MVGWhvpn71UE1B8E,2026-02-13T12:50:19Z,7MJfNPRCXnQyKFaP3bkH5sreZ1FUsTqsGHJD2bgLJQyz,2.4950000000e-05,24958.93,,,,NONE,0,0,NONE
FzmnP3XijDkoaNuBu1KDWRL7KGU2pF2QkNM4jJQqkw8w,2026-02-13T12:33:21Z,866SrsMfwKsErATZDCLAPbxH3NuqjKn7zQ1xXMqixoz1,5.0361992356e-10,0.50,,,,net_00011,1,2,LOW
FzmnP3XijDkoaNuBu1KDWRL7KGU2pF2QkNM4jJQqkw8w,2026-02-13T12:33:21Z,866SrsMfwKsErATZDCLAPbxH3NuqjKn7zQ1xXMqixoz1,5.0361992356e-10,0.50,,,,net_00096,1,2,LOW
FzmnP3XijDkoaNuBu1KDWRL7KGU2pF2QkNM4jJQqkw8w,2026-02-13T12:33:21Z,866SrsMfwKsErATZDCLAPbxH3NuqjKn7zQ1xXMqixoz1,5.0361992356e-10,0.50,,,,net_00160,1,4,LOW
FzmnP3XijDkoaNuBu1KDWRL7KGU2pF2QkNM4jJQqkw8w,2026-02-13T12:33:21Z,866SrsMfwKsErATZDCLAPbxH3NuqjKn7zQ1xXMqixoz1,5.0361992356e-10,0.50,,,,net_00235,1,2,LOW
FzmnP3XijDkoaNuBu1KDWRL7KGU2pF2QkNM4jJQqkw8w,2026-02-13T12:33:21Z,866SrsMfwKsErATZDCLAPbxH3NuqjKn7zQ1xXMqixoz1,5.0361992356e-10,0.50,,,,net_00336,1,2,LOW
FzmnP3XijDkoaNuBu1KDWRL7KGU2pF2QkNM4jJQqkw8w,2026-02-13T12:33:21Z,866SrsMfwKsErATZDCLAPbxH3NuqjKn7zQ1xXMqixoz1,5.0361992356e-10,0.50,,,,net_00385,1,5,LOW
FzmnP3XijDkoaNuBu1KDWRL7KGU2pF2QkNM4jJQqkw8w,2026-02-13T12:33:21Z,866SrsMfwKsErATZDCLAPbxH3NuqjKn7zQ1xXMqixoz1,5.0361992356e-10,0.50,,,,net_00442,1,5,LOW
FzmnP3XijDkoaNuBu1KDWRL7KGU2pF2QkNM4jJQqkw8w,2026-02-13T12:33:21Z,866SrsMfwKsErATZDCLAPbxH3NuqjKn7zQ1xXMqixoz1,5.0361992356e-10,0.50,,,,net_00443,1,4,LOW
FzmnP3XijDkoaNuBu1KDWRL7KGU2pF2QkNM4jJQqkw8w,2026-02-13T12:33:21Z,866SrsMfwKsErATZDCLAPbxH3NuqjKn7zQ1xXMqixoz1,5.0361992356e-10,0.50,,,,net_00460,1,4,LOW
FzmnP3XijDkoaNuBu1KDWRL7KGU2pF2QkNM4jJQqkw8w,2026-02-13T12:33:21Z,866SrsMfwKsErATZDCLAPbxH3NuqjKn7zQ1xXMqixoz1,5.0361992356e-10,0.50,,,,net_00478,1,3,LOW
FzmnP3XijDkoaNuBu1KDWRL7KGU2pF2QkNM4jJQqkw8w,2026-02-13T12:33:21Z,866SrsMfwKsErATZDCLAPbxH3NuqjKn7zQ1xXMqixoz1,5.0361992356e-10,0.50,,,,net_00482,1,5,LOW
FzmnP3XijDkoaNuBu1KDWRL7KGU2pF2QkNM4jJQqkw8w,2026-02-13T12:33:21Z,866SrsMfwKsErATZDCLAPbxH3NuqjKn7zQ1xXMqixoz1,5.0361992356e-10,0.50,,,,net_00502,1,10,MEDIUM
FzmnP3XijDkoaNuBu1KDWRL7KGU2pF2QkNM4jJQqkw8w,2026-02-13T12:33:21Z,866SrsMfwKsErATZDCLAPbxH3NuqjKn7zQ1xXMqixoz1,5.0361992356e-10,0.50,,,,net_00533,1,4,LOW
FzmnP3XijDkoaNuBu1KDWRL7KGU2pF2QkNM4jJQqkw8w,2026-02-13T12:33:21Z,866SrsMfwKsErATZDCLAPbxH3NuqjKn7zQ1xXMqixoz1,5.0361992356e-10,0.50,,,,net_00732,1,3,LOW
FzmnP3XijDkoaNuBu1KDWRL7KGU2pF2QkNM4jJQqkw8w,2026-02-13T12:33:21Z,866SrsMfwKsErATZDCLAPbxH3NuqjKn7zQ1xXMqixoz1,5.0361992356e-10,0.50,,,,net_00745,1,4,LOW
FzmnP3XijDkoaNuBu1KDWRL7KGU2pF2QkNM4jJQqkw8w,2026-02-13T12:33:21Z,866SrsMfwKsErATZDCLAPbxH3NuqjKn7zQ1xXMqixoz1,5.0361992356e-10,0.50,,,,net_00750,1,6,MEDIUM
FzmnP3XijDkoaNuBu1KDWRL7KGU2pF2QkNM4jJQqkw8w,2026-02-13T12:33:21Z,866SrsMfwKsErATZDCLAPbxH3NuqjKn7zQ1xXMqixoz1,5.0361992356e-10,0.50,,,,net_00752,1,6,MEDIUM
FzmnP3XijDkoaNuBu1KDWRL7KGU2pF2QkNM4jJQqkw8w,2026-02-13T12:33:21Z,866SrsMfwKsErATZDCLAPbxH3NuqjKn7zQ1xXMqixoz1,5.0361992356e-10,0.50,,,,net_00800,1,7,MEDIUM
FzmnP3XijDkoaNuBu1KDWRL7KGU2pF2QkNM4jJQqkw8w,2026-02-13T12:33:21Z,866SrsMfwKsErATZDCLAPbxH3NuqjKn7zQ1xXMqixoz1,5.0361992356e-10,0.50,,,,net_00839,1,4,LOW
FzmnP3XijDkoaNuBu1KDWRL7KGU2pF2QkNM4jJQqkw8w,2026-02-13T12:33:21Z,866SrsMfwKsErATZDCLAPbxH3NuqjKn7zQ1xXMqixoz1,5.0361992356e-10,0.50,,,,net_00970,1,2,LOW
H8huJ1utwMur6y6iSM7nxJKyJnsiMrERRzmWLVK5pump,2026-02-13T12:29:24Z,5Vxv97DRVyn6mb2fHj9W9f7sS1Gxfo7iXFmHoHsE2JQD,,,,,,NONE,0,0,NONE
pqyc6FKU9zLFh8XpqVoJgXVJWqUL6rN7QMyk3a8pump,2026-02-13T12:28:59Z,EzVWUAzYHDh3Mf6Jrfvfo9xDdjHkASRBoQ45uyXghdQK,,,,,,NONE,0,0,NONE
GC3KWmh16jCkbsm1o9Tcugte5NqVwN9chT1gsjxUpump,2026-02-13T12:18:41Z,BfkHcUosWXc8AX3cwrSsK4BiKmy9TA4dmvFDzhZTQwq3,1.1560000000e-05,11567.47,,,,NONE,0,0,NONE
3LqRqyWDRZ2po8B14c4j6DJrAjvAdN1ryJKcDbG6pump,2026-02-13T12:10:45Z,A1LiHmbdL44bSt7HeybyWSAvXAzFvLCrtcENcmApQC3M,4.4342024817e-11,0.04,,,,NONE,0,0,NONE
2whM49TTVqR3Sy3LU9Sw7WUfZKYHbStsbA1psgzCpump,2026-02-13T11:57:41Z,H6UJdgAaozwkmSfZshdiYiZiTSuKERHuT84XMCMpCEqY,3.4838875797e-09,3.48,,,,NONE,0,0,NONE
2msEniANJUFHtMjH8M8UeWSLDYdKiZjAqbC8CPoepump,2026-02-13T11:45:08Z,CFa6Jr2wuLdpNTbXVz9uaJb97r3HwQuFZ4LsVPZbuFwr,1.0134843684e-09,1.01,,,,net_00021,44,7,MEDIUM
5XQQDVcVHx4w29WwMtsiFMYbqNorac8Lo5xa65Qvpump,2026-02-13T11:39:31Z,D8n8Dy6DWC9691mR4NroSA9TdxXBxDV6Rr639RapanS4,1.1360022274e-10,0.11,,,,net_00028,38,11,MEDIUM
5XQQDVcVHx4w29WwMtsiFMYbqNorac8Lo5xa65Qvpump,2026-02-13T11:39:31Z,D8n8Dy6DWC9691mR4NroSA9TdxXBxDV6Rr639RapanS4,1.1360022274e-10,0.11,,,,net_00084,1,7,MEDIUM
5XQQDVcVHx4w29WwMtsiFMYbqNorac8Lo5xa65Qvpump,2026-02-13T11:39:31Z,D8n8Dy6DWC9691mR4NroSA9TdxXBxDV6Rr639RapanS4,1.1360022274e-10,0.11,,,,net_00356,1,3,LOW
5XQQDVcVHx4w29WwMtsiFMYbqNorac8Lo5xa65Qvpump,2026-02-13T11:39:31Z,D8n8Dy6DWC9691mR4NroSA9TdxXBxDV6Rr639RapanS4,1.1360022274e-10,0.11,,,,net_00373,1,5,LOW
5XQQDVcVHx4w29WwMtsiFMYbqNorac8Lo5xa65Qvpump,2026-02-13T11:39:31Z,D8n8Dy6DWC9691mR4NroSA9TdxXBxDV6Rr639RapanS4,1.1360022274e-10,0.11,,,,net_00537,1,2,LOW
5XQQDVcVHx4w29WwMtsiFMYbqNorac8Lo5xa65Qvpump,2026-02-13T11:39:31Z,D8n8Dy6DWC9691mR4NroSA9TdxXBxDV6Rr639RapanS4,1.1360022274e-10,0.11,,,,net_00624,1,2,LOW
5XQQDVcVHx4w29WwMtsiFMYbqNorac8Lo5xa65Qvpump,2026-02-13T11:39:31Z,D8n8Dy6DWC9691mR4NroSA9TdxXBxDV6Rr639RapanS4,1.1360022274e-10,0.11,,,,net_00879,1,4,LOW
5XQQDVcVHx4w29WwMtsiFMYbqNorac8Lo5xa65Qvpump,2026-02-13T11:39:31Z,D8n8Dy6DWC9691mR4NroSA9TdxXBxDV6Rr639RapanS4,1.1360022274e-10,0.11,,,,net_00938,1,2,LOW
5XQQDVcVHx4w29WwMtsiFMYbqNorac8Lo5xa65Qvpump,2026-02-13T11:39:31Z,D8n8Dy6DWC9691mR4NroSA9TdxXBxDV6Rr639RapanS4,1.1360022274e-10,0.11,,,,net_00945,1,2,LOW
5XQQDVcVHx4w29WwMtsiFMYbqNorac8Lo5xa65Qvpump,2026-02-13T11:39:31Z,D8n8Dy6DWC9691mR4NroSA9TdxXBxDV6Rr639RapanS4,1.1360022274e-10,0.11,,,,net_00957,1,2,LOW
8Y4iGgprZwmH6vj4v7BfRcZaN89TCd6JxYrQ7tNkpump,2026-02-13T11:29:11Z,Hjah5nWrbntRoXZUpvP68oWX3Mn9n8vc6FQ3dvXW1ecd,4.3366692057e-10,0.43,,,,NONE,0,0,NONE
HyYNnvnGJE9sabE8XgzwX36FXf5pRz36rNUMAidDpump,2026-02-13T10:47:39Z,GZfQANCxcyWFL5zWMNju5qMao2mu4WEmqwsUDdLD1qz9,3.1007731123e-09,3.10,,,,net_00647,23,152,CRITICAL
9a6SEQ7qBnWEmzz4Vpeq55a7tcubu26wJwkwCM5Cpump,2026-02-13T10:46:52Z,Hw1aLJWHeXp5s7pePaQfmgqzJTz7KPuDbAF6TvPd3dP5,2.0743863259e-08,20.74,,,,NONE,0,0,NONE
CBeqkibRmdCri4ypYvh6SEfmXbmTexMD62Edi1yGpump,2026-02-13T10:45:05Z,H6hPTUg73GDscH4Q9NAviJrUtMwUXE6PzZat2xWDszrJ,7.2478944921e-09,7.25,,,,NONE,0,0,NONE
2uwDCn7MXr928D9SuWDN6o5ER6MHjXGNFhD25RA9pump,2026-02-13T10:42:32Z,6xDpid1beBpmzaBKpd2L4Y44CJAo132cjc6xtzFCKnL1,7.2915145621e-10,0.73,,,,net_00027,1,2,LOW
2uwDCn7MXr928D9SuWDN6o5ER6MHjXGNFhD25RA9pump,2026-02-13T10:42:32Z,6xDpid1beBpmzaBKpd2L4Y44CJAo132cjc6xtzFCKnL1,7.2915145621e-10,0.73,,,,net_00245,1,5,LOW
2uwDCn7MXr928D9SuWDN6o5ER6MHjXGNFhD25RA9pump,2026-02-13T10:42:32Z,6xDpid1beBpmzaBKpd2L4Y44CJAo132cjc6xtzFCKnL1,7.2915145621e-10,0.73,,,,net_00256,1,2,LOW
2uwDCn7MXr928D9SuWDN6o5ER6MHjXGNFhD25RA9pump,2026-02-13T10:42:32Z,6xDpid1beBpmzaBKpd2L4Y44CJAo132cjc6xtzFCKnL1,7.2915145621e-10,0.73,,,,net_00376,1,2,LOW
2uwDCn7MXr928D9SuWDN6o5ER6MHjXGNFhD25RA9pump,2026-02-13T10:42:32Z,6xDpid1beBpmzaBKpd2L4Y44CJAo132cjc6xtzFCKnL1,7.2915145621e-10,0.73,,,,net_00416,1,2,LOW
2uwDCn7MXr928D9SuWDN6o5ER6MHjXGNFhD25RA9pump,2026-02-13T10:42:32Z,6xDpid1beBpmzaBKpd2L4Y44CJAo132cjc6xtzFCKnL1,7.2915145621e-10,0.73,,,,net_00421,1,2,LOW
2uwDCn7MXr928D9SuWDN6o5ER6MHjXGNFhD25RA9pump,2026-02-13T10:42:32Z,6xDpid1beBpmzaBKpd2L4Y44CJAo132cjc6xtzFCKnL1,7.2915145621e-10,0.73,,,,net_00489,1,3,LOW
2uwDCn7MXr928D9SuWDN6o5ER6MHjXGNFhD25RA9pump,2026-02-13T10:42:32Z,6xDpid1beBpmzaBKpd2L4Y44CJAo132cjc6xtzFCKnL1,7.2915145621e-10,0.73,,,,net_00515,1,3,LOW
2uwDCn7MXr928D9SuWDN6o5ER6MHjXGNFhD25RA9pump,2026-02-13T10:42:32Z,6xDpid1beBpmzaBKpd2L4Y44CJAo132cjc6xtzFCKnL1,7.2915145621e-10,0.73,,,,net_00567,1,3,LOW
2uwDCn7MXr928D9SuWDN6o5ER6MHjXGNFhD25RA9pump,2026-02-13T10:42:32Z,6xDpid1beBpmzaBKpd2L4Y44CJAo132cjc6xtzFCKnL1,7.2915145621e-10,0.73,,,,net_00728,1,7,MEDIUM
2uwDCn7MXr928D9SuWDN6o5ER6MHjXGNFhD25RA9pump,2026-02-13T10:42:32Z,6xDpid1beBpmzaBKpd2L4Y44CJAo132cjc6xtzFCKnL1,7.2915145621e-10,0.73,,,,net_00834,1,2,LOW
2uwDCn7MXr928D9SuWDN6o5ER6MHjXGNFhD25RA9pump,2026-02-13T10:42:32Z,6xDpid1beBpmzaBKpd2L4Y44CJAo132cjc6xtzFCKnL1,7.2915145621e-10,0.73,,,,net_00879,1,4,LOW
2uwDCn7MXr928D9SuWDN6o5ER6MHjXGNFhD25RA9pump,2026-02-13T10:42:32Z,6xDpid1beBpmzaBKpd2L4Y44CJAo132cjc6xtzFCKnL1,7.2915145621e-10,0.73,,,,net_00888,1,2,LOW
2uwDCn7MXr928D9SuWDN6o5ER6MHjXGNFhD25RA9pump,2026-02-13T10:42:32Z,6xDpid1beBpmzaBKpd2L4Y44CJAo132cjc6xtzFCKnL1,7.2915145621e-10,0.73,,,,net_00917,1,2,LOW
2uwDCn7MXr928D9SuWDN6o5ER6MHjXGNFhD25RA9pump,2026-02-13T10:42:32Z,6xDpid1beBpmzaBKpd2L4Y44CJAo132cjc6xtzFCKnL1,7.2915145621e-10,0.73,,,,net_00918,1,2,LOW
2uwDCn7MXr928D9SuWDN6o5ER6MHjXGNFhD25RA9pump,2026-02-13T10:42:32Z,6xDpid1beBpmzaBKpd2L4Y44CJAo132cjc6xtzFCKnL1,7.2915145621e-10,0.73,,,,net_00932,1,2,LOW
2uwDCn7MXr928D9SuWDN6o5ER6MHjXGNFhD25RA9pump,2026-02-13T10:42:32Z,6xDpid1beBpmzaBKpd2L4Y44CJAo132cjc6xtzFCKnL1,7.2915145621e-10,0.73,,,,net_00948,1,2,LOW
2uwDCn7MXr928D9SuWDN6o5ER6MHjXGNFhD25RA9pump,2026-02-13T10:42:32Z,6xDpid1beBpmzaBKpd2L4Y44CJAo132cjc6xtzFCKnL1,7.2915145621e-10,0.73,,,,net_01069,1,4,LOW
BacNe5Yn468Pkus321cTFCA4WW9K8pobmodH8q1epump,2026-02-13T10:36:05Z,Eg1educsVfCCkMmPL3tdYtcb2tMomc8LwfUreUSuFpfv,2.2776571353e-10,0.23,,,,net_00124,14,36,HIGH
4oXBtw6EA1Ug2UiKmCvDjVS6zSQFA7Zs2T4X38QTpump,2026-02-13T10:35:48Z,EpoLe8NAXxH1CZLpYXyjTDthx47GUrCgzHjAWbyKLdHC,4.6374470743e-09,4.64,,,,NONE,0,0,NONE
2kVFhF3x28PMTewcgcReSvJLh4W6ZLdxaDFN85AVpump,2026-02-13T10:21:49Z,5DQMYtNauPDpmt2pvf98QnmumQdaLKfr9fpjDdKLR2w1,1.9099184632e-09,1.91,,,,net_00021,44,7,MEDIUM
pbH7mHHquuhPSQmVjvcDzzDheGJXKXirNyDuDfqsJQp,2026-02-13T10:20:20Z,2uqW2ydRQA3fgAJ1cQeohtAvyCxp2Qs6bnGnL9cwt9qy,3.5019367627e-08,35.02,,,,net_00003,1,2,LOW
pbH7mHHquuhPSQmVjvcDzzDheGJXKXirNyDuDfqsJQp,2026-02-13T10:20:20Z,2uqW2ydRQA3fgAJ1cQeohtAvyCxp2Qs6bnGnL9cwt9qy,3.5019367627e-08,35.02,,,,net_00008,1,2,LOW
pbH7mHHquuhPSQmVjvcDzzDheGJXKXirNyDuDfqsJQp,2026-02-13T10:20:20Z,2uqW2ydRQA3fgAJ1cQeohtAvyCxp2Qs6bnGnL9cwt9qy,3.5019367627e-08,35.02,,,,net_00011,1,2,LOW
pbH7mHHquuhPSQmVjvcDzzDheGJXKXirNyDuDfqsJQp,2026-02-13T10:20:20Z,2uqW2ydRQA3fgAJ1cQeohtAvyCxp2Qs6bnGnL9cwt9qy,3.5019367627e-08,35.02,,,,net_00102,1,2,LOW
pbH7mHHquuhPSQmVjvcDzzDheGJXKXirNyDuDfqsJQp,2026-02-13T10:20:20Z,2uqW2ydRQA3fgAJ1cQeohtAvyCxp2Qs6bnGnL9cwt9qy,3.5019367627e-08,35.02,,,,net_00103,1,2,LOW
pbH7mHHquuhPSQmVjvcDzzDheGJXKXirNyDuDfqsJQp,2026-02-13T10:20:20Z,2uqW2ydRQA3fgAJ1cQeohtAvyCxp2Qs6bnGnL9cwt9qy,3.5019367627e-08,35.02,,,,net_00111,1,2,LOW
pbH7mHHquuhPSQmVjvcDzzDheGJXKXirNyDuDfqsJQp,2026-02-13T10:20:20Z,2uqW2ydRQA3fgAJ1cQeohtAvyCxp2Qs6bnGnL9cwt9qy,3.5019367627e-08,35.02,,,,net_00115,1,2,LOW
pbH7mHHquuhPSQmVjvcDzzDheGJXKXirNyDuDfqsJQp,2026-02-13T10:20:20Z,2uqW2ydRQA3fgAJ1cQeohtAvyCxp2Qs6bnGnL9cwt9qy,3.5019367627e-08,35.02,,,,net_00158,1,2,LOW
pbH7mHHquuhPSQmVjvcDzzDheGJXKXirNyDuDfqsJQp,2026-02-13T10:20:20Z,2uqW2ydRQA3fgAJ1cQeohtAvyCxp2Qs6bnGnL9cwt9qy,3.5019367627e-08,35.02,,,,net_00188,1,2,LOW
pbH7mHHquuhPSQmVjvcDzzDheGJXKXirNyDuDfqsJQp,2026-02-13T10:20:20Z,2uqW2ydRQA3fgAJ1cQeohtAvyCxp2Qs6bnGnL9cwt9qy,3.5019367627e-08,35.02,,,,net_00214,1,2,LOW
pbH7mHHquuhPSQmVjvcDzzDheGJXKXirNyDuDfqsJQp,2026-02-13T10:20:20Z,2uqW2ydRQA3fgAJ1cQeohtAvyCxp2Qs6bnGnL9cwt9qy,3.5019367627e-08,35.02,,,,net_00216,1,2,LOW
pbH7mHHquuhPSQmVjvcDzzDheGJXKXirNyDuDfqsJQp,2026-02-13T10:20:20Z,2uqW2ydRQA3fgAJ1cQeohtAvyCxp2Qs6bnGnL9cwt9qy,3.5019367627e-08,35.02,,,,net_00326,1,2,LOW
pbH7mHHquuhPSQmVjvcDzzDheGJXKXirNyDuDfqsJQp,2026-02-13T10:20:20Z,2uqW2ydRQA3fgAJ1cQeohtAvyCxp2Qs6bnGnL9cwt9qy,3.5019367627e-08,35.02,,,,net_00338,1,4,LOW
pbH7mHHquuhPSQmVjvcDzzDheGJXKXirNyDuDfqsJQp,2026-02-13T10:20:20Z,2uqW2ydRQA3fgAJ1cQeohtAvyCxp2Qs6bnGnL9cwt9qy,3.5019367627e-08,35.02,,,,net_00342,1,2,LOW
pbH7mHHquuhPSQmVjvcDzzDheGJXKXirNyDuDfqsJQp,2026-02-13T10:20:20Z,2uqW2ydRQA3fgAJ1cQeohtAvyCxp2Qs6bnGnL9cwt9qy,3.5019367627e-08,35.02,,,,net_00384,1,2,LOW
pbH7mHHquuhPSQmVjvcDzzDheGJXKXirNyDuDfqsJQp,2026-02-13T10:20:20Z,2uqW2ydRQA3fgAJ1cQeohtAvyCxp2Qs6bnGnL9cwt9qy,3.5019367627e-08,35.02,,,,net_00385,1,5,LOW
pbH7mHHquuhPSQmVjvcDzzDheGJXKXirNyDuDfqsJQp,2026-02-13T10:20:20Z,2uqW2ydRQA3fgAJ1cQeohtAvyCxp2Qs6bnGnL9cwt9qy,3.5019367627e-08,35.02,,,,net_00390,1,2,LOW
pbH7mHHquuhPSQmVjvcDzzDheGJXKXirNyDuDfqsJQp,2026-02-13T10:20:20Z,2uqW2ydRQA3fgAJ1cQeohtAvyCxp2Qs6bnGnL9cwt9qy,3.5019367627e-08,35.02,,,,net_00399,1,2,LOW
pbH7mHHquuhPSQmVjvcDzzDheGJXKXirNyDuDfqsJQp,2026-02-13T10:20:20Z,2uqW2ydRQA3fgAJ1cQeohtAvyCxp2Qs6bnGnL9cwt9qy,3.5019367627e-08,35.02,,,,net_00420,1,2,LOW
pbH7mHHquuhPSQmVjvcDzzDheGJXKXirNyDuDfqsJQp,2026-02-13T10:20:20Z,2uqW2ydRQA3fgAJ1cQeohtAvyCxp2Qs6bnGnL9cwt9qy,3.5019367627e-08,35.02,,,,net_00427,1,2,LOW
pbH7mHHquuhPSQmVjvcDzzDheGJXKXirNyDuDfqsJQp,2026-02-13T10:20:20Z,2uqW2ydRQA3fgAJ1cQeohtAvyCxp2Qs6bnGnL9cwt9qy,3.5019367627e-08,35.02,,,,net_00442,1,5,LOW
pbH7mHHquuhPSQmVjvcDzzDheGJXKXirNyDuDfqsJQp,2026-02-13T10:20:20Z,2uqW2ydRQA3fgAJ1cQeohtAvyCxp2Qs6bnGnL9cwt9qy,3.5019367627e-08,35.02,,,,net_00447,1,2,LOW
pbH7mHHquuhPSQmVjvcDzzDheGJXKXirNyDuDfqsJQp,2026-02-13T10:20:20Z,2uqW2ydRQA3fgAJ1cQeohtAvyCxp2Qs6bnGnL9cwt9qy,3.5019367627e-08,35.02,,,,net_00475,1,2,LOW
pbH7mHHquuhPSQmVjvcDzzDheGJXKXirNyDuDfqsJQp,2026-02-13T10:20:20Z,2uqW2ydRQA3fgAJ1cQeohtAvyCxp2Qs6bnGnL9cwt9qy,3.5019367627e-08,35.02,,,,net_00478,1,3,LOW
pbH7mHHquuhPSQmVjvcDzzDheGJXKXirNyDuDfqsJQp,2026-02-13T10:20:20Z,2uqW2ydRQA3fgAJ1cQeohtAvyCxp2Qs6bnGnL9cwt9qy,3.5019367627e-08,35.02,,,,net_00482,1,5,LOW
pbH7mHHquuhPSQmVjvcDzzDheGJXKXirNyDuDfqsJQp,2026-02-13T10:20:20Z,2uqW2ydRQA3fgAJ1cQeohtAvyCxp2Qs6bnGnL9cwt9qy,3.5019367627e-08,35.02,,,,net_00535,1,2,LOW
pbH7mHHquuhPSQmVjvcDzzDheGJXKXirNyDuDfqsJQp,2026-02-13T10:20:20Z,2uqW2ydRQA3fgAJ1cQeohtAvyCxp2Qs6bnGnL9cwt9qy,3.5019367627e-08,35.02,,,,net_00542,1,2,LOW
pbH7mHHquuhPSQmVjvcDzzDheGJXKXirNyDuDfqsJQp,2026-02-13T10:20:20Z,2uqW2ydRQA3fgAJ1cQeohtAvyCxp2Qs6bnGnL9cwt9qy,3.5019367627e-08,35.02,,,,net_00555,1,2,LOW
pbH7mHHquuhPSQmVjvcDzzDheGJXKXirNyDuDfqsJQp,2026-02-13T10:20:20Z,2uqW2ydRQA3fgAJ1cQeohtAvyCxp2Qs6bnGnL9cwt9qy,3.5019367627e-08,35.02,,,,net_00626,1,2,LOW
pbH7mHHquuhPSQmVjvcDzzDheGJXKXirNyDuDfqsJQp,2026-02-13T10:20:20Z,2uqW2ydRQA3fgAJ1cQeohtAvyCxp2Qs6bnGnL9cwt9qy,3.5019367627e-08,35.02,,,,net_00645,1,2,LOW
pbH7mHHquuhPSQmVjvcDzzDheGJXKXirNyDuDfqsJQp,2026-02-13T10:20:20Z,2uqW2ydRQA3fgAJ1cQeohtAvyCxp2Qs6bnGnL9cwt9qy,3.5019367627e-08,35.02,,,,net_00649,1,2,LOW
pbH7mHHquuhPSQmVjvcDzzDheGJXKXirNyDuDfqsJQp,2026-02-13T10:20:20Z,2uqW2ydRQA3fgAJ1cQeohtAvyCxp2Qs6bnGnL9cwt9qy,3.5019367627e-08,35.02,,,,net_00688,1,3,LOW
pbH7mHHquuhPSQmVjvcDzzDheGJXKXirNyDuDfqsJQp,2026-02-13T10:20:20Z,2uqW2ydRQA3fgAJ1cQeohtAvyCxp2Qs6bnGnL9cwt9qy,3.5019367627e-08,35.02,,,,net_00692,1,2,LOW
pbH7mHHquuhPSQmVjvcDzzDheGJXKXirNyDuDfqsJQp,2026-02-13T10:20:20Z,2uqW2ydRQA3fgAJ1cQeohtAvyCxp2Qs6bnGnL9cwt9qy,3.5019367627e-08,35.02,,,,net_00698,1,6,MEDIUM
pbH7mHHquuhPSQmVjvcDzzDheGJXKXirNyDuDfqsJQp,2026-02-13T10:20:20Z,2uqW2ydRQA3fgAJ1cQeohtAvyCxp2Qs6bnGnL9cwt9qy,3.5019367627e-08,35.02,,,,net_00704,1,5,LOW
pbH7mHHquuhPSQmVjvcDzzDheGJXKXirNyDuDfqsJQp,2026-02-13T10:20:20Z,2uqW2ydRQA3fgAJ1cQeohtAvyCxp2Qs6bnGnL9cwt9qy,3.5019367627e-08,35.02,,,,net_00726,1,2,LOW
pbH7mHHquuhPSQmVjvcDzzDheGJXKXirNyDuDfqsJQp,2026-02-13T10:20:20Z,2uqW2ydRQA3fgAJ1cQeohtAvyCxp2Qs6bnGnL9cwt9qy,3.5019367627e-08,35.02,,,,net_00745,1,4,LOW
pbH7mHHquuhPSQmVjvcDzzDheGJXKXirNyDuDfqsJQp,2026-02-13T10:20:20Z,2uqW2ydRQA3fgAJ1cQeohtAvyCxp2Qs6bnGnL9cwt9qy,3.5019367627e-08,35.02,,,,net_00750,1,6,MEDIUM
pbH7mHHquuhPSQmVjvcDzzDheGJXKXirNyDuDfqsJQp,2026-02-13T10:20:20Z,2uqW2ydRQA3fgAJ1cQeohtAvyCxp2Qs6bnGnL9cwt9qy,3.5019367627e-08,35.02,,,,net_00797,1,2,LOW
pbH7mHHquuhPSQmVjvcDzzDheGJXKXirNyDuDfqsJQp,2026-02-13T10:20:20Z,2uqW2ydRQA3fgAJ1cQeohtAvyCxp2Qs6bnGnL9cwt9qy,3.5019367627e-08,35.02,,,,net_00800,1,7,MEDIUM
pbH7mHHquuhPSQmVjvcDzzDheGJXKXirNyDuDfqsJQp,2026-02-13T10:20:20Z,2uqW2ydRQA3fgAJ1cQeohtAvyCxp2Qs6bnGnL9cwt9qy,3.5019367627e-08,35.02,,,,net_00808,1,2,LOW
pbH7mHHquuhPSQmVjvcDzzDheGJXKXirNyDuDfqsJQp,2026-02-13T10:20:20Z,2uqW2ydRQA3fgAJ1cQeohtAvyCxp2Qs6bnGnL9cwt9qy,3.5019367627e-08,35.02,,,,net_00810,1,2,LOW
pbH7mHHquuhPSQmVjvcDzzDheGJXKXirNyDuDfqsJQp,2026-02-13T10:20:20Z,2uqW2ydRQA3fgAJ1cQeohtAvyCxp2Qs6bnGnL9cwt9qy,3.5019367627e-08,35.02,,,,net_00821,1,2,LOW
pbH7mHHquuhPSQmVjvcDzzDheGJXKXirNyDuDfqsJQp,2026-02-13T10:20:20Z,2uqW2ydRQA3fgAJ1cQeohtAvyCxp2Qs6bnGnL9cwt9qy,3.5019367627e-08,35.02,,,,net_00831,1,2,LOW
pbH7mHHquuhPSQmVjvcDzzDheGJXKXirNyDuDfqsJQp,2026-02-13T10:20:20Z,2uqW2ydRQA3fgAJ1cQeohtAvyCxp2Qs6bnGnL9cwt9qy,3.5019367627e-08,35.02,,,,net_00838,1,2,LOW
pbH7mHHquuhPSQmVjvcDzzDheGJXKXirNyDuDfqsJQp,2026-02-13T10:20:20Z,2uqW2ydRQA3fgAJ1cQeohtAvyCxp2Qs6bnGnL9cwt9qy,3.5019367627e-08,35.02,,,,net_00839,1,4,LOW
pbH7mHHquuhPSQmVjvcDzzDheGJXKXirNyDuDfqsJQp,2026-02-13T10:20:20Z,2uqW2ydRQA3fgAJ1cQeohtAvyCxp2Qs6bnGnL9cwt9qy,3.5019367627e-08,35.02,,,,net_00845,1,2,LOW
pbH7mHHquuhPSQmVjvcDzzDheGJXKXirNyDuDfqsJQp,2026-02-13T10:20:20Z,2uqW2ydRQA3fgAJ1cQeohtAvyCxp2Qs6bnGnL9cwt9qy,3.5019367627e-08,35.02,,,,net_00854,1,2,LOW
pbH7mHHquuhPSQmVjvcDzzDheGJXKXirNyDuDfqsJQp,2026-02-13T10:20:20Z,2uqW2ydRQA3fgAJ1cQeohtAvyCxp2Qs6bnGnL9cwt9qy,3.5019367627e-08,35.02,,,,net_00866,1,2,LOW
pbH7mHHquuhPSQmVjvcDzzDheGJXKXirNyDuDfqsJQp,2026-02-13T10:20:20Z,2uqW2ydRQA3fgAJ1cQeohtAvyCxp2Qs6bnGnL9cwt9qy,3.5019367627e-08,35.02,,,,net_00868,1,2,LOW
pbH7mHHquuhPSQmVjvcDzzDheGJXKXirNyDuDfqsJQp,2026-02-13T10:20:20Z,2uqW2ydRQA3fgAJ1cQeohtAvyCxp2Qs6bnGnL9cwt9qy,3.5019367627e-08,35.02,,,,net_00870,1,2,LOW
pbH7mHHquuhPSQmVjvcDzzDheGJXKXirNyDuDfqsJQp,2026-02-13T10:20:20Z,2uqW2ydRQA3fgAJ1cQeohtAvyCxp2Qs6bnGnL9cwt9qy,3.5019367627e-08,35.02,,,,net_00916,1,2,LOW
pbH7mHHquuhPSQmVjvcDzzDheGJXKXirNyDuDfqsJQp,2026-02-13T10:20:20Z,2uqW2ydRQA3fgAJ1cQeohtAvyCxp2Qs6bnGnL9cwt9qy,3.5019367627e-08,35.02,,,,net_00923,1,2,LOW
pbH7mHHquuhPSQmVjvcDzzDheGJXKXirNyDuDfqsJQp,2026-02-13T10:20:20Z,2uqW2ydRQA3fgAJ1cQeohtAvyCxp2Qs6bnGnL9cwt9qy,3.5019367627e-08,35.02,,,,net_00933,1,2,LOW
pbH7mHHquuhPSQmVjvcDzzDheGJXKXirNyDuDfqsJQp,2026-02-13T10:20:20Z,2uqW2ydRQA3fgAJ1cQeohtAvyCxp2Qs6bnGnL9cwt9qy,3.5019367627e-08,35.02,,,,net_00969,1,6,MEDIUM
pbH7mHHquuhPSQmVjvcDzzDheGJXKXirNyDuDfqsJQp,2026-02-13T10:20:20Z,2uqW2ydRQA3fgAJ1cQeohtAvyCxp2Qs6bnGnL9cwt9qy,3.5019367627e-08,35.02,,,,net_00978,1,2,LOW
pbH7mHHquuhPSQmVjvcDzzDheGJXKXirNyDuDfqsJQp,2026-02-13T10:20:20Z,2uqW2ydRQA3fgAJ1cQeohtAvyCxp2Qs6bnGnL9cwt9qy,3.5019367627e-08,35.02,,,,net_00985,1,3,LOW
pbH7mHHquuhPSQmVjvcDzzDheGJXKXirNyDuDfqsJQp,2026-02-13T10:20:20Z,2uqW2ydRQA3fgAJ1cQeohtAvyCxp2Qs6bnGnL9cwt9qy,3.5019367627e-08,35.02,,,,net_01060,1,2,LOW
pbH7mHHquuhPSQmVjvcDzzDheGJXKXirNyDuDfqsJQp,2026-02-13T10:20:20Z,2uqW2ydRQA3fgAJ1cQeohtAvyCxp2Qs6bnGnL9cwt9qy,3.5019367627e-08,35.02,,,,net_01064,1,5,LOW
pbH7mHHquuhPSQmVjvcDzzDheGJXKXirNyDuDfqsJQp,2026-02-13T10:20:20Z,2uqW2ydRQA3fgAJ1cQeohtAvyCxp2Qs6bnGnL9cwt9qy,3.5019367627e-08,35.02,,,,net_01066,1,2,LOW
ADB8kdb17HfD33Y2av39azagUSiMsprBvXRfPfKhpump,2026-02-13T10:16:04Z,3rhUBnfnT76pvsPmQdULBwoS7u19kYVjtdJohLqhiHHA,3.7428071057e-08,37.43,,,,NONE,0,0,NONE
2rjZQbbnHB38Uyo9tigJ7EdiBWtcWagz3HCfUL4kpump,2026-02-13T10:15:38Z,CfumDPwfYn6m3W6fyzCMhsYkS2Uxpeu1npxZPUasV5nX,4.6695043497e-08,46.70,,,,net_00012,1,2,LOW
2rjZQbbnHB38Uyo9tigJ7EdiBWtcWagz3HCfUL4kpump,2026-02-13T10:15:38Z,CfumDPwfYn6m3W6fyzCMhsYkS2Uxpeu1npxZPUasV5nX,4.6695043497e-08,46.70,,,,net_00013,1,2,LOW
2rjZQbbnHB38Uyo9tigJ7EdiBWtcWagz3HCfUL4kpump,2026-02-13T10:15:38Z,CfumDPwfYn6m3W6fyzCMhsYkS2Uxpeu1npxZPUasV5nX,4.6695043497e-08,46.70,,,,net_00019,1,4,LOW
2rjZQbbnHB38Uyo9tigJ7EdiBWtcWagz3HCfUL4kpump,2026-02-13T10:15:38Z,CfumDPwfYn6m3W6fyzCMhsYkS2Uxpeu1npxZPUasV5nX,4.6695043497e-08,46.70,,,,net_00040,1,4,LOW
2rjZQbbnHB38Uyo9tigJ7EdiBWtcWagz3HCfUL4kpump,2026-02-13T10:15:38Z,CfumDPwfYn6m3W6fyzCMhsYkS2Uxpeu1npxZPUasV5nX,4.6695043497e-08,46.70,,,,net_00047,1,4,LOW
2rjZQbbnHB38Uyo9tigJ7EdiBWtcWagz3HCfUL4kpump,2026-02-13T10:15:38Z,CfumDPwfYn6m3W6fyzCMhsYkS2Uxpeu1npxZPUasV5nX,4.6695043497e-08,46.70,,,,net_00048,1,4,LOW
2rjZQbbnHB38Uyo9tigJ7EdiBWtcWagz3HCfUL4kpump,2026-02-13T10:15:38Z,CfumDPwfYn6m3W6fyzCMhsYkS2Uxpeu1npxZPUasV5nX,4.6695043497e-08,46.70,,,,net_00058,1,4,LOW
2rjZQbbnHB38Uyo9tigJ7EdiBWtcWagz3HCfUL4kpump,2026-02-13T10:15:38Z,CfumDPwfYn6m3W6fyzCMhsYkS2Uxpeu1npxZPUasV5nX,4.6695043497e-08,46.70,,,,net_00065,1,4,LOW
2rjZQbbnHB38Uyo9tigJ7EdiBWtcWagz3HCfUL4kpump,2026-02-13T10:15:38Z,CfumDPwfYn6m3W6fyzCMhsYkS2Uxpeu1npxZPUasV5nX,4.6695043497e-08,46.70,,,,net_00075,1,2,LOW
2rjZQbbnHB38Uyo9tigJ7EdiBWtcWagz3HCfUL4kpump,2026-02-13T10:15:38Z,CfumDPwfYn6m3W6fyzCMhsYkS2Uxpeu1npxZPUasV5nX,4.6695043497e-08,46.70,,,,net_00076,1,3,LOW
2rjZQbbnHB38Uyo9tigJ7EdiBWtcWagz3HCfUL4kpump,2026-02-13T10:15:38Z,CfumDPwfYn6m3W6fyzCMhsYkS2Uxpeu1npxZPUasV5nX,4.6695043497e-08,46.70,,,,net_00086,1,3,LOW
2rjZQbbnHB38Uyo9tigJ7EdiBWtcWagz3HCfUL4kpump,2026-02-13T10:15:38Z,CfumDPwfYn6m3W6fyzCMhsYkS2Uxpeu1npxZPUasV5nX,4.6695043497e-08,46.70,,,,net_00094,1,4,LOW
2rjZQbbnHB38Uyo9tigJ7EdiBWtcWagz3HCfUL4kpump,2026-02-13T10:15:38Z,CfumDPwfYn6m3W6fyzCMhsYkS2Uxpeu1npxZPUasV5nX,4.6695043497e-08,46.70,,,,net_00117,1,4,LOW
2rjZQbbnHB38Uyo9tigJ7EdiBWtcWagz3HCfUL4kpump,2026-02-13T10:15:38Z,CfumDPwfYn6m3W6fyzCMhsYkS2Uxpeu1npxZPUasV5nX,4.6695043497e-08,46.70,,,,net_00120,1,2,LOW
2rjZQbbnHB38Uyo9tigJ7EdiBWtcWagz3HCfUL4kpump,2026-02-13T10:15:38Z,CfumDPwfYn6m3W6fyzCMhsYkS2Uxpeu1npxZPUasV5nX,4.6695043497e-08,46.70,,,,net_00129,1,4,LOW
2rjZQbbnHB38Uyo9tigJ7EdiBWtcWagz3HCfUL4kpump,2026-02-13T10:15:38Z,CfumDPwfYn6m3W6fyzCMhsYkS2Uxpeu1npxZPUasV5nX,4.6695043497e-08,46.70,,,,net_00151,1,4,LOW
2rjZQbbnHB38Uyo9tigJ7EdiBWtcWagz3HCfUL4kpump,2026-02-13T10:15:38Z,CfumDPwfYn6m3W6fyzCMhsYkS2Uxpeu1npxZPUasV5nX,4.6695043497e-08,46.70,,,,net_00178,1,2,LOW
2rjZQbbnHB38Uyo9tigJ7EdiBWtcWagz3HCfUL4kpump,2026-02-13T10:15:38Z,CfumDPwfYn6m3W6fyzCMhsYkS2Uxpeu1npxZPUasV5nX,4.6695043497e-08,46.70,,,,net_00180,1,4,LOW
2rjZQbbnHB38Uyo9tigJ7EdiBWtcWagz3HCfUL4kpump,2026-02-13T10:15:38Z,CfumDPwfYn6m3W6fyzCMhsYkS2Uxpeu1npxZPUasV5nX,4.6695043497e-08,46.70,,,,net_00198,1,4,LOW
2rjZQbbnHB38Uyo9tigJ7EdiBWtcWagz3HCfUL4kpump,2026-02-13T10:15:38Z,CfumDPwfYn6m3W6fyzCMhsYkS2Uxpeu1npxZPUasV5nX,4.6695043497e-08,46.70,,,,net_00199,1,4,LOW
2rjZQbbnHB38Uyo9tigJ7EdiBWtcWagz3HCfUL4kpump,2026-02-13T10:15:38Z,CfumDPwfYn6m3W6fyzCMhsYkS2Uxpeu1npxZPUasV5nX,4.6695043497e-08,46.70,,,,net_00202,1,2,LOW
2rjZQbbnHB38Uyo9tigJ7EdiBWtcWagz3HCfUL4kpump,2026-02-13T10:15:38Z,CfumDPwfYn6m3W6fyzCMhsYkS2Uxpeu1npxZPUasV5nX,4.6695043497e-08,46.70,,,,net_00206,1,4,LOW
2rjZQbbnHB38Uyo9tigJ7EdiBWtcWagz3HCfUL4kpump,2026-02-13T10:15:38Z,CfumDPwfYn6m3W6fyzCMhsYkS2Uxpeu1npxZPUasV5nX,4.6695043497e-08,46.70,,,,net_00208,1,4,LOW
2rjZQbbnHB38Uyo9tigJ7EdiBWtcWagz3HCfUL4kpump,2026-02-13T10:15:38Z,CfumDPwfYn6m3W6fyzCMhsYkS2Uxpeu1npxZPUasV5nX,4.6695043497e-08,46.70,,,,net_00242,1,4,LOW
2rjZQbbnHB38Uyo9tigJ7EdiBWtcWagz3HCfUL4kpump,2026-02-13T10:15:38Z,CfumDPwfYn6m3W6fyzCMhsYkS2Uxpeu1npxZPUasV5nX,4.6695043497e-08,46.70,,,,net_00250,1,3,LOW
2rjZQbbnHB38Uyo9tigJ7EdiBWtcWagz3HCfUL4kpump,2026-02-13T10:15:38Z,CfumDPwfYn6m3W6fyzCMhsYkS2Uxpeu1npxZPUasV5nX,4.6695043497e-08,46.70,,,,net_00258,1,7,MEDIUM
2rjZQbbnHB38Uyo9tigJ7EdiBWtcWagz3HCfUL4kpump,2026-02-13T10:15:38Z,CfumDPwfYn6m3W6fyzCMhsYkS2Uxpeu1npxZPUasV5nX,4.6695043497e-08,46.70,,,,net_00268,1,3,LOW
2rjZQbbnHB38Uyo9tigJ7EdiBWtcWagz3HCfUL4kpump,2026-02-13T10:15:38Z,CfumDPwfYn6m3W6fyzCMhsYkS2Uxpeu1npxZPUasV5nX,4.6695043497e-08,46.70,,,,net_00269,1,4,LOW
2rjZQbbnHB38Uyo9tigJ7EdiBWtcWagz3HCfUL4kpump,2026-02-13T10:15:38Z,CfumDPwfYn6m3W6fyzCMhsYkS2Uxpeu1npxZPUasV5nX,4.6695043497e-08,46.70,,,,net_00276,1,4,LOW
2rjZQbbnHB38Uyo9tigJ7EdiBWtcWagz3HCfUL4kpump,2026-02-13T10:15:38Z,CfumDPwfYn6m3W6fyzCMhsYkS2Uxpeu1npxZPUasV5nX,4.6695043497e-08,46.70,,,,net_00278,1,4,LOW
2rjZQbbnHB38Uyo9tigJ7EdiBWtcWagz3HCfUL4kpump,2026-02-13T10:15:38Z,CfumDPwfYn6m3W6fyzCMhsYkS2Uxpeu1npxZPUasV5nX,4.6695043497e-08,46.70,,,,net_00283,1,4,LOW
2rjZQbbnHB38Uyo9tigJ7EdiBWtcWagz3HCfUL4kpump,2026-02-13T10:15:38Z,CfumDPwfYn6m3W6fyzCMhsYkS2Uxpeu1npxZPUasV5nX,4.6695043497e-08,46.70,,,,net_00299,1,4,LOW
2rjZQbbnHB38Uyo9tigJ7EdiBWtcWagz3HCfUL4kpump,2026-02-13T10:15:38Z,CfumDPwfYn6m3W6fyzCMhsYkS2Uxpeu1npxZPUasV5nX,4.6695043497e-08,46.70,,,,net_00310,1,4,LOW
2rjZQbbnHB38Uyo9tigJ7EdiBWtcWagz3HCfUL4kpump,2026-02-13T10:15:38Z,CfumDPwfYn6m3W6fyzCMhsYkS2Uxpeu1npxZPUasV5nX,4.6695043497e-08,46.70,,,,net_00312,1,4,LOW
2rjZQbbnHB38Uyo9tigJ7EdiBWtcWagz3HCfUL4kpump,2026-02-13T10:15:38Z,CfumDPwfYn6m3W6fyzCMhsYkS2Uxpeu1npxZPUasV5nX,4.6695043497e-08,46.70,,,,net_00324,1,4,LOW
2rjZQbbnHB38Uyo9tigJ7EdiBWtcWagz3HCfUL4kpump,2026-02-13T10:15:38Z,CfumDPwfYn6m3W6fyzCMhsYkS2Uxpeu1npxZPUasV5nX,4.6695043497e-08,46.70,,,,net_00325,1,4,LOW
2rjZQbbnHB38Uyo9tigJ7EdiBWtcWagz3HCfUL4kpump,2026-02-13T10:15:38Z,CfumDPwfYn6m3W6fyzCMhsYkS2Uxpeu1npxZPUasV5nX,4.6695043497e-08,46.70,,,,net_00360,1,3,LOW
2rjZQbbnHB38Uyo9tigJ7EdiBWtcWagz3HCfUL4kpump,2026-02-13T10:15:38Z,CfumDPwfYn6m3W6fyzCMhsYkS2Uxpeu1npxZPUasV5nX,4.6695043497e-08,46.70,,,,net_00364,1,4,LOW
2rjZQbbnHB38Uyo9tigJ7EdiBWtcWagz3HCfUL4kpump,2026-02-13T10:15:38Z,CfumDPwfYn6m3W6fyzCMhsYkS2Uxpeu1npxZPUasV5nX,4.6695043497e-08,46.70,,,,net_00372,1,4,LOW
2rjZQbbnHB38Uyo9tigJ7EdiBWtcWagz3HCfUL4kpump,2026-02-13T10:15:38Z,CfumDPwfYn6m3W6fyzCMhsYkS2Uxpeu1npxZPUasV5nX,4.6695043497e-08,46.70,,,,net_00380,1,4,LOW
2rjZQbbnHB38Uyo9tigJ7EdiBWtcWagz3HCfUL4kpump,2026-02-13T10:15:38Z,CfumDPwfYn6m3W6fyzCMhsYkS2Uxpeu1npxZPUasV5nX,4.6695043497e-08,46.70,,,,net_00397,1,4,LOW
2rjZQbbnHB38Uyo9tigJ7EdiBWtcWagz3HCfUL4kpump,2026-02-13T10:15:38Z,CfumDPwfYn6m3W6fyzCMhsYkS2Uxpeu1npxZPUasV5nX,4.6695043497e-08,46.70,,,,net_00400,1,3,LOW
2rjZQbbnHB38Uyo9tigJ7EdiBWtcWagz3HCfUL4kpump,2026-02-13T10:15:38Z,CfumDPwfYn6m3W6fyzCMhsYkS2Uxpeu1npxZPUasV5nX,4.6695043497e-08,46.70,,,,net_00409,1,2,LOW
2rjZQbbnHB38Uyo9tigJ7EdiBWtcWagz3HCfUL4kpump,2026-02-13T10:15:38Z,CfumDPwfYn6m3W6fyzCMhsYkS2Uxpeu1npxZPUasV5nX,4.6695043497e-08,46.70,,,,net_00411,1,2,LOW
2rjZQbbnHB38Uyo9tigJ7EdiBWtcWagz3HCfUL4kpump,2026-02-13T10:15:38Z,CfumDPwfYn6m3W6fyzCMhsYkS2Uxpeu1npxZPUasV5nX,4.6695043497e-08,46.70,,,,net_00432,1,4,LOW
2rjZQbbnHB38Uyo9tigJ7EdiBWtcWagz3HCfUL4kpump,2026-02-13T10:15:38Z,CfumDPwfYn6m3W6fyzCMhsYkS2Uxpeu1npxZPUasV5nX,4.6695043497e-08,46.70,,,,net_00433,1,4,LOW
2rjZQbbnHB38Uyo9tigJ7EdiBWtcWagz3HCfUL4kpump,2026-02-13T10:15:38Z,CfumDPwfYn6m3W6fyzCMhsYkS2Uxpeu1npxZPUasV5nX,4.6695043497e-08,46.70,,,,net_00452,1,3,LOW
2rjZQbbnHB38Uyo9tigJ7EdiBWtcWagz3HCfUL4kpump,2026-02-13T10:15:38Z,CfumDPwfYn6m3W6fyzCMhsYkS2Uxpeu1npxZPUasV5nX,4.6695043497e-08,46.70,,,,net_00456,1,4,LOW
2rjZQbbnHB38Uyo9tigJ7EdiBWtcWagz3HCfUL4kpump,2026-02-13T10:15:38Z,CfumDPwfYn6m3W6fyzCMhsYkS2Uxpeu1npxZPUasV5nX,4.6695043497e-08,46.70,,,,net_00464,1,4,LOW
2rjZQbbnHB38Uyo9tigJ7EdiBWtcWagz3HCfUL4kpump,2026-02-13T10:15:38Z,CfumDPwfYn6m3W6fyzCMhsYkS2Uxpeu1npxZPUasV5nX,4.6695043497e-08,46.70,,,,net_00468,1,4,LOW
2rjZQbbnHB38Uyo9tigJ7EdiBWtcWagz3HCfUL4kpump,2026-02-13T10:15:38Z,CfumDPwfYn6m3W6fyzCMhsYkS2Uxpeu1npxZPUasV5nX,4.6695043497e-08,46.70,,,,net_00479,1,4,LOW
2rjZQbbnHB38Uyo9tigJ7EdiBWtcWagz3HCfUL4kpump,2026-02-13T10:15:38Z,CfumDPwfYn6m3W6fyzCMhsYkS2Uxpeu1npxZPUasV5nX,4.6695043497e-08,46.70,,,,net_00510,1,4,LOW
2rjZQbbnHB38Uyo9tigJ7EdiBWtcWagz3HCfUL4kpump,2026-02-13T10:15:38Z,CfumDPwfYn6m3W6fyzCMhsYkS2Uxpeu1npxZPUasV5nX,4.6695043497e-08,46.70,,,,net_00548,1,3,LOW
2rjZQbbnHB38Uyo9tigJ7EdiBWtcWagz3HCfUL4kpump,2026-02-13T10:15:38Z,CfumDPwfYn6m3W6fyzCMhsYkS2Uxpeu1npxZPUasV5nX,4.6695043497e-08,46.70,,,,net_00551,1,4,LOW
2rjZQbbnHB38Uyo9tigJ7EdiBWtcWagz3HCfUL4kpump,2026-02-13T10:15:38Z,CfumDPwfYn6m3W6fyzCMhsYkS2Uxpeu1npxZPUasV5nX,4.6695043497e-08,46.70,,,,net_00586,1,4,LOW
2rjZQbbnHB38Uyo9tigJ7EdiBWtcWagz3HCfUL4kpump,2026-02-13T10:15:38Z,CfumDPwfYn6m3W6fyzCMhsYkS2Uxpeu1npxZPUasV5nX,4.6695043497e-08,46.70,,,,net_00605,1,4,LOW
2rjZQbbnHB38Uyo9tigJ7EdiBWtcWagz3HCfUL4kpump,2026-02-13T10:15:38Z,CfumDPwfYn6m3W6fyzCMhsYkS2Uxpeu1npxZPUasV5nX,4.6695043497e-08,46.70,,,,net_00608,1,2,LOW
2rjZQbbnHB38Uyo9tigJ7EdiBWtcWagz3HCfUL4kpump,2026-02-13T10:15:38Z,CfumDPwfYn6m3W6fyzCMhsYkS2Uxpeu1npxZPUasV5nX,4.6695043497e-08,46.70,,,,net_00612,1,4,LOW
2rjZQbbnHB38Uyo9tigJ7EdiBWtcWagz3HCfUL4kpump,2026-02-13T10:15:38Z,CfumDPwfYn6m3W6fyzCMhsYkS2Uxpeu1npxZPUasV5nX,4.6695043497e-08,46.70,,,,net_00615,1,4,LOW
2rjZQbbnHB38Uyo9tigJ7EdiBWtcWagz3HCfUL4kpump,2026-02-13T10:15:38Z,CfumDPwfYn6m3W6fyzCMhsYkS2Uxpeu1npxZPUasV5nX,4.6695043497e-08,46.70,,,,net_00619,1,4,LOW
2rjZQbbnHB38Uyo9tigJ7EdiBWtcWagz3HCfUL4kpump,2026-02-13T10:15:38Z,CfumDPwfYn6m3W6fyzCMhsYkS2Uxpeu1npxZPUasV5nX,4.6695043497e-08,46.70,,,,net_00620,1,4,LOW
2rjZQbbnHB38Uyo9tigJ7EdiBWtcWagz3HCfUL4kpump,2026-02-13T10:15:38Z,CfumDPwfYn6m3W6fyzCMhsYkS2Uxpeu1npxZPUasV5nX,4.6695043497e-08,46.70,,,,net_00653,1,4,LOW
2rjZQbbnHB38Uyo9tigJ7EdiBWtcWagz3HCfUL4kpump,2026-02-13T10:15:38Z,CfumDPwfYn6m3W6fyzCMhsYkS2Uxpeu1npxZPUasV5nX,4.6695043497e-08,46.70,,,,net_00659,1,3,LOW
2rjZQbbnHB38Uyo9tigJ7EdiBWtcWagz3HCfUL4kpump,2026-02-13T10:15:38Z,CfumDPwfYn6m3W6fyzCMhsYkS2Uxpeu1npxZPUasV5nX,4.6695043497e-08,46.70,,,,net_00665,1,4,LOW
2rjZQbbnHB38Uyo9tigJ7EdiBWtcWagz3HCfUL4kpump,2026-02-13T10:15:38Z,CfumDPwfYn6m3W6fyzCMhsYkS2Uxpeu1npxZPUasV5nX,4.6695043497e-08,46.70,,,,net_00668,1,4,LOW
2rjZQbbnHB38Uyo9tigJ7EdiBWtcWagz3HCfUL4kpump,2026-02-13T10:15:38Z,CfumDPwfYn6m3W6fyzCMhsYkS2Uxpeu1npxZPUasV5nX,4.6695043497e-08,46.70,,,,net_00675,1,2,LOW
2rjZQbbnHB38Uyo9tigJ7EdiBWtcWagz3HCfUL4kpump,2026-02-13T10:15:38Z,CfumDPwfYn6m3W6fyzCMhsYkS2Uxpeu1npxZPUasV5nX,4.6695043497e-08,46.70,,,,net_00678,1,4,LOW
2rjZQbbnHB38Uyo9tigJ7EdiBWtcWagz3HCfUL4kpump,2026-02-13T10:15:38Z,CfumDPwfYn6m3W6fyzCMhsYkS2Uxpeu1npxZPUasV5nX,4.6695043497e-08,46.70,,,,net_00702,1,3,LOW
2rjZQbbnHB38Uyo9tigJ7EdiBWtcWagz3HCfUL4kpump,2026-02-13T10:15:38Z,CfumDPwfYn6m3W6fyzCMhsYkS2Uxpeu1npxZPUasV5nX,4.6695043497e-08,46.70,,,,net_00714,1,4,LOW
2rjZQbbnHB38Uyo9tigJ7EdiBWtcWagz3HCfUL4kpump,2026-02-13T10:15:38Z,CfumDPwfYn6m3W6fyzCMhsYkS2Uxpeu1npxZPUasV5nX,4.6695043497e-08,46.70,,,,net_00733,1,4,LOW
2rjZQbbnHB38Uyo9tigJ7EdiBWtcWagz3HCfUL4kpump,2026-02-13T10:15:38Z,CfumDPwfYn6m3W6fyzCMhsYkS2Uxpeu1npxZPUasV5nX,4.6695043497e-08,46.70,,,,net_00738,1,4,LOW
2rjZQbbnHB38Uyo9tigJ7EdiBWtcWagz3HCfUL4kpump,2026-02-13T10:15:38Z,CfumDPwfYn6m3W6fyzCMhsYkS2Uxpeu1npxZPUasV5nX,4.6695043497e-08,46.70,,,,net_00748,1,4,LOW
2rjZQbbnHB38Uyo9tigJ7EdiBWtcWagz3HCfUL4kpump,2026-02-13T10:15:38Z,CfumDPwfYn6m3W6fyzCMhsYkS2Uxpeu1npxZPUasV5nX,4.6695043497e-08,46.70,,,,net_00760,1,4,LOW
2rjZQbbnHB38Uyo9tigJ7EdiBWtcWagz3HCfUL4kpump,2026-02-13T10:15:38Z,CfumDPwfYn6m3W6fyzCMhsYkS2Uxpeu1npxZPUasV5nX,4.6695043497e-08,46.70,,,,net_00764,1,3,LOW
2rjZQbbnHB38Uyo9tigJ7EdiBWtcWagz3HCfUL4kpump,2026-02-13T10:15:38Z,CfumDPwfYn6m3W6fyzCMhsYkS2Uxpeu1npxZPUasV5nX,4.6695043497e-08,46.70,,,,net_00765,1,4,LOW
2rjZQbbnHB38Uyo9tigJ7EdiBWtcWagz3HCfUL4kpump,2026-02-13T10:15:38Z,CfumDPwfYn6m3W6fyzCMhsYkS2Uxpeu1npxZPUasV5nX,4.6695043497e-08,46.70,,,,net_00772,1,4,LOW
2rjZQbbnHB38Uyo9tigJ7EdiBWtcWagz3HCfUL4kpump,2026-02-13T10:15:38Z,CfumDPwfYn6m3W6fyzCMhsYkS2Uxpeu1npxZPUasV5nX,4.6695043497e-08,46.70,,,,net_00786,1,4,LOW
2rjZQbbnHB38Uyo9tigJ7EdiBWtcWagz3HCfUL4kpump,2026-02-13T10:15:38Z,CfumDPwfYn6m3W6fyzCMhsYkS2Uxpeu1npxZPUasV5nX,4.6695043497e-08,46.70,,,,net_00798,1,2,LOW
2rjZQbbnHB38Uyo9tigJ7EdiBWtcWagz3HCfUL4kpump,2026-02-13T10:15:38Z,CfumDPwfYn6m3W6fyzCMhsYkS2Uxpeu1npxZPUasV5nX,4.6695043497e-08,46.70,,,,net_00828,1,3,LOW
2rjZQbbnHB38Uyo9tigJ7EdiBWtcWagz3HCfUL4kpump,2026-02-13T10:15:38Z,CfumDPwfYn6m3W6fyzCMhsYkS2Uxpeu1npxZPUasV5nX,4.6695043497e-08,46.70,,,,net_00830,1,3,LOW
2rjZQbbnHB38Uyo9tigJ7EdiBWtcWagz3HCfUL4kpump,2026-02-13T10:15:38Z,CfumDPwfYn6m3W6fyzCMhsYkS2Uxpeu1npxZPUasV5nX,4.6695043497e-08,46.70,,,,net_00849,1,4,LOW
2rjZQbbnHB38Uyo9tigJ7EdiBWtcWagz3HCfUL4kpump,2026-02-13T10:15:38Z,CfumDPwfYn6m3W6fyzCMhsYkS2Uxpeu1npxZPUasV5nX,4.6695043497e-08,46.70,,,,net_00857,1,2,LOW
2rjZQbbnHB38Uyo9tigJ7EdiBWtcWagz3HCfUL4kpump,2026-02-13T10:15:38Z,CfumDPwfYn6m3W6fyzCMhsYkS2Uxpeu1npxZPUasV5nX,4.6695043497e-08,46.70,,,,net_00863,1,2,LOW
2rjZQbbnHB38Uyo9tigJ7EdiBWtcWagz3HCfUL4kpump,2026-02-13T10:15:38Z,CfumDPwfYn6m3W6fyzCMhsYkS2Uxpeu1npxZPUasV5nX,4.6695043497e-08,46.70,,,,net_00887,1,2,LOW
2rjZQbbnHB38Uyo9tigJ7EdiBWtcWagz3HCfUL4kpump,2026-02-13T10:15:38Z,CfumDPwfYn6m3W6fyzCMhsYkS2Uxpeu1npxZPUasV5nX,4.6695043497e-08,46.70,,,,net_00899,1,4,LOW
2rjZQbbnHB38Uyo9tigJ7EdiBWtcWagz3HCfUL4kpump,2026-02-13T10:15:38Z,CfumDPwfYn6m3W6fyzCMhsYkS2Uxpeu1npxZPUasV5nX,4.6695043497e-08,46.70,,,,net_00902,1,4,LOW
2rjZQbbnHB38Uyo9tigJ7EdiBWtcWagz3HCfUL4kpump,2026-02-13T10:15:38Z,CfumDPwfYn6m3W6fyzCMhsYkS2Uxpeu1npxZPUasV5nX,4.6695043497e-08,46.70,,,,net_00910,1,4,LOW
2rjZQbbnHB38Uyo9tigJ7EdiBWtcWagz3HCfUL4kpump,2026-02-13T10:15:38Z,CfumDPwfYn6m3W6fyzCMhsYkS2Uxpeu1npxZPUasV5nX,4.6695043497e-08,46.70,,,,net_00911,1,4,LOW
2rjZQbbnHB38Uyo9tigJ7EdiBWtcWagz3HCfUL4kpump,2026-02-13T10:15:38Z,CfumDPwfYn6m3W6fyzCMhsYkS2Uxpeu1npxZPUasV5nX,4.6695043497e-08,46.70,,,,net_00913,1,3,LOW
2rjZQbbnHB38Uyo9tigJ7EdiBWtcWagz3HCfUL4kpump,2026-02-13T10:15:38Z,CfumDPwfYn6m3W6fyzCMhsYkS2Uxpeu1npxZPUasV5nX,4.6695043497e-08,46.70,,,,net_00914,1,2,LOW
2rjZQbbnHB38Uyo9tigJ7EdiBWtcWagz3HCfUL4kpump,2026-02-13T10:15:38Z,CfumDPwfYn6m3W6fyzCMhsYkS2Uxpeu1npxZPUasV5nX,4.6695043497e-08,46.70,,,,net_00919,1,4,LOW
2rjZQbbnHB38Uyo9tigJ7EdiBWtcWagz3HCfUL4kpump,2026-02-13T10:15:38Z,CfumDPwfYn6m3W6fyzCMhsYkS2Uxpeu1npxZPUasV5nX,4.6695043497e-08,46.70,,,,net_00937,1,4,LOW
2rjZQbbnHB38Uyo9tigJ7EdiBWtcWagz3HCfUL4kpump,2026-02-13T10:15:38Z,CfumDPwfYn6m3W6fyzCMhsYkS2Uxpeu1npxZPUasV5nX,4.6695043497e-08,46.70,,,,net_00950,1,4,LOW
2rjZQbbnHB38Uyo9tigJ7EdiBWtcWagz3HCfUL4kpump,2026-02-13T10:15:38Z,CfumDPwfYn6m3W6fyzCMhsYkS2Uxpeu1npxZPUasV5nX,4.6695043497e-08,46.70,,,,net_00965,1,4,LOW
2rjZQbbnHB38Uyo9tigJ7EdiBWtcWagz3HCfUL4kpump,2026-02-13T10:15:38Z,CfumDPwfYn6m3W6fyzCMhsYkS2Uxpeu1npxZPUasV5nX,4.6695043497e-08,46.70,,,,net_00989,1,3,LOW
2rjZQbbnHB38Uyo9tigJ7EdiBWtcWagz3HCfUL4kpump,2026-02-13T10:15:38Z,CfumDPwfYn6m3W6fyzCMhsYkS2Uxpeu1npxZPUasV5nX,4.6695043497e-08,46.70,,,,net_01047,1,3,LOW
2rjZQbbnHB38Uyo9tigJ7EdiBWtcWagz3HCfUL4kpump,2026-02-13T10:15:38Z,CfumDPwfYn6m3W6fyzCMhsYkS2Uxpeu1npxZPUasV5nX,4.6695043497e-08,46.70,,,,net_01051,1,6,MEDIUM
2rjZQbbnHB38Uyo9tigJ7EdiBWtcWagz3HCfUL4kpump,2026-02-13T10:15:38Z,CfumDPwfYn6m3W6fyzCMhsYkS2Uxpeu1npxZPUasV5nX,4.6695043497e-08,46.70,,,,net_01056,1,3,LOW
2rjZQbbnHB38Uyo9tigJ7EdiBWtcWagz3HCfUL4kpump,2026-02-13T10:15:38Z,CfumDPwfYn6m3W6fyzCMhsYkS2Uxpeu1npxZPUasV5nX,4.6695043497e-08,46.70,,,,net_01058,1,4,LOW
2rjZQbbnHB38Uyo9tigJ7EdiBWtcWagz3HCfUL4kpump,2026-02-13T10:15:38Z,CfumDPwfYn6m3W6fyzCMhsYkS2Uxpeu1npxZPUasV5nX,4.6695043497e-08,46.70,,,,net_01068,1,4,LOW
2rjZQbbnHB38Uyo9tigJ7EdiBWtcWagz3HCfUL4kpump,2026-02-13T10:15:38Z,CfumDPwfYn6m3W6fyzCMhsYkS2Uxpeu1npxZPUasV5nX,4.6695043497e-08,46.70,,,,net_01083,1,4,LOW
2rjZQbbnHB38Uyo9tigJ7EdiBWtcWagz3HCfUL4kpump,2026-02-13T10:15:38Z,CfumDPwfYn6m3W6fyzCMhsYkS2Uxpeu1npxZPUasV5nX,4.6695043497e-08,46.70,,,,net_01084,1,2,LOW
bZyeJwx2ZTNRq9HSpCBdXFdDXrpiLW5AEiZad2ipump,2026-02-13T09:51:41Z,Er1YpiXSVtLYUMJbQjjpBm5MuQgv5DFD59umfxgs7Sqc,8.0810309933e-08,80.81,,,,NONE,0,0,NONE
4SrdYjGBbFQ88NRLF2xzJuEDsYx8o14kQTSh1RA1pump,2026-02-13T09:35:47Z,3BJpPHQqS5vkpdnuHZoejW8tN7ThYqtkKpC5DxwyAxFW,5.0386322576e-10,0.50,,,,net_00124,14,36,HIGH
CmXfenEPhnvJd1HrT9FfQCrUgcjeVnqP6STokb9cpump,2026-02-13T09:33:16Z,ENYbmXjSuK8RNzNjDEGLxupZVk8gonAZ2LeFg8nYo8rp,7.2164852231e-09,7.22,,,,NONE,0,0,NONE
D9qMi6NSsAawgBy3SWQjgXtZo5GfCER3F2LP41cfnopC,2026-02-13T09:27:37Z,9Zu8AigeXgFAajBTni2VWw6Wmz7XxDqHmY5nQwdCWAyY,1.3851099876e-07,138.51,,,,net_00028,38,11,MEDIUM
D9qMi6NSsAawgBy3SWQjgXtZo5GfCER3F2LP41cfnopC,2026-02-13T09:27:37Z,9Zu8AigeXgFAajBTni2VWw6Wmz7XxDqHmY5nQwdCWAyY,1.3851099876e-07,138.51,,,,net_00116,1,2,LOW
D9qMi6NSsAawgBy3SWQjgXtZo5GfCER3F2LP41cfnopC,2026-02-13T09:27:37Z,9Zu8AigeXgFAajBTni2VWw6Wmz7XxDqHmY5nQwdCWAyY,1.3851099876e-07,138.51,,,,net_00343,1,2,LOW
D9qMi6NSsAawgBy3SWQjgXtZo5GfCER3F2LP41cfnopC,2026-02-13T09:27:37Z,9Zu8AigeXgFAajBTni2VWw6Wmz7XxDqHmY5nQwdCWAyY,1.3851099876e-07,138.51,,,,net_00357,1,2,LOW
D9qMi6NSsAawgBy3SWQjgXtZo5GfCER3F2LP41cfnopC,2026-02-13T09:27:37Z,9Zu8AigeXgFAajBTni2VWw6Wmz7XxDqHmY5nQwdCWAyY,1.3851099876e-07,138.51,,,,net_00361,1,2,LOW
D9qMi6NSsAawgBy3SWQjgXtZo5GfCER3F2LP41cfnopC,2026-02-13T09:27:37Z,9Zu8AigeXgFAajBTni2VWw6Wmz7XxDqHmY5nQwdCWAyY,1.3851099876e-07,138.51,,,,net_00470,1,2,LOW
D9qMi6NSsAawgBy3SWQjgXtZo5GfCER3F2LP41cfnopC,2026-02-13T09:27:37Z,9Zu8AigeXgFAajBTni2VWw6Wmz7XxDqHmY5nQwdCWAyY,1.3851099876e-07,138.51,,,,net_00477,1,2,LOW
D9qMi6NSsAawgBy3SWQjgXtZo5GfCER3F2LP41cfnopC,2026-02-13T09:27:37Z,9Zu8AigeXgFAajBTni2VWw6Wmz7XxDqHmY5nQwdCWAyY,1.3851099876e-07,138.51,,,,net_00641,1,2,LOW
D9qMi6NSsAawgBy3SWQjgXtZo5GfCER3F2LP41cfnopC,2026-02-13T09:27:37Z,9Zu8AigeXgFAajBTni2VWw6Wmz7XxDqHmY5nQwdCWAyY,1.3851099876e-07,138.51,,,,net_00894,1,2,LOW
D9qMi6NSsAawgBy3SWQjgXtZo5GfCER3F2LP41cfnopC,2026-02-13T09:27:37Z,9Zu8AigeXgFAajBTni2VWw6Wmz7XxDqHmY5nQwdCWAyY,1.3851099876e-07,138.51,,,,net_00955,1,2,LOW
AFcb2o7FFNAqQRZ5U1kCLnJ7aH9KMtkcaP4jA6Cdpump,2026-02-13T09:20:42Z,4cXnf2z85UiZ5cyKsPMEULq1yufAtpkatmX4j4DBZqj2,1.4864632124e-08,14.86,,,,net_00647,23,152,CRITICAL
AFcb2o7FFNAqQRZ5U1kCLnJ7aH9KMtkcaP4jA6Cdpump,2026-02-13T09:20:42Z,4cXnf2z85UiZ5cyKsPMEULq1yufAtpkatmX4j4DBZqj2,1.4864632124e-08,14.86,,,,net_00985,1,3,LOW
7Rni7A9Sa8qut96FBEP5D3pbkkRnwMgRNqHS3hEFpump,2026-02-13T09:08:56Z,4isPmqGiTP4fYxrdxsd4EawtQJzmRKaqxPHFNjRzvfGN,2.2029054394e-08,22.03,,,,net_00114,1,2,LOW
7Rni7A9Sa8qut96FBEP5D3pbkkRnwMgRNqHS3hEFpump,2026-02-13T09:08:56Z,4isPmqGiTP4fYxrdxsd4EawtQJzmRKaqxPHFNjRzvfGN,2.2029054394e-08,22.03,,,,net_00162,1,2,LOW
7Rni7A9Sa8qut96FBEP5D3pbkkRnwMgRNqHS3hEFpump,2026-02-13T09:08:56Z,4isPmqGiTP4fYxrdxsd4EawtQJzmRKaqxPHFNjRzvfGN,2.2029054394e-08,22.03,,,,net_00448,1,2,LOW
7Rni7A9Sa8qut96FBEP5D3pbkkRnwMgRNqHS3hEFpump,2026-02-13T09:08:56Z,4isPmqGiTP4fYxrdxsd4EawtQJzmRKaqxPHFNjRzvfGN,2.2029054394e-08,22.03,,,,net_00481,1,2,LOW
7Rni7A9Sa8qut96FBEP5D3pbkkRnwMgRNqHS3hEFpump,2026-02-13T09:08:56Z,4isPmqGiTP4fYxrdxsd4EawtQJzmRKaqxPHFNjRzvfGN,2.2029054394e-08,22.03,,,,net_00485,1,3,LOW
7Rni7A9Sa8qut96FBEP5D3pbkkRnwMgRNqHS3hEFpump,2026-02-13T09:08:56Z,4isPmqGiTP4fYxrdxsd4EawtQJzmRKaqxPHFNjRzvfGN,2.2029054394e-08,22.03,,,,net_00533,1,4,LOW
7Rni7A9Sa8qut96FBEP5D3pbkkRnwMgRNqHS3hEFpump,2026-02-13T09:08:56Z,4isPmqGiTP4fYxrdxsd4EawtQJzmRKaqxPHFNjRzvfGN,2.2029054394e-08,22.03,,,,net_00616,1,2,LOW
7Rni7A9Sa8qut96FBEP5D3pbkkRnwMgRNqHS3hEFpump,2026-02-13T09:08:56Z,4isPmqGiTP4fYxrdxsd4EawtQJzmRKaqxPHFNjRzvfGN,2.2029054394e-08,22.03,,,,net_00666,1,2,LOW
7fJVa41eqvPUPCsBmfB7ZEn1TpqmVQfowLSoHxGSpump,2026-02-13T08:40:10Z,2hWao5uTzxUmBTvEv6wwaR5fAVjstiJLc7xKU7e8CPTU,1.9954591991e-07,199.55,,,,NONE,0,0,NONE
BCG4MBb279NJnJh9iFGooKbKzihymv7gVuEUtcdzpump,2026-02-13T08:36:53Z,7x72piv1jAi9qFVsYbyfKvd4F7o35un7XnY4RjdEHMK3,6.1424116504e-09,6.14,,,,net_00194,1,6,MEDIUM
9gdB6CmfBW7Cer73x6aGiqqkGEcuzpaZLJkhJVEGpump,2026-02-13T08:34:30Z,9EKFXsKdaEeNR9ALGEwkZDyFrRj4kemJJLXMrVgPep2q,5.2286887271e-08,52.29,,,,net_00049,15,15,MEDIUM
EjbfXTb468scv3bWh8j5T6QUqgvoPb9tSEw5X2Bwpump,2026-02-13T08:31:56Z,4jyBN4oqpfY3nxHz9aKMaZiHKot9Cv5JEkDZdnfCa6qV,3.5703609116e-10,0.36,,,,net_00021,44,7,MEDIUM
2VroYnA7jFVtQ6P3wq7SXV5xpRQAAXsMYPEQLbSbpump,2026-02-13T08:29:34Z,14nxEC69bZ16bPWqSZXMHnGd8YmbcvLqvDprfRu3oDqj,7.5340111829e-10,0.75,,,,NONE,0,0,NONE
4B8Wzh3YvYXbVKWXfVmBHSk85T8pWF3noer2p4nFpump,2026-02-13T08:16:35Z,HkMH7cAvAxMddp4fvbB5GDp5PcJoKSYfpzKVGg3NNCB5,1.6904707363e-07,169.05,,,,NONE,0,0,NONE
HTT1GR9i1DRjrfUdV245T5JowkTQ3zjKrAuv1kippump,2026-02-13T08:06:32Z,48CKHCY1S9AAxSANDfJXYgMbg3PDYLbjnQwbfz9w8hrR,1.1743016707e-07,117.43,,,,NONE,0,0,NONE
8NoEAbcWjzZjsjDZSWztL31D7mX9vWLTuB4ty8KWpump,2026-02-13T08:01:13Z,CHQXvUMJd9NLsSRL5kXBqj52JX9FNhnzPJKNvTVoqgXr,7.1306459471e-10,0.71,,,,net_00021,44,7,MEDIUM
8risDUdphhbhDqNdjSW1HeNzSnTcdK6nRzhQZFFTpump,2026-02-13T08:00:19Z,CQmoYwkgEyikpbvWax6p2yM6ZdjJt9PKE2h1NjWziUWZ,2.7423567041e-08,27.42,,,,NONE,0,0,NONE
6wyxiEpezNfecruNX4ion8L7Er6RrkupCx5k39eXpump,2026-02-13T07:50:32Z,49roafVvLw6BzbLypHiKiaf2YyX56K1S5FykGo1XiLxD,3.3263120655e-09,3.33,,,,NONE,0,0,NONE
8Qi1bRdWLWjgsqjVD5WWxc7PT7v3jqHBMfKidFiLpump,2026-02-13T07:40:24Z,CQmoYwkgEyikpbvWax6p2yM6ZdjJt9PKE2h1NjWziUWZ,1.0410304491e-08,10.41,,,,NONE,0,0,NONE
8HDhHDAtppo4tiDhsJsTAaTXvaRTHTT1wyR9h944pump,2026-02-13T07:37:49Z,65gSKrxAzViVsKeS7ViuQqWoR96wmMdHNzoMHqjwsAKW,,,,,,NONE,0,0,NONE
9kMXsSXYrwcZCyYnEaXCUmBHzRDSkBbudhygRKC2pump,2026-02-13T07:36:20Z,J7ftF3PtFkBak7C6pc7MR2nzP7Xjmy2QnViE1fEaodFf,6.3349657952e-10,0.63,,,,NONE,0,0,NONE
AVFtyZx5A8ftyaSpk6UBmtA4Zh4MtfRETGRowZdLpump,2026-02-13T07:24:40Z,FAuDxKsZ45Y2WhEaW3KgnRmxBy69PuYCtqH7gQoExGvr,9.1920143221e-10,0.92,,,,net_00021,44,7,MEDIUM
5narWr9kgctSNd9oxJob6d1aKnJEy9BkjZeLE3gwpump,2026-02-13T07:06:26Z,8HMhjJiJCqRxFYVMZVk7JmhjdCdWCcQCEC2XoXhWo7HT,3.8696618701e-08,38.70,,,,net_00526,35,9,MEDIUM
3KKhdeeVEN5xrFg2CXQYkzqvNvFJgccA7P1uQuATpump,2026-02-13T07:01:59Z,7RhAX7ZdyaaBgxEDcTPRtT3dfBUv9eSeFKNSLX2VtZiE,4.3545536522e-08,43.55,,,,NONE,0,0,NONE
7zTzsU8GmqkuWWbPCZEYxBiYHWEZaggYMMdD7iC4pump,2026-02-13T07:01:30Z,E5HJhBLfiQiw3cX7Jokw3gSK14uiLy33kERWFCQnQ7S2,7.6630209189e-10,0.77,,,,net_00021,44,7,MEDIUM
58Ghft9TvGNuBiDzy9cFD2Px9rz5cDVZ1XoMFk1xpump,2026-02-13T06:57:58Z,9x87VWyWonPiUVB8pHfPtrmBcTBexRL9HmBbUPUtDJBu,4.2244281782e-07,422.44,,,,NONE,0,0,NONE
5R7dDQXvpEphKsYgjJDN8HcjveWJGAbdPQfa2qyEpump,2026-02-13T06:57:25Z,71vKVPEBXdLk2VEr1b82SAwmhFRGeapSXGH5bTp5PhZC,3.6015304611e-09,3.60,,,,net_00994,1,2,LOW
5R7dDQXvpEphKsYgjJDN8HcjveWJGAbdPQfa2qyEpump,2026-02-13T06:57:25Z,71vKVPEBXdLk2VEr1b82SAwmhFRGeapSXGH5bTp5PhZC,3.6015304611e-09,3.60,,,,net_00995,1,2,LOW
5R7dDQXvpEphKsYgjJDN8HcjveWJGAbdPQfa2qyEpump,2026-02-13T06:57:25Z,71vKVPEBXdLk2VEr1b82SAwmhFRGeapSXGH5bTp5PhZC,3.6015304611e-09,3.60,,,,net_00996,1,2,LOW
5R7dDQXvpEphKsYgjJDN8HcjveWJGAbdPQfa2qyEpump,2026-02-13T06:57:25Z,71vKVPEBXdLk2VEr1b82SAwmhFRGeapSXGH5bTp5PhZC,3.6015304611e-09,3.60,,,,net_00997,1,2,LOW
5R7dDQXvpEphKsYgjJDN8HcjveWJGAbdPQfa2qyEpump,2026-02-13T06:57:25Z,71vKVPEBXdLk2VEr1b82SAwmhFRGeapSXGH5bTp5PhZC,3.6015304611e-09,3.60,,,,net_00998,1,2,LOW
5R7dDQXvpEphKsYgjJDN8HcjveWJGAbdPQfa2qyEpump,2026-02-13T06:57:25Z,71vKVPEBXdLk2VEr1b82SAwmhFRGeapSXGH5bTp5PhZC,3.6015304611e-09,3.60,,,,net_00999,1,2,LOW
5R7dDQXvpEphKsYgjJDN8HcjveWJGAbdPQfa2qyEpump,2026-02-13T06:57:25Z,71vKVPEBXdLk2VEr1b82SAwmhFRGeapSXGH5bTp5PhZC,3.6015304611e-09,3.60,,,,net_01000,1,2,LOW
5R7dDQXvpEphKsYgjJDN8HcjveWJGAbdPQfa2qyEpump,2026-02-13T06:57:25Z,71vKVPEBXdLk2VEr1b82SAwmhFRGeapSXGH5bTp5PhZC,3.6015304611e-09,3.60,,,,net_01001,1,2,LOW
5R7dDQXvpEphKsYgjJDN8HcjveWJGAbdPQfa2qyEpump,2026-02-13T06:57:25Z,71vKVPEBXdLk2VEr1b82SAwmhFRGeapSXGH5bTp5PhZC,3.6015304611e-09,3.60,,,,net_01002,1,2,LOW
5R7dDQXvpEphKsYgjJDN8HcjveWJGAbdPQfa2qyEpump,2026-02-13T06:57:25Z,71vKVPEBXdLk2VEr1b82SAwmhFRGeapSXGH5bTp5PhZC,3.6015304611e-09,3.60,,,,net_01003,1,2,LOW
5R7dDQXvpEphKsYgjJDN8HcjveWJGAbdPQfa2qyEpump,2026-02-13T06:57:25Z,71vKVPEBXdLk2VEr1b82SAwmhFRGeapSXGH5bTp5PhZC,3.6015304611e-09,3.60,,,,net_01004,1,2,LOW
5R7dDQXvpEphKsYgjJDN8HcjveWJGAbdPQfa2qyEpump,2026-02-13T06:57:25Z,71vKVPEBXdLk2VEr1b82SAwmhFRGeapSXGH5bTp5PhZC,3.6015304611e-09,3.60,,,,net_01005,1,2,LOW
5R7dDQXvpEphKsYgjJDN8HcjveWJGAbdPQfa2qyEpump,2026-02-13T06:57:25Z,71vKVPEBXdLk2VEr1b82SAwmhFRGeapSXGH5bTp5PhZC,3.6015304611e-09,3.60,,,,net_01006,1,2,LOW
5R7dDQXvpEphKsYgjJDN8HcjveWJGAbdPQfa2qyEpump,2026-02-13T06:57:25Z,71vKVPEBXdLk2VEr1b82SAwmhFRGeapSXGH5bTp5PhZC,3.6015304611e-09,3.60,,,,net_01007,1,2,LOW
5R7dDQXvpEphKsYgjJDN8HcjveWJGAbdPQfa2qyEpump,2026-02-13T06:57:25Z,71vKVPEBXdLk2VEr1b82SAwmhFRGeapSXGH5bTp5PhZC,3.6015304611e-09,3.60,,,,net_01008,1,2,LOW
5R7dDQXvpEphKsYgjJDN8HcjveWJGAbdPQfa2qyEpump,2026-02-13T06:57:25Z,71vKVPEBXdLk2VEr1b82SAwmhFRGeapSXGH5bTp5PhZC,3.6015304611e-09,3.60,,,,net_01009,1,2,LOW
5R7dDQXvpEphKsYgjJDN8HcjveWJGAbdPQfa2qyEpump,2026-02-13T06:57:25Z,71vKVPEBXdLk2VEr1b82SAwmhFRGeapSXGH5bTp5PhZC,3.6015304611e-09,3.60,,,,net_01010,1,2,LOW
5R7dDQXvpEphKsYgjJDN8HcjveWJGAbdPQfa2qyEpump,2026-02-13T06:57:25Z,71vKVPEBXdLk2VEr1b82SAwmhFRGeapSXGH5bTp5PhZC,3.6015304611e-09,3.60,,,,net_01011,1,2,LOW
5R7dDQXvpEphKsYgjJDN8HcjveWJGAbdPQfa2qyEpump,2026-02-13T06:57:25Z,71vKVPEBXdLk2VEr1b82SAwmhFRGeapSXGH5bTp5PhZC,3.6015304611e-09,3.60,,,,net_01012,1,2,LOW
5R7dDQXvpEphKsYgjJDN8HcjveWJGAbdPQfa2qyEpump,2026-02-13T06:57:25Z,71vKVPEBXdLk2VEr1b82SAwmhFRGeapSXGH5bTp5PhZC,3.6015304611e-09,3.60,,,,net_01013,1,2,LOW
5R7dDQXvpEphKsYgjJDN8HcjveWJGAbdPQfa2qyEpump,2026-02-13T06:57:25Z,71vKVPEBXdLk2VEr1b82SAwmhFRGeapSXGH5bTp5PhZC,3.6015304611e-09,3.60,,,,net_01014,1,2,LOW
5R7dDQXvpEphKsYgjJDN8HcjveWJGAbdPQfa2qyEpump,2026-02-13T06:57:25Z,71vKVPEBXdLk2VEr1b82SAwmhFRGeapSXGH5bTp5PhZC,3.6015304611e-09,3.60,,,,net_01015,1,2,LOW
5R7dDQXvpEphKsYgjJDN8HcjveWJGAbdPQfa2qyEpump,2026-02-13T06:57:25Z,71vKVPEBXdLk2VEr1b82SAwmhFRGeapSXGH5bTp5PhZC,3.6015304611e-09,3.60,,,,net_01016,1,2,LOW
5R7dDQXvpEphKsYgjJDN8HcjveWJGAbdPQfa2qyEpump,2026-02-13T06:57:25Z,71vKVPEBXdLk2VEr1b82SAwmhFRGeapSXGH5bTp5PhZC,3.6015304611e-09,3.60,,,,net_01017,1,2,LOW
5R7dDQXvpEphKsYgjJDN8HcjveWJGAbdPQfa2qyEpump,2026-02-13T06:57:25Z,71vKVPEBXdLk2VEr1b82SAwmhFRGeapSXGH5bTp5PhZC,3.6015304611e-09,3.60,,,,net_01018,1,2,LOW
5R7dDQXvpEphKsYgjJDN8HcjveWJGAbdPQfa2qyEpump,2026-02-13T06:57:25Z,71vKVPEBXdLk2VEr1b82SAwmhFRGeapSXGH5bTp5PhZC,3.6015304611e-09,3.60,,,,net_01019,1,2,LOW
5R7dDQXvpEphKsYgjJDN8HcjveWJGAbdPQfa2qyEpump,2026-02-13T06:57:25Z,71vKVPEBXdLk2VEr1b82SAwmhFRGeapSXGH5bTp5PhZC,3.6015304611e-09,3.60,,,,net_01020,1,2,LOW
5R7dDQXvpEphKsYgjJDN8HcjveWJGAbdPQfa2qyEpump,2026-02-13T06:57:25Z,71vKVPEBXdLk2VEr1b82SAwmhFRGeapSXGH5bTp5PhZC,3.6015304611e-09,3.60,,,,net_01021,1,2,LOW
5R7dDQXvpEphKsYgjJDN8HcjveWJGAbdPQfa2qyEpump,2026-02-13T06:57:25Z,71vKVPEBXdLk2VEr1b82SAwmhFRGeapSXGH5bTp5PhZC,3.6015304611e-09,3.60,,,,net_01022,1,2,LOW
5R7dDQXvpEphKsYgjJDN8HcjveWJGAbdPQfa2qyEpump,2026-02-13T06:57:25Z,71vKVPEBXdLk2VEr1b82SAwmhFRGeapSXGH5bTp5PhZC,3.6015304611e-09,3.60,,,,net_01023,1,2,LOW
5R7dDQXvpEphKsYgjJDN8HcjveWJGAbdPQfa2qyEpump,2026-02-13T06:57:25Z,71vKVPEBXdLk2VEr1b82SAwmhFRGeapSXGH5bTp5PhZC,3.6015304611e-09,3.60,,,,net_01024,1,2,LOW
5R7dDQXvpEphKsYgjJDN8HcjveWJGAbdPQfa2qyEpump,2026-02-13T06:57:25Z,71vKVPEBXdLk2VEr1b82SAwmhFRGeapSXGH5bTp5PhZC,3.6015304611e-09,3.60,,,,net_01025,1,2,LOW
5R7dDQXvpEphKsYgjJDN8HcjveWJGAbdPQfa2qyEpump,2026-02-13T06:57:25Z,71vKVPEBXdLk2VEr1b82SAwmhFRGeapSXGH5bTp5PhZC,3.6015304611e-09,3.60,,,,net_01026,1,2,LOW
5R7dDQXvpEphKsYgjJDN8HcjveWJGAbdPQfa2qyEpump,2026-02-13T06:57:25Z,71vKVPEBXdLk2VEr1b82SAwmhFRGeapSXGH5bTp5PhZC,3.6015304611e-09,3.60,,,,net_01027,1,2,LOW
5R7dDQXvpEphKsYgjJDN8HcjveWJGAbdPQfa2qyEpump,2026-02-13T06:57:25Z,71vKVPEBXdLk2VEr1b82SAwmhFRGeapSXGH5bTp5PhZC,3.6015304611e-09,3.60,,,,net_01028,1,2,LOW
5R7dDQXvpEphKsYgjJDN8HcjveWJGAbdPQfa2qyEpump,2026-02-13T06:57:25Z,71vKVPEBXdLk2VEr1b82SAwmhFRGeapSXGH5bTp5PhZC,3.6015304611e-09,3.60,,,,net_01029,1,2,LOW
5R7dDQXvpEphKsYgjJDN8HcjveWJGAbdPQfa2qyEpump,2026-02-13T06:57:25Z,71vKVPEBXdLk2VEr1b82SAwmhFRGeapSXGH5bTp5PhZC,3.6015304611e-09,3.60,,,,net_01030,1,2,LOW
5R7dDQXvpEphKsYgjJDN8HcjveWJGAbdPQfa2qyEpump,2026-02-13T06:57:25Z,71vKVPEBXdLk2VEr1b82SAwmhFRGeapSXGH5bTp5PhZC,3.6015304611e-09,3.60,,,,net_01031,1,2,LOW
5R7dDQXvpEphKsYgjJDN8HcjveWJGAbdPQfa2qyEpump,2026-02-13T06:57:25Z,71vKVPEBXdLk2VEr1b82SAwmhFRGeapSXGH5bTp5PhZC,3.6015304611e-09,3.60,,,,net_01032,1,2,LOW
5R7dDQXvpEphKsYgjJDN8HcjveWJGAbdPQfa2qyEpump,2026-02-13T06:57:25Z,71vKVPEBXdLk2VEr1b82SAwmhFRGeapSXGH5bTp5PhZC,3.6015304611e-09,3.60,,,,net_01033,1,2,LOW
5R7dDQXvpEphKsYgjJDN8HcjveWJGAbdPQfa2qyEpump,2026-02-13T06:57:25Z,71vKVPEBXdLk2VEr1b82SAwmhFRGeapSXGH5bTp5PhZC,3.6015304611e-09,3.60,,,,net_01034,1,2,LOW
5R7dDQXvpEphKsYgjJDN8HcjveWJGAbdPQfa2qyEpump,2026-02-13T06:57:25Z,71vKVPEBXdLk2VEr1b82SAwmhFRGeapSXGH5bTp5PhZC,3.6015304611e-09,3.60,,,,net_01035,1,2,LOW
5R7dDQXvpEphKsYgjJDN8HcjveWJGAbdPQfa2qyEpump,2026-02-13T06:57:25Z,71vKVPEBXdLk2VEr1b82SAwmhFRGeapSXGH5bTp5PhZC,3.6015304611e-09,3.60,,,,net_01036,1,2,LOW
5R7dDQXvpEphKsYgjJDN8HcjveWJGAbdPQfa2qyEpump,2026-02-13T06:57:25Z,71vKVPEBXdLk2VEr1b82SAwmhFRGeapSXGH5bTp5PhZC,3.6015304611e-09,3.60,,,,net_01037,1,2,LOW
5R7dDQXvpEphKsYgjJDN8HcjveWJGAbdPQfa2qyEpump,2026-02-13T06:57:25Z,71vKVPEBXdLk2VEr1b82SAwmhFRGeapSXGH5bTp5PhZC,3.6015304611e-09,3.60,,,,net_01038,1,2,LOW
5R7dDQXvpEphKsYgjJDN8HcjveWJGAbdPQfa2qyEpump,2026-02-13T06:57:25Z,71vKVPEBXdLk2VEr1b82SAwmhFRGeapSXGH5bTp5PhZC,3.6015304611e-09,3.60,,,,net_01039,1,2,LOW
5R7dDQXvpEphKsYgjJDN8HcjveWJGAbdPQfa2qyEpump,2026-02-13T06:57:25Z,71vKVPEBXdLk2VEr1b82SAwmhFRGeapSXGH5bTp5PhZC,3.6015304611e-09,3.60,,,,net_01040,1,2,LOW
5R7dDQXvpEphKsYgjJDN8HcjveWJGAbdPQfa2qyEpump,2026-02-13T06:57:25Z,71vKVPEBXdLk2VEr1b82SAwmhFRGeapSXGH5bTp5PhZC,3.6015304611e-09,3.60,,,,net_01041,1,2,LOW
5R7dDQXvpEphKsYgjJDN8HcjveWJGAbdPQfa2qyEpump,2026-02-13T06:57:25Z,71vKVPEBXdLk2VEr1b82SAwmhFRGeapSXGH5bTp5PhZC,3.6015304611e-09,3.60,,,,net_01042,1,2,LOW
5R7dDQXvpEphKsYgjJDN8HcjveWJGAbdPQfa2qyEpump,2026-02-13T06:57:25Z,71vKVPEBXdLk2VEr1b82SAwmhFRGeapSXGH5bTp5PhZC,3.6015304611e-09,3.60,,,,net_01043,1,2,LOW
5R7dDQXvpEphKsYgjJDN8HcjveWJGAbdPQfa2qyEpump,2026-02-13T06:57:25Z,71vKVPEBXdLk2VEr1b82SAwmhFRGeapSXGH5bTp5PhZC,3.6015304611e-09,3.60,,,,net_01044,1,2,LOW
5R7dDQXvpEphKsYgjJDN8HcjveWJGAbdPQfa2qyEpump,2026-02-13T06:57:25Z,71vKVPEBXdLk2VEr1b82SAwmhFRGeapSXGH5bTp5PhZC,3.6015304611e-09,3.60,,,,net_01045,1,2,LOW
5R7dDQXvpEphKsYgjJDN8HcjveWJGAbdPQfa2qyEpump,2026-02-13T06:57:25Z,71vKVPEBXdLk2VEr1b82SAwmhFRGeapSXGH5bTp5PhZC,3.6015304611e-09,3.60,,,,net_01046,1,2,LOW
CA2NCrHJCPSWgaPsjzGVqVBJNw5S92V4dgBEEFvapump,2026-02-13T06:56:21Z,8svbaRDq5zU2CNSb2jrisDwdMXpeJjZrUaoBBZ4wZtUA,4.5076534008e-10,0.45,,,,NONE,0,0,NONE
HH43BgyXyunq8bZZBEV3GiHrw7uUaMemRosHXd6Epump,2026-02-13T06:54:34Z,F9Ao6nFeVF46niLeWhiqxpVdeEdb7qW5eewvbu2c2vzJ,4.3741244200e-07,437.41,,,,NONE,0,0,NONE
BksrxyevCUmJShAKSV5CQy8Z3RzsHDaYBqSuVy62pump,2026-02-13T06:46:18Z,7t9sBh9FgRBudBzL1NW7MDxcDLpcwkQXJMykLwzmqSPT,2.0274843507e-08,20.27,,,,NONE,0,0,NONE
GprkcKetH3c7rDoSR5EwPL9Jo6w6PKAKUF2xXoTDpump,2026-02-13T06:44:50Z,JCRWgVifq84wTDzLKPsNyipFWxqvns3i8zTJDhVCjauW,3.0300000000e-05,30308.16,,,,NONE,0,0,NONE
UJhE5YmhXuqgTQmHbmyQFijKW52JPsM56qGJ64fRZGT,2026-02-13T06:43:53Z,JDQKDrc1TQgBRvdFh56tkta5sYcDj1SoP52Eiu64rSrT,3.8631972377e-08,38.63,,,,net_00003,1,2,LOW
UJhE5YmhXuqgTQmHbmyQFijKW52JPsM56qGJ64fRZGT,2026-02-13T06:43:53Z,JDQKDrc1TQgBRvdFh56tkta5sYcDj1SoP52Eiu64rSrT,3.8631972377e-08,38.63,,,,net_00008,1,2,LOW
UJhE5YmhXuqgTQmHbmyQFijKW52JPsM56qGJ64fRZGT,2026-02-13T06:43:53Z,JDQKDrc1TQgBRvdFh56tkta5sYcDj1SoP52Eiu64rSrT,3.8631972377e-08,38.63,,,,net_00102,1,2,LOW
UJhE5YmhXuqgTQmHbmyQFijKW52JPsM56qGJ64fRZGT,2026-02-13T06:43:53Z,JDQKDrc1TQgBRvdFh56tkta5sYcDj1SoP52Eiu64rSrT,3.8631972377e-08,38.63,,,,net_00103,1,2,LOW
UJhE5YmhXuqgTQmHbmyQFijKW52JPsM56qGJ64fRZGT,2026-02-13T06:43:53Z,JDQKDrc1TQgBRvdFh56tkta5sYcDj1SoP52Eiu64rSrT,3.8631972377e-08,38.63,,,,net_00111,1,2,LOW
UJhE5YmhXuqgTQmHbmyQFijKW52JPsM56qGJ64fRZGT,2026-02-13T06:43:53Z,JDQKDrc1TQgBRvdFh56tkta5sYcDj1SoP52Eiu64rSrT,3.8631972377e-08,38.63,,,,net_00115,1,2,LOW
UJhE5YmhXuqgTQmHbmyQFijKW52JPsM56qGJ64fRZGT,2026-02-13T06:43:53Z,JDQKDrc1TQgBRvdFh56tkta5sYcDj1SoP52Eiu64rSrT,3.8631972377e-08,38.63,,,,net_00144,1,2,LOW
UJhE5YmhXuqgTQmHbmyQFijKW52JPsM56qGJ64fRZGT,2026-02-13T06:43:53Z,JDQKDrc1TQgBRvdFh56tkta5sYcDj1SoP52Eiu64rSrT,3.8631972377e-08,38.63,,,,net_00158,1,2,LOW
UJhE5YmhXuqgTQmHbmyQFijKW52JPsM56qGJ64fRZGT,2026-02-13T06:43:53Z,JDQKDrc1TQgBRvdFh56tkta5sYcDj1SoP52Eiu64rSrT,3.8631972377e-08,38.63,,,,net_00188,1,2,LOW
UJhE5YmhXuqgTQmHbmyQFijKW52JPsM56qGJ64fRZGT,2026-02-13T06:43:53Z,JDQKDrc1TQgBRvdFh56tkta5sYcDj1SoP52Eiu64rSrT,3.8631972377e-08,38.63,,,,net_00214,1,2,LOW
UJhE5YmhXuqgTQmHbmyQFijKW52JPsM56qGJ64fRZGT,2026-02-13T06:43:53Z,JDQKDrc1TQgBRvdFh56tkta5sYcDj1SoP52Eiu64rSrT,3.8631972377e-08,38.63,,,,net_00216,1,2,LOW
UJhE5YmhXuqgTQmHbmyQFijKW52JPsM56qGJ64fRZGT,2026-02-13T06:43:53Z,JDQKDrc1TQgBRvdFh56tkta5sYcDj1SoP52Eiu64rSrT,3.8631972377e-08,38.63,,,,net_00326,1,2,LOW
UJhE5YmhXuqgTQmHbmyQFijKW52JPsM56qGJ64fRZGT,2026-02-13T06:43:53Z,JDQKDrc1TQgBRvdFh56tkta5sYcDj1SoP52Eiu64rSrT,3.8631972377e-08,38.63,,,,net_00342,1,2,LOW
UJhE5YmhXuqgTQmHbmyQFijKW52JPsM56qGJ64fRZGT,2026-02-13T06:43:53Z,JDQKDrc1TQgBRvdFh56tkta5sYcDj1SoP52Eiu64rSrT,3.8631972377e-08,38.63,,,,net_00384,1,2,LOW
UJhE5YmhXuqgTQmHbmyQFijKW52JPsM56qGJ64fRZGT,2026-02-13T06:43:53Z,JDQKDrc1TQgBRvdFh56tkta5sYcDj1SoP52Eiu64rSrT,3.8631972377e-08,38.63,,,,net_00390,1,2,LOW
UJhE5YmhXuqgTQmHbmyQFijKW52JPsM56qGJ64fRZGT,2026-02-13T06:43:53Z,JDQKDrc1TQgBRvdFh56tkta5sYcDj1SoP52Eiu64rSrT,3.8631972377e-08,38.63,,,,net_00399,1,2,LOW
UJhE5YmhXuqgTQmHbmyQFijKW52JPsM56qGJ64fRZGT,2026-02-13T06:43:53Z,JDQKDrc1TQgBRvdFh56tkta5sYcDj1SoP52Eiu64rSrT,3.8631972377e-08,38.63,,,,net_00420,1,2,LOW
UJhE5YmhXuqgTQmHbmyQFijKW52JPsM56qGJ64fRZGT,2026-02-13T06:43:53Z,JDQKDrc1TQgBRvdFh56tkta5sYcDj1SoP52Eiu64rSrT,3.8631972377e-08,38.63,,,,net_00427,1,2,LOW
UJhE5YmhXuqgTQmHbmyQFijKW52JPsM56qGJ64fRZGT,2026-02-13T06:43:53Z,JDQKDrc1TQgBRvdFh56tkta5sYcDj1SoP52Eiu64rSrT,3.8631972377e-08,38.63,,,,net_00447,1,2,LOW
UJhE5YmhXuqgTQmHbmyQFijKW52JPsM56qGJ64fRZGT,2026-02-13T06:43:53Z,JDQKDrc1TQgBRvdFh56tkta5sYcDj1SoP52Eiu64rSrT,3.8631972377e-08,38.63,,,,net_00475,1,2,LOW
UJhE5YmhXuqgTQmHbmyQFijKW52JPsM56qGJ64fRZGT,2026-02-13T06:43:53Z,JDQKDrc1TQgBRvdFh56tkta5sYcDj1SoP52Eiu64rSrT,3.8631972377e-08,38.63,,,,net_00535,1,2,LOW
UJhE5YmhXuqgTQmHbmyQFijKW52JPsM56qGJ64fRZGT,2026-02-13T06:43:53Z,JDQKDrc1TQgBRvdFh56tkta5sYcDj1SoP52Eiu64rSrT,3.8631972377e-08,38.63,,,,net_00542,1,2,LOW
UJhE5YmhXuqgTQmHbmyQFijKW52JPsM56qGJ64fRZGT,2026-02-13T06:43:53Z,JDQKDrc1TQgBRvdFh56tkta5sYcDj1SoP52Eiu64rSrT,3.8631972377e-08,38.63,,,,net_00555,1,2,LOW
UJhE5YmhXuqgTQmHbmyQFijKW52JPsM56qGJ64fRZGT,2026-02-13T06:43:53Z,JDQKDrc1TQgBRvdFh56tkta5sYcDj1SoP52Eiu64rSrT,3.8631972377e-08,38.63,,,,net_00565,1,4,LOW
UJhE5YmhXuqgTQmHbmyQFijKW52JPsM56qGJ64fRZGT,2026-02-13T06:43:53Z,JDQKDrc1TQgBRvdFh56tkta5sYcDj1SoP52Eiu64rSrT,3.8631972377e-08,38.63,,,,net_00592,1,8,MEDIUM
UJhE5YmhXuqgTQmHbmyQFijKW52JPsM56qGJ64fRZGT,2026-02-13T06:43:53Z,JDQKDrc1TQgBRvdFh56tkta5sYcDj1SoP52Eiu64rSrT,3.8631972377e-08,38.63,,,,net_00626,1,2,LOW
UJhE5YmhXuqgTQmHbmyQFijKW52JPsM56qGJ64fRZGT,2026-02-13T06:43:53Z,JDQKDrc1TQgBRvdFh56tkta5sYcDj1SoP52Eiu64rSrT,3.8631972377e-08,38.63,,,,net_00645,1,2,LOW
UJhE5YmhXuqgTQmHbmyQFijKW52JPsM56qGJ64fRZGT,2026-02-13T06:43:53Z,JDQKDrc1TQgBRvdFh56tkta5sYcDj1SoP52Eiu64rSrT,3.8631972377e-08,38.63,,,,net_00649,1,2,LOW
UJhE5YmhXuqgTQmHbmyQFijKW52JPsM56qGJ64fRZGT,2026-02-13T06:43:53Z,JDQKDrc1TQgBRvdFh56tkta5sYcDj1SoP52Eiu64rSrT,3.8631972377e-08,38.63,,,,net_00692,1,2,LOW
UJhE5YmhXuqgTQmHbmyQFijKW52JPsM56qGJ64fRZGT,2026-02-13T06:43:53Z,JDQKDrc1TQgBRvdFh56tkta5sYcDj1SoP52Eiu64rSrT,3.8631972377e-08,38.63,,,,net_00726,1,2,LOW
UJhE5YmhXuqgTQmHbmyQFijKW52JPsM56qGJ64fRZGT,2026-02-13T06:43:53Z,JDQKDrc1TQgBRvdFh56tkta5sYcDj1SoP52Eiu64rSrT,3.8631972377e-08,38.63,,,,net_00728,1,7,MEDIUM
UJhE5YmhXuqgTQmHbmyQFijKW52JPsM56qGJ64fRZGT,2026-02-13T06:43:53Z,JDQKDrc1TQgBRvdFh56tkta5sYcDj1SoP52Eiu64rSrT,3.8631972377e-08,38.63,,,,net_00749,1,2,LOW
UJhE5YmhXuqgTQmHbmyQFijKW52JPsM56qGJ64fRZGT,2026-02-13T06:43:53Z,JDQKDrc1TQgBRvdFh56tkta5sYcDj1SoP52Eiu64rSrT,3.8631972377e-08,38.63,,,,net_00776,1,5,LOW
UJhE5YmhXuqgTQmHbmyQFijKW52JPsM56qGJ64fRZGT,2026-02-13T06:43:53Z,JDQKDrc1TQgBRvdFh56tkta5sYcDj1SoP52Eiu64rSrT,3.8631972377e-08,38.63,,,,net_00797,1,2,LOW
UJhE5YmhXuqgTQmHbmyQFijKW52JPsM56qGJ64fRZGT,2026-02-13T06:43:53Z,JDQKDrc1TQgBRvdFh56tkta5sYcDj1SoP52Eiu64rSrT,3.8631972377e-08,38.63,,,,net_00808,1,2,LOW
UJhE5YmhXuqgTQmHbmyQFijKW52JPsM56qGJ64fRZGT,2026-02-13T06:43:53Z,JDQKDrc1TQgBRvdFh56tkta5sYcDj1SoP52Eiu64rSrT,3.8631972377e-08,38.63,,,,net_00810,1,2,LOW
UJhE5YmhXuqgTQmHbmyQFijKW52JPsM56qGJ64fRZGT,2026-02-13T06:43:53Z,JDQKDrc1TQgBRvdFh56tkta5sYcDj1SoP52Eiu64rSrT,3.8631972377e-08,38.63,,,,net_00821,1,2,LOW
UJhE5YmhXuqgTQmHbmyQFijKW52JPsM56qGJ64fRZGT,2026-02-13T06:43:53Z,JDQKDrc1TQgBRvdFh56tkta5sYcDj1SoP52Eiu64rSrT,3.8631972377e-08,38.63,,,,net_00838,1,2,LOW
UJhE5YmhXuqgTQmHbmyQFijKW52JPsM56qGJ64fRZGT,2026-02-13T06:43:53Z,JDQKDrc1TQgBRvdFh56tkta5sYcDj1SoP52Eiu64rSrT,3.8631972377e-08,38.63,,,,net_00845,1,2,LOW
UJhE5YmhXuqgTQmHbmyQFijKW52JPsM56qGJ64fRZGT,2026-02-13T06:43:53Z,JDQKDrc1TQgBRvdFh56tkta5sYcDj1SoP52Eiu64rSrT,3.8631972377e-08,38.63,,,,net_00854,1,2,LOW
UJhE5YmhXuqgTQmHbmyQFijKW52JPsM56qGJ64fRZGT,2026-02-13T06:43:53Z,JDQKDrc1TQgBRvdFh56tkta5sYcDj1SoP52Eiu64rSrT,3.8631972377e-08,38.63,,,,net_00866,1,2,LOW
UJhE5YmhXuqgTQmHbmyQFijKW52JPsM56qGJ64fRZGT,2026-02-13T06:43:53Z,JDQKDrc1TQgBRvdFh56tkta5sYcDj1SoP52Eiu64rSrT,3.8631972377e-08,38.63,,,,net_00868,1,2,LOW
UJhE5YmhXuqgTQmHbmyQFijKW52JPsM56qGJ64fRZGT,2026-02-13T06:43:53Z,JDQKDrc1TQgBRvdFh56tkta5sYcDj1SoP52Eiu64rSrT,3.8631972377e-08,38.63,,,,net_00870,1,2,LOW
UJhE5YmhXuqgTQmHbmyQFijKW52JPsM56qGJ64fRZGT,2026-02-13T06:43:53Z,JDQKDrc1TQgBRvdFh56tkta5sYcDj1SoP52Eiu64rSrT,3.8631972377e-08,38.63,,,,net_00898,1,2,LOW
UJhE5YmhXuqgTQmHbmyQFijKW52JPsM56qGJ64fRZGT,2026-02-13T06:43:53Z,JDQKDrc1TQgBRvdFh56tkta5sYcDj1SoP52Eiu64rSrT,3.8631972377e-08,38.63,,,,net_00916,1,2,LOW
UJhE5YmhXuqgTQmHbmyQFijKW52JPsM56qGJ64fRZGT,2026-02-13T06:43:53Z,JDQKDrc1TQgBRvdFh56tkta5sYcDj1SoP52Eiu64rSrT,3.8631972377e-08,38.63,,,,net_00923,1,2,LOW
UJhE5YmhXuqgTQmHbmyQFijKW52JPsM56qGJ64fRZGT,2026-02-13T06:43:53Z,JDQKDrc1TQgBRvdFh56tkta5sYcDj1SoP52Eiu64rSrT,3.8631972377e-08,38.63,,,,net_00933,1,2,LOW
UJhE5YmhXuqgTQmHbmyQFijKW52JPsM56qGJ64fRZGT,2026-02-13T06:43:53Z,JDQKDrc1TQgBRvdFh56tkta5sYcDj1SoP52Eiu64rSrT,3.8631972377e-08,38.63,,,,net_00978,1,2,LOW
UJhE5YmhXuqgTQmHbmyQFijKW52JPsM56qGJ64fRZGT,2026-02-13T06:43:53Z,JDQKDrc1TQgBRvdFh56tkta5sYcDj1SoP52Eiu64rSrT,3.8631972377e-08,38.63,,,,net_00985,1,3,LOW
UJhE5YmhXuqgTQmHbmyQFijKW52JPsM56qGJ64fRZGT,2026-02-13T06:43:53Z,JDQKDrc1TQgBRvdFh56tkta5sYcDj1SoP52Eiu64rSrT,3.8631972377e-08,38.63,,,,net_01060,1,2,LOW
UJhE5YmhXuqgTQmHbmyQFijKW52JPsM56qGJ64fRZGT,2026-02-13T06:43:53Z,JDQKDrc1TQgBRvdFh56tkta5sYcDj1SoP52Eiu64rSrT,3.8631972377e-08,38.63,,,,net_01066,1,2,LOW
UJhE5YmhXuqgTQmHbmyQFijKW52JPsM56qGJ64fRZGT,2026-02-13T06:43:53Z,JDQKDrc1TQgBRvdFh56tkta5sYcDj1SoP52Eiu64rSrT,3.8631972377e-08,38.63,,,,net_01070,1,3,LOW
UJhE5YmhXuqgTQmHbmyQFijKW52JPsM56qGJ64fRZGT,2026-02-13T06:43:53Z,JDQKDrc1TQgBRvdFh56tkta5sYcDj1SoP52Eiu64rSrT,3.8631972377e-08,38.63,,,,net_01078,1,2,LOW
UJhE5YmhXuqgTQmHbmyQFijKW52JPsM56qGJ64fRZGT,2026-02-13T06:43:53Z,JDQKDrc1TQgBRvdFh56tkta5sYcDj1SoP52Eiu64rSrT,3.8631972377e-08,38.63,,,,net_01088,1,2,LOW
9nxYFqYeRhpnvEy9tebr2iaRuV8Fockhc7ShfnJ3pump,2026-02-13T06:40:02Z,5AJjHJZSgXNERpYHnX4xZiBNZz9cmKwn5UsuGs3UUzqA,8.1267330852e-07,812.67,,,,NONE,0,0,NONE
6NBVMyJ29Bt9UgwAXU1s9yZYZwkiCoTs74iPhMd9pump,2026-02-13T06:37:00Z,F9Ao6nFeVF46niLeWhiqxpVdeEdb7qW5eewvbu2c2vzJ,8.2238545970e-09,8.22,,,,NONE,0,0,NONE
J618Z45QsVvdk7qxWkGKDFurQ7KuiZjEwu6evhENpump,2026-02-13T06:10:33Z,EgrEtV8nqx3Xj4nXNaKJSdRkzD84tAt7KP9bkXXV4bhS,1.1582892808e-10,0.12,,,,NONE,0,0,NONE
AueG3Ym3tAh3A5k9o3g6c4M37aApo1DtsrGTagxdpump,2026-02-13T06:08:34Z,52JKgwqRG7g9CQyvLDQePxbpLqWDYwXLX6jVdk5qBT8j,2.0424045370e-10,0.20,,,,NONE,0,0,NONE
32sR6hSX2Rn6qZj5z9a2eEE9WznMyVa7r2k4PHQcpump,2026-02-13T06:07:23Z,DPNPVvoGdwNBY849ryx2JZzakWuWbDTfSUYr8aNfKLwA,1.1069066502e-07,110.69,,,,NONE,0,0,NONE
9WEVwQ7jRLMho9Z9k8znwVz4HCYcVAyE7H7yJrVpump,2026-02-13T05:50:04Z,DYyGZfF8LWtfeZR9S9E5Vje8ZhSqpx7NtWwJJMWHyki4,2.2540000000e-05,22548.06,,,,NONE,0,0,NONE
CtJ1tqGXUjrApCD1hZQ7fyMjCkZY1x4f5kyeNpm93jKg,2026-02-13T05:47:30Z,7GhWwhaMgbKiRWxF93Bud6HnHMci6NCLTJyTxG8zFH51,1.2388867350e-07,123.89,,,,net_00033,1,2,LOW
CtJ1tqGXUjrApCD1hZQ7fyMjCkZY1x4f5kyeNpm93jKg,2026-02-13T05:47:30Z,7GhWwhaMgbKiRWxF93Bud6HnHMci6NCLTJyTxG8zFH51,1.2388867350e-07,123.89,,,,net_00050,1,2,LOW
CtJ1tqGXUjrApCD1hZQ7fyMjCkZY1x4f5kyeNpm93jKg,2026-02-13T05:47:30Z,7GhWwhaMgbKiRWxF93Bud6HnHMci6NCLTJyTxG8zFH51,1.2388867350e-07,123.89,,,,net_00147,1,2,LOW
CtJ1tqGXUjrApCD1hZQ7fyMjCkZY1x4f5kyeNpm93jKg,2026-02-13T05:47:30Z,7GhWwhaMgbKiRWxF93Bud6HnHMci6NCLTJyTxG8zFH51,1.2388867350e-07,123.89,,,,net_00166,1,3,LOW
CtJ1tqGXUjrApCD1hZQ7fyMjCkZY1x4f5kyeNpm93jKg,2026-02-13T05:47:30Z,7GhWwhaMgbKiRWxF93Bud6HnHMci6NCLTJyTxG8zFH51,1.2388867350e-07,123.89,,,,net_00513,1,2,LOW
CtJ1tqGXUjrApCD1hZQ7fyMjCkZY1x4f5kyeNpm93jKg,2026-02-13T05:47:30Z,7GhWwhaMgbKiRWxF93Bud6HnHMci6NCLTJyTxG8zFH51,1.2388867350e-07,123.89,,,,net_00524,1,2,LOW
CtJ1tqGXUjrApCD1hZQ7fyMjCkZY1x4f5kyeNpm93jKg,2026-02-13T05:47:30Z,7GhWwhaMgbKiRWxF93Bud6HnHMci6NCLTJyTxG8zFH51,1.2388867350e-07,123.89,,,,net_00558,1,3,LOW
CtJ1tqGXUjrApCD1hZQ7fyMjCkZY1x4f5kyeNpm93jKg,2026-02-13T05:47:30Z,7GhWwhaMgbKiRWxF93Bud6HnHMci6NCLTJyTxG8zFH51,1.2388867350e-07,123.89,,,,net_00599,1,2,LOW
CtJ1tqGXUjrApCD1hZQ7fyMjCkZY1x4f5kyeNpm93jKg,2026-02-13T05:47:30Z,7GhWwhaMgbKiRWxF93Bud6HnHMci6NCLTJyTxG8zFH51,1.2388867350e-07,123.89,,,,net_00631,1,3,LOW
CtJ1tqGXUjrApCD1hZQ7fyMjCkZY1x4f5kyeNpm93jKg,2026-02-13T05:47:30Z,7GhWwhaMgbKiRWxF93Bud6HnHMci6NCLTJyTxG8zFH51,1.2388867350e-07,123.89,,,,net_00673,1,2,LOW
CtJ1tqGXUjrApCD1hZQ7fyMjCkZY1x4f5kyeNpm93jKg,2026-02-13T05:47:30Z,7GhWwhaMgbKiRWxF93Bud6HnHMci6NCLTJyTxG8zFH51,1.2388867350e-07,123.89,,,,net_00688,1,3,LOW
CtJ1tqGXUjrApCD1hZQ7fyMjCkZY1x4f5kyeNpm93jKg,2026-02-13T05:47:30Z,7GhWwhaMgbKiRWxF93Bud6HnHMci6NCLTJyTxG8zFH51,1.2388867350e-07,123.89,,,,net_00696,1,2,LOW
CtJ1tqGXUjrApCD1hZQ7fyMjCkZY1x4f5kyeNpm93jKg,2026-02-13T05:47:30Z,7GhWwhaMgbKiRWxF93Bud6HnHMci6NCLTJyTxG8zFH51,1.2388867350e-07,123.89,,,,net_00744,1,4,LOW
CtJ1tqGXUjrApCD1hZQ7fyMjCkZY1x4f5kyeNpm93jKg,2026-02-13T05:47:30Z,7GhWwhaMgbKiRWxF93Bud6HnHMci6NCLTJyTxG8zFH51,1.2388867350e-07,123.89,,,,net_00750,1,6,MEDIUM
CtJ1tqGXUjrApCD1hZQ7fyMjCkZY1x4f5kyeNpm93jKg,2026-02-13T05:47:30Z,7GhWwhaMgbKiRWxF93Bud6HnHMci6NCLTJyTxG8zFH51,1.2388867350e-07,123.89,,,,net_00752,1,6,MEDIUM
CtJ1tqGXUjrApCD1hZQ7fyMjCkZY1x4f5kyeNpm93jKg,2026-02-13T05:47:30Z,7GhWwhaMgbKiRWxF93Bud6HnHMci6NCLTJyTxG8zFH51,1.2388867350e-07,123.89,,,,net_00862,1,2,LOW
CtJ1tqGXUjrApCD1hZQ7fyMjCkZY1x4f5kyeNpm93jKg,2026-02-13T05:47:30Z,7GhWwhaMgbKiRWxF93Bud6HnHMci6NCLTJyTxG8zFH51,1.2388867350e-07,123.89,,,,net_00971,1,2,LOW
CtJ1tqGXUjrApCD1hZQ7fyMjCkZY1x4f5kyeNpm93jKg,2026-02-13T05:47:30Z,7GhWwhaMgbKiRWxF93Bud6HnHMci6NCLTJyTxG8zFH51,1.2388867350e-07,123.89,,,,net_00981,1,2,LOW
CtJ1tqGXUjrApCD1hZQ7fyMjCkZY1x4f5kyeNpm93jKg,2026-02-13T05:47:30Z,7GhWwhaMgbKiRWxF93Bud6HnHMci6NCLTJyTxG8zFH51,1.2388867350e-07,123.89,,,,net_01062,1,2,LOW
CtJ1tqGXUjrApCD1hZQ7fyMjCkZY1x4f5kyeNpm93jKg,2026-02-13T05:47:30Z,7GhWwhaMgbKiRWxF93Bud6HnHMci6NCLTJyTxG8zFH51,1.2388867350e-07,123.89,,,,net_01069,1,4,LOW
BSWPvtDkNe834otVQqihRAsT1JGHq2xiioJajQGDpdSP,2026-02-13T05:47:27Z,7GhWwhaMgbKiRWxF93Bud6HnHMci6NCLTJyTxG8zFH51,6.6650869693e-08,66.65,,,,net_00033,1,2,LOW
BSWPvtDkNe834otVQqihRAsT1JGHq2xiioJajQGDpdSP,2026-02-13T05:47:27Z,7GhWwhaMgbKiRWxF93Bud6HnHMci6NCLTJyTxG8zFH51,6.6650869693e-08,66.65,,,,net_00050,1,2,LOW
BSWPvtDkNe834otVQqihRAsT1JGHq2xiioJajQGDpdSP,2026-02-13T05:47:27Z,7GhWwhaMgbKiRWxF93Bud6HnHMci6NCLTJyTxG8zFH51,6.6650869693e-08,66.65,,,,net_00147,1,2,LOW
BSWPvtDkNe834otVQqihRAsT1JGHq2xiioJajQGDpdSP,2026-02-13T05:47:27Z,7GhWwhaMgbKiRWxF93Bud6HnHMci6NCLTJyTxG8zFH51,6.6650869693e-08,66.65,,,,net_00166,1,3,LOW
BSWPvtDkNe834otVQqihRAsT1JGHq2xiioJajQGDpdSP,2026-02-13T05:47:27Z,7GhWwhaMgbKiRWxF93Bud6HnHMci6NCLTJyTxG8zFH51,6.6650869693e-08,66.65,,,,net_00513,1,2,LOW
BSWPvtDkNe834otVQqihRAsT1JGHq2xiioJajQGDpdSP,2026-02-13T05:47:27Z,7GhWwhaMgbKiRWxF93Bud6HnHMci6NCLTJyTxG8zFH51,6.6650869693e-08,66.65,,,,net_00524,1,2,LOW
BSWPvtDkNe834otVQqihRAsT1JGHq2xiioJajQGDpdSP,2026-02-13T05:47:27Z,7GhWwhaMgbKiRWxF93Bud6HnHMci6NCLTJyTxG8zFH51,6.6650869693e-08,66.65,,,,net_00558,1,3,LOW
BSWPvtDkNe834otVQqihRAsT1JGHq2xiioJajQGDpdSP,2026-02-13T05:47:27Z,7GhWwhaMgbKiRWxF93Bud6HnHMci6NCLTJyTxG8zFH51,6.6650869693e-08,66.65,,,,net_00599,1,2,LOW
BSWPvtDkNe834otVQqihRAsT1JGHq2xiioJajQGDpdSP,2026-02-13T05:47:27Z,7GhWwhaMgbKiRWxF93Bud6HnHMci6NCLTJyTxG8zFH51,6.6650869693e-08,66.65,,,,net_00631,1,3,LOW
BSWPvtDkNe834otVQqihRAsT1JGHq2xiioJajQGDpdSP,2026-02-13T05:47:27Z,7GhWwhaMgbKiRWxF93Bud6HnHMci6NCLTJyTxG8zFH51,6.6650869693e-08,66.65,,,,net_00673,1,2,LOW
BSWPvtDkNe834otVQqihRAsT1JGHq2xiioJajQGDpdSP,2026-02-13T05:47:27Z,7GhWwhaMgbKiRWxF93Bud6HnHMci6NCLTJyTxG8zFH51,6.6650869693e-08,66.65,,,,net_00688,1,3,LOW
BSWPvtDkNe834otVQqihRAsT1JGHq2xiioJajQGDpdSP,2026-02-13T05:47:27Z,7GhWwhaMgbKiRWxF93Bud6HnHMci6NCLTJyTxG8zFH51,6.6650869693e-08,66.65,,,,net_00696,1,2,LOW
BSWPvtDkNe834otVQqihRAsT1JGHq2xiioJajQGDpdSP,2026-02-13T05:47:27Z,7GhWwhaMgbKiRWxF93Bud6HnHMci6NCLTJyTxG8zFH51,6.6650869693e-08,66.65,,,,net_00744,1,4,LOW
BSWPvtDkNe834otVQqihRAsT1JGHq2xiioJajQGDpdSP,2026-02-13T05:47:27Z,7GhWwhaMgbKiRWxF93Bud6HnHMci6NCLTJyTxG8zFH51,6.6650869693e-08,66.65,,,,net_00750,1,6,MEDIUM
BSWPvtDkNe834otVQqihRAsT1JGHq2xiioJajQGDpdSP,2026-02-13T05:47:27Z,7GhWwhaMgbKiRWxF93Bud6HnHMci6NCLTJyTxG8zFH51,6.6650869693e-08,66.65,,,,net_00752,1,6,MEDIUM
BSWPvtDkNe834otVQqihRAsT1JGHq2xiioJajQGDpdSP,2026-02-13T05:47:27Z,7GhWwhaMgbKiRWxF93Bud6HnHMci6NCLTJyTxG8zFH51,6.6650869693e-08,66.65,,,,net_00862,1,2,LOW
BSWPvtDkNe834otVQqihRAsT1JGHq2xiioJajQGDpdSP,2026-02-13T05:47:27Z,7GhWwhaMgbKiRWxF93Bud6HnHMci6NCLTJyTxG8zFH51,6.6650869693e-08,66.65,,,,net_00971,1,2,LOW
BSWPvtDkNe834otVQqihRAsT1JGHq2xiioJajQGDpdSP,2026-02-13T05:47:27Z,7GhWwhaMgbKiRWxF93Bud6HnHMci6NCLTJyTxG8zFH51,6.6650869693e-08,66.65,,,,net_00981,1,2,LOW
BSWPvtDkNe834otVQqihRAsT1JGHq2xiioJajQGDpdSP,2026-02-13T05:47:27Z,7GhWwhaMgbKiRWxF93Bud6HnHMci6NCLTJyTxG8zFH51,6.6650869693e-08,66.65,,,,net_01062,1,2,LOW
BSWPvtDkNe834otVQqihRAsT1JGHq2xiioJajQGDpdSP,2026-02-13T05:47:27Z,7GhWwhaMgbKiRWxF93Bud6HnHMci6NCLTJyTxG8zFH51,6.6650869693e-08,66.65,,,,net_01069,1,4,LOW
CqK4t5EFWD5dhXiBwNMGWM6A1DN7scM5bsZPLrsapump,2026-02-13T05:45:18Z,2s7oQTgrGRYVGm4G4ZHSCjh34WngSr7ABUDfBvm8zc8Q,9.8710019004e-10,0.99,,,,net_00049,15,15,MEDIUM
CqK4t5EFWD5dhXiBwNMGWM6A1DN7scM5bsZPLrsapump,2026-02-13T05:45:18Z,2s7oQTgrGRYVGm4G4ZHSCjh34WngSr7ABUDfBvm8zc8Q,9.8710019004e-10,0.99,,,,net_00526,35,9,MEDIUM
CqK4t5EFWD5dhXiBwNMGWM6A1DN7scM5bsZPLrsapump,2026-02-13T05:45:18Z,2s7oQTgrGRYVGm4G4ZHSCjh34WngSr7ABUDfBvm8zc8Q,9.8710019004e-10,0.99,,,,net_00677,1,2,LOW
CqK4t5EFWD5dhXiBwNMGWM6A1DN7scM5bsZPLrsapump,2026-02-13T05:45:18Z,2s7oQTgrGRYVGm4G4ZHSCjh34WngSr7ABUDfBvm8zc8Q,9.8710019004e-10,0.99,,,,net_00915,1,4,LOW
BqH9g7uU4JmDUf8JyfoG85hgvM2RHFr2tXhDW8rzpump,2026-02-13T05:40:33Z,59r6t97Wu4YBqUbcdyMRTvxJiD7bkfmuEifWPptFbY4U,1.0545024460e-06,1054.50,,,,net_00144,1,2,LOW
BqH9g7uU4JmDUf8JyfoG85hgvM2RHFr2tXhDW8rzpump,2026-02-13T05:40:33Z,59r6t97Wu4YBqUbcdyMRTvxJiD7bkfmuEifWPptFbY4U,1.0545024460e-06,1054.50,,,,net_00280,1,6,MEDIUM
BqH9g7uU4JmDUf8JyfoG85hgvM2RHFr2tXhDW8rzpump,2026-02-13T05:40:33Z,59r6t97Wu4YBqUbcdyMRTvxJiD7bkfmuEifWPptFbY4U,1.0545024460e-06,1054.50,,,,net_00367,1,2,LOW
BqH9g7uU4JmDUf8JyfoG85hgvM2RHFr2tXhDW8rzpump,2026-02-13T05:40:33Z,59r6t97Wu4YBqUbcdyMRTvxJiD7bkfmuEifWPptFbY4U,1.0545024460e-06,1054.50,,,,net_00480,1,2,LOW
BqH9g7uU4JmDUf8JyfoG85hgvM2RHFr2tXhDW8rzpump,2026-02-13T05:40:33Z,59r6t97Wu4YBqUbcdyMRTvxJiD7bkfmuEifWPptFbY4U,1.0545024460e-06,1054.50,,,,net_00549,1,2,LOW
BqH9g7uU4JmDUf8JyfoG85hgvM2RHFr2tXhDW8rzpump,2026-02-13T05:40:33Z,59r6t97Wu4YBqUbcdyMRTvxJiD7bkfmuEifWPptFbY4U,1.0545024460e-06,1054.50,,,,net_00565,1,4,LOW
BqH9g7uU4JmDUf8JyfoG85hgvM2RHFr2tXhDW8rzpump,2026-02-13T05:40:33Z,59r6t97Wu4YBqUbcdyMRTvxJiD7bkfmuEifWPptFbY4U,1.0545024460e-06,1054.50,,,,net_00594,1,2,LOW
BqH9g7uU4JmDUf8JyfoG85hgvM2RHFr2tXhDW8rzpump,2026-02-13T05:40:33Z,59r6t97Wu4YBqUbcdyMRTvxJiD7bkfmuEifWPptFbY4U,1.0545024460e-06,1054.50,,,,net_00680,1,2,LOW
BqH9g7uU4JmDUf8JyfoG85hgvM2RHFr2tXhDW8rzpump,2026-02-13T05:40:33Z,59r6t97Wu4YBqUbcdyMRTvxJiD7bkfmuEifWPptFbY4U,1.0545024460e-06,1054.50,,,,net_00750,1,6,MEDIUM
BqH9g7uU4JmDUf8JyfoG85hgvM2RHFr2tXhDW8rzpump,2026-02-13T05:40:33Z,59r6t97Wu4YBqUbcdyMRTvxJiD7bkfmuEifWPptFbY4U,1.0545024460e-06,1054.50,,,,net_00752,1,6,MEDIUM
BqH9g7uU4JmDUf8JyfoG85hgvM2RHFr2tXhDW8rzpump,2026-02-13T05:40:33Z,59r6t97Wu4YBqUbcdyMRTvxJiD7bkfmuEifWPptFbY4U,1.0545024460e-06,1054.50,,,,net_00799,1,2,LOW
BqH9g7uU4JmDUf8JyfoG85hgvM2RHFr2tXhDW8rzpump,2026-02-13T05:40:33Z,59r6t97Wu4YBqUbcdyMRTvxJiD7bkfmuEifWPptFbY4U,1.0545024460e-06,1054.50,,,,net_00976,1,2,LOW
72Ed2QEAbZkbRqJ5vhciuyhGbDqpkh1BE98cuMeepump,2026-02-13T05:17:52Z,BDGqJY2Qh8LRyrYnkmf4bndAFo1LFPdxxRQgm6Rujcx3,1.7681151068e-08,17.68,,,,NONE,0,0,NONE
XNjwu296NU9kiorPixG4xSp2YPf79evraNKZaTopump,2026-02-13T05:15:41Z,3zfxKctiMfhSXgrKhUH5NChC9hzRfkncKdbuZzubJFGS,1.6545501005e-07,165.46,,,,net_00263,1,3,LOW
XNjwu296NU9kiorPixG4xSp2YPf79evraNKZaTopump,2026-02-13T05:15:41Z,3zfxKctiMfhSXgrKhUH5NChC9hzRfkncKdbuZzubJFGS,1.6545501005e-07,165.46,,,,net_00418,1,3,LOW
XNjwu296NU9kiorPixG4xSp2YPf79evraNKZaTopump,2026-02-13T05:15:41Z,3zfxKctiMfhSXgrKhUH5NChC9hzRfkncKdbuZzubJFGS,1.6545501005e-07,165.46,,,,net_00546,1,3,LOW
XNjwu296NU9kiorPixG4xSp2YPf79evraNKZaTopump,2026-02-13T05:15:41Z,3zfxKctiMfhSXgrKhUH5NChC9hzRfkncKdbuZzubJFGS,1.6545501005e-07,165.46,,,,net_00552,1,3,LOW
XNjwu296NU9kiorPixG4xSp2YPf79evraNKZaTopump,2026-02-13T05:15:41Z,3zfxKctiMfhSXgrKhUH5NChC9hzRfkncKdbuZzubJFGS,1.6545501005e-07,165.46,,,,net_00682,1,3,LOW
XNjwu296NU9kiorPixG4xSp2YPf79evraNKZaTopump,2026-02-13T05:15:41Z,3zfxKctiMfhSXgrKhUH5NChC9hzRfkncKdbuZzubJFGS,1.6545501005e-07,165.46,,,,net_00833,1,3,LOW
XNjwu296NU9kiorPixG4xSp2YPf79evraNKZaTopump,2026-02-13T05:15:41Z,3zfxKctiMfhSXgrKhUH5NChC9hzRfkncKdbuZzubJFGS,1.6545501005e-07,165.46,,,,net_00946,1,2,LOW
XNjwu296NU9kiorPixG4xSp2YPf79evraNKZaTopump,2026-02-13T05:15:41Z,3zfxKctiMfhSXgrKhUH5NChC9hzRfkncKdbuZzubJFGS,1.6545501005e-07,165.46,,,,net_00949,1,3,LOW
8jDn6RDZyCypLLGri3hA11ieKutQKwBeQsatu1rDpump,2026-02-13T04:54:32Z,D8Xz2DceZXvKd51fuKmhj5ijqHGDUVu77AvnoSJT3muo,2.9864898071e-10,0.30,,,,NONE,0,0,NONE
xnLDw5ubXnFd7AhHG9DrXkeHXLwgrBnjdFiHCeCpump,2026-02-13T04:50:21Z,ALf2aMeSymsRuqeVuLoUfnkMQNhXRRh5Nkun4QBT4a9M,1.3848692789e-07,138.49,,,,net_00027,1,2,LOW
xnLDw5ubXnFd7AhHG9DrXkeHXLwgrBnjdFiHCeCpump,2026-02-13T04:50:21Z,ALf2aMeSymsRuqeVuLoUfnkMQNhXRRh5Nkun4QBT4a9M,1.3848692789e-07,138.49,,,,net_00051,1,2,LOW
xnLDw5ubXnFd7AhHG9DrXkeHXLwgrBnjdFiHCeCpump,2026-02-13T04:50:21Z,ALf2aMeSymsRuqeVuLoUfnkMQNhXRRh5Nkun4QBT4a9M,1.3848692789e-07,138.49,,,,net_00356,1,3,LOW
xnLDw5ubXnFd7AhHG9DrXkeHXLwgrBnjdFiHCeCpump,2026-02-13T04:50:21Z,ALf2aMeSymsRuqeVuLoUfnkMQNhXRRh5Nkun4QBT4a9M,1.3848692789e-07,138.49,,,,net_00460,1,4,LOW
xnLDw5ubXnFd7AhHG9DrXkeHXLwgrBnjdFiHCeCpump,2026-02-13T04:50:21Z,ALf2aMeSymsRuqeVuLoUfnkMQNhXRRh5Nkun4QBT4a9M,1.3848692789e-07,138.49,,,,net_00579,1,2,LOW
xnLDw5ubXnFd7AhHG9DrXkeHXLwgrBnjdFiHCeCpump,2026-02-13T04:50:21Z,ALf2aMeSymsRuqeVuLoUfnkMQNhXRRh5Nkun4QBT4a9M,1.3848692789e-07,138.49,,,,net_00624,1,2,LOW
7okHmAi1re834jSp2kAdduML9a1RfZ5fQJfQ878k8y7g,2026-02-13T04:39:18Z,APHNdcuhwgqmF7P7a6uambYV4eUmiTHpskyUeUe9Z5qj,1.4907835082e-11,0.01,,,,net_00809,1,4,LOW
GSeuzQrtQaDAjb1NKQ69Uw2GwuZUsAWhDj6AP6Rapump,2026-02-13T04:34:35Z,GWB3jQHuZKKG6PjzuZ1ohVZRqsvRwMJBQXRnjZsf2YJi,2.8669592810e-07,286.70,,,,NONE,0,0,NONE
F9z5MBU1je3f6wVjyqahfJrBnmSHD63NJFeU1kCCpump,2026-02-13T04:33:13Z,HaZKHwXjrX9rLAPPUjw1PskuQjQMhCoNugfuGukNi4W4,3.4553646767e-09,3.46,,,,NONE,0,0,NONE
CXt698kGGumjL1DXacgUnmgQD1GkWzidGSpyQ1PU1Fge,2026-02-13T04:18:26Z,bwamJzztZsepfkteWRChggmXuiiCQvpLqPietdNfSXa,8.9983597047e-08,89.98,,,,net_00031,22,12,MEDIUM
CXt698kGGumjL1DXacgUnmgQD1GkWzidGSpyQ1PU1Fge,2026-02-13T04:18:26Z,bwamJzztZsepfkteWRChggmXuiiCQvpLqPietdNfSXa,8.9983597047e-08,89.98,,,,net_00305,1,2,LOW
CXt698kGGumjL1DXacgUnmgQD1GkWzidGSpyQ1PU1Fge,2026-02-13T04:18:26Z,bwamJzztZsepfkteWRChggmXuiiCQvpLqPietdNfSXa,8.9983597047e-08,89.98,,,,net_00330,1,2,LOW
CXt698kGGumjL1DXacgUnmgQD1GkWzidGSpyQ1PU1Fge,2026-02-13T04:18:26Z,bwamJzztZsepfkteWRChggmXuiiCQvpLqPietdNfSXa,8.9983597047e-08,89.98,,,,net_00482,1,5,LOW
CXt698kGGumjL1DXacgUnmgQD1GkWzidGSpyQ1PU1Fge,2026-02-13T04:18:26Z,bwamJzztZsepfkteWRChggmXuiiCQvpLqPietdNfSXa,8.9983597047e-08,89.98,,,,net_00485,1,3,LOW
CXt698kGGumjL1DXacgUnmgQD1GkWzidGSpyQ1PU1Fge,2026-02-13T04:18:26Z,bwamJzztZsepfkteWRChggmXuiiCQvpLqPietdNfSXa,8.9983597047e-08,89.98,,,,net_00524,1,2,LOW
CXt698kGGumjL1DXacgUnmgQD1GkWzidGSpyQ1PU1Fge,2026-02-13T04:18:26Z,bwamJzztZsepfkteWRChggmXuiiCQvpLqPietdNfSXa,8.9983597047e-08,89.98,,,,net_00744,1,4,LOW
CXt698kGGumjL1DXacgUnmgQD1GkWzidGSpyQ1PU1Fge,2026-02-13T04:18:26Z,bwamJzztZsepfkteWRChggmXuiiCQvpLqPietdNfSXa,8.9983597047e-08,89.98,,,,net_00747,1,2,LOW
CXt698kGGumjL1DXacgUnmgQD1GkWzidGSpyQ1PU1Fge,2026-02-13T04:18:26Z,bwamJzztZsepfkteWRChggmXuiiCQvpLqPietdNfSXa,8.9983597047e-08,89.98,,,,net_00831,1,2,LOW
CXt698kGGumjL1DXacgUnmgQD1GkWzidGSpyQ1PU1Fge,2026-02-13T04:18:26Z,bwamJzztZsepfkteWRChggmXuiiCQvpLqPietdNfSXa,8.9983597047e-08,89.98,,,,net_00955,1,2,LOW
CXt698kGGumjL1DXacgUnmgQD1GkWzidGSpyQ1PU1Fge,2026-02-13T04:18:26Z,bwamJzztZsepfkteWRChggmXuiiCQvpLqPietdNfSXa,8.9983597047e-08,89.98,,,,net_01082,1,5,LOW
ET9zZZ7U1raK3KCrJnR2uTHCckLCKRqzPxwhxhw2pump,2026-02-13T04:14:06Z,7JZXALfy5FNrSM4y7UBGc8RbDgoMYSHj4KKQZnamWfHP,2.6315960074e-09,2.63,,,,net_00154,1,2,LOW
ET9zZZ7U1raK3KCrJnR2uTHCckLCKRqzPxwhxhw2pump,2026-02-13T04:14:06Z,7JZXALfy5FNrSM4y7UBGc8RbDgoMYSHj4KKQZnamWfHP,2.6315960074e-09,2.63,,,,net_00162,1,2,LOW
ET9zZZ7U1raK3KCrJnR2uTHCckLCKRqzPxwhxhw2pump,2026-02-13T04:14:06Z,7JZXALfy5FNrSM4y7UBGc8RbDgoMYSHj4KKQZnamWfHP,2.6315960074e-09,2.63,,,,net_00209,1,2,LOW
ET9zZZ7U1raK3KCrJnR2uTHCckLCKRqzPxwhxhw2pump,2026-02-13T04:14:06Z,7JZXALfy5FNrSM4y7UBGc8RbDgoMYSHj4KKQZnamWfHP,2.6315960074e-09,2.63,,,,net_00257,1,2,LOW
ET9zZZ7U1raK3KCrJnR2uTHCckLCKRqzPxwhxhw2pump,2026-02-13T04:14:06Z,7JZXALfy5FNrSM4y7UBGc8RbDgoMYSHj4KKQZnamWfHP,2.6315960074e-09,2.63,,,,net_00308,1,2,LOW
ET9zZZ7U1raK3KCrJnR2uTHCckLCKRqzPxwhxhw2pump,2026-02-13T04:14:06Z,7JZXALfy5FNrSM4y7UBGc8RbDgoMYSHj4KKQZnamWfHP,2.6315960074e-09,2.63,,,,net_00489,1,3,LOW
ET9zZZ7U1raK3KCrJnR2uTHCckLCKRqzPxwhxhw2pump,2026-02-13T04:14:06Z,7JZXALfy5FNrSM4y7UBGc8RbDgoMYSHj4KKQZnamWfHP,2.6315960074e-09,2.63,,,,net_00520,1,2,LOW
ET9zZZ7U1raK3KCrJnR2uTHCckLCKRqzPxwhxhw2pump,2026-02-13T04:14:06Z,7JZXALfy5FNrSM4y7UBGc8RbDgoMYSHj4KKQZnamWfHP,2.6315960074e-09,2.63,,,,net_00669,1,2,LOW
ET9zZZ7U1raK3KCrJnR2uTHCckLCKRqzPxwhxhw2pump,2026-02-13T04:14:06Z,7JZXALfy5FNrSM4y7UBGc8RbDgoMYSHj4KKQZnamWfHP,2.6315960074e-09,2.63,,,,net_00679,1,7,MEDIUM
ET9zZZ7U1raK3KCrJnR2uTHCckLCKRqzPxwhxhw2pump,2026-02-13T04:14:06Z,7JZXALfy5FNrSM4y7UBGc8RbDgoMYSHj4KKQZnamWfHP,2.6315960074e-09,2.63,,,,net_00882,1,7,MEDIUM
ET9zZZ7U1raK3KCrJnR2uTHCckLCKRqzPxwhxhw2pump,2026-02-13T04:14:06Z,7JZXALfy5FNrSM4y7UBGc8RbDgoMYSHj4KKQZnamWfHP,2.6315960074e-09,2.63,,,,net_00915,1,4,LOW
ET9zZZ7U1raK3KCrJnR2uTHCckLCKRqzPxwhxhw2pump,2026-02-13T04:14:06Z,7JZXALfy5FNrSM4y7UBGc8RbDgoMYSHj4KKQZnamWfHP,2.6315960074e-09,2.63,,,,net_01067,1,4,LOW
EwKYFsU2rsNq5vAMdmJSDdgVxE8zGjAt63nWRDJJdS6,2026-02-13T04:12:01Z,bwamJzztZsepfkteWRChggmXuiiCQvpLqPietdNfSXa,2.8646057976e-08,28.65,,,,net_00031,22,12,MEDIUM
EwKYFsU2rsNq5vAMdmJSDdgVxE8zGjAt63nWRDJJdS6,2026-02-13T04:12:01Z,bwamJzztZsepfkteWRChggmXuiiCQvpLqPietdNfSXa,2.8646057976e-08,28.65,,,,net_00305,1,2,LOW
EwKYFsU2rsNq5vAMdmJSDdgVxE8zGjAt63nWRDJJdS6,2026-02-13T04:12:01Z,bwamJzztZsepfkteWRChggmXuiiCQvpLqPietdNfSXa,2.8646057976e-08,28.65,,,,net_00330,1,2,LOW
EwKYFsU2rsNq5vAMdmJSDdgVxE8zGjAt63nWRDJJdS6,2026-02-13T04:12:01Z,bwamJzztZsepfkteWRChggmXuiiCQvpLqPietdNfSXa,2.8646057976e-08,28.65,,,,net_00482,1,5,LOW
EwKYFsU2rsNq5vAMdmJSDdgVxE8zGjAt63nWRDJJdS6,2026-02-13T04:12:01Z,bwamJzztZsepfkteWRChggmXuiiCQvpLqPietdNfSXa,2.8646057976e-08,28.65,,,,net_00485,1,3,LOW
EwKYFsU2rsNq5vAMdmJSDdgVxE8zGjAt63nWRDJJdS6,2026-02-13T04:12:01Z,bwamJzztZsepfkteWRChggmXuiiCQvpLqPietdNfSXa,2.8646057976e-08,28.65,,,,net_00524,1,2,LOW
EwKYFsU2rsNq5vAMdmJSDdgVxE8zGjAt63nWRDJJdS6,2026-02-13T04:12:01Z,bwamJzztZsepfkteWRChggmXuiiCQvpLqPietdNfSXa,2.8646057976e-08,28.65,,,,net_00744,1,4,LOW
EwKYFsU2rsNq5vAMdmJSDdgVxE8zGjAt63nWRDJJdS6,2026-02-13T04:12:01Z,bwamJzztZsepfkteWRChggmXuiiCQvpLqPietdNfSXa,2.8646057976e-08,28.65,,,,net_00747,1,2,LOW
EwKYFsU2rsNq5vAMdmJSDdgVxE8zGjAt63nWRDJJdS6,2026-02-13T04:12:01Z,bwamJzztZsepfkteWRChggmXuiiCQvpLqPietdNfSXa,2.8646057976e-08,28.65,,,,net_00831,1,2,LOW
EwKYFsU2rsNq5vAMdmJSDdgVxE8zGjAt63nWRDJJdS6,2026-02-13T04:12:01Z,bwamJzztZsepfkteWRChggmXuiiCQvpLqPietdNfSXa,2.8646057976e-08,28.65,,,,net_00955,1,2,LOW
EwKYFsU2rsNq5vAMdmJSDdgVxE8zGjAt63nWRDJJdS6,2026-02-13T04:12:01Z,bwamJzztZsepfkteWRChggmXuiiCQvpLqPietdNfSXa,2.8646057976e-08,28.65,,,,net_01082,1,5,LOW
5as6kkpNQxjZbQYNc3nGhvx1FQ5qngi4Sm8GydNqpump,2026-02-13T04:10:36Z,Hg1ooKH8T2CbYLzdbK4ELmFjA7iUq3eNThiUHHZsVxrh,1.0727969842e-09,1.07,,,,NONE,0,0,NONE
5rGr32HEbdMBDXpyu73mVRSJEvF8fm7eoKFtRPcipump,2026-02-13T04:08:05Z,DZK3HorXGiXRn5swccDXBoepkJJSE5j5k36KJu8khVqW,2.2538554639e-07,225.39,,,,NONE,0,0,NONE
4Gvxtd5edVMJh9G8KLUPBd36weBfuWLSfUYpxn49pump,2026-02-13T04:06:30Z,E77jVjcfVsLSJwSR1cGrhbC9QYWJZjmeQjxeDCEZq1UP,1.7463538593e-08,17.46,,,,NONE,0,0,NONE
Dun5zRfN6AwKAaJBWfnCQdYX8TorJAxNhH2qGom1pump,2026-02-13T04:03:40Z,8iYinLhoXfsjLAheHPmVFBM9zAjs7nqfy5JxnhaXvztp,1.4399763001e-06,1439.98,,,,NONE,0,0,NONE
4kpHffoN5Lm1hL8f6T9VNcnNHWGAYLLTrdkvb1kNpump,2026-02-13T03:37:48Z,6gMtVxgjPEiZwUb3nA5F4gg4RFyzmJLgKDUGap6WmK8Y,1.6181525094e-07,161.82,,,,NONE,0,0,NONE
2CXMm6DcZzT44cA9eMreoCsqoMJMZcufvHPoZxZxpump,2026-02-13T03:37:27Z,7twHYhQNf4iPKd8qp6FEQBChGY7yMr7h3UUZdsGUCh8z,1.7228767357e-07,172.29,,,,NONE,0,0,NONE
5HQrb31DsbiiRigoycUN8pxzx2696Dr3kTN8iwdbpump,2026-02-13T03:35:29Z,34LR8PQh8sTbn3jcvazE4tynJhfZU9vmZsSR4Lwgzucg,2.2905301546e-10,0.23,,,,NONE,0,0,NONE
G5RAnjQ9niyTsDFPQTSewwpX3nwsBsiLWP5mdnHGpump,2026-02-13T03:31:04Z,2c9VCFhADoyThq6Zm4stN2DeV5D1crV4o6xRyLneTY9b,1.5555654016e-08,15.56,,,,NONE,0,0,NONE
7Xt8eLwo699oFyvUZjoFcoAHx8tBbtKATffuuWM7pump,2026-02-13T03:28:33Z,9zpWAWFZVAgFMDNNycts5GPpd1pYZW57VzHTVXGfisdn,1.1311091838e-10,0.11,,,,NONE,0,0,NONE
FFSAk5vaR46yvSiRHvHTMZy6hoMEfDTEBXFaYEFNpump,2026-02-13T03:25:47Z,C7jWYiPTonCNiyygn1hVnDLpqT98NM2NZt33zfrJdpqn,3.0552682906e-07,305.53,,,,NONE,0,0,NONE
4avCVLo756DGuMqjhfAj238Q3a3ke5Pnbw5Vxymxpump,2026-02-13T03:21:17Z,5TdE25caLYaEu8jpjt9yd7zbAwBmpMJLZZCUn1rFeKAx,2.7173985874e-10,0.27,,,,net_00809,1,4,LOW
FVtptfVXHBfA3v596ktRd4cQfXZyRcEPv5LqwT6Zpump,2026-02-13T03:15:19Z,D9gQ6RhKEpnobPBUdWY5bPQt2p3zGk3iVz6ChpUi2ArA,3.4174814412e-08,34.17,,,,net_00028,38,11,MEDIUM
FVtptfVXHBfA3v596ktRd4cQfXZyRcEPv5LqwT6Zpump,2026-02-13T03:15:19Z,D9gQ6RhKEpnobPBUdWY5bPQt2p3zGk3iVz6ChpUi2ArA,3.4174814412e-08,34.17,,,,net_00098,1,4,LOW
FVtptfVXHBfA3v596ktRd4cQfXZyRcEPv5LqwT6Zpump,2026-02-13T03:15:19Z,D9gQ6RhKEpnobPBUdWY5bPQt2p3zGk3iVz6ChpUi2ArA,3.4174814412e-08,34.17,,,,net_00255,1,2,LOW
FVtptfVXHBfA3v596ktRd4cQfXZyRcEPv5LqwT6Zpump,2026-02-13T03:15:19Z,D9gQ6RhKEpnobPBUdWY5bPQt2p3zGk3iVz6ChpUi2ArA,3.4174814412e-08,34.17,,,,net_00330,1,2,LOW
FVtptfVXHBfA3v596ktRd4cQfXZyRcEPv5LqwT6Zpump,2026-02-13T03:15:19Z,D9gQ6RhKEpnobPBUdWY5bPQt2p3zGk3iVz6ChpUi2ArA,3.4174814412e-08,34.17,,,,net_00457,1,2,LOW
FVtptfVXHBfA3v596ktRd4cQfXZyRcEPv5LqwT6Zpump,2026-02-13T03:15:19Z,D9gQ6RhKEpnobPBUdWY5bPQt2p3zGk3iVz6ChpUi2ArA,3.4174814412e-08,34.17,,,,net_00502,1,10,MEDIUM
FVtptfVXHBfA3v596ktRd4cQfXZyRcEPv5LqwT6Zpump,2026-02-13T03:15:19Z,D9gQ6RhKEpnobPBUdWY5bPQt2p3zGk3iVz6ChpUi2ArA,3.4174814412e-08,34.17,,,,net_00566,1,3,LOW
FVtptfVXHBfA3v596ktRd4cQfXZyRcEPv5LqwT6Zpump,2026-02-13T03:15:19Z,D9gQ6RhKEpnobPBUdWY5bPQt2p3zGk3iVz6ChpUi2ArA,3.4174814412e-08,34.17,,,,net_00698,1,6,MEDIUM
FVtptfVXHBfA3v596ktRd4cQfXZyRcEPv5LqwT6Zpump,2026-02-13T03:15:19Z,D9gQ6RhKEpnobPBUdWY5bPQt2p3zGk3iVz6ChpUi2ArA,3.4174814412e-08,34.17,,,,net_00728,1,7,MEDIUM
FVtptfVXHBfA3v596ktRd4cQfXZyRcEPv5LqwT6Zpump,2026-02-13T03:15:19Z,D9gQ6RhKEpnobPBUdWY5bPQt2p3zGk3iVz6ChpUi2ArA,3.4174814412e-08,34.17,,,,net_00732,1,3,LOW
FVtptfVXHBfA3v596ktRd4cQfXZyRcEPv5LqwT6Zpump,2026-02-13T03:15:19Z,D9gQ6RhKEpnobPBUdWY5bPQt2p3zGk3iVz6ChpUi2ArA,3.4174814412e-08,34.17,,,,net_00747,1,2,LOW
USDM2tPhZfXuL55ZmhU1KHPW2hLTwTwZbVh9teFpump,2026-02-13T03:10:53Z,55K2SP3MZ4gqfTbpjPh9mXT9NsoLoheudUSscDYXCaJJ,9.1909262533e-13,0.00,,,,NONE,0,0,NONE
HxnB74iEaphjoXg6x6JbwnRd4ppez11dRgN8yFZkpump,2026-02-13T03:06:59Z,5cu5uPca6D36YfDdDWjFp4xTJhCTfDuwgjtUTdGo7jSb,2.3893944725e-08,23.89,,,,NONE,0,0,NONE
8Af6yzR7AFRpkJ9QqpoFatKy31BpnHfehdQmJmKgpump,2026-02-13T03:00:17Z,C48fLrTearFNsd8UcZuFYy6GS76oQywe39hE7bjedM3p,2.8840000000e-05,28841.85,,,,NONE,0,0,NONE
vHXy4HyKLuds72QAM45QZZPzaRvGfKuY6VqXbvMpump,2026-02-13T02:50:28Z,5ZuV8eqkvzYFVEKbLvGBdexL2tFv7E5BCd2HZpjqbdg,1.7100418172e-08,17.10,,,,net_00004,1,2,LOW
vHXy4HyKLuds72QAM45QZZPzaRvGfKuY6VqXbvMpump,2026-02-13T02:50:28Z,5ZuV8eqkvzYFVEKbLvGBdexL2tFv7E5BCd2HZpjqbdg,1.7100418172e-08,17.10,,,,net_00009,1,2,LOW
vHXy4HyKLuds72QAM45QZZPzaRvGfKuY6VqXbvMpump,2026-02-13T02:50:28Z,5ZuV8eqkvzYFVEKbLvGBdexL2tFv7E5BCd2HZpjqbdg,1.7100418172e-08,17.10,,,,net_00071,1,2,LOW
vHXy4HyKLuds72QAM45QZZPzaRvGfKuY6VqXbvMpump,2026-02-13T02:50:28Z,5ZuV8eqkvzYFVEKbLvGBdexL2tFv7E5BCd2HZpjqbdg,1.7100418172e-08,17.10,,,,net_00088,1,3,LOW
vHXy4HyKLuds72QAM45QZZPzaRvGfKuY6VqXbvMpump,2026-02-13T02:50:28Z,5ZuV8eqkvzYFVEKbLvGBdexL2tFv7E5BCd2HZpjqbdg,1.7100418172e-08,17.10,,,,net_00116,1,2,LOW
vHXy4HyKLuds72QAM45QZZPzaRvGfKuY6VqXbvMpump,2026-02-13T02:50:28Z,5ZuV8eqkvzYFVEKbLvGBdexL2tFv7E5BCd2HZpjqbdg,1.7100418172e-08,17.10,,,,net_00172,1,2,LOW
vHXy4HyKLuds72QAM45QZZPzaRvGfKuY6VqXbvMpump,2026-02-13T02:50:28Z,5ZuV8eqkvzYFVEKbLvGBdexL2tFv7E5BCd2HZpjqbdg,1.7100418172e-08,17.10,,,,net_00187,1,2,LOW
vHXy4HyKLuds72QAM45QZZPzaRvGfKuY6VqXbvMpump,2026-02-13T02:50:28Z,5ZuV8eqkvzYFVEKbLvGBdexL2tFv7E5BCd2HZpjqbdg,1.7100418172e-08,17.10,,,,net_00245,1,5,LOW
vHXy4HyKLuds72QAM45QZZPzaRvGfKuY6VqXbvMpump,2026-02-13T02:50:28Z,5ZuV8eqkvzYFVEKbLvGBdexL2tFv7E5BCd2HZpjqbdg,1.7100418172e-08,17.10,,,,net_00280,1,6,MEDIUM
vHXy4HyKLuds72QAM45QZZPzaRvGfKuY6VqXbvMpump,2026-02-13T02:50:28Z,5ZuV8eqkvzYFVEKbLvGBdexL2tFv7E5BCd2HZpjqbdg,1.7100418172e-08,17.10,,,,net_00335,1,3,LOW
vHXy4HyKLuds72QAM45QZZPzaRvGfKuY6VqXbvMpump,2026-02-13T02:50:28Z,5ZuV8eqkvzYFVEKbLvGBdexL2tFv7E5BCd2HZpjqbdg,1.7100418172e-08,17.10,,,,net_00373,1,5,LOW
vHXy4HyKLuds72QAM45QZZPzaRvGfKuY6VqXbvMpump,2026-02-13T02:50:28Z,5ZuV8eqkvzYFVEKbLvGBdexL2tFv7E5BCd2HZpjqbdg,1.7100418172e-08,17.10,,,,net_00403,1,2,LOW
vHXy4HyKLuds72QAM45QZZPzaRvGfKuY6VqXbvMpump,2026-02-13T02:50:28Z,5ZuV8eqkvzYFVEKbLvGBdexL2tFv7E5BCd2HZpjqbdg,1.7100418172e-08,17.10,,,,net_00537,1,2,LOW
vHXy4HyKLuds72QAM45QZZPzaRvGfKuY6VqXbvMpump,2026-02-13T02:50:28Z,5ZuV8eqkvzYFVEKbLvGBdexL2tFv7E5BCd2HZpjqbdg,1.7100418172e-08,17.10,,,,net_00557,1,2,LOW
vHXy4HyKLuds72QAM45QZZPzaRvGfKuY6VqXbvMpump,2026-02-13T02:50:28Z,5ZuV8eqkvzYFVEKbLvGBdexL2tFv7E5BCd2HZpjqbdg,1.7100418172e-08,17.10,,,,net_00763,1,2,LOW
A8x4RyhYafq6J5CSmuw1osNe87887RaPcqnbdjnSpump,2026-02-13T02:48:31Z,3Ax99CaQ3soB7eT2goYdX4gw3yxHXZRGdUYRJv4Jowpb,8.9712330462e-05,89712.33,,,,NONE,0,0,NONE
RfKkWygnfeTio3UGmK8W9L88bPhappyUpK75LyDpump,2026-02-13T02:46:49Z,8HeDT75s5g4CtCimH5B5nySqCiQhtWii8UnZhxBtFo38,3.3470785951e-08,33.47,,,,net_00223,1,2,LOW
RfKkWygnfeTio3UGmK8W9L88bPhappyUpK75LyDpump,2026-02-13T02:46:49Z,8HeDT75s5g4CtCimH5B5nySqCiQhtWii8UnZhxBtFo38,3.3470785951e-08,33.47,,,,net_00338,1,4,LOW
RfKkWygnfeTio3UGmK8W9L88bPhappyUpK75LyDpump,2026-02-13T02:46:49Z,8HeDT75s5g4CtCimH5B5nySqCiQhtWii8UnZhxBtFo38,3.3470785951e-08,33.47,,,,net_00502,1,10,MEDIUM
RfKkWygnfeTio3UGmK8W9L88bPhappyUpK75LyDpump,2026-02-13T02:46:49Z,8HeDT75s5g4CtCimH5B5nySqCiQhtWii8UnZhxBtFo38,3.3470785951e-08,33.47,,,,net_00698,1,6,MEDIUM
RfKkWygnfeTio3UGmK8W9L88bPhappyUpK75LyDpump,2026-02-13T02:46:49Z,8HeDT75s5g4CtCimH5B5nySqCiQhtWii8UnZhxBtFo38,3.3470785951e-08,33.47,,,,net_00969,1,6,MEDIUM
E7Xfasv5CRTNc6Xb16w36BZk3HRSogh8T4ZFimSnpump,2026-02-13T02:43:37Z,A9ZfUmMu9K3cgS36q5K9AtjvGpLEp9wbRUcbGbasomyJ,1.8753303866e-08,18.75,,,,net_01076,1,2,LOW
5VjFpb75GujaaELk7MebPadXA8kJ4F1d3XnziAz1pump,2026-02-13T02:30:24Z,4ZyTQSAjcSETK2937ukuBmtThkbhZfd4sqN5yBbdrsDx,3.1565353981e-10,0.32,,,,net_00124,14,36,HIGH
AGykc2XSpYiHV8PNbTNAm2ufsG4SoaZpNTpkNj5Vpump,2026-02-13T02:27:41Z,3r5e5JJKAFxhpXXfXrPTDxMYCmTNVndair9S56oRgcrB,1.1911099265e-07,119.11,,,,net_00076,1,3,LOW
AGykc2XSpYiHV8PNbTNAm2ufsG4SoaZpNTpkNj5Vpump,2026-02-13T02:27:41Z,3r5e5JJKAFxhpXXfXrPTDxMYCmTNVndair9S56oRgcrB,1.1911099265e-07,119.11,,,,net_00086,1,3,LOW
AGykc2XSpYiHV8PNbTNAm2ufsG4SoaZpNTpkNj5Vpump,2026-02-13T02:27:41Z,3r5e5JJKAFxhpXXfXrPTDxMYCmTNVndair9S56oRgcrB,1.1911099265e-07,119.11,,,,net_00250,1,3,LOW
AGykc2XSpYiHV8PNbTNAm2ufsG4SoaZpNTpkNj5Vpump,2026-02-13T02:27:41Z,3r5e5JJKAFxhpXXfXrPTDxMYCmTNVndair9S56oRgcrB,1.1911099265e-07,119.11,,,,net_00268,1,3,LOW
AGykc2XSpYiHV8PNbTNAm2ufsG4SoaZpNTpkNj5Vpump,2026-02-13T02:27:41Z,3r5e5JJKAFxhpXXfXrPTDxMYCmTNVndair9S56oRgcrB,1.1911099265e-07,119.11,,,,net_00360,1,3,LOW
AGykc2XSpYiHV8PNbTNAm2ufsG4SoaZpNTpkNj5Vpump,2026-02-13T02:27:41Z,3r5e5JJKAFxhpXXfXrPTDxMYCmTNVndair9S56oRgcrB,1.1911099265e-07,119.11,,,,net_00400,1,3,LOW
AGykc2XSpYiHV8PNbTNAm2ufsG4SoaZpNTpkNj5Vpump,2026-02-13T02:27:41Z,3r5e5JJKAFxhpXXfXrPTDxMYCmTNVndair9S56oRgcrB,1.1911099265e-07,119.11,,,,net_00452,1,3,LOW
AGykc2XSpYiHV8PNbTNAm2ufsG4SoaZpNTpkNj5Vpump,2026-02-13T02:27:41Z,3r5e5JJKAFxhpXXfXrPTDxMYCmTNVndair9S56oRgcrB,1.1911099265e-07,119.11,,,,net_00548,1,3,LOW
AGykc2XSpYiHV8PNbTNAm2ufsG4SoaZpNTpkNj5Vpump,2026-02-13T02:27:41Z,3r5e5JJKAFxhpXXfXrPTDxMYCmTNVndair9S56oRgcrB,1.1911099265e-07,119.11,,,,net_00653,1,4,LOW
AGykc2XSpYiHV8PNbTNAm2ufsG4SoaZpNTpkNj5Vpump,2026-02-13T02:27:41Z,3r5e5JJKAFxhpXXfXrPTDxMYCmTNVndair9S56oRgcrB,1.1911099265e-07,119.11,,,,net_00659,1,3,LOW
AGykc2XSpYiHV8PNbTNAm2ufsG4SoaZpNTpkNj5Vpump,2026-02-13T02:27:41Z,3r5e5JJKAFxhpXXfXrPTDxMYCmTNVndair9S56oRgcrB,1.1911099265e-07,119.11,,,,net_00702,1,3,LOW
AGykc2XSpYiHV8PNbTNAm2ufsG4SoaZpNTpkNj5Vpump,2026-02-13T02:27:41Z,3r5e5JJKAFxhpXXfXrPTDxMYCmTNVndair9S56oRgcrB,1.1911099265e-07,119.11,,,,net_00764,1,3,LOW
AGykc2XSpYiHV8PNbTNAm2ufsG4SoaZpNTpkNj5Vpump,2026-02-13T02:27:41Z,3r5e5JJKAFxhpXXfXrPTDxMYCmTNVndair9S56oRgcrB,1.1911099265e-07,119.11,,,,net_00828,1,3,LOW
AGykc2XSpYiHV8PNbTNAm2ufsG4SoaZpNTpkNj5Vpump,2026-02-13T02:27:41Z,3r5e5JJKAFxhpXXfXrPTDxMYCmTNVndair9S56oRgcrB,1.1911099265e-07,119.11,,,,net_00913,1,3,LOW
AGykc2XSpYiHV8PNbTNAm2ufsG4SoaZpNTpkNj5Vpump,2026-02-13T02:27:41Z,3r5e5JJKAFxhpXXfXrPTDxMYCmTNVndair9S56oRgcrB,1.1911099265e-07,119.11,,,,net_00989,1,3,LOW
AGykc2XSpYiHV8PNbTNAm2ufsG4SoaZpNTpkNj5Vpump,2026-02-13T02:27:41Z,3r5e5JJKAFxhpXXfXrPTDxMYCmTNVndair9S56oRgcrB,1.1911099265e-07,119.11,,,,net_01047,1,3,LOW
AGykc2XSpYiHV8PNbTNAm2ufsG4SoaZpNTpkNj5Vpump,2026-02-13T02:27:41Z,3r5e5JJKAFxhpXXfXrPTDxMYCmTNVndair9S56oRgcrB,1.1911099265e-07,119.11,,,,net_01056,1,3,LOW
DWW9vC26CjeMugCjs2Hi1EdU8VCQPScWMLT7qxBpump,2026-02-13T02:27:11Z,54ktLQg5ySUxkvBo1t6XDsDKJA3L3exiYDuie5Pk7Kni,3.4703734949e-09,3.47,,,,NONE,0,0,NONE
HVq8m43iJLBGnQmsTDbh4v1VGgEi9fn2fAEKAVP6RRfv,2026-02-13T02:26:03Z,9Zu8AigeXgFAajBTni2VWw6Wmz7XxDqHmY5nQwdCWAyY,5.3002324989e-09,5.30,,,,net_00028,38,11,MEDIUM
HVq8m43iJLBGnQmsTDbh4v1VGgEi9fn2fAEKAVP6RRfv,2026-02-13T02:26:03Z,9Zu8AigeXgFAajBTni2VWw6Wmz7XxDqHmY5nQwdCWAyY,5.3002324989e-09,5.30,,,,net_00116,1,2,LOW
HVq8m43iJLBGnQmsTDbh4v1VGgEi9fn2fAEKAVP6RRfv,2026-02-13T02:26:03Z,9Zu8AigeXgFAajBTni2VWw6Wmz7XxDqHmY5nQwdCWAyY,5.3002324989e-09,5.30,,,,net_00343,1,2,LOW
HVq8m43iJLBGnQmsTDbh4v1VGgEi9fn2fAEKAVP6RRfv,2026-02-13T02:26:03Z,9Zu8AigeXgFAajBTni2VWw6Wmz7XxDqHmY5nQwdCWAyY,5.3002324989e-09,5.30,,,,net_00357,1,2,LOW
HVq8m43iJLBGnQmsTDbh4v1VGgEi9fn2fAEKAVP6RRfv,2026-02-13T02:26:03Z,9Zu8AigeXgFAajBTni2VWw6Wmz7XxDqHmY5nQwdCWAyY,5.3002324989e-09,5.30,,,,net_00361,1,2,LOW
HVq8m43iJLBGnQmsTDbh4v1VGgEi9fn2fAEKAVP6RRfv,2026-02-13T02:26:03Z,9Zu8AigeXgFAajBTni2VWw6Wmz7XxDqHmY5nQwdCWAyY,5.3002324989e-09,5.30,,,,net_00470,1,2,LOW
HVq8m43iJLBGnQmsTDbh4v1VGgEi9fn2fAEKAVP6RRfv,2026-02-13T02:26:03Z,9Zu8AigeXgFAajBTni2VWw6Wmz7XxDqHmY5nQwdCWAyY,5.3002324989e-09,5.30,,,,net_00477,1,2,LOW
HVq8m43iJLBGnQmsTDbh4v1VGgEi9fn2fAEKAVP6RRfv,2026-02-13T02:26:03Z,9Zu8AigeXgFAajBTni2VWw6Wmz7XxDqHmY5nQwdCWAyY,5.3002324989e-09,5.30,,,,net_00641,1,2,LOW
HVq8m43iJLBGnQmsTDbh4v1VGgEi9fn2fAEKAVP6RRfv,2026-02-13T02:26:03Z,9Zu8AigeXgFAajBTni2VWw6Wmz7XxDqHmY5nQwdCWAyY,5.3002324989e-09,5.30,,,,net_00894,1,2,LOW
HVq8m43iJLBGnQmsTDbh4v1VGgEi9fn2fAEKAVP6RRfv,2026-02-13T02:26:03Z,9Zu8AigeXgFAajBTni2VWw6Wmz7XxDqHmY5nQwdCWAyY,5.3002324989e-09,5.30,,,,net_00955,1,2,LOW
6jzoAKM3g4J7rkdv8kFFzYtvnfq9wd7M1jPVxV2npump,2026-02-13T02:23:46Z,BtSEbACppVjwRRobKfUyJYgzjyqBhK1neSMw9FXRdgCa,5.7461379068e-08,57.46,,,,net_00820,1,2,LOW
FV6LULL5yfwHDSFiS6grs36aTpTKydbgM5BwpdrejAfD,2026-02-13T02:13:39Z,9Zu8AigeXgFAajBTni2VWw6Wmz7XxDqHmY5nQwdCWAyY,1.4178077292e-08,14.18,,,,net_00028,38,11,MEDIUM
FV6LULL5yfwHDSFiS6grs36aTpTKydbgM5BwpdrejAfD,2026-02-13T02:13:39Z,9Zu8AigeXgFAajBTni2VWw6Wmz7XxDqHmY5nQwdCWAyY,1.4178077292e-08,14.18,,,,net_00116,1,2,LOW
FV6LULL5yfwHDSFiS6grs36aTpTKydbgM5BwpdrejAfD,2026-02-13T02:13:39Z,9Zu8AigeXgFAajBTni2VWw6Wmz7XxDqHmY5nQwdCWAyY,1.4178077292e-08,14.18,,,,net_00343,1,2,LOW
FV6LULL5yfwHDSFiS6grs36aTpTKydbgM5BwpdrejAfD,2026-02-13T02:13:39Z,9Zu8AigeXgFAajBTni2VWw6Wmz7XxDqHmY5nQwdCWAyY,1.4178077292e-08,14.18,,,,net_00357,1,2,LOW
FV6LULL5yfwHDSFiS6grs36aTpTKydbgM5BwpdrejAfD,2026-02-13T02:13:39Z,9Zu8AigeXgFAajBTni2VWw6Wmz7XxDqHmY5nQwdCWAyY,1.4178077292e-08,14.18,,,,net_00361,1,2,LOW
FV6LULL5yfwHDSFiS6grs36aTpTKydbgM5BwpdrejAfD,2026-02-13T02:13:39Z,9Zu8AigeXgFAajBTni2VWw6Wmz7XxDqHmY5nQwdCWAyY,1.4178077292e-08,14.18,,,,net_00470,1,2,LOW
FV6LULL5yfwHDSFiS6grs36aTpTKydbgM5BwpdrejAfD,2026-02-13T02:13:39Z,9Zu8AigeXgFAajBTni2VWw6Wmz7XxDqHmY5nQwdCWAyY,1.4178077292e-08,14.18,,,,net_00477,1,2,LOW
FV6LULL5yfwHDSFiS6grs36aTpTKydbgM5BwpdrejAfD,2026-02-13T02:13:39Z,9Zu8AigeXgFAajBTni2VWw6Wmz7XxDqHmY5nQwdCWAyY,1.4178077292e-08,14.18,,,,net_00641,1,2,LOW
FV6LULL5yfwHDSFiS6grs36aTpTKydbgM5BwpdrejAfD,2026-02-13T02:13:39Z,9Zu8AigeXgFAajBTni2VWw6Wmz7XxDqHmY5nQwdCWAyY,1.4178077292e-08,14.18,,,,net_00894,1,2,LOW
FV6LULL5yfwHDSFiS6grs36aTpTKydbgM5BwpdrejAfD,2026-02-13T02:13:39Z,9Zu8AigeXgFAajBTni2VWw6Wmz7XxDqHmY5nQwdCWAyY,1.4178077292e-08,14.18,,,,net_00955,1,2,LOW
3tZqUgzSTApURaipdme1RkzddfLrQFy753VQy38sh8cF,2026-02-13T02:13:08Z,8ghYW6ftL5kUemfsoA9X37rz3ZnvyMSZRAx1kt1CxpoS,8.1121784243e-07,811.22,,,,NONE,0,0,NONE
39BCWCqi7onhFGE5VvdoyerTuqGtnAXWrGYc1xtcpump,2026-02-13T02:05:51Z,5kFFG1VvnbyAtMZr1XZivNaLLHp2q1GLvCFGoUWWDdfV,2.3860312058e-07,238.60,,,,net_00049,15,15,MEDIUM
39BCWCqi7onhFGE5VvdoyerTuqGtnAXWrGYc1xtcpump,2026-02-13T02:05:51Z,5kFFG1VvnbyAtMZr1XZivNaLLHp2q1GLvCFGoUWWDdfV,2.3860312058e-07,238.60,,,,net_00124,14,36,HIGH
GqPDz5T5dDiVoFyq7SsDPSjZJ5YWvyrijbgVspCzUjdv,2026-02-13T01:57:42Z,9Zu8AigeXgFAajBTni2VWw6Wmz7XxDqHmY5nQwdCWAyY,7.7312426153e-08,77.31,,,,net_00028,38,11,MEDIUM
GqPDz5T5dDiVoFyq7SsDPSjZJ5YWvyrijbgVspCzUjdv,2026-02-13T01:57:42Z,9Zu8AigeXgFAajBTni2VWw6Wmz7XxDqHmY5nQwdCWAyY,7.7312426153e-08,77.31,,,,net_00116,1,2,LOW
GqPDz5T5dDiVoFyq7SsDPSjZJ5YWvyrijbgVspCzUjdv,2026-02-13T01:57:42Z,9Zu8AigeXgFAajBTni2VWw6Wmz7XxDqHmY5nQwdCWAyY,7.7312426153e-08,77.31,,,,net_00343,1,2,LOW
GqPDz5T5dDiVoFyq7SsDPSjZJ5YWvyrijbgVspCzUjdv,2026-02-13T01:57:42Z,9Zu8AigeXgFAajBTni2VWw6Wmz7XxDqHmY5nQwdCWAyY,7.7312426153e-08,77.31,,,,net_00357,1,2,LOW
GqPDz5T5dDiVoFyq7SsDPSjZJ5YWvyrijbgVspCzUjdv,2026-02-13T01:57:42Z,9Zu8AigeXgFAajBTni2VWw6Wmz7XxDqHmY5nQwdCWAyY,7.7312426153e-08,77.31,,,,net_00361,1,2,LOW
GqPDz5T5dDiVoFyq7SsDPSjZJ5YWvyrijbgVspCzUjdv,2026-02-13T01:57:42Z,9Zu8AigeXgFAajBTni2VWw6Wmz7XxDqHmY5nQwdCWAyY,7.7312426153e-08,77.31,,,,net_00470,1,2,LOW
GqPDz5T5dDiVoFyq7SsDPSjZJ5YWvyrijbgVspCzUjdv,2026-02-13T01:57:42Z,9Zu8AigeXgFAajBTni2VWw6Wmz7XxDqHmY5nQwdCWAyY,7.7312426153e-08,77.31,,,,net_00477,1,2,LOW
GqPDz5T5dDiVoFyq7SsDPSjZJ5YWvyrijbgVspCzUjdv,2026-02-13T01:57:42Z,9Zu8AigeXgFAajBTni2VWw6Wmz7XxDqHmY5nQwdCWAyY,7.7312426153e-08,77.31,,,,net_00641,1,2,LOW
GqPDz5T5dDiVoFyq7SsDPSjZJ5YWvyrijbgVspCzUjdv,2026-02-13T01:57:42Z,9Zu8AigeXgFAajBTni2VWw6Wmz7XxDqHmY5nQwdCWAyY,7.7312426153e-08,77.31,,,,net_00894,1,2,LOW
GqPDz5T5dDiVoFyq7SsDPSjZJ5YWvyrijbgVspCzUjdv,2026-02-13T01:57:42Z,9Zu8AigeXgFAajBTni2VWw6Wmz7XxDqHmY5nQwdCWAyY,7.7312426153e-08,77.31,,,,net_00955,1,2,LOW
9qorzUhww5E85wRA1XWWgjp7fkyLC9LLF5XjAbUmpump,2026-02-13T01:54:03Z,D1DhSivDh6nuS3ecXN3ddx38vBxxBbj35Ak98gwHoGnR,1.8863881947e-11,0.02,,,,net_00183,1,2,LOW
9qorzUhww5E85wRA1XWWgjp7fkyLC9LLF5XjAbUmpump,2026-02-13T01:54:03Z,D1DhSivDh6nuS3ecXN3ddx38vBxxBbj35Ak98gwHoGnR,1.8863881947e-11,0.02,,,,net_00186,1,2,LOW
9qorzUhww5E85wRA1XWWgjp7fkyLC9LLF5XjAbUmpump,2026-02-13T01:54:03Z,D1DhSivDh6nuS3ecXN3ddx38vBxxBbj35Ak98gwHoGnR,1.8863881947e-11,0.02,,,,net_00441,1,2,LOW
9qorzUhww5E85wRA1XWWgjp7fkyLC9LLF5XjAbUmpump,2026-02-13T01:54:03Z,D1DhSivDh6nuS3ecXN3ddx38vBxxBbj35Ak98gwHoGnR,1.8863881947e-11,0.02,,,,net_00562,1,2,LOW
9qorzUhww5E85wRA1XWWgjp7fkyLC9LLF5XjAbUmpump,2026-02-13T01:54:03Z,D1DhSivDh6nuS3ecXN3ddx38vBxxBbj35Ak98gwHoGnR,1.8863881947e-11,0.02,,,,net_00704,1,5,LOW
9qorzUhww5E85wRA1XWWgjp7fkyLC9LLF5XjAbUmpump,2026-02-13T01:54:03Z,D1DhSivDh6nuS3ecXN3ddx38vBxxBbj35Ak98gwHoGnR,1.8863881947e-11,0.02,,,,net_00721,1,2,LOW
9qorzUhww5E85wRA1XWWgjp7fkyLC9LLF5XjAbUmpump,2026-02-13T01:54:03Z,D1DhSivDh6nuS3ecXN3ddx38vBxxBbj35Ak98gwHoGnR,1.8863881947e-11,0.02,,,,net_00969,1,6,MEDIUM
9qorzUhww5E85wRA1XWWgjp7fkyLC9LLF5XjAbUmpump,2026-02-13T01:54:03Z,D1DhSivDh6nuS3ecXN3ddx38vBxxBbj35Ak98gwHoGnR,1.8863881947e-11,0.02,,,,net_00988,1,3,LOW
9qorzUhww5E85wRA1XWWgjp7fkyLC9LLF5XjAbUmpump,2026-02-13T01:54:03Z,D1DhSivDh6nuS3ecXN3ddx38vBxxBbj35Ak98gwHoGnR,1.8863881947e-11,0.02,,,,net_01067,1,4,LOW
Fu7rsbRLnNZz3PW4TpbqmDo4AZUcf87p1YjmHArvpump,2026-02-13T01:53:56Z,8bjLkWK2bYWzL3cJECopGnir1CuWp2XGM1qGjTxvSGDD,9.6452836291e-08,96.45,,,,net_01094,1,6,MEDIUM
FoHYkK32KfByQrSG6MQhcAMUKbdrw47juz9EiadPpump,2026-02-13T01:46:33Z,4TGb4yXdopy1FYAYofSvDRxGoNDEzTzWcpyqgdtFpx7t,3.8370432796e-08,38.37,,,,net_00024,33,5,LOW
FoHYkK32KfByQrSG6MQhcAMUKbdrw47juz9EiadPpump,2026-02-13T01:46:33Z,4TGb4yXdopy1FYAYofSvDRxGoNDEzTzWcpyqgdtFpx7t,3.8370432796e-08,38.37,,,,net_00049,15,15,MEDIUM
FoHYkK32KfByQrSG6MQhcAMUKbdrw47juz9EiadPpump,2026-02-13T01:46:33Z,4TGb4yXdopy1FYAYofSvDRxGoNDEzTzWcpyqgdtFpx7t,3.8370432796e-08,38.37,,,,net_00160,1,4,LOW
FoHYkK32KfByQrSG6MQhcAMUKbdrw47juz9EiadPpump,2026-02-13T01:46:33Z,4TGb4yXdopy1FYAYofSvDRxGoNDEzTzWcpyqgdtFpx7t,3.8370432796e-08,38.37,,,,net_00171,1,2,LOW
FoHYkK32KfByQrSG6MQhcAMUKbdrw47juz9EiadPpump,2026-02-13T01:46:33Z,4TGb4yXdopy1FYAYofSvDRxGoNDEzTzWcpyqgdtFpx7t,3.8370432796e-08,38.37,,,,net_00335,1,3,LOW
FoHYkK32KfByQrSG6MQhcAMUKbdrw47juz9EiadPpump,2026-02-13T01:46:33Z,4TGb4yXdopy1FYAYofSvDRxGoNDEzTzWcpyqgdtFpx7t,3.8370432796e-08,38.37,,,,net_00443,1,4,LOW
FoHYkK32KfByQrSG6MQhcAMUKbdrw47juz9EiadPpump,2026-02-13T01:46:33Z,4TGb4yXdopy1FYAYofSvDRxGoNDEzTzWcpyqgdtFpx7t,3.8370432796e-08,38.37,,,,net_00488,1,2,LOW
FoHYkK32KfByQrSG6MQhcAMUKbdrw47juz9EiadPpump,2026-02-13T01:46:33Z,4TGb4yXdopy1FYAYofSvDRxGoNDEzTzWcpyqgdtFpx7t,3.8370432796e-08,38.37,,,,net_00515,1,3,LOW
FoHYkK32KfByQrSG6MQhcAMUKbdrw47juz9EiadPpump,2026-02-13T01:46:33Z,4TGb4yXdopy1FYAYofSvDRxGoNDEzTzWcpyqgdtFpx7t,3.8370432796e-08,38.37,,,,net_00560,1,2,LOW
FoHYkK32KfByQrSG6MQhcAMUKbdrw47juz9EiadPpump,2026-02-13T01:46:33Z,4TGb4yXdopy1FYAYofSvDRxGoNDEzTzWcpyqgdtFpx7t,3.8370432796e-08,38.37,,,,net_00679,1,7,MEDIUM
FoHYkK32KfByQrSG6MQhcAMUKbdrw47juz9EiadPpump,2026-02-13T01:46:33Z,4TGb4yXdopy1FYAYofSvDRxGoNDEzTzWcpyqgdtFpx7t,3.8370432796e-08,38.37,,,,net_00763,1,2,LOW
FoHYkK32KfByQrSG6MQhcAMUKbdrw47juz9EiadPpump,2026-02-13T01:46:33Z,4TGb4yXdopy1FYAYofSvDRxGoNDEzTzWcpyqgdtFpx7t,3.8370432796e-08,38.37,,,,net_00869,1,2,LOW
FoHYkK32KfByQrSG6MQhcAMUKbdrw47juz9EiadPpump,2026-02-13T01:46:33Z,4TGb4yXdopy1FYAYofSvDRxGoNDEzTzWcpyqgdtFpx7t,3.8370432796e-08,38.37,,,,net_00882,1,7,MEDIUM
FoHYkK32KfByQrSG6MQhcAMUKbdrw47juz9EiadPpump,2026-02-13T01:46:33Z,4TGb4yXdopy1FYAYofSvDRxGoNDEzTzWcpyqgdtFpx7t,3.8370432796e-08,38.37,,,,net_00953,1,2,LOW
FoHYkK32KfByQrSG6MQhcAMUKbdrw47juz9EiadPpump,2026-02-13T01:46:33Z,4TGb4yXdopy1FYAYofSvDRxGoNDEzTzWcpyqgdtFpx7t,3.8370432796e-08,38.37,,,,net_00969,1,6,MEDIUM
FoHYkK32KfByQrSG6MQhcAMUKbdrw47juz9EiadPpump,2026-02-13T01:46:33Z,4TGb4yXdopy1FYAYofSvDRxGoNDEzTzWcpyqgdtFpx7t,3.8370432796e-08,38.37,,,,net_01070,1,3,LOW
FoHYkK32KfByQrSG6MQhcAMUKbdrw47juz9EiadPpump,2026-02-13T01:46:33Z,4TGb4yXdopy1FYAYofSvDRxGoNDEzTzWcpyqgdtFpx7t,3.8370432796e-08,38.37,,,,net_01094,1,6,MEDIUM
FoHYkK32KfByQrSG6MQhcAMUKbdrw47juz9EiadPpump,2026-02-13T01:46:33Z,4TGb4yXdopy1FYAYofSvDRxGoNDEzTzWcpyqgdtFpx7t,3.8370432796e-08,38.37,,,,net_01096,1,2,LOW
FoHYkK32KfByQrSG6MQhcAMUKbdrw47juz9EiadPpump,2026-02-13T01:46:33Z,4TGb4yXdopy1FYAYofSvDRxGoNDEzTzWcpyqgdtFpx7t,3.8370432796e-08,38.37,,,,net_01097,1,4,LOW
H66gWjTyFv8uuaSj3ijLFf11udvjMSPoA6yXgfs4pump,2026-02-13T01:46:03Z,4aH6AAiowtFHB8z1Y4AYqzqfcdX4UW3nznF7qYNb2n3d,1.6224723277e-09,1.62,,,,NONE,0,0,NONE
7fr855v1wJoGUU6HgxuXTMNLrpUULQ2tU21tc4YRpump,2026-02-13T01:43:37Z,CPUxtQipxwn5HZRyqR2ZswUrCho4bDQ2QtnsKZGb6DnQ,3.6450722527e-09,3.65,,,,NONE,0,0,NONE
pXHcFd8hEPwumHjUzGCEZGXfdhe8NoFpxZkVLPFpump,2026-02-13T01:41:45Z,ANQE6hyB5K4q6JA55BbaFiZt1q3Q6nFfC4KfjQGzMQSL,4.6492740993e-07,464.93,,,,NONE,0,0,NONE
G4XnLBUm1jokWLfsPcu2QL4X8crKA2kgSWyrzmKZpump,2026-02-13T01:38:43Z,BEJ3f4bUpFw9Cz7iARWtjVLR8vu5Hb6saTEjcpqyKHPj,3.4611891799e-11,0.03,,,,NONE,0,0,NONE
2GhRWbZVGd8ij7Uxw7X4mqK1e1VMbdENmdeRXwrBpump,2026-02-13T01:29:12Z,HzcvyheVMi5iKVqRb9fJpJrjoB5rXJDYAf9ErxaXZUyT,2.3973801175e-10,0.24,,,,NONE,0,0,NONE
6CmT81tNGkMZf9i4vVADH5fqDJoQBpxPoqHEicYJpump,2026-02-13T01:12:35Z,5qf66nkcAziBSPCpVkfBge9R1FFphVyGJPqwthMtcpzL,1.4616684517e-07,146.17,,,,NONE,0,0,NONE
8fQwEHAm9DWgk6bezu3RwaTZKWwqLqRiNqohKZNWpump,2026-02-13T01:12:05Z,BmjqVmhESq2kTvAF5KegtwXS8uwKzHKaSuac52kATBaj,3.7326540527e-10,0.37,,,,NONE,0,0,NONE
6VTH4uRPpJMxTX2VCCGXTo3FLxkr9U9DozLGCUXXpump,2026-02-13T01:06:41Z,CydAQu6G7m9Nr1L9J261JvEuTwe4cJx17ER5fVaQLLPz,4.3048492349e-09,4.30,,,,NONE,0,0,NONE
J5sqMFd3msP2sBR9AaNfbf1qZaLt9gaQNdwSxFqHpump,2026-02-13T01:02:54Z,CsBupZV8yRS9BvCt8P4CZQY9nMUftp24scFGzmHsX91w,4.7946003177e-13,0.00,,,,NONE,0,0,NONE
GHv2MAND8vaz9bFjsNE1EottxcwKcWv9m1ky66x9pump,2026-02-13T01:02:50Z,At9Lxx6MgJxGzj33RHn57LaSkC7incZ6XpaN3BiMC2k,1.0191853930e-08,10.19,,,,net_00189,1,2,LOW
GHv2MAND8vaz9bFjsNE1EottxcwKcWv9m1ky66x9pump,2026-02-13T01:02:50Z,At9Lxx6MgJxGzj33RHn57LaSkC7incZ6XpaN3BiMC2k,1.0191853930e-08,10.19,,,,net_00290,1,2,LOW
GHv2MAND8vaz9bFjsNE1EottxcwKcWv9m1ky66x9pump,2026-02-13T01:02:50Z,At9Lxx6MgJxGzj33RHn57LaSkC7incZ6XpaN3BiMC2k,1.0191853930e-08,10.19,,,,net_00301,1,2,LOW
GHv2MAND8vaz9bFjsNE1EottxcwKcWv9m1ky66x9pump,2026-02-13T01:02:50Z,At9Lxx6MgJxGzj33RHn57LaSkC7incZ6XpaN3BiMC2k,1.0191853930e-08,10.19,,,,net_00318,1,5,LOW
GHv2MAND8vaz9bFjsNE1EottxcwKcWv9m1ky66x9pump,2026-02-13T01:02:50Z,At9Lxx6MgJxGzj33RHn57LaSkC7incZ6XpaN3BiMC2k,1.0191853930e-08,10.19,,,,net_00352,1,2,LOW
GHv2MAND8vaz9bFjsNE1EottxcwKcWv9m1ky66x9pump,2026-02-13T01:02:50Z,At9Lxx6MgJxGzj33RHn57LaSkC7incZ6XpaN3BiMC2k,1.0191853930e-08,10.19,,,,net_00592,1,8,MEDIUM
D3UU1oQ7QNe79pBNH9pkyduseSKxYA1v4GZSd6rhpump,2026-02-13T00:58:44Z,Eu8CwjrgYg86ArQmPLsCdETVqAdP44cPSQMkEzdja4t5,4.9790000000e-07,497.98,,,,NONE,0,0,NONE
F1Kz66PvY6vZoEs4m8HrQDYxbXe9hYGPx8ixptLUpump,2026-02-13T00:55:05Z,AQdBYZNy3BZ1vouGUjA1w9Ay7aq7kH5UQSuh4LQWKotY,,,,,,NONE,0,0,NONE
TcbvmciUEqQjNpkqZKLfxeQ3KDTgsFnnQWaPiDrpump,2026-02-13T00:48:59Z,7d2hKayNF8SCie8sufQtdTynnouZzz6Nz7BLSUhv2QS7,7.8802763748e-08,78.80,,,,NONE,0,0,NONE
C1BvZtGBZacYQPoAjVwtCXQBB4RUScmXu4wMh4bwXUDj,2026-02-13T00:48:26Z,CTjV5CfCzRYnxtGEDmguEwjwAz95QpRDbvWhCkaBYCvL,2.0348556792e-07,203.49,,,,net_00060,1,2,LOW
C1BvZtGBZacYQPoAjVwtCXQBB4RUScmXu4wMh4bwXUDj,2026-02-13T00:48:26Z,CTjV5CfCzRYnxtGEDmguEwjwAz95QpRDbvWhCkaBYCvL,2.0348556792e-07,203.49,,,,net_00123,1,3,LOW
C1BvZtGBZacYQPoAjVwtCXQBB4RUScmXu4wMh4bwXUDj,2026-02-13T00:48:26Z,CTjV5CfCzRYnxtGEDmguEwjwAz95QpRDbvWhCkaBYCvL,2.0348556792e-07,203.49,,,,net_00354,1,2,LOW
C1BvZtGBZacYQPoAjVwtCXQBB4RUScmXu4wMh4bwXUDj,2026-02-13T00:48:26Z,CTjV5CfCzRYnxtGEDmguEwjwAz95QpRDbvWhCkaBYCvL,2.0348556792e-07,203.49,,,,net_00442,1,5,LOW
C1BvZtGBZacYQPoAjVwtCXQBB4RUScmXu4wMh4bwXUDj,2026-02-13T00:48:26Z,CTjV5CfCzRYnxtGEDmguEwjwAz95QpRDbvWhCkaBYCvL,2.0348556792e-07,203.49,,,,net_00698,1,6,MEDIUM
C1BvZtGBZacYQPoAjVwtCXQBB4RUScmXu4wMh4bwXUDj,2026-02-13T00:48:26Z,CTjV5CfCzRYnxtGEDmguEwjwAz95QpRDbvWhCkaBYCvL,2.0348556792e-07,203.49,,,,net_00811,1,2,LOW
C1BvZtGBZacYQPoAjVwtCXQBB4RUScmXu4wMh4bwXUDj,2026-02-13T00:48:26Z,CTjV5CfCzRYnxtGEDmguEwjwAz95QpRDbvWhCkaBYCvL,2.0348556792e-07,203.49,,,,net_00879,1,4,LOW
C1BvZtGBZacYQPoAjVwtCXQBB4RUScmXu4wMh4bwXUDj,2026-02-13T00:48:26Z,CTjV5CfCzRYnxtGEDmguEwjwAz95QpRDbvWhCkaBYCvL,2.0348556792e-07,203.49,,,,net_00890,1,2,LOW
C1BvZtGBZacYQPoAjVwtCXQBB4RUScmXu4wMh4bwXUDj,2026-02-13T00:48:26Z,CTjV5CfCzRYnxtGEDmguEwjwAz95QpRDbvWhCkaBYCvL,2.0348556792e-07,203.49,,,,net_01090,1,3,LOW
8AX9SQ8kGUBwo2nThJ98i3Eus8aAFCDzbch2KWsepump,2026-02-13T00:37:10Z,CtUDfzqJgiqnJwNrMV29WsXbTybBp9kJgR9FJQfV3kgU,2.2515021983e-09,2.25,,,,NONE,0,0,NONE
BJYc3f8Kv1iEvmc2BVvvye1YU8HM8sTESsAhDfhopump,2026-02-13T00:36:10Z,4GBYHnpShnKALGJRECrRsEhWQa1g4sQtnuxwtUNt1muo,,,,,,NONE,0,0,NONE
EBbxx3Bqr5tf4cisY3fbSw3gzcqXoFZjp9PYUkdZpump,2026-02-13T00:24:31Z,AL78zb2W51zZhSRXn6PSQtqytv9DpzH4fmFp2JHZABEZ,2.2728314671e-07,227.28,,,,NONE,0,0,NONE
8hccoPdPATEXiZaoZXUJ6rTTDcfTDN3h5huTsn8rpump,2026-02-13T00:24:30Z,ALJ4P5QNyHeLEjpKGmA1eUfJHSEGQMjY8HLnDkSgjczb,2.3581321835e-08,23.58,,,,net_00182,1,2,LOW
8hccoPdPATEXiZaoZXUJ6rTTDcfTDN3h5huTsn8rpump,2026-02-13T00:24:30Z,ALJ4P5QNyHeLEjpKGmA1eUfJHSEGQMjY8HLnDkSgjczb,2.3581321835e-08,23.58,,,,net_00288,1,2,LOW
8hccoPdPATEXiZaoZXUJ6rTTDcfTDN3h5huTsn8rpump,2026-02-13T00:24:30Z,ALJ4P5QNyHeLEjpKGmA1eUfJHSEGQMjY8HLnDkSgjczb,2.3581321835e-08,23.58,,,,net_00426,1,2,LOW
8hccoPdPATEXiZaoZXUJ6rTTDcfTDN3h5huTsn8rpump,2026-02-13T00:24:30Z,ALJ4P5QNyHeLEjpKGmA1eUfJHSEGQMjY8HLnDkSgjczb,2.3581321835e-08,23.58,,,,net_00755,1,2,LOW
8hccoPdPATEXiZaoZXUJ6rTTDcfTDN3h5huTsn8rpump,2026-02-13T00:24:30Z,ALJ4P5QNyHeLEjpKGmA1eUfJHSEGQMjY8HLnDkSgjczb,2.3581321835e-08,23.58,,,,net_00771,1,2,LOW
3Wpd51PMpPM6VU1ydmZXZyeMBAHvd5dpooeQqyBRpump,2026-02-13T00:13:06Z,GRkXLrdbNPU6egQQtAzavR342Wo1dQohpxtRofZmT6Ap,6.1474436678e-10,0.61,,,,NONE,0,0,NONE
B9x1gJJBt3M3YtmeZa9a3VTZ1q8Q7cM29f37gLSqpump,2026-02-13T00:09:49Z,8Ltv5royXzxVG3tAhVhRnfXrzapS5Dwqt1ocxprgu6YP,4.1210635588e-11,0.04,,,,NONE,0,0,NONE
AmaKiRw9qbRzEAmRZ3tfFmcdiy38Dytaa3vaEHNFpump,2026-02-13T00:02:29Z,Dm2U8z5f9FWd1JUmDijCMPkP96URAeBEX17oo5Udrd64,1.3166929815e-11,0.01,,,,net_00182,1,2,LOW
AmaKiRw9qbRzEAmRZ3tfFmcdiy38Dytaa3vaEHNFpump,2026-02-13T00:02:29Z,Dm2U8z5f9FWd1JUmDijCMPkP96URAeBEX17oo5Udrd64,1.3166929815e-11,0.01,,,,net_00288,1,2,LOW
AmaKiRw9qbRzEAmRZ3tfFmcdiy38Dytaa3vaEHNFpump,2026-02-13T00:02:29Z,Dm2U8z5f9FWd1JUmDijCMPkP96URAeBEX17oo5Udrd64,1.3166929815e-11,0.01,,,,net_00426,1,2,LOW
AmaKiRw9qbRzEAmRZ3tfFmcdiy38Dytaa3vaEHNFpump,2026-02-13T00:02:29Z,Dm2U8z5f9FWd1JUmDijCMPkP96URAeBEX17oo5Udrd64,1.3166929815e-11,0.01,,,,net_00755,1,2,LOW
AmaKiRw9qbRzEAmRZ3tfFmcdiy38Dytaa3vaEHNFpump,2026-02-13T00:02:29Z,Dm2U8z5f9FWd1JUmDijCMPkP96URAeBEX17oo5Udrd64,1.3166929815e-11,0.01,,,,net_00771,1,2,LOW
kDpaDsuwfi9Tefai7i2YiALZKtoj6paBgjXzdCkKEPt,2026-02-12T23:57:40Z,2YVUC5e1AR8p7SbK9hQxm7tKTmpmBuUNvH7gd3kbUSWp,2.9816547217e-08,29.82,,,,net_00317,1,2,LOW
GL1UPnJtivG9nqRui8DMzjbaKmvS2dtmukt4YZHKpump,2026-02-12T23:54:38Z,B4JXfczBjeSeSHdNCyJjcy6cnEhveLbvfhdKwwWEUSKy,2.4125919926e-09,2.41,,,,net_00079,1,2,LOW
GL1UPnJtivG9nqRui8DMzjbaKmvS2dtmukt4YZHKpump,2026-02-12T23:54:38Z,B4JXfczBjeSeSHdNCyJjcy6cnEhveLbvfhdKwwWEUSKy,2.4125919926e-09,2.41,,,,net_00098,1,4,LOW
GL1UPnJtivG9nqRui8DMzjbaKmvS2dtmukt4YZHKpump,2026-02-12T23:54:38Z,B4JXfczBjeSeSHdNCyJjcy6cnEhveLbvfhdKwwWEUSKy,2.4125919926e-09,2.41,,,,net_00166,1,3,LOW
GL1UPnJtivG9nqRui8DMzjbaKmvS2dtmukt4YZHKpump,2026-02-12T23:54:38Z,B4JXfczBjeSeSHdNCyJjcy6cnEhveLbvfhdKwwWEUSKy,2.4125919926e-09,2.41,,,,net_00294,1,3,LOW
GL1UPnJtivG9nqRui8DMzjbaKmvS2dtmukt4YZHKpump,2026-02-12T23:54:38Z,B4JXfczBjeSeSHdNCyJjcy6cnEhveLbvfhdKwwWEUSKy,2.4125919926e-09,2.41,,,,net_00367,1,2,LOW
GL1UPnJtivG9nqRui8DMzjbaKmvS2dtmukt4YZHKpump,2026-02-12T23:54:38Z,B4JXfczBjeSeSHdNCyJjcy6cnEhveLbvfhdKwwWEUSKy,2.4125919926e-09,2.41,,,,net_00558,1,3,LOW
GL1UPnJtivG9nqRui8DMzjbaKmvS2dtmukt4YZHKpump,2026-02-12T23:54:38Z,B4JXfczBjeSeSHdNCyJjcy6cnEhveLbvfhdKwwWEUSKy,2.4125919926e-09,2.41,,,,net_00631,1,3,LOW
6ZU9BEdbjevB2tscjAFKyWe8CbJFcYArsjwoDkxvpump,2026-02-12T23:36:33Z,9LYbieJtmPCaBXdHfrPatYKx49FLFAC54GZxE6Wm3kGd,1.0773560644e-09,1.08,,,,NONE,0,0,NONE
4wgM7BFLeMjtuW5MpvwcSKymr5mHtfdcH1YSxUg5pump,2026-02-12T23:33:47Z,4ML9NSuQSbRjfBcNaw8Dp36hYWY6Y1VPqgNUUG7AhT2i,3.6766643427e-08,36.77,,,,NONE,0,0,NONE
C7nGR7kdWHCiSXzjmNTSnoc4sVptL43peZJnjTdxpump,2026-02-12T23:17:44Z,6EpcufRfguYG5W22FMxcj5F6xMojhzX8L5Wjt2ZEPxSg,2.3556291475e-08,23.56,,,,NONE,0,0,NONE
J1HrkqtpYtcypzH4YHaBGtXmnuhdDSFDnLUvyJJnpump,2026-02-12T23:09:50Z,J218YG2BJ2TuMR3EKM7xgmxJsBnJqh7jU3RhiEsLSc7a,1.4948745819e-07,149.49,,,,NONE,0,0,NONE
7qMManxJoj8nLUvRwgQe3D9KZf6iCvVLcv7Vm5Hkpump,2026-02-12T23:08:37Z,GSLM23dy4QgmFyiVebQZwTNpvdmw9UQLZy3dJaPxa5Am,2.6657597968e-08,26.66,,,,NONE,0,0,NONE
EvPL37Abut37yxeKZqbA9y3MwXcnJ5ezv7wcht7Gpump,2026-02-12T23:08:02Z,3i4xvD3nPCG3FdRnE2aJR6FfMkALP5inQ6c9eQLPaGxG,1.4258513558e-08,14.26,,,,NONE,0,0,NONE
Dexj4KpXgrUeKGqw4bowsdbEtZoSPJmEfF7dWCZKpump,2026-02-12T23:04:25Z,HW1JmDC2Wx6PXsnaYbXaoAc1HJeGTAXrpnwpYJpYAKNF,4.2124769681e-09,4.21,,,,NONE,0,0,NONE
6mgLXYHrC4WTi4qSJXVU7RRXyCRmZW2VMhuoficApump,2026-02-12T23:00:43Z,A53bGWbTo38kKXWGXpmE7eH7BNbNeuBzQprtCHsSBr3i,4.7530476849e-09,4.75,,,,NONE,0,0,NONE
4Zydq5TvDAogr2SeoAvYkWtUpQzs3Xi4upMc7ee9pump,2026-02-12T22:57:26Z,3XeZQFJgDJDtgJvzQnLi8oNrPgVcPYFt8LRC922VfAbW,2.2528312822e-08,22.53,,,,net_00124,14,36,HIGH
4Zydq5TvDAogr2SeoAvYkWtUpQzs3Xi4upMc7ee9pump,2026-02-12T22:57:26Z,3XeZQFJgDJDtgJvzQnLi8oNrPgVcPYFt8LRC922VfAbW,2.2528312822e-08,22.53,,,,net_00883,1,2,LOW
8AMqwB4AjLNDn2BuJDqQXunA3FoyP82WYs3bpZmrpump,2026-02-12T22:53:39Z,3p9qX6ZXniESWxJ79BNFmFprKMaeKVGv7fdwHDVs4G8o,6.8702149848e-10,0.69,,,,net_00054,1,4,LOW
8AMqwB4AjLNDn2BuJDqQXunA3FoyP82WYs3bpZmrpump,2026-02-12T22:53:39Z,3p9qX6ZXniESWxJ79BNFmFprKMaeKVGv7fdwHDVs4G8o,6.8702149848e-10,0.69,,,,net_00071,1,2,LOW
8AMqwB4AjLNDn2BuJDqQXunA3FoyP82WYs3bpZmrpump,2026-02-12T22:53:39Z,3p9qX6ZXniESWxJ79BNFmFprKMaeKVGv7fdwHDVs4G8o,6.8702149848e-10,0.69,,,,net_00124,14,36,HIGH
8AMqwB4AjLNDn2BuJDqQXunA3FoyP82WYs3bpZmrpump,2026-02-12T22:53:39Z,3p9qX6ZXniESWxJ79BNFmFprKMaeKVGv7fdwHDVs4G8o,6.8702149848e-10,0.69,,,,net_00238,1,2,LOW
8AMqwB4AjLNDn2BuJDqQXunA3FoyP82WYs3bpZmrpump,2026-02-12T22:53:39Z,3p9qX6ZXniESWxJ79BNFmFprKMaeKVGv7fdwHDVs4G8o,6.8702149848e-10,0.69,,,,net_00334,1,2,LOW
8AMqwB4AjLNDn2BuJDqQXunA3FoyP82WYs3bpZmrpump,2026-02-12T22:53:39Z,3p9qX6ZXniESWxJ79BNFmFprKMaeKVGv7fdwHDVs4G8o,6.8702149848e-10,0.69,,,,net_00582,1,3,LOW
8AMqwB4AjLNDn2BuJDqQXunA3FoyP82WYs3bpZmrpump,2026-02-12T22:53:39Z,3p9qX6ZXniESWxJ79BNFmFprKMaeKVGv7fdwHDVs4G8o,6.8702149848e-10,0.69,,,,net_00752,1,6,MEDIUM
8AMqwB4AjLNDn2BuJDqQXunA3FoyP82WYs3bpZmrpump,2026-02-12T22:53:39Z,3p9qX6ZXniESWxJ79BNFmFprKMaeKVGv7fdwHDVs4G8o,6.8702149848e-10,0.69,,,,net_00758,1,2,LOW
8AMqwB4AjLNDn2BuJDqQXunA3FoyP82WYs3bpZmrpump,2026-02-12T22:53:39Z,3p9qX6ZXniESWxJ79BNFmFprKMaeKVGv7fdwHDVs4G8o,6.8702149848e-10,0.69,,,,net_00853,1,2,LOW
2CCx3i6z3e3mqXvM26viQd7KZ1QzqpAh3MWHu1abpump,2026-02-12T22:49:48Z,2rZ5GDPy9V3gjrPqEpq3tufGNx3YvA48cCeuoXXsceb7,1.5419768870e-08,15.42,,,,NONE,0,0,NONE
AFU2VvmDSjsMf7nDXbEs5wB9awvfBkgMf27sK4Pnpump,2026-02-12T22:43:42Z,FYrkMBywoa2KeDSrCWkQfRhRqE1rtbTxDmoabQJCTqyc,1.1547724164e-10,0.12,,,,NONE,0,0,NONE
94xpn5wKPapRDEJQB3n6CJGL1zdbCgn7cc5cePowpump,2026-02-12T22:42:48Z,ByJBJtuYAyVwPAgsBzEbTvVuGbPDk7i2B3p1ea9p9D2r,5.0117327191e-06,5011.73,,,,NONE,0,0,NONE
6RLKHhdsTwWqz7kRkdigL4488sNYJAYJR3589zjLpump,2026-02-12T22:24:04Z,123157i3TZqhrbUFPY8pkexuHtCjH3TnuSuugxdabb3P,1.1250562892e-10,0.11,,,,net_00647,23,152,CRITICAL
5T17aqgJ8cM39SNuVBu2LK2cq5MWUpZxcQnnuwNjpump,2026-02-12T22:12:16Z,FWNSn1DydPdqNWoo3uktzKd2RXXoXsrHCQHKxp9w59km,4.0822006733e-08,40.82,,,,net_00024,33,5,LOW
Bq9D4BbhVR4kL1qSdsYpQ5JM59q2LzUYzv7zFA1epump,2026-02-12T22:10:47Z,ELcnvdHEWTrLa4fnenGuzwwXCsb4cEznaKTGgda3SKNx,4.2761797544e-08,42.76,,,,net_00701,1,2,LOW
Bq9D4BbhVR4kL1qSdsYpQ5JM59q2LzUYzv7zFA1epump,2026-02-12T22:10:47Z,ELcnvdHEWTrLa4fnenGuzwwXCsb4cEznaKTGgda3SKNx,4.2761797544e-08,42.76,,,,net_00732,1,3,LOW
Bq9D4BbhVR4kL1qSdsYpQ5JM59q2LzUYzv7zFA1epump,2026-02-12T22:10:47Z,ELcnvdHEWTrLa4fnenGuzwwXCsb4cEznaKTGgda3SKNx,4.2761797544e-08,42.76,,,,net_01086,1,5,LOW
Bq9D4BbhVR4kL1qSdsYpQ5JM59q2LzUYzv7zFA1epump,2026-02-12T22:10:47Z,ELcnvdHEWTrLa4fnenGuzwwXCsb4cEznaKTGgda3SKNx,4.2761797544e-08,42.76,,,,net_01087,1,3,LOW
3xfxm59UyX7FGRESFAzvryPDYHGFKoj2QvNH6dyqpump,2026-02-12T22:03:48Z,59r6t97Wu4YBqUbcdyMRTvxJiD7bkfmuEifWPptFbY4U,8.5807603155e-10,0.86,,,,net_00144,1,2,LOW
3xfxm59UyX7FGRESFAzvryPDYHGFKoj2QvNH6dyqpump,2026-02-12T22:03:48Z,59r6t97Wu4YBqUbcdyMRTvxJiD7bkfmuEifWPptFbY4U,8.5807603155e-10,0.86,,,,net_00280,1,6,MEDIUM
3xfxm59UyX7FGRESFAzvryPDYHGFKoj2QvNH6dyqpump,2026-02-12T22:03:48Z,59r6t97Wu4YBqUbcdyMRTvxJiD7bkfmuEifWPptFbY4U,8.5807603155e-10,0.86,,,,net_00367,1,2,LOW
3xfxm59UyX7FGRESFAzvryPDYHGFKoj2QvNH6dyqpump,2026-02-12T22:03:48Z,59r6t97Wu4YBqUbcdyMRTvxJiD7bkfmuEifWPptFbY4U,8.5807603155e-10,0.86,,,,net_00480,1,2,LOW
3xfxm59UyX7FGRESFAzvryPDYHGFKoj2QvNH6dyqpump,2026-02-12T22:03:48Z,59r6t97Wu4YBqUbcdyMRTvxJiD7bkfmuEifWPptFbY4U,8.5807603155e-10,0.86,,,,net_00549,1,2,LOW
3xfxm59UyX7FGRESFAzvryPDYHGFKoj2QvNH6dyqpump,2026-02-12T22:03:48Z,59r6t97Wu4YBqUbcdyMRTvxJiD7bkfmuEifWPptFbY4U,8.5807603155e-10,0.86,,,,net_00565,1,4,LOW
3xfxm59UyX7FGRESFAzvryPDYHGFKoj2QvNH6dyqpump,2026-02-12T22:03:48Z,59r6t97Wu4YBqUbcdyMRTvxJiD7bkfmuEifWPptFbY4U,8.5807603155e-10,0.86,,,,net_00594,1,2,LOW
3xfxm59UyX7FGRESFAzvryPDYHGFKoj2QvNH6dyqpump,2026-02-12T22:03:48Z,59r6t97Wu4YBqUbcdyMRTvxJiD7bkfmuEifWPptFbY4U,8.5807603155e-10,0.86,,,,net_00680,1,2,LOW
3xfxm59UyX7FGRESFAzvryPDYHGFKoj2QvNH6dyqpump,2026-02-12T22:03:48Z,59r6t97Wu4YBqUbcdyMRTvxJiD7bkfmuEifWPptFbY4U,8.5807603155e-10,0.86,,,,net_00750,1,6,MEDIUM
3xfxm59UyX7FGRESFAzvryPDYHGFKoj2QvNH6dyqpump,2026-02-12T22:03:48Z,59r6t97Wu4YBqUbcdyMRTvxJiD7bkfmuEifWPptFbY4U,8.5807603155e-10,0.86,,,,net_00752,1,6,MEDIUM
3xfxm59UyX7FGRESFAzvryPDYHGFKoj2QvNH6dyqpump,2026-02-12T22:03:48Z,59r6t97Wu4YBqUbcdyMRTvxJiD7bkfmuEifWPptFbY4U,8.5807603155e-10,0.86,,,,net_00799,1,2,LOW
3xfxm59UyX7FGRESFAzvryPDYHGFKoj2QvNH6dyqpump,2026-02-12T22:03:48Z,59r6t97Wu4YBqUbcdyMRTvxJiD7bkfmuEifWPptFbY4U,8.5807603155e-10,0.86,,,,net_00976,1,2,LOW
2LruY9AZqExPPPwNk5PfAXrx4YMnLSXD5XZ5SvM3pump,2026-02-12T22:02:53Z,HQDGj8tcdftEUbLnZNpwC78s5YCWDs3LLSrvPdqui5TA,4.6904049109e-10,0.47,,,,net_00031,22,12,MEDIUM
9LMrPeYtCuVAegTnaRrzUUwv6qNxqSoBdGW966RUpump,2026-02-12T21:57:50Z,9uozXAAPCpsfm6CweB4jcK2sPFCe4n1Wq2vPKF9tYJv4,1.7797109110e-09,1.78,,,,net_00943,1,2,LOW
DR6eBTndvwkZCYg4hEWoZPWQQJ37tGNpbFRLxXHupump,2026-02-12T21:49:21Z,7PF4u6VUj8LajZ2QkzjsfRyaf3hjSKvCV93y3kgDw3ZN,3.6906438215e-08,36.91,,,,net_00049,15,15,MEDIUM
3TqrahFWRV4LaYviR13RRL9mo4hXXniikMcJB8P6pump,2026-02-12T21:46:31Z,Ap2H4L1Yh4Ft95b4FxB8TkVSEmjGJaNktrzFFNBPzxDt,1.2020315672e-08,12.02,,,,NONE,0,0,NONE
CE8Ajy3Pdcy7QVoW9X5AQvBRDLJoccC8FMqJtX33pump,2026-02-12T21:44:44Z,7moqFjvm2MwAiMtCZoqYoTAPzRBxxMRT2ddyHThQuWjr,4.3348624387e-08,43.35,,,,NONE,0,0,NONE
7GEVs6AcmNvJijKSx48fR3SRY6KFMfnbkriQNvec25fp,2026-02-12T21:44:32Z,5hU5KWanLLkHTDEr5tjDJEZ1z3UbDoBkfhvxy7Z8LxbA,1.0780916998e-08,10.78,,,,NONE,0,0,NONE
4CPCwmtqDCkgvfv4xF5PuaD9WN48WekRUdWRrGgBpump,2026-02-12T21:42:29Z,GrKnMiBhTao3B864YAAmfbt9v9XLAyAmP5Z5u3bTtDkw,1.1180000000e-05,11185.32,,,,NONE,0,0,NONE
5b7m4gDi2XYWHj9NNT5Dmvo79jLdBANtFkjsxNHDpump,2026-02-12T21:36:30Z,Bd5QNuL9kHuqZ18WeZVaUykVNoHtfAvVbxjsUx1RruWV,1.8498376842e-08,18.50,,,,NONE,0,0,NONE
7EC5m7o3WTNHfRStqnYKUAaGjWqKenLGxuGe3iJVpump,2026-02-12T21:27:28Z,74VhjKVboduPVLjykcCUZZShQteLsWXegsk8XuatmB3b,2.8599874013e-10,0.29,,,,NONE,0,0,NONE
8yCGQT6mw2Ga3YxpSMCLWB73FwGN6mDPjoLLtPeopump,2026-02-12T21:27:18Z,FTLP7jL4EAwwjjSij16W3Fpz9U2dPWVoMb1JnfRCQECx,1.7188494109e-08,17.19,,,,NONE,0,0,NONE
H1qT3x15qDsSHWPJDi3etBeJrNGiv9gDNW7icJaopump,2026-02-12T21:26:07Z,BF1xo9wrQneJn2axCCg1mv3SbA8ZwLtTVUiSaK8qKNXp,2.2306353902e-09,2.23,,,,NONE,0,0,NONE
9vaJQDnfoPNNBmnBSeg76udCrttVBSjvwZm4RqP6pump,2026-02-12T21:17:45Z,58Hx4stSpAVZKa1371wGumXMnp2n3tvZWxvicEMK4rSv,2.7380000000e-05,27387.63,,,,net_00883,1,2,LOW
9vaJQDnfoPNNBmnBSeg76udCrttVBSjvwZm4RqP6pump,2026-02-12T21:17:45Z,58Hx4stSpAVZKa1371wGumXMnp2n3tvZWxvicEMK4rSv,2.7380000000e-05,27387.63,,,,net_01082,1,5,LOW
9vaJQDnfoPNNBmnBSeg76udCrttVBSjvwZm4RqP6pump,2026-02-12T21:17:45Z,58Hx4stSpAVZKa1371wGumXMnp2n3tvZWxvicEMK4rSv,2.7380000000e-05,27387.63,,,,net_01086,1,5,LOW
9vaJQDnfoPNNBmnBSeg76udCrttVBSjvwZm4RqP6pump,2026-02-12T21:17:45Z,58Hx4stSpAVZKa1371wGumXMnp2n3tvZWxvicEMK4rSv,2.7380000000e-05,27387.63,,,,net_01087,1,3,LOW
6zdJpuyj6YxHyxQ5Q195yfMguFsxHjHYobRpHaB3pump,2026-02-12T21:17:14Z,55S4E3DefKYgMedPVXSRrQNCYwwqjLR6ho4qk2MFmfY8,6.7613964553e-08,67.61,,,,NONE,0,0,NONE
V6e9AvFGp1hqE7HZBkTar8t1C7JorqZxaa5iS6kpump,2026-02-12T21:08:44Z,4xcDkwRMnGtWE8AJGACvJRvPSRGmJwbnWFjEyTk7XsVT,2.2895549392e-11,0.02,,,,NONE,0,0,NONE
3npQvFY6HWkWTwNL4ibzQLdjT2R4eLH1fLG3UkjWpump,2026-02-12T20:59:33Z,D73mLXTHk1Nx84TseE3H2jUCkPNssXQQ3kdVuxAWXgjt,1.1087946393e-09,1.11,,,,NONE,0,0,NONE
CsmnAkLMtFFyaRwAJcdj1SZ7MBiUmJhDv1RFJqRLpump,2026-02-12T20:51:08Z,C4udGwTg6oqcrr8SmSLmkcXDbaFEcopsiaT21KUE4psU,7.9631362894e-08,79.63,,,,net_00087,1,2,LOW
CsmnAkLMtFFyaRwAJcdj1SZ7MBiUmJhDv1RFJqRLpump,2026-02-12T20:51:08Z,C4udGwTg6oqcrr8SmSLmkcXDbaFEcopsiaT21KUE4psU,7.9631362894e-08,79.63,,,,net_00227,1,2,LOW
CsmnAkLMtFFyaRwAJcdj1SZ7MBiUmJhDv1RFJqRLpump,2026-02-12T20:51:08Z,C4udGwTg6oqcrr8SmSLmkcXDbaFEcopsiaT21KUE4psU,7.9631362894e-08,79.63,,,,net_00289,1,2,LOW
CsmnAkLMtFFyaRwAJcdj1SZ7MBiUmJhDv1RFJqRLpump,2026-02-12T20:51:08Z,C4udGwTg6oqcrr8SmSLmkcXDbaFEcopsiaT21KUE4psU,7.9631362894e-08,79.63,,,,net_00290,1,2,LOW
CsmnAkLMtFFyaRwAJcdj1SZ7MBiUmJhDv1RFJqRLpump,2026-02-12T20:51:08Z,C4udGwTg6oqcrr8SmSLmkcXDbaFEcopsiaT21KUE4psU,7.9631362894e-08,79.63,,,,net_00336,1,2,LOW
CsmnAkLMtFFyaRwAJcdj1SZ7MBiUmJhDv1RFJqRLpump,2026-02-12T20:51:08Z,C4udGwTg6oqcrr8SmSLmkcXDbaFEcopsiaT21KUE4psU,7.9631362894e-08,79.63,,,,net_00413,1,2,LOW
CsmnAkLMtFFyaRwAJcdj1SZ7MBiUmJhDv1RFJqRLpump,2026-02-12T20:51:08Z,C4udGwTg6oqcrr8SmSLmkcXDbaFEcopsiaT21KUE4psU,7.9631362894e-08,79.63,,,,net_00438,1,2,LOW
CsmnAkLMtFFyaRwAJcdj1SZ7MBiUmJhDv1RFJqRLpump,2026-02-12T20:51:08Z,C4udGwTg6oqcrr8SmSLmkcXDbaFEcopsiaT21KUE4psU,7.9631362894e-08,79.63,,,,net_00495,1,2,LOW
CsmnAkLMtFFyaRwAJcdj1SZ7MBiUmJhDv1RFJqRLpump,2026-02-12T20:51:08Z,C4udGwTg6oqcrr8SmSLmkcXDbaFEcopsiaT21KUE4psU,7.9631362894e-08,79.63,,,,net_00502,1,10,MEDIUM
CsmnAkLMtFFyaRwAJcdj1SZ7MBiUmJhDv1RFJqRLpump,2026-02-12T20:51:08Z,C4udGwTg6oqcrr8SmSLmkcXDbaFEcopsiaT21KUE4psU,7.9631362894e-08,79.63,,,,net_00504,1,2,LOW
CsmnAkLMtFFyaRwAJcdj1SZ7MBiUmJhDv1RFJqRLpump,2026-02-12T20:51:08Z,C4udGwTg6oqcrr8SmSLmkcXDbaFEcopsiaT21KUE4psU,7.9631362894e-08,79.63,,,,net_00606,1,2,LOW
CsmnAkLMtFFyaRwAJcdj1SZ7MBiUmJhDv1RFJqRLpump,2026-02-12T20:51:08Z,C4udGwTg6oqcrr8SmSLmkcXDbaFEcopsiaT21KUE4psU,7.9631362894e-08,79.63,,,,net_00611,1,2,LOW
CsmnAkLMtFFyaRwAJcdj1SZ7MBiUmJhDv1RFJqRLpump,2026-02-12T20:51:08Z,C4udGwTg6oqcrr8SmSLmkcXDbaFEcopsiaT21KUE4psU,7.9631362894e-08,79.63,,,,net_00664,1,2,LOW
CsmnAkLMtFFyaRwAJcdj1SZ7MBiUmJhDv1RFJqRLpump,2026-02-12T20:51:08Z,C4udGwTg6oqcrr8SmSLmkcXDbaFEcopsiaT21KUE4psU,7.9631362894e-08,79.63,,,,net_00827,1,2,LOW
CsmnAkLMtFFyaRwAJcdj1SZ7MBiUmJhDv1RFJqRLpump,2026-02-12T20:51:08Z,C4udGwTg6oqcrr8SmSLmkcXDbaFEcopsiaT21KUE4psU,7.9631362894e-08,79.63,,,,net_00864,1,2,LOW
CsmnAkLMtFFyaRwAJcdj1SZ7MBiUmJhDv1RFJqRLpump,2026-02-12T20:51:08Z,C4udGwTg6oqcrr8SmSLmkcXDbaFEcopsiaT21KUE4psU,7.9631362894e-08,79.63,,,,net_00987,1,2,LOW
CsmnAkLMtFFyaRwAJcdj1SZ7MBiUmJhDv1RFJqRLpump,2026-02-12T20:51:08Z,C4udGwTg6oqcrr8SmSLmkcXDbaFEcopsiaT21KUE4psU,7.9631362894e-08,79.63,,,,net_00991,1,2,LOW
BHnSeK64YVpSyYVxz5GnPVTR2w3bZ1y5vdMPMN1Rpump,2026-02-12T20:47:38Z,hv5eK1fGuFdLADSo19cWvggBHb2Tw9yidsLmtpiUzLV,3.9240535327e-09,3.92,,,,net_00031,22,12,MEDIUM
ahPM2GcCiokfNrEf5TnG34euKNpBGdU9ZL7cuc5pump,2026-02-12T20:36:07Z,C6iKYbdjFgq9vjQudUZQTGtykmxBFpzfV5fBU5FRNje1,7.0788888556e-09,7.08,,,,NONE,0,0,NONE
DQa7FcwbvvqXbpi4ZAR9rcKdqqYHwbgRJygPp34Wpump,2026-02-12T20:35:15Z,8TBVsDjtu2UyxE3fB7kFBbqbLDyXrgxV3ezvcXCerb4v,8.5240000000e-07,852.49,,,,net_00124,14,36,HIGH
Bg7vXkdWNvVXN6ZKdTqAXKqgJZFR4aGYmCJDrKF1FNBf,2026-02-12T20:31:04Z,4NfQMXTbnvnZQm73XNR2vfbWRXf5aCMsM9VkA2nQZnLb,3.8318337347e-08,38.32,,,,NONE,0,0,NONE
8YezvFMcnVX3E9MNSWqPVmsTf4snhx9Hado8xcoUpump,2026-02-12T20:29:15Z,FmNYjPAuak5zG9oVTdDRrh3YSetY1HzcwYY8trje6E7R,1.5365181001e-07,153.65,,,,net_00054,1,4,LOW
8YezvFMcnVX3E9MNSWqPVmsTf4snhx9Hado8xcoUpump,2026-02-12T20:29:15Z,FmNYjPAuak5zG9oVTdDRrh3YSetY1HzcwYY8trje6E7R,1.5365181001e-07,153.65,,,,net_00228,1,2,LOW
8YezvFMcnVX3E9MNSWqPVmsTf4snhx9Hado8xcoUpump,2026-02-12T20:29:15Z,FmNYjPAuak5zG9oVTdDRrh3YSetY1HzcwYY8trje6E7R,1.5365181001e-07,153.65,,,,net_00334,1,2,LOW
8YezvFMcnVX3E9MNSWqPVmsTf4snhx9Hado8xcoUpump,2026-02-12T20:29:15Z,FmNYjPAuak5zG9oVTdDRrh3YSetY1HzcwYY8trje6E7R,1.5365181001e-07,153.65,,,,net_00346,1,3,LOW
8YezvFMcnVX3E9MNSWqPVmsTf4snhx9Hado8xcoUpump,2026-02-12T20:29:15Z,FmNYjPAuak5zG9oVTdDRrh3YSetY1HzcwYY8trje6E7R,1.5365181001e-07,153.65,,,,net_00490,1,2,LOW
8YezvFMcnVX3E9MNSWqPVmsTf4snhx9Hado8xcoUpump,2026-02-12T20:29:15Z,FmNYjPAuak5zG9oVTdDRrh3YSetY1HzcwYY8trje6E7R,1.5365181001e-07,153.65,,,,net_00853,1,2,LOW
8YezvFMcnVX3E9MNSWqPVmsTf4snhx9Hado8xcoUpump,2026-02-12T20:29:15Z,FmNYjPAuak5zG9oVTdDRrh3YSetY1HzcwYY8trje6E7R,1.5365181001e-07,153.65,,,,net_00988,1,3,LOW
8YezvFMcnVX3E9MNSWqPVmsTf4snhx9Hado8xcoUpump,2026-02-12T20:29:15Z,FmNYjPAuak5zG9oVTdDRrh3YSetY1HzcwYY8trje6E7R,1.5365181001e-07,153.65,,,,net_01076,1,2,LOW
8YezvFMcnVX3E9MNSWqPVmsTf4snhx9Hado8xcoUpump,2026-02-12T20:29:15Z,FmNYjPAuak5zG9oVTdDRrh3YSetY1HzcwYY8trje6E7R,1.5365181001e-07,153.65,,,,net_01092,1,2,LOW
aByCVmAHbg8fA4W88Rf394XkBS8puyJTjsTdgBxpump,2026-02-12T20:27:04Z,8BWwoAYpWvAjv5B5x9FL89XHwf8kCobMEF4QWYpHFoty,2.3384145808e-10,0.23,,,,NONE,0,0,NONE
6CZLTh8A71sFQu1GidEmAKc7hSiAiWr7bgZzbWnEpump,2026-02-12T20:25:37Z,8SNjq5JP4kJwTHH9RDDckcgWKebJHkFBpVgWvvq5TVz6,1.4061191946e-08,14.06,,,,NONE,0,0,NONE
DUYkkm4UC24crayKzKHFyYXCAxzkLpNSZqbWxr5xpump,2026-02-12T20:12:18Z,8KTxLV4VcVKwHNUbRYKfbMPanK1iPSJFHQnVqxYjt2eT,7.8897873933e-08,78.90,,,,NONE,0,0,NONE
89B6K54dVaatVdTm6hWyPTVbD9wsGoQDrLZjujp4pump,2026-02-12T20:06:43Z,DKoNksR8FRrUDwA5hfE24Ppa2kbeMbz7EXS7g6QzFmwG,3.3623083835e-08,33.62,,,,NONE,0,0,NONE
7yfhHjzPQx7CuAVGkdFYc35Yh1Dj2zsYpkdzx8zSpump,2026-02-12T20:02:57Z,4n6XhGZV4itbUwg6yU7xWTqmtH3mzAuQBBD7KK8LFn5s,3.2594558048e-08,32.59,,,,net_00099,1,2,LOW
7yfhHjzPQx7CuAVGkdFYc35Yh1Dj2zsYpkdzx8zSpump,2026-02-12T20:02:57Z,4n6XhGZV4itbUwg6yU7xWTqmtH3mzAuQBBD7KK8LFn5s,3.2594558048e-08,32.59,,,,net_00338,1,4,LOW
7yfhHjzPQx7CuAVGkdFYc35Yh1Dj2zsYpkdzx8zSpump,2026-02-12T20:02:57Z,4n6XhGZV4itbUwg6yU7xWTqmtH3mzAuQBBD7KK8LFn5s,3.2594558048e-08,32.59,,,,net_00474,1,3,LOW
7yfhHjzPQx7CuAVGkdFYc35Yh1Dj2zsYpkdzx8zSpump,2026-02-12T20:02:57Z,4n6XhGZV4itbUwg6yU7xWTqmtH3mzAuQBBD7KK8LFn5s,3.2594558048e-08,32.59,,,,net_00809,1,4,LOW
7yfhHjzPQx7CuAVGkdFYc35Yh1Dj2zsYpkdzx8zSpump,2026-02-12T20:02:57Z,4n6XhGZV4itbUwg6yU7xWTqmtH3mzAuQBBD7KK8LFn5s,3.2594558048e-08,32.59,,,,net_01095,1,2,LOW
87wMWdDwWuyY8cgYXmu8P31WbLvNpimWjEc3qhYapump,2026-02-12T19:56:06Z,3d65pdf4qphXNkDRhZf3RARmsYg6EypmFAb5oKD2C3ZH,2.2254601454e-11,0.02,,,,NONE,0,0,NONE
FP3wqEhXkoFvRRJFi5PSvrotrnvm8kJ7NHuKRf78pump,2026-02-12T19:52:15Z,HYWo71Wk9PNDe5sBaRKazPnVyGnQDiwgXCFKvgAQ1ENp,6.6745871773e-10,0.67,,,,net_00001,1,3,LOW
FP3wqEhXkoFvRRJFi5PSvrotrnvm8kJ7NHuKRf78pump,2026-02-12T19:52:15Z,HYWo71Wk9PNDe5sBaRKazPnVyGnQDiwgXCFKvgAQ1ENp,6.6745871773e-10,0.67,,,,net_00006,1,3,LOW
FP3wqEhXkoFvRRJFi5PSvrotrnvm8kJ7NHuKRf78pump,2026-02-12T19:52:15Z,HYWo71Wk9PNDe5sBaRKazPnVyGnQDiwgXCFKvgAQ1ENp,6.6745871773e-10,0.67,,,,net_00007,1,3,LOW
FP3wqEhXkoFvRRJFi5PSvrotrnvm8kJ7NHuKRf78pump,2026-02-12T19:52:15Z,HYWo71Wk9PNDe5sBaRKazPnVyGnQDiwgXCFKvgAQ1ENp,6.6745871773e-10,0.67,,,,net_00010,1,3,LOW
FP3wqEhXkoFvRRJFi5PSvrotrnvm8kJ7NHuKRf78pump,2026-02-12T19:52:15Z,HYWo71Wk9PNDe5sBaRKazPnVyGnQDiwgXCFKvgAQ1ENp,6.6745871773e-10,0.67,,,,net_00016,1,3,LOW
FP3wqEhXkoFvRRJFi5PSvrotrnvm8kJ7NHuKRf78pump,2026-02-12T19:52:15Z,HYWo71Wk9PNDe5sBaRKazPnVyGnQDiwgXCFKvgAQ1ENp,6.6745871773e-10,0.67,,,,net_00018,1,3,LOW
FP3wqEhXkoFvRRJFi5PSvrotrnvm8kJ7NHuKRf78pump,2026-02-12T19:52:15Z,HYWo71Wk9PNDe5sBaRKazPnVyGnQDiwgXCFKvgAQ1ENp,6.6745871773e-10,0.67,,,,net_00020,1,3,LOW
FP3wqEhXkoFvRRJFi5PSvrotrnvm8kJ7NHuKRf78pump,2026-02-12T19:52:15Z,HYWo71Wk9PNDe5sBaRKazPnVyGnQDiwgXCFKvgAQ1ENp,6.6745871773e-10,0.67,,,,net_00044,1,2,LOW
FP3wqEhXkoFvRRJFi5PSvrotrnvm8kJ7NHuKRf78pump,2026-02-12T19:52:15Z,HYWo71Wk9PNDe5sBaRKazPnVyGnQDiwgXCFKvgAQ1ENp,6.6745871773e-10,0.67,,,,net_00052,1,3,LOW
FP3wqEhXkoFvRRJFi5PSvrotrnvm8kJ7NHuKRf78pump,2026-02-12T19:52:15Z,HYWo71Wk9PNDe5sBaRKazPnVyGnQDiwgXCFKvgAQ1ENp,6.6745871773e-10,0.67,,,,net_00063,1,3,LOW
FP3wqEhXkoFvRRJFi5PSvrotrnvm8kJ7NHuKRf78pump,2026-02-12T19:52:15Z,HYWo71Wk9PNDe5sBaRKazPnVyGnQDiwgXCFKvgAQ1ENp,6.6745871773e-10,0.67,,,,net_00093,1,3,LOW
FP3wqEhXkoFvRRJFi5PSvrotrnvm8kJ7NHuKRf78pump,2026-02-12T19:52:15Z,HYWo71Wk9PNDe5sBaRKazPnVyGnQDiwgXCFKvgAQ1ENp,6.6745871773e-10,0.67,,,,net_00138,1,3,LOW
FP3wqEhXkoFvRRJFi5PSvrotrnvm8kJ7NHuKRf78pump,2026-02-12T19:52:15Z,HYWo71Wk9PNDe5sBaRKazPnVyGnQDiwgXCFKvgAQ1ENp,6.6745871773e-10,0.67,,,,net_00160,1,4,LOW
FP3wqEhXkoFvRRJFi5PSvrotrnvm8kJ7NHuKRf78pump,2026-02-12T19:52:15Z,HYWo71Wk9PNDe5sBaRKazPnVyGnQDiwgXCFKvgAQ1ENp,6.6745871773e-10,0.67,,,,net_00203,1,3,LOW
FP3wqEhXkoFvRRJFi5PSvrotrnvm8kJ7NHuKRf78pump,2026-02-12T19:52:15Z,HYWo71Wk9PNDe5sBaRKazPnVyGnQDiwgXCFKvgAQ1ENp,6.6745871773e-10,0.67,,,,net_00221,1,3,LOW
FP3wqEhXkoFvRRJFi5PSvrotrnvm8kJ7NHuKRf78pump,2026-02-12T19:52:15Z,HYWo71Wk9PNDe5sBaRKazPnVyGnQDiwgXCFKvgAQ1ENp,6.6745871773e-10,0.67,,,,net_00225,1,3,LOW
FP3wqEhXkoFvRRJFi5PSvrotrnvm8kJ7NHuKRf78pump,2026-02-12T19:52:15Z,HYWo71Wk9PNDe5sBaRKazPnVyGnQDiwgXCFKvgAQ1ENp,6.6745871773e-10,0.67,,,,net_00234,1,3,LOW
FP3wqEhXkoFvRRJFi5PSvrotrnvm8kJ7NHuKRf78pump,2026-02-12T19:52:15Z,HYWo71Wk9PNDe5sBaRKazPnVyGnQDiwgXCFKvgAQ1ENp,6.6745871773e-10,0.67,,,,net_00239,1,3,LOW
FP3wqEhXkoFvRRJFi5PSvrotrnvm8kJ7NHuKRf78pump,2026-02-12T19:52:15Z,HYWo71Wk9PNDe5sBaRKazPnVyGnQDiwgXCFKvgAQ1ENp,6.6745871773e-10,0.67,,,,net_00247,1,3,LOW
FP3wqEhXkoFvRRJFi5PSvrotrnvm8kJ7NHuKRf78pump,2026-02-12T19:52:15Z,HYWo71Wk9PNDe5sBaRKazPnVyGnQDiwgXCFKvgAQ1ENp,6.6745871773e-10,0.67,,,,net_00265,1,3,LOW
FP3wqEhXkoFvRRJFi5PSvrotrnvm8kJ7NHuKRf78pump,2026-02-12T19:52:15Z,HYWo71Wk9PNDe5sBaRKazPnVyGnQDiwgXCFKvgAQ1ENp,6.6745871773e-10,0.67,,,,net_00304,1,3,LOW
FP3wqEhXkoFvRRJFi5PSvrotrnvm8kJ7NHuKRf78pump,2026-02-12T19:52:15Z,HYWo71Wk9PNDe5sBaRKazPnVyGnQDiwgXCFKvgAQ1ENp,6.6745871773e-10,0.67,,,,net_00305,1,2,LOW
FP3wqEhXkoFvRRJFi5PSvrotrnvm8kJ7NHuKRf78pump,2026-02-12T19:52:15Z,HYWo71Wk9PNDe5sBaRKazPnVyGnQDiwgXCFKvgAQ1ENp,6.6745871773e-10,0.67,,,,net_00307,1,3,LOW
FP3wqEhXkoFvRRJFi5PSvrotrnvm8kJ7NHuKRf78pump,2026-02-12T19:52:15Z,HYWo71Wk9PNDe5sBaRKazPnVyGnQDiwgXCFKvgAQ1ENp,6.6745871773e-10,0.67,,,,net_00311,1,3,LOW
FP3wqEhXkoFvRRJFi5PSvrotrnvm8kJ7NHuKRf78pump,2026-02-12T19:52:15Z,HYWo71Wk9PNDe5sBaRKazPnVyGnQDiwgXCFKvgAQ1ENp,6.6745871773e-10,0.67,,,,net_00355,1,3,LOW
FP3wqEhXkoFvRRJFi5PSvrotrnvm8kJ7NHuKRf78pump,2026-02-12T19:52:15Z,HYWo71Wk9PNDe5sBaRKazPnVyGnQDiwgXCFKvgAQ1ENp,6.6745871773e-10,0.67,,,,net_00362,1,3,LOW
FP3wqEhXkoFvRRJFi5PSvrotrnvm8kJ7NHuKRf78pump,2026-02-12T19:52:15Z,HYWo71Wk9PNDe5sBaRKazPnVyGnQDiwgXCFKvgAQ1ENp,6.6745871773e-10,0.67,,,,net_00385,1,5,LOW
FP3wqEhXkoFvRRJFi5PSvrotrnvm8kJ7NHuKRf78pump,2026-02-12T19:52:15Z,HYWo71Wk9PNDe5sBaRKazPnVyGnQDiwgXCFKvgAQ1ENp,6.6745871773e-10,0.67,,,,net_00388,1,3,LOW
FP3wqEhXkoFvRRJFi5PSvrotrnvm8kJ7NHuKRf78pump,2026-02-12T19:52:15Z,HYWo71Wk9PNDe5sBaRKazPnVyGnQDiwgXCFKvgAQ1ENp,6.6745871773e-10,0.67,,,,net_00442,1,5,LOW
FP3wqEhXkoFvRRJFi5PSvrotrnvm8kJ7NHuKRf78pump,2026-02-12T19:52:15Z,HYWo71Wk9PNDe5sBaRKazPnVyGnQDiwgXCFKvgAQ1ENp,6.6745871773e-10,0.67,,,,net_00454,1,3,LOW
FP3wqEhXkoFvRRJFi5PSvrotrnvm8kJ7NHuKRf78pump,2026-02-12T19:52:15Z,HYWo71Wk9PNDe5sBaRKazPnVyGnQDiwgXCFKvgAQ1ENp,6.6745871773e-10,0.67,,,,net_00463,1,3,LOW
FP3wqEhXkoFvRRJFi5PSvrotrnvm8kJ7NHuKRf78pump,2026-02-12T19:52:15Z,HYWo71Wk9PNDe5sBaRKazPnVyGnQDiwgXCFKvgAQ1ENp,6.6745871773e-10,0.67,,,,net_00472,1,5,LOW
FP3wqEhXkoFvRRJFi5PSvrotrnvm8kJ7NHuKRf78pump,2026-02-12T19:52:15Z,HYWo71Wk9PNDe5sBaRKazPnVyGnQDiwgXCFKvgAQ1ENp,6.6745871773e-10,0.67,,,,net_00482,1,5,LOW
FP3wqEhXkoFvRRJFi5PSvrotrnvm8kJ7NHuKRf78pump,2026-02-12T19:52:15Z,HYWo71Wk9PNDe5sBaRKazPnVyGnQDiwgXCFKvgAQ1ENp,6.6745871773e-10,0.67,,,,net_00485,1,3,LOW
FP3wqEhXkoFvRRJFi5PSvrotrnvm8kJ7NHuKRf78pump,2026-02-12T19:52:15Z,HYWo71Wk9PNDe5sBaRKazPnVyGnQDiwgXCFKvgAQ1ENp,6.6745871773e-10,0.67,,,,net_00509,1,3,LOW
FP3wqEhXkoFvRRJFi5PSvrotrnvm8kJ7NHuKRf78pump,2026-02-12T19:52:15Z,HYWo71Wk9PNDe5sBaRKazPnVyGnQDiwgXCFKvgAQ1ENp,6.6745871773e-10,0.67,,,,net_00528,1,3,LOW
FP3wqEhXkoFvRRJFi5PSvrotrnvm8kJ7NHuKRf78pump,2026-02-12T19:52:15Z,HYWo71Wk9PNDe5sBaRKazPnVyGnQDiwgXCFKvgAQ1ENp,6.6745871773e-10,0.67,,,,net_00536,1,3,LOW
FP3wqEhXkoFvRRJFi5PSvrotrnvm8kJ7NHuKRf78pump,2026-02-12T19:52:15Z,HYWo71Wk9PNDe5sBaRKazPnVyGnQDiwgXCFKvgAQ1ENp,6.6745871773e-10,0.67,,,,net_00564,1,2,LOW
FP3wqEhXkoFvRRJFi5PSvrotrnvm8kJ7NHuKRf78pump,2026-02-12T19:52:15Z,HYWo71Wk9PNDe5sBaRKazPnVyGnQDiwgXCFKvgAQ1ENp,6.6745871773e-10,0.67,,,,net_00576,1,3,LOW
FP3wqEhXkoFvRRJFi5PSvrotrnvm8kJ7NHuKRf78pump,2026-02-12T19:52:15Z,HYWo71Wk9PNDe5sBaRKazPnVyGnQDiwgXCFKvgAQ1ENp,6.6745871773e-10,0.67,,,,net_00630,1,3,LOW
FP3wqEhXkoFvRRJFi5PSvrotrnvm8kJ7NHuKRf78pump,2026-02-12T19:52:15Z,HYWo71Wk9PNDe5sBaRKazPnVyGnQDiwgXCFKvgAQ1ENp,6.6745871773e-10,0.67,,,,net_00647,23,152,CRITICAL
FP3wqEhXkoFvRRJFi5PSvrotrnvm8kJ7NHuKRf78pump,2026-02-12T19:52:15Z,HYWo71Wk9PNDe5sBaRKazPnVyGnQDiwgXCFKvgAQ1ENp,6.6745871773e-10,0.67,,,,net_00652,1,3,LOW
FP3wqEhXkoFvRRJFi5PSvrotrnvm8kJ7NHuKRf78pump,2026-02-12T19:52:15Z,HYWo71Wk9PNDe5sBaRKazPnVyGnQDiwgXCFKvgAQ1ENp,6.6745871773e-10,0.67,,,,net_00663,1,2,LOW
FP3wqEhXkoFvRRJFi5PSvrotrnvm8kJ7NHuKRf78pump,2026-02-12T19:52:15Z,HYWo71Wk9PNDe5sBaRKazPnVyGnQDiwgXCFKvgAQ1ENp,6.6745871773e-10,0.67,,,,net_00687,1,3,LOW
FP3wqEhXkoFvRRJFi5PSvrotrnvm8kJ7NHuKRf78pump,2026-02-12T19:52:15Z,HYWo71Wk9PNDe5sBaRKazPnVyGnQDiwgXCFKvgAQ1ENp,6.6745871773e-10,0.67,,,,net_00712,1,3,LOW
FP3wqEhXkoFvRRJFi5PSvrotrnvm8kJ7NHuKRf78pump,2026-02-12T19:52:15Z,HYWo71Wk9PNDe5sBaRKazPnVyGnQDiwgXCFKvgAQ1ENp,6.6745871773e-10,0.67,,,,net_00720,1,3,LOW
FP3wqEhXkoFvRRJFi5PSvrotrnvm8kJ7NHuKRf78pump,2026-02-12T19:52:15Z,HYWo71Wk9PNDe5sBaRKazPnVyGnQDiwgXCFKvgAQ1ENp,6.6745871773e-10,0.67,,,,net_00768,1,3,LOW
FP3wqEhXkoFvRRJFi5PSvrotrnvm8kJ7NHuKRf78pump,2026-02-12T19:52:15Z,HYWo71Wk9PNDe5sBaRKazPnVyGnQDiwgXCFKvgAQ1ENp,6.6745871773e-10,0.67,,,,net_00779,1,3,LOW
FP3wqEhXkoFvRRJFi5PSvrotrnvm8kJ7NHuKRf78pump,2026-02-12T19:52:15Z,HYWo71Wk9PNDe5sBaRKazPnVyGnQDiwgXCFKvgAQ1ENp,6.6745871773e-10,0.67,,,,net_00781,1,3,LOW
FP3wqEhXkoFvRRJFi5PSvrotrnvm8kJ7NHuKRf78pump,2026-02-12T19:52:15Z,HYWo71Wk9PNDe5sBaRKazPnVyGnQDiwgXCFKvgAQ1ENp,6.6745871773e-10,0.67,,,,net_00791,1,3,LOW
FP3wqEhXkoFvRRJFi5PSvrotrnvm8kJ7NHuKRf78pump,2026-02-12T19:52:15Z,HYWo71Wk9PNDe5sBaRKazPnVyGnQDiwgXCFKvgAQ1ENp,6.6745871773e-10,0.67,,,,net_00803,1,3,LOW
FP3wqEhXkoFvRRJFi5PSvrotrnvm8kJ7NHuKRf78pump,2026-02-12T19:52:15Z,HYWo71Wk9PNDe5sBaRKazPnVyGnQDiwgXCFKvgAQ1ENp,6.6745871773e-10,0.67,,,,net_00809,1,4,LOW
FP3wqEhXkoFvRRJFi5PSvrotrnvm8kJ7NHuKRf78pump,2026-02-12T19:52:15Z,HYWo71Wk9PNDe5sBaRKazPnVyGnQDiwgXCFKvgAQ1ENp,6.6745871773e-10,0.67,,,,net_00813,1,3,LOW
FP3wqEhXkoFvRRJFi5PSvrotrnvm8kJ7NHuKRf78pump,2026-02-12T19:52:15Z,HYWo71Wk9PNDe5sBaRKazPnVyGnQDiwgXCFKvgAQ1ENp,6.6745871773e-10,0.67,,,,net_00816,1,3,LOW
FP3wqEhXkoFvRRJFi5PSvrotrnvm8kJ7NHuKRf78pump,2026-02-12T19:52:15Z,HYWo71Wk9PNDe5sBaRKazPnVyGnQDiwgXCFKvgAQ1ENp,6.6745871773e-10,0.67,,,,net_00829,1,3,LOW
FP3wqEhXkoFvRRJFi5PSvrotrnvm8kJ7NHuKRf78pump,2026-02-12T19:52:15Z,HYWo71Wk9PNDe5sBaRKazPnVyGnQDiwgXCFKvgAQ1ENp,6.6745871773e-10,0.67,,,,net_00840,1,3,LOW
FP3wqEhXkoFvRRJFi5PSvrotrnvm8kJ7NHuKRf78pump,2026-02-12T19:52:15Z,HYWo71Wk9PNDe5sBaRKazPnVyGnQDiwgXCFKvgAQ1ENp,6.6745871773e-10,0.67,,,,net_00844,1,3,LOW
FP3wqEhXkoFvRRJFi5PSvrotrnvm8kJ7NHuKRf78pump,2026-02-12T19:52:15Z,HYWo71Wk9PNDe5sBaRKazPnVyGnQDiwgXCFKvgAQ1ENp,6.6745871773e-10,0.67,,,,net_00882,1,7,MEDIUM
FP3wqEhXkoFvRRJFi5PSvrotrnvm8kJ7NHuKRf78pump,2026-02-12T19:52:15Z,HYWo71Wk9PNDe5sBaRKazPnVyGnQDiwgXCFKvgAQ1ENp,6.6745871773e-10,0.67,,,,net_00884,1,3,LOW
FP3wqEhXkoFvRRJFi5PSvrotrnvm8kJ7NHuKRf78pump,2026-02-12T19:52:15Z,HYWo71Wk9PNDe5sBaRKazPnVyGnQDiwgXCFKvgAQ1ENp,6.6745871773e-10,0.67,,,,net_00891,1,3,LOW
FP3wqEhXkoFvRRJFi5PSvrotrnvm8kJ7NHuKRf78pump,2026-02-12T19:52:15Z,HYWo71Wk9PNDe5sBaRKazPnVyGnQDiwgXCFKvgAQ1ENp,6.6745871773e-10,0.67,,,,net_00898,1,2,LOW
FP3wqEhXkoFvRRJFi5PSvrotrnvm8kJ7NHuKRf78pump,2026-02-12T19:52:15Z,HYWo71Wk9PNDe5sBaRKazPnVyGnQDiwgXCFKvgAQ1ENp,6.6745871773e-10,0.67,,,,net_00900,1,3,LOW
FP3wqEhXkoFvRRJFi5PSvrotrnvm8kJ7NHuKRf78pump,2026-02-12T19:52:15Z,HYWo71Wk9PNDe5sBaRKazPnVyGnQDiwgXCFKvgAQ1ENp,6.6745871773e-10,0.67,,,,net_00921,1,3,LOW
FP3wqEhXkoFvRRJFi5PSvrotrnvm8kJ7NHuKRf78pump,2026-02-12T19:52:15Z,HYWo71Wk9PNDe5sBaRKazPnVyGnQDiwgXCFKvgAQ1ENp,6.6745871773e-10,0.67,,,,net_00934,1,3,LOW
FP3wqEhXkoFvRRJFi5PSvrotrnvm8kJ7NHuKRf78pump,2026-02-12T19:52:15Z,HYWo71Wk9PNDe5sBaRKazPnVyGnQDiwgXCFKvgAQ1ENp,6.6745871773e-10,0.67,,,,net_00936,1,2,LOW
FP3wqEhXkoFvRRJFi5PSvrotrnvm8kJ7NHuKRf78pump,2026-02-12T19:52:15Z,HYWo71Wk9PNDe5sBaRKazPnVyGnQDiwgXCFKvgAQ1ENp,6.6745871773e-10,0.67,,,,net_00959,1,3,LOW
FP3wqEhXkoFvRRJFi5PSvrotrnvm8kJ7NHuKRf78pump,2026-02-12T19:52:15Z,HYWo71Wk9PNDe5sBaRKazPnVyGnQDiwgXCFKvgAQ1ENp,6.6745871773e-10,0.67,,,,net_00966,1,3,LOW
FP3wqEhXkoFvRRJFi5PSvrotrnvm8kJ7NHuKRf78pump,2026-02-12T19:52:15Z,HYWo71Wk9PNDe5sBaRKazPnVyGnQDiwgXCFKvgAQ1ENp,6.6745871773e-10,0.67,,,,net_01086,1,5,LOW
FP3wqEhXkoFvRRJFi5PSvrotrnvm8kJ7NHuKRf78pump,2026-02-12T19:52:15Z,HYWo71Wk9PNDe5sBaRKazPnVyGnQDiwgXCFKvgAQ1ENp,6.6745871773e-10,0.67,,,,net_01088,1,2,LOW
Hh3oTaqDCKKfdBgsQEvxp9sUwyNf8x9qmKqEMLBWpump,2026-02-12T19:47:32Z,3xVJVtHpyRJqpF8J5dospx8vr9M9sSedkoNNPubL4VMG,1.3424071831e-08,13.42,,,,net_00019,1,4,LOW
Hh3oTaqDCKKfdBgsQEvxp9sUwyNf8x9qmKqEMLBWpump,2026-02-12T19:47:32Z,3xVJVtHpyRJqpF8J5dospx8vr9M9sSedkoNNPubL4VMG,1.3424071831e-08,13.42,,,,net_00040,1,4,LOW
Hh3oTaqDCKKfdBgsQEvxp9sUwyNf8x9qmKqEMLBWpump,2026-02-12T19:47:32Z,3xVJVtHpyRJqpF8J5dospx8vr9M9sSedkoNNPubL4VMG,1.3424071831e-08,13.42,,,,net_00047,1,4,LOW
Hh3oTaqDCKKfdBgsQEvxp9sUwyNf8x9qmKqEMLBWpump,2026-02-12T19:47:32Z,3xVJVtHpyRJqpF8J5dospx8vr9M9sSedkoNNPubL4VMG,1.3424071831e-08,13.42,,,,net_00048,1,4,LOW
Hh3oTaqDCKKfdBgsQEvxp9sUwyNf8x9qmKqEMLBWpump,2026-02-12T19:47:32Z,3xVJVtHpyRJqpF8J5dospx8vr9M9sSedkoNNPubL4VMG,1.3424071831e-08,13.42,,,,net_00058,1,4,LOW
Hh3oTaqDCKKfdBgsQEvxp9sUwyNf8x9qmKqEMLBWpump,2026-02-12T19:47:32Z,3xVJVtHpyRJqpF8J5dospx8vr9M9sSedkoNNPubL4VMG,1.3424071831e-08,13.42,,,,net_00065,1,4,LOW
Hh3oTaqDCKKfdBgsQEvxp9sUwyNf8x9qmKqEMLBWpump,2026-02-12T19:47:32Z,3xVJVtHpyRJqpF8J5dospx8vr9M9sSedkoNNPubL4VMG,1.3424071831e-08,13.42,,,,net_00094,1,4,LOW
Hh3oTaqDCKKfdBgsQEvxp9sUwyNf8x9qmKqEMLBWpump,2026-02-12T19:47:32Z,3xVJVtHpyRJqpF8J5dospx8vr9M9sSedkoNNPubL4VMG,1.3424071831e-08,13.42,,,,net_00117,1,4,LOW
Hh3oTaqDCKKfdBgsQEvxp9sUwyNf8x9qmKqEMLBWpump,2026-02-12T19:47:32Z,3xVJVtHpyRJqpF8J5dospx8vr9M9sSedkoNNPubL4VMG,1.3424071831e-08,13.42,,,,net_00129,1,4,LOW
Hh3oTaqDCKKfdBgsQEvxp9sUwyNf8x9qmKqEMLBWpump,2026-02-12T19:47:32Z,3xVJVtHpyRJqpF8J5dospx8vr9M9sSedkoNNPubL4VMG,1.3424071831e-08,13.42,,,,net_00151,1,4,LOW
Hh3oTaqDCKKfdBgsQEvxp9sUwyNf8x9qmKqEMLBWpump,2026-02-12T19:47:32Z,3xVJVtHpyRJqpF8J5dospx8vr9M9sSedkoNNPubL4VMG,1.3424071831e-08,13.42,,,,net_00180,1,4,LOW
Hh3oTaqDCKKfdBgsQEvxp9sUwyNf8x9qmKqEMLBWpump,2026-02-12T19:47:32Z,3xVJVtHpyRJqpF8J5dospx8vr9M9sSedkoNNPubL4VMG,1.3424071831e-08,13.42,,,,net_00198,1,4,LOW
Hh3oTaqDCKKfdBgsQEvxp9sUwyNf8x9qmKqEMLBWpump,2026-02-12T19:47:32Z,3xVJVtHpyRJqpF8J5dospx8vr9M9sSedkoNNPubL4VMG,1.3424071831e-08,13.42,,,,net_00199,1,4,LOW
Hh3oTaqDCKKfdBgsQEvxp9sUwyNf8x9qmKqEMLBWpump,2026-02-12T19:47:32Z,3xVJVtHpyRJqpF8J5dospx8vr9M9sSedkoNNPubL4VMG,1.3424071831e-08,13.42,,,,net_00206,1,4,LOW
Hh3oTaqDCKKfdBgsQEvxp9sUwyNf8x9qmKqEMLBWpump,2026-02-12T19:47:32Z,3xVJVtHpyRJqpF8J5dospx8vr9M9sSedkoNNPubL4VMG,1.3424071831e-08,13.42,,,,net_00208,1,4,LOW
Hh3oTaqDCKKfdBgsQEvxp9sUwyNf8x9qmKqEMLBWpump,2026-02-12T19:47:32Z,3xVJVtHpyRJqpF8J5dospx8vr9M9sSedkoNNPubL4VMG,1.3424071831e-08,13.42,,,,net_00242,1,4,LOW
Hh3oTaqDCKKfdBgsQEvxp9sUwyNf8x9qmKqEMLBWpump,2026-02-12T19:47:32Z,3xVJVtHpyRJqpF8J5dospx8vr9M9sSedkoNNPubL4VMG,1.3424071831e-08,13.42,,,,net_00269,1,4,LOW
Hh3oTaqDCKKfdBgsQEvxp9sUwyNf8x9qmKqEMLBWpump,2026-02-12T19:47:32Z,3xVJVtHpyRJqpF8J5dospx8vr9M9sSedkoNNPubL4VMG,1.3424071831e-08,13.42,,,,net_00276,1,4,LOW
Hh3oTaqDCKKfdBgsQEvxp9sUwyNf8x9qmKqEMLBWpump,2026-02-12T19:47:32Z,3xVJVtHpyRJqpF8J5dospx8vr9M9sSedkoNNPubL4VMG,1.3424071831e-08,13.42,,,,net_00278,1,4,LOW
Hh3oTaqDCKKfdBgsQEvxp9sUwyNf8x9qmKqEMLBWpump,2026-02-12T19:47:32Z,3xVJVtHpyRJqpF8J5dospx8vr9M9sSedkoNNPubL4VMG,1.3424071831e-08,13.42,,,,net_00283,1,4,LOW
Hh3oTaqDCKKfdBgsQEvxp9sUwyNf8x9qmKqEMLBWpump,2026-02-12T19:47:32Z,3xVJVtHpyRJqpF8J5dospx8vr9M9sSedkoNNPubL4VMG,1.3424071831e-08,13.42,,,,net_00299,1,4,LOW
Hh3oTaqDCKKfdBgsQEvxp9sUwyNf8x9qmKqEMLBWpump,2026-02-12T19:47:32Z,3xVJVtHpyRJqpF8J5dospx8vr9M9sSedkoNNPubL4VMG,1.3424071831e-08,13.42,,,,net_00310,1,4,LOW
Hh3oTaqDCKKfdBgsQEvxp9sUwyNf8x9qmKqEMLBWpump,2026-02-12T19:47:32Z,3xVJVtHpyRJqpF8J5dospx8vr9M9sSedkoNNPubL4VMG,1.3424071831e-08,13.42,,,,net_00312,1,4,LOW
Hh3oTaqDCKKfdBgsQEvxp9sUwyNf8x9qmKqEMLBWpump,2026-02-12T19:47:32Z,3xVJVtHpyRJqpF8J5dospx8vr9M9sSedkoNNPubL4VMG,1.3424071831e-08,13.42,,,,net_00324,1,4,LOW
Hh3oTaqDCKKfdBgsQEvxp9sUwyNf8x9qmKqEMLBWpump,2026-02-12T19:47:32Z,3xVJVtHpyRJqpF8J5dospx8vr9M9sSedkoNNPubL4VMG,1.3424071831e-08,13.42,,,,net_00325,1,4,LOW
Hh3oTaqDCKKfdBgsQEvxp9sUwyNf8x9qmKqEMLBWpump,2026-02-12T19:47:32Z,3xVJVtHpyRJqpF8J5dospx8vr9M9sSedkoNNPubL4VMG,1.3424071831e-08,13.42,,,,net_00364,1,4,LOW
Hh3oTaqDCKKfdBgsQEvxp9sUwyNf8x9qmKqEMLBWpump,2026-02-12T19:47:32Z,3xVJVtHpyRJqpF8J5dospx8vr9M9sSedkoNNPubL4VMG,1.3424071831e-08,13.42,,,,net_00372,1,4,LOW
Hh3oTaqDCKKfdBgsQEvxp9sUwyNf8x9qmKqEMLBWpump,2026-02-12T19:47:32Z,3xVJVtHpyRJqpF8J5dospx8vr9M9sSedkoNNPubL4VMG,1.3424071831e-08,13.42,,,,net_00380,1,4,LOW
Hh3oTaqDCKKfdBgsQEvxp9sUwyNf8x9qmKqEMLBWpump,2026-02-12T19:47:32Z,3xVJVtHpyRJqpF8J5dospx8vr9M9sSedkoNNPubL4VMG,1.3424071831e-08,13.42,,,,net_00397,1,4,LOW
Hh3oTaqDCKKfdBgsQEvxp9sUwyNf8x9qmKqEMLBWpump,2026-02-12T19:47:32Z,3xVJVtHpyRJqpF8J5dospx8vr9M9sSedkoNNPubL4VMG,1.3424071831e-08,13.42,,,,net_00432,1,4,LOW
Hh3oTaqDCKKfdBgsQEvxp9sUwyNf8x9qmKqEMLBWpump,2026-02-12T19:47:32Z,3xVJVtHpyRJqpF8J5dospx8vr9M9sSedkoNNPubL4VMG,1.3424071831e-08,13.42,,,,net_00433,1,4,LOW
Hh3oTaqDCKKfdBgsQEvxp9sUwyNf8x9qmKqEMLBWpump,2026-02-12T19:47:32Z,3xVJVtHpyRJqpF8J5dospx8vr9M9sSedkoNNPubL4VMG,1.3424071831e-08,13.42,,,,net_00456,1,4,LOW
Hh3oTaqDCKKfdBgsQEvxp9sUwyNf8x9qmKqEMLBWpump,2026-02-12T19:47:32Z,3xVJVtHpyRJqpF8J5dospx8vr9M9sSedkoNNPubL4VMG,1.3424071831e-08,13.42,,,,net_00464,1,4,LOW
Hh3oTaqDCKKfdBgsQEvxp9sUwyNf8x9qmKqEMLBWpump,2026-02-12T19:47:32Z,3xVJVtHpyRJqpF8J5dospx8vr9M9sSedkoNNPubL4VMG,1.3424071831e-08,13.42,,,,net_00468,1,4,LOW
Hh3oTaqDCKKfdBgsQEvxp9sUwyNf8x9qmKqEMLBWpump,2026-02-12T19:47:32Z,3xVJVtHpyRJqpF8J5dospx8vr9M9sSedkoNNPubL4VMG,1.3424071831e-08,13.42,,,,net_00479,1,4,LOW
Hh3oTaqDCKKfdBgsQEvxp9sUwyNf8x9qmKqEMLBWpump,2026-02-12T19:47:32Z,3xVJVtHpyRJqpF8J5dospx8vr9M9sSedkoNNPubL4VMG,1.3424071831e-08,13.42,,,,net_00510,1,4,LOW
Hh3oTaqDCKKfdBgsQEvxp9sUwyNf8x9qmKqEMLBWpump,2026-02-12T19:47:32Z,3xVJVtHpyRJqpF8J5dospx8vr9M9sSedkoNNPubL4VMG,1.3424071831e-08,13.42,,,,net_00551,1,4,LOW
Hh3oTaqDCKKfdBgsQEvxp9sUwyNf8x9qmKqEMLBWpump,2026-02-12T19:47:32Z,3xVJVtHpyRJqpF8J5dospx8vr9M9sSedkoNNPubL4VMG,1.3424071831e-08,13.42,,,,net_00586,1,4,LOW
Hh3oTaqDCKKfdBgsQEvxp9sUwyNf8x9qmKqEMLBWpump,2026-02-12T19:47:32Z,3xVJVtHpyRJqpF8J5dospx8vr9M9sSedkoNNPubL4VMG,1.3424071831e-08,13.42,,,,net_00605,1,4,LOW
Hh3oTaqDCKKfdBgsQEvxp9sUwyNf8x9qmKqEMLBWpump,2026-02-12T19:47:32Z,3xVJVtHpyRJqpF8J5dospx8vr9M9sSedkoNNPubL4VMG,1.3424071831e-08,13.42,,,,net_00612,1,4,LOW
Hh3oTaqDCKKfdBgsQEvxp9sUwyNf8x9qmKqEMLBWpump,2026-02-12T19:47:32Z,3xVJVtHpyRJqpF8J5dospx8vr9M9sSedkoNNPubL4VMG,1.3424071831e-08,13.42,,,,net_00615,1,4,LOW
Hh3oTaqDCKKfdBgsQEvxp9sUwyNf8x9qmKqEMLBWpump,2026-02-12T19:47:32Z,3xVJVtHpyRJqpF8J5dospx8vr9M9sSedkoNNPubL4VMG,1.3424071831e-08,13.42,,,,net_00619,1,4,LOW
Hh3oTaqDCKKfdBgsQEvxp9sUwyNf8x9qmKqEMLBWpump,2026-02-12T19:47:32Z,3xVJVtHpyRJqpF8J5dospx8vr9M9sSedkoNNPubL4VMG,1.3424071831e-08,13.42,,,,net_00620,1,4,LOW
Hh3oTaqDCKKfdBgsQEvxp9sUwyNf8x9qmKqEMLBWpump,2026-02-12T19:47:32Z,3xVJVtHpyRJqpF8J5dospx8vr9M9sSedkoNNPubL4VMG,1.3424071831e-08,13.42,,,,net_00647,23,152,CRITICAL
Hh3oTaqDCKKfdBgsQEvxp9sUwyNf8x9qmKqEMLBWpump,2026-02-12T19:47:32Z,3xVJVtHpyRJqpF8J5dospx8vr9M9sSedkoNNPubL4VMG,1.3424071831e-08,13.42,,,,net_00665,1,4,LOW
Hh3oTaqDCKKfdBgsQEvxp9sUwyNf8x9qmKqEMLBWpump,2026-02-12T19:47:32Z,3xVJVtHpyRJqpF8J5dospx8vr9M9sSedkoNNPubL4VMG,1.3424071831e-08,13.42,,,,net_00668,1,4,LOW
Hh3oTaqDCKKfdBgsQEvxp9sUwyNf8x9qmKqEMLBWpump,2026-02-12T19:47:32Z,3xVJVtHpyRJqpF8J5dospx8vr9M9sSedkoNNPubL4VMG,1.3424071831e-08,13.42,,,,net_00678,1,4,LOW
Hh3oTaqDCKKfdBgsQEvxp9sUwyNf8x9qmKqEMLBWpump,2026-02-12T19:47:32Z,3xVJVtHpyRJqpF8J5dospx8vr9M9sSedkoNNPubL4VMG,1.3424071831e-08,13.42,,,,net_00714,1,4,LOW
Hh3oTaqDCKKfdBgsQEvxp9sUwyNf8x9qmKqEMLBWpump,2026-02-12T19:47:32Z,3xVJVtHpyRJqpF8J5dospx8vr9M9sSedkoNNPubL4VMG,1.3424071831e-08,13.42,,,,net_00733,1,4,LOW
Hh3oTaqDCKKfdBgsQEvxp9sUwyNf8x9qmKqEMLBWpump,2026-02-12T19:47:32Z,3xVJVtHpyRJqpF8J5dospx8vr9M9sSedkoNNPubL4VMG,1.3424071831e-08,13.42,,,,net_00738,1,4,LOW
Hh3oTaqDCKKfdBgsQEvxp9sUwyNf8x9qmKqEMLBWpump,2026-02-12T19:47:32Z,3xVJVtHpyRJqpF8J5dospx8vr9M9sSedkoNNPubL4VMG,1.3424071831e-08,13.42,,,,net_00748,1,4,LOW
Hh3oTaqDCKKfdBgsQEvxp9sUwyNf8x9qmKqEMLBWpump,2026-02-12T19:47:32Z,3xVJVtHpyRJqpF8J5dospx8vr9M9sSedkoNNPubL4VMG,1.3424071831e-08,13.42,,,,net_00760,1,4,LOW
Hh3oTaqDCKKfdBgsQEvxp9sUwyNf8x9qmKqEMLBWpump,2026-02-12T19:47:32Z,3xVJVtHpyRJqpF8J5dospx8vr9M9sSedkoNNPubL4VMG,1.3424071831e-08,13.42,,,,net_00765,1,4,LOW
Hh3oTaqDCKKfdBgsQEvxp9sUwyNf8x9qmKqEMLBWpump,2026-02-12T19:47:32Z,3xVJVtHpyRJqpF8J5dospx8vr9M9sSedkoNNPubL4VMG,1.3424071831e-08,13.42,,,,net_00772,1,4,LOW
Hh3oTaqDCKKfdBgsQEvxp9sUwyNf8x9qmKqEMLBWpump,2026-02-12T19:47:32Z,3xVJVtHpyRJqpF8J5dospx8vr9M9sSedkoNNPubL4VMG,1.3424071831e-08,13.42,,,,net_00786,1,4,LOW
Hh3oTaqDCKKfdBgsQEvxp9sUwyNf8x9qmKqEMLBWpump,2026-02-12T19:47:32Z,3xVJVtHpyRJqpF8J5dospx8vr9M9sSedkoNNPubL4VMG,1.3424071831e-08,13.42,,,,net_00849,1,4,LOW
Hh3oTaqDCKKfdBgsQEvxp9sUwyNf8x9qmKqEMLBWpump,2026-02-12T19:47:32Z,3xVJVtHpyRJqpF8J5dospx8vr9M9sSedkoNNPubL4VMG,1.3424071831e-08,13.42,,,,net_00899,1,4,LOW
Hh3oTaqDCKKfdBgsQEvxp9sUwyNf8x9qmKqEMLBWpump,2026-02-12T19:47:32Z,3xVJVtHpyRJqpF8J5dospx8vr9M9sSedkoNNPubL4VMG,1.3424071831e-08,13.42,,,,net_00902,1,4,LOW
Hh3oTaqDCKKfdBgsQEvxp9sUwyNf8x9qmKqEMLBWpump,2026-02-12T19:47:32Z,3xVJVtHpyRJqpF8J5dospx8vr9M9sSedkoNNPubL4VMG,1.3424071831e-08,13.42,,,,net_00910,1,4,LOW
Hh3oTaqDCKKfdBgsQEvxp9sUwyNf8x9qmKqEMLBWpump,2026-02-12T19:47:32Z,3xVJVtHpyRJqpF8J5dospx8vr9M9sSedkoNNPubL4VMG,1.3424071831e-08,13.42,,,,net_00911,1,4,LOW
Hh3oTaqDCKKfdBgsQEvxp9sUwyNf8x9qmKqEMLBWpump,2026-02-12T19:47:32Z,3xVJVtHpyRJqpF8J5dospx8vr9M9sSedkoNNPubL4VMG,1.3424071831e-08,13.42,,,,net_00919,1,4,LOW
Hh3oTaqDCKKfdBgsQEvxp9sUwyNf8x9qmKqEMLBWpump,2026-02-12T19:47:32Z,3xVJVtHpyRJqpF8J5dospx8vr9M9sSedkoNNPubL4VMG,1.3424071831e-08,13.42,,,,net_00937,1,4,LOW
Hh3oTaqDCKKfdBgsQEvxp9sUwyNf8x9qmKqEMLBWpump,2026-02-12T19:47:32Z,3xVJVtHpyRJqpF8J5dospx8vr9M9sSedkoNNPubL4VMG,1.3424071831e-08,13.42,,,,net_00950,1,4,LOW
Hh3oTaqDCKKfdBgsQEvxp9sUwyNf8x9qmKqEMLBWpump,2026-02-12T19:47:32Z,3xVJVtHpyRJqpF8J5dospx8vr9M9sSedkoNNPubL4VMG,1.3424071831e-08,13.42,,,,net_00965,1,4,LOW
Hh3oTaqDCKKfdBgsQEvxp9sUwyNf8x9qmKqEMLBWpump,2026-02-12T19:47:32Z,3xVJVtHpyRJqpF8J5dospx8vr9M9sSedkoNNPubL4VMG,1.3424071831e-08,13.42,,,,net_01058,1,4,LOW
Hh3oTaqDCKKfdBgsQEvxp9sUwyNf8x9qmKqEMLBWpump,2026-02-12T19:47:32Z,3xVJVtHpyRJqpF8J5dospx8vr9M9sSedkoNNPubL4VMG,1.3424071831e-08,13.42,,,,net_01068,1,4,LOW
Hh3oTaqDCKKfdBgsQEvxp9sUwyNf8x9qmKqEMLBWpump,2026-02-12T19:47:32Z,3xVJVtHpyRJqpF8J5dospx8vr9M9sSedkoNNPubL4VMG,1.3424071831e-08,13.42,,,,net_01083,1,4,LOW
5oER2nqpytJVq7D3ZQnW9Kj4RaxjkyJCYyhHmBDmpump,2026-02-12T19:42:14Z,95G8BkSEDU4GxNMR35UDukVgrpNEi9myJWscgqg99NWM,1.0779638530e-07,107.80,,,,net_00647,23,152,CRITICAL
7Yw7GgWjATtDcAMBP3ebR5yScFrHEUdior3udvVbpump,2026-02-12T19:41:16Z,4jzSEZKTV2o4bC48V9fmh3HpjBGVSHMAAwK2NhGZcejR,2.6227557369e-06,2622.76,,,,NONE,0,0,NONE
4388dXuaK8HHWvVAV37LDhJFDcPwzwgib9BBTtdopump,2026-02-12T19:39:00Z,6XHqdgNcRfm4yMgi4r2PDH1FKTXmfRdvtSXL264D19Gf,4.2831392697e-09,4.28,,,,NONE,0,0,NONE
BkdH2EUGKPMUM8p1GbKMMEk9SuNT43B1zzFXRHtapump,2026-02-12T19:36:45Z,8KTxLV4VcVKwHNUbRYKfbMPanK1iPSJFHQnVqxYjt2eT,5.7666742696e-08,57.67,,,,NONE,0,0,NONE
gAJPaa22eeJW4FnDWDMsjFxfgJCRn2yV8FtePXmpump,2026-02-12T19:34:08Z,d3m6v8Kia8HDpwDAbDad63pjmW4xSdsZeW9ZYrdJ72B,1.2534016821e-10,0.13,,,,net_00031,22,12,MEDIUM
4gKxLDb3ecYmPiQ94UNp9N6XWEyghkQTm2iq7RFkpump,2026-02-12T19:33:18Z,DKfDdLy9JYA2gpoSmxzPmmT57FmTe6uzTmpEk6hyjPhR,5.2020655247e-09,5.20,,,,net_00031,22,12,MEDIUM
4gKxLDb3ecYmPiQ94UNp9N6XWEyghkQTm2iq7RFkpump,2026-02-12T19:33:18Z,DKfDdLy9JYA2gpoSmxzPmmT57FmTe6uzTmpEk6hyjPhR,5.2020655247e-09,5.20,,,,net_00044,1,2,LOW
4gKxLDb3ecYmPiQ94UNp9N6XWEyghkQTm2iq7RFkpump,2026-02-12T19:33:18Z,DKfDdLy9JYA2gpoSmxzPmmT57FmTe6uzTmpEk6hyjPhR,5.2020655247e-09,5.20,,,,net_00154,1,2,LOW
4gKxLDb3ecYmPiQ94UNp9N6XWEyghkQTm2iq7RFkpump,2026-02-12T19:33:18Z,DKfDdLy9JYA2gpoSmxzPmmT57FmTe6uzTmpEk6hyjPhR,5.2020655247e-09,5.20,,,,net_00181,1,2,LOW
4gKxLDb3ecYmPiQ94UNp9N6XWEyghkQTm2iq7RFkpump,2026-02-12T19:33:18Z,DKfDdLy9JYA2gpoSmxzPmmT57FmTe6uzTmpEk6hyjPhR,5.2020655247e-09,5.20,,,,net_00280,1,6,MEDIUM
4gKxLDb3ecYmPiQ94UNp9N6XWEyghkQTm2iq7RFkpump,2026-02-12T19:33:18Z,DKfDdLy9JYA2gpoSmxzPmmT57FmTe6uzTmpEk6hyjPhR,5.2020655247e-09,5.20,,,,net_00363,1,2,LOW
4gKxLDb3ecYmPiQ94UNp9N6XWEyghkQTm2iq7RFkpump,2026-02-12T19:33:18Z,DKfDdLy9JYA2gpoSmxzPmmT57FmTe6uzTmpEk6hyjPhR,5.2020655247e-09,5.20,,,,net_00385,1,5,LOW
4gKxLDb3ecYmPiQ94UNp9N6XWEyghkQTm2iq7RFkpump,2026-02-12T19:33:18Z,DKfDdLy9JYA2gpoSmxzPmmT57FmTe6uzTmpEk6hyjPhR,5.2020655247e-09,5.20,,,,net_00412,1,3,LOW
4gKxLDb3ecYmPiQ94UNp9N6XWEyghkQTm2iq7RFkpump,2026-02-12T19:33:18Z,DKfDdLy9JYA2gpoSmxzPmmT57FmTe6uzTmpEk6hyjPhR,5.2020655247e-09,5.20,,,,net_00428,1,2,LOW
4gKxLDb3ecYmPiQ94UNp9N6XWEyghkQTm2iq7RFkpump,2026-02-12T19:33:18Z,DKfDdLy9JYA2gpoSmxzPmmT57FmTe6uzTmpEk6hyjPhR,5.2020655247e-09,5.20,,,,net_00472,1,5,LOW
4gKxLDb3ecYmPiQ94UNp9N6XWEyghkQTm2iq7RFkpump,2026-02-12T19:33:18Z,DKfDdLy9JYA2gpoSmxzPmmT57FmTe6uzTmpEk6hyjPhR,5.2020655247e-09,5.20,,,,net_00560,1,2,LOW
4gKxLDb3ecYmPiQ94UNp9N6XWEyghkQTm2iq7RFkpump,2026-02-12T19:33:18Z,DKfDdLy9JYA2gpoSmxzPmmT57FmTe6uzTmpEk6hyjPhR,5.2020655247e-09,5.20,,,,net_00592,1,8,MEDIUM
4gKxLDb3ecYmPiQ94UNp9N6XWEyghkQTm2iq7RFkpump,2026-02-12T19:33:18Z,DKfDdLy9JYA2gpoSmxzPmmT57FmTe6uzTmpEk6hyjPhR,5.2020655247e-09,5.20,,,,net_00625,1,2,LOW
4gKxLDb3ecYmPiQ94UNp9N6XWEyghkQTm2iq7RFkpump,2026-02-12T19:33:18Z,DKfDdLy9JYA2gpoSmxzPmmT57FmTe6uzTmpEk6hyjPhR,5.2020655247e-09,5.20,,,,net_00667,1,2,LOW
4gKxLDb3ecYmPiQ94UNp9N6XWEyghkQTm2iq7RFkpump,2026-02-12T19:33:18Z,DKfDdLy9JYA2gpoSmxzPmmT57FmTe6uzTmpEk6hyjPhR,5.2020655247e-09,5.20,,,,net_00679,1,7,MEDIUM
4gKxLDb3ecYmPiQ94UNp9N6XWEyghkQTm2iq7RFkpump,2026-02-12T19:33:18Z,DKfDdLy9JYA2gpoSmxzPmmT57FmTe6uzTmpEk6hyjPhR,5.2020655247e-09,5.20,,,,net_00717,1,2,LOW
4gKxLDb3ecYmPiQ94UNp9N6XWEyghkQTm2iq7RFkpump,2026-02-12T19:33:18Z,DKfDdLy9JYA2gpoSmxzPmmT57FmTe6uzTmpEk6hyjPhR,5.2020655247e-09,5.20,,,,net_00728,1,7,MEDIUM
4gKxLDb3ecYmPiQ94UNp9N6XWEyghkQTm2iq7RFkpump,2026-02-12T19:33:18Z,DKfDdLy9JYA2gpoSmxzPmmT57FmTe6uzTmpEk6hyjPhR,5.2020655247e-09,5.20,,,,net_00731,1,3,LOW
4gKxLDb3ecYmPiQ94UNp9N6XWEyghkQTm2iq7RFkpump,2026-02-12T19:33:18Z,DKfDdLy9JYA2gpoSmxzPmmT57FmTe6uzTmpEk6hyjPhR,5.2020655247e-09,5.20,,,,net_00758,1,2,LOW
4gKxLDb3ecYmPiQ94UNp9N6XWEyghkQTm2iq7RFkpump,2026-02-12T19:33:18Z,DKfDdLy9JYA2gpoSmxzPmmT57FmTe6uzTmpEk6hyjPhR,5.2020655247e-09,5.20,,,,net_00776,1,5,LOW
4gKxLDb3ecYmPiQ94UNp9N6XWEyghkQTm2iq7RFkpump,2026-02-12T19:33:18Z,DKfDdLy9JYA2gpoSmxzPmmT57FmTe6uzTmpEk6hyjPhR,5.2020655247e-09,5.20,,,,net_00790,1,3,LOW
4gKxLDb3ecYmPiQ94UNp9N6XWEyghkQTm2iq7RFkpump,2026-02-12T19:33:18Z,DKfDdLy9JYA2gpoSmxzPmmT57FmTe6uzTmpEk6hyjPhR,5.2020655247e-09,5.20,,,,net_00842,1,3,LOW
4gKxLDb3ecYmPiQ94UNp9N6XWEyghkQTm2iq7RFkpump,2026-02-12T19:33:18Z,DKfDdLy9JYA2gpoSmxzPmmT57FmTe6uzTmpEk6hyjPhR,5.2020655247e-09,5.20,,,,net_00882,1,7,MEDIUM
4gKxLDb3ecYmPiQ94UNp9N6XWEyghkQTm2iq7RFkpump,2026-02-12T19:33:18Z,DKfDdLy9JYA2gpoSmxzPmmT57FmTe6uzTmpEk6hyjPhR,5.2020655247e-09,5.20,,,,net_00893,1,2,LOW
4gKxLDb3ecYmPiQ94UNp9N6XWEyghkQTm2iq7RFkpump,2026-02-12T19:33:18Z,DKfDdLy9JYA2gpoSmxzPmmT57FmTe6uzTmpEk6hyjPhR,5.2020655247e-09,5.20,,,,net_01059,1,3,LOW
4gKxLDb3ecYmPiQ94UNp9N6XWEyghkQTm2iq7RFkpump,2026-02-12T19:33:18Z,DKfDdLy9JYA2gpoSmxzPmmT57FmTe6uzTmpEk6hyjPhR,5.2020655247e-09,5.20,,,,net_01097,1,4,LOW
7EKekBXyyC61Zz2WAkETANTNro18pctwTUWXoWPMpump,2026-02-12T19:30:19Z,AuPp4YTMTyqxYXQnHc5KUc6pUuCSsHQpBJhgnD45yqrf,1.4505310314e-08,14.51,,,,net_00258,1,7,MEDIUM
7EKekBXyyC61Zz2WAkETANTNro18pctwTUWXoWPMpump,2026-02-12T19:30:19Z,AuPp4YTMTyqxYXQnHc5KUc6pUuCSsHQpBJhgnD45yqrf,1.4505310314e-08,14.51,,,,net_01051,1,6,MEDIUM
8F19T7H7rCoDJfqH34e5wttXxu3V5owy5uGYMR75pump,2026-02-12T19:25:55Z,5TcyQLh8ojBf81DKeRC4vocTbNKJpJCsR9Kei16kLqDM,1.2142083235e-07,121.42,,,,net_00349,1,2,LOW
8F19T7H7rCoDJfqH34e5wttXxu3V5owy5uGYMR75pump,2026-02-12T19:25:55Z,5TcyQLh8ojBf81DKeRC4vocTbNKJpJCsR9Kei16kLqDM,1.2142083235e-07,121.42,,,,net_00435,1,2,LOW
8F19T7H7rCoDJfqH34e5wttXxu3V5owy5uGYMR75pump,2026-02-12T19:25:55Z,5TcyQLh8ojBf81DKeRC4vocTbNKJpJCsR9Kei16kLqDM,1.2142083235e-07,121.42,,,,net_00588,1,3,LOW
8F19T7H7rCoDJfqH34e5wttXxu3V5owy5uGYMR75pump,2026-02-12T19:25:55Z,5TcyQLh8ojBf81DKeRC4vocTbNKJpJCsR9Kei16kLqDM,1.2142083235e-07,121.42,,,,net_00636,1,3,LOW
8F19T7H7rCoDJfqH34e5wttXxu3V5owy5uGYMR75pump,2026-02-12T19:25:55Z,5TcyQLh8ojBf81DKeRC4vocTbNKJpJCsR9Kei16kLqDM,1.2142083235e-07,121.42,,,,net_01082,1,5,LOW
9AEh4odsL4atMG1Pu2fPiHPyaRHvEorYMSa9EJcPmB4K,2026-02-12T19:25:18Z,8ghYW6ftL5kUemfsoA9X37rz3ZnvyMSZRAx1kt1CxpoS,5.0521318941e-09,5.05,,,,NONE,0,0,NONE
8djv7k7sZmagDqxCzi5rrEB3B6nzBu7phVXn9ghDLTnJ,2026-02-12T19:25:16Z,DHgMpyQwNZadDYK5AjYaE5uc2TT6tAstDyMR1wfDZvGc,1.2614178132e-08,12.61,,,,NONE,0,0,NONE
F3HrvZ1td8REr8usCV2sS7F29Pm9HqVJHVvum2RT4rFY,2026-02-12T19:24:37Z,bwamJzztZsepfkteWRChggmXuiiCQvpLqPietdNfSXa,6.9280349479e-08,69.28,,,,net_00031,22,12,MEDIUM
F3HrvZ1td8REr8usCV2sS7F29Pm9HqVJHVvum2RT4rFY,2026-02-12T19:24:37Z,bwamJzztZsepfkteWRChggmXuiiCQvpLqPietdNfSXa,6.9280349479e-08,69.28,,,,net_00305,1,2,LOW
F3HrvZ1td8REr8usCV2sS7F29Pm9HqVJHVvum2RT4rFY,2026-02-12T19:24:37Z,bwamJzztZsepfkteWRChggmXuiiCQvpLqPietdNfSXa,6.9280349479e-08,69.28,,,,net_00330,1,2,LOW
F3HrvZ1td8REr8usCV2sS7F29Pm9HqVJHVvum2RT4rFY,2026-02-12T19:24:37Z,bwamJzztZsepfkteWRChggmXuiiCQvpLqPietdNfSXa,6.9280349479e-08,69.28,,,,net_00482,1,5,LOW
F3HrvZ1td8REr8usCV2sS7F29Pm9HqVJHVvum2RT4rFY,2026-02-12T19:24:37Z,bwamJzztZsepfkteWRChggmXuiiCQvpLqPietdNfSXa,6.9280349479e-08,69.28,,,,net_00485,1,3,LOW
F3HrvZ1td8REr8usCV2sS7F29Pm9HqVJHVvum2RT4rFY,2026-02-12T19:24:37Z,bwamJzztZsepfkteWRChggmXuiiCQvpLqPietdNfSXa,6.9280349479e-08,69.28,,,,net_00524,1,2,LOW
F3HrvZ1td8REr8usCV2sS7F29Pm9HqVJHVvum2RT4rFY,2026-02-12T19:24:37Z,bwamJzztZsepfkteWRChggmXuiiCQvpLqPietdNfSXa,6.9280349479e-08,69.28,,,,net_00744,1,4,LOW
F3HrvZ1td8REr8usCV2sS7F29Pm9HqVJHVvum2RT4rFY,2026-02-12T19:24:37Z,bwamJzztZsepfkteWRChggmXuiiCQvpLqPietdNfSXa,6.9280349479e-08,69.28,,,,net_00747,1,2,LOW
F3HrvZ1td8REr8usCV2sS7F29Pm9HqVJHVvum2RT4rFY,2026-02-12T19:24:37Z,bwamJzztZsepfkteWRChggmXuiiCQvpLqPietdNfSXa,6.9280349479e-08,69.28,,,,net_00831,1,2,LOW
F3HrvZ1td8REr8usCV2sS7F29Pm9HqVJHVvum2RT4rFY,2026-02-12T19:24:37Z,bwamJzztZsepfkteWRChggmXuiiCQvpLqPietdNfSXa,6.9280349479e-08,69.28,,,,net_00955,1,2,LOW
F3HrvZ1td8REr8usCV2sS7F29Pm9HqVJHVvum2RT4rFY,2026-02-12T19:24:37Z,bwamJzztZsepfkteWRChggmXuiiCQvpLqPietdNfSXa,6.9280349479e-08,69.28,,,,net_01082,1,5,LOW
7zh6CWZRj4xGLsFB2xZ5XtFSBWDqkgAC4pTwQkSypump,2026-02-12T19:21:43Z,13yLRffreBZn483Wbkfec5MratYXWjQ9DyGTvA2VHPy4,4.0975511349e-08,40.98,,,,net_00124,14,36,HIGH
5aygS8CTtiHGFwPoKkXAAXo6K9jEoeJ426LcWnHgpump,2026-02-12T19:20:15Z,Fjmcp6SsJka7YmRkU6pZiyovTrBoDagMDAgUxqztGGHV,5.1228601193e-11,0.05,,,,NONE,0,0,NONE
HK4PSEAigSyNWuRaGEyDmpqWKKxH1JpsGouxVpj2pump,2026-02-12T19:18:28Z,7LsUiRnT8QbLySVfiZs3zH2zaUx5Rka6h4MkJ6PxS4VM,,,,,,NONE,0,0,NONE
5N5SphDWabGF6qHxfEhYoP2XRdGKcan6QArgBzRipump,2026-02-12T19:14:29Z,VKdxpr9eWF1YdL3WrjG6MKKMCZRGJb2LvxEuqNfX2Z5,,,,,,net_00001,1,3,LOW
5N5SphDWabGF6qHxfEhYoP2XRdGKcan6QArgBzRipump,2026-02-12T19:14:29Z,VKdxpr9eWF1YdL3WrjG6MKKMCZRGJb2LvxEuqNfX2Z5,,,,,,net_00007,1,3,LOW
5N5SphDWabGF6qHxfEhYoP2XRdGKcan6QArgBzRipump,2026-02-12T19:14:29Z,VKdxpr9eWF1YdL3WrjG6MKKMCZRGJb2LvxEuqNfX2Z5,,,,,,net_00010,1,3,LOW
5N5SphDWabGF6qHxfEhYoP2XRdGKcan6QArgBzRipump,2026-02-12T19:14:29Z,VKdxpr9eWF1YdL3WrjG6MKKMCZRGJb2LvxEuqNfX2Z5,,,,,,net_00016,1,3,LOW
5N5SphDWabGF6qHxfEhYoP2XRdGKcan6QArgBzRipump,2026-02-12T19:14:29Z,VKdxpr9eWF1YdL3WrjG6MKKMCZRGJb2LvxEuqNfX2Z5,,,,,,net_00018,1,3,LOW
5N5SphDWabGF6qHxfEhYoP2XRdGKcan6QArgBzRipump,2026-02-12T19:14:29Z,VKdxpr9eWF1YdL3WrjG6MKKMCZRGJb2LvxEuqNfX2Z5,,,,,,net_00020,1,3,LOW
5N5SphDWabGF6qHxfEhYoP2XRdGKcan6QArgBzRipump,2026-02-12T19:14:29Z,VKdxpr9eWF1YdL3WrjG6MKKMCZRGJb2LvxEuqNfX2Z5,,,,,,net_00052,1,3,LOW
5N5SphDWabGF6qHxfEhYoP2XRdGKcan6QArgBzRipump,2026-02-12T19:14:29Z,VKdxpr9eWF1YdL3WrjG6MKKMCZRGJb2LvxEuqNfX2Z5,,,,,,net_00063,1,3,LOW
5N5SphDWabGF6qHxfEhYoP2XRdGKcan6QArgBzRipump,2026-02-12T19:14:29Z,VKdxpr9eWF1YdL3WrjG6MKKMCZRGJb2LvxEuqNfX2Z5,,,,,,net_00093,1,3,LOW
5N5SphDWabGF6qHxfEhYoP2XRdGKcan6QArgBzRipump,2026-02-12T19:14:29Z,VKdxpr9eWF1YdL3WrjG6MKKMCZRGJb2LvxEuqNfX2Z5,,,,,,net_00138,1,3,LOW
5N5SphDWabGF6qHxfEhYoP2XRdGKcan6QArgBzRipump,2026-02-12T19:14:29Z,VKdxpr9eWF1YdL3WrjG6MKKMCZRGJb2LvxEuqNfX2Z5,,,,,,net_00203,1,3,LOW
5N5SphDWabGF6qHxfEhYoP2XRdGKcan6QArgBzRipump,2026-02-12T19:14:29Z,VKdxpr9eWF1YdL3WrjG6MKKMCZRGJb2LvxEuqNfX2Z5,,,,,,net_00221,1,3,LOW
5N5SphDWabGF6qHxfEhYoP2XRdGKcan6QArgBzRipump,2026-02-12T19:14:29Z,VKdxpr9eWF1YdL3WrjG6MKKMCZRGJb2LvxEuqNfX2Z5,,,,,,net_00225,1,3,LOW
5N5SphDWabGF6qHxfEhYoP2XRdGKcan6QArgBzRipump,2026-02-12T19:14:29Z,VKdxpr9eWF1YdL3WrjG6MKKMCZRGJb2LvxEuqNfX2Z5,,,,,,net_00234,1,3,LOW
5N5SphDWabGF6qHxfEhYoP2XRdGKcan6QArgBzRipump,2026-02-12T19:14:29Z,VKdxpr9eWF1YdL3WrjG6MKKMCZRGJb2LvxEuqNfX2Z5,,,,,,net_00239,1,3,LOW
5N5SphDWabGF6qHxfEhYoP2XRdGKcan6QArgBzRipump,2026-02-12T19:14:29Z,VKdxpr9eWF1YdL3WrjG6MKKMCZRGJb2LvxEuqNfX2Z5,,,,,,net_00247,1,3,LOW
5N5SphDWabGF6qHxfEhYoP2XRdGKcan6QArgBzRipump,2026-02-12T19:14:29Z,VKdxpr9eWF1YdL3WrjG6MKKMCZRGJb2LvxEuqNfX2Z5,,,,,,net_00265,1,3,LOW
5N5SphDWabGF6qHxfEhYoP2XRdGKcan6QArgBzRipump,2026-02-12T19:14:29Z,VKdxpr9eWF1YdL3WrjG6MKKMCZRGJb2LvxEuqNfX2Z5,,,,,,net_00304,1,3,LOW
5N5SphDWabGF6qHxfEhYoP2XRdGKcan6QArgBzRipump,2026-02-12T19:14:29Z,VKdxpr9eWF1YdL3WrjG6MKKMCZRGJb2LvxEuqNfX2Z5,,,,,,net_00307,1,3,LOW
5N5SphDWabGF6qHxfEhYoP2XRdGKcan6QArgBzRipump,2026-02-12T19:14:29Z,VKdxpr9eWF1YdL3WrjG6MKKMCZRGJb2LvxEuqNfX2Z5,,,,,,net_00311,1,3,LOW
5N5SphDWabGF6qHxfEhYoP2XRdGKcan6QArgBzRipump,2026-02-12T19:14:29Z,VKdxpr9eWF1YdL3WrjG6MKKMCZRGJb2LvxEuqNfX2Z5,,,,,,net_00362,1,3,LOW
5N5SphDWabGF6qHxfEhYoP2XRdGKcan6QArgBzRipump,2026-02-12T19:14:29Z,VKdxpr9eWF1YdL3WrjG6MKKMCZRGJb2LvxEuqNfX2Z5,,,,,,net_00388,1,3,LOW
5N5SphDWabGF6qHxfEhYoP2XRdGKcan6QArgBzRipump,2026-02-12T19:14:29Z,VKdxpr9eWF1YdL3WrjG6MKKMCZRGJb2LvxEuqNfX2Z5,,,,,,net_00454,1,3,LOW
5N5SphDWabGF6qHxfEhYoP2XRdGKcan6QArgBzRipump,2026-02-12T19:14:29Z,VKdxpr9eWF1YdL3WrjG6MKKMCZRGJb2LvxEuqNfX2Z5,,,,,,net_00463,1,3,LOW
5N5SphDWabGF6qHxfEhYoP2XRdGKcan6QArgBzRipump,2026-02-12T19:14:29Z,VKdxpr9eWF1YdL3WrjG6MKKMCZRGJb2LvxEuqNfX2Z5,,,,,,net_00509,1,3,LOW
5N5SphDWabGF6qHxfEhYoP2XRdGKcan6QArgBzRipump,2026-02-12T19:14:29Z,VKdxpr9eWF1YdL3WrjG6MKKMCZRGJb2LvxEuqNfX2Z5,,,,,,net_00528,1,3,LOW
5N5SphDWabGF6qHxfEhYoP2XRdGKcan6QArgBzRipump,2026-02-12T19:14:29Z,VKdxpr9eWF1YdL3WrjG6MKKMCZRGJb2LvxEuqNfX2Z5,,,,,,net_00536,1,3,LOW
5N5SphDWabGF6qHxfEhYoP2XRdGKcan6QArgBzRipump,2026-02-12T19:14:29Z,VKdxpr9eWF1YdL3WrjG6MKKMCZRGJb2LvxEuqNfX2Z5,,,,,,net_00576,1,3,LOW
5N5SphDWabGF6qHxfEhYoP2XRdGKcan6QArgBzRipump,2026-02-12T19:14:29Z,VKdxpr9eWF1YdL3WrjG6MKKMCZRGJb2LvxEuqNfX2Z5,,,,,,net_00630,1,3,LOW
5N5SphDWabGF6qHxfEhYoP2XRdGKcan6QArgBzRipump,2026-02-12T19:14:29Z,VKdxpr9eWF1YdL3WrjG6MKKMCZRGJb2LvxEuqNfX2Z5,,,,,,net_00652,1,3,LOW
5N5SphDWabGF6qHxfEhYoP2XRdGKcan6QArgBzRipump,2026-02-12T19:14:29Z,VKdxpr9eWF1YdL3WrjG6MKKMCZRGJb2LvxEuqNfX2Z5,,,,,,net_00687,1,3,LOW
5N5SphDWabGF6qHxfEhYoP2XRdGKcan6QArgBzRipump,2026-02-12T19:14:29Z,VKdxpr9eWF1YdL3WrjG6MKKMCZRGJb2LvxEuqNfX2Z5,,,,,,net_00712,1,3,LOW
5N5SphDWabGF6qHxfEhYoP2XRdGKcan6QArgBzRipump,2026-02-12T19:14:29Z,VKdxpr9eWF1YdL3WrjG6MKKMCZRGJb2LvxEuqNfX2Z5,,,,,,net_00768,1,3,LOW
5N5SphDWabGF6qHxfEhYoP2XRdGKcan6QArgBzRipump,2026-02-12T19:14:29Z,VKdxpr9eWF1YdL3WrjG6MKKMCZRGJb2LvxEuqNfX2Z5,,,,,,net_00779,1,3,LOW
5N5SphDWabGF6qHxfEhYoP2XRdGKcan6QArgBzRipump,2026-02-12T19:14:29Z,VKdxpr9eWF1YdL3WrjG6MKKMCZRGJb2LvxEuqNfX2Z5,,,,,,net_00781,1,3,LOW
5N5SphDWabGF6qHxfEhYoP2XRdGKcan6QArgBzRipump,2026-02-12T19:14:29Z,VKdxpr9eWF1YdL3WrjG6MKKMCZRGJb2LvxEuqNfX2Z5,,,,,,net_00791,1,3,LOW
5N5SphDWabGF6qHxfEhYoP2XRdGKcan6QArgBzRipump,2026-02-12T19:14:29Z,VKdxpr9eWF1YdL3WrjG6MKKMCZRGJb2LvxEuqNfX2Z5,,,,,,net_00803,1,3,LOW
5N5SphDWabGF6qHxfEhYoP2XRdGKcan6QArgBzRipump,2026-02-12T19:14:29Z,VKdxpr9eWF1YdL3WrjG6MKKMCZRGJb2LvxEuqNfX2Z5,,,,,,net_00813,1,3,LOW
5N5SphDWabGF6qHxfEhYoP2XRdGKcan6QArgBzRipump,2026-02-12T19:14:29Z,VKdxpr9eWF1YdL3WrjG6MKKMCZRGJb2LvxEuqNfX2Z5,,,,,,net_00816,1,3,LOW
5N5SphDWabGF6qHxfEhYoP2XRdGKcan6QArgBzRipump,2026-02-12T19:14:29Z,VKdxpr9eWF1YdL3WrjG6MKKMCZRGJb2LvxEuqNfX2Z5,,,,,,net_00829,1,3,LOW
5N5SphDWabGF6qHxfEhYoP2XRdGKcan6QArgBzRipump,2026-02-12T19:14:29Z,VKdxpr9eWF1YdL3WrjG6MKKMCZRGJb2LvxEuqNfX2Z5,,,,,,net_00840,1,3,LOW
5N5SphDWabGF6qHxfEhYoP2XRdGKcan6QArgBzRipump,2026-02-12T19:14:29Z,VKdxpr9eWF1YdL3WrjG6MKKMCZRGJb2LvxEuqNfX2Z5,,,,,,net_00844,1,3,LOW
5N5SphDWabGF6qHxfEhYoP2XRdGKcan6QArgBzRipump,2026-02-12T19:14:29Z,VKdxpr9eWF1YdL3WrjG6MKKMCZRGJb2LvxEuqNfX2Z5,,,,,,net_00884,1,3,LOW
5N5SphDWabGF6qHxfEhYoP2XRdGKcan6QArgBzRipump,2026-02-12T19:14:29Z,VKdxpr9eWF1YdL3WrjG6MKKMCZRGJb2LvxEuqNfX2Z5,,,,,,net_00891,1,3,LOW
5N5SphDWabGF6qHxfEhYoP2XRdGKcan6QArgBzRipump,2026-02-12T19:14:29Z,VKdxpr9eWF1YdL3WrjG6MKKMCZRGJb2LvxEuqNfX2Z5,,,,,,net_00900,1,3,LOW
5N5SphDWabGF6qHxfEhYoP2XRdGKcan6QArgBzRipump,2026-02-12T19:14:29Z,VKdxpr9eWF1YdL3WrjG6MKKMCZRGJb2LvxEuqNfX2Z5,,,,,,net_00921,1,3,LOW
5N5SphDWabGF6qHxfEhYoP2XRdGKcan6QArgBzRipump,2026-02-12T19:14:29Z,VKdxpr9eWF1YdL3WrjG6MKKMCZRGJb2LvxEuqNfX2Z5,,,,,,net_00934,1,3,LOW
5N5SphDWabGF6qHxfEhYoP2XRdGKcan6QArgBzRipump,2026-02-12T19:14:29Z,VKdxpr9eWF1YdL3WrjG6MKKMCZRGJb2LvxEuqNfX2Z5,,,,,,net_00959,1,3,LOW
5N5SphDWabGF6qHxfEhYoP2XRdGKcan6QArgBzRipump,2026-02-12T19:14:29Z,VKdxpr9eWF1YdL3WrjG6MKKMCZRGJb2LvxEuqNfX2Z5,,,,,,net_00966,1,3,LOW
5N5SphDWabGF6qHxfEhYoP2XRdGKcan6QArgBzRipump,2026-02-12T19:14:29Z,VKdxpr9eWF1YdL3WrjG6MKKMCZRGJb2LvxEuqNfX2Z5,,,,,,net_01086,1,5,LOW
BmHMrkhstoH5wwPjwX2GgJmNvg5ZhioFL1MKRZVqpump,2026-02-12T19:12:29Z,8uyoL9irpdFLyTsWVhUXdA7q6W5UF4zNW77T2WM2VRde,,,,,,net_00263,1,3,LOW
BmHMrkhstoH5wwPjwX2GgJmNvg5ZhioFL1MKRZVqpump,2026-02-12T19:12:29Z,8uyoL9irpdFLyTsWVhUXdA7q6W5UF4zNW77T2WM2VRde,,,,,,net_00418,1,3,LOW
BmHMrkhstoH5wwPjwX2GgJmNvg5ZhioFL1MKRZVqpump,2026-02-12T19:12:29Z,8uyoL9irpdFLyTsWVhUXdA7q6W5UF4zNW77T2WM2VRde,,,,,,net_00546,1,3,LOW
BmHMrkhstoH5wwPjwX2GgJmNvg5ZhioFL1MKRZVqpump,2026-02-12T19:12:29Z,8uyoL9irpdFLyTsWVhUXdA7q6W5UF4zNW77T2WM2VRde,,,,,,net_00552,1,3,LOW
BmHMrkhstoH5wwPjwX2GgJmNvg5ZhioFL1MKRZVqpump,2026-02-12T19:12:29Z,8uyoL9irpdFLyTsWVhUXdA7q6W5UF4zNW77T2WM2VRde,,,,,,net_00682,1,3,LOW
BmHMrkhstoH5wwPjwX2GgJmNvg5ZhioFL1MKRZVqpump,2026-02-12T19:12:29Z,8uyoL9irpdFLyTsWVhUXdA7q6W5UF4zNW77T2WM2VRde,,,,,,net_00833,1,3,LOW
BmHMrkhstoH5wwPjwX2GgJmNvg5ZhioFL1MKRZVqpump,2026-02-12T19:12:29Z,8uyoL9irpdFLyTsWVhUXdA7q6W5UF4zNW77T2WM2VRde,,,,,,net_00949,1,3,LOW
HVVUs9faRaXvpK9gk7wQytsx2FPLT4QVHeL6Fxgmpump,2026-02-12T19:11:20Z,HVSw2VkHuup2PdhsbZWZHiJYDpQrFhm6Ak49QqxfGMdm,2.4689075868e-10,0.25,,,,NONE,0,0,NONE
E5P2vgnoEVfaD8k1aQsxKdNEgpsvFdMcb4i3VrJ7pump,2026-02-12T19:10:22Z,sD1dXJtNZaTnwXGDaNUeTxtpK5Ag1DS1GiviqXHknAT,,,,,,NONE,0,0,NONE
8ssgnouRY5r37v27bnPnVtoLetxpd9wYyGnW1SF7pump,2026-02-12T19:09:33Z,3yWJVCM9aJb114dtVddurbvEuBBNEnhdmGJoSaUpCmJD,,,,,,NONE,0,0,NONE
D3r5NyEMAvex6GF2GjnYSwinuKEaDLx3TN6RVpuKpump,2026-02-12T19:07:33Z,3ADPUjNJrzZfyyyAFreBWD6XFG2PCXKHon3MsAbEELnD,2.0581038625e-07,205.81,,,,NONE,0,0,NONE
8eKjdt11UBkU2WdHJ8zcbu4Zf5VQAfimDx9WXPuVpump,2026-02-12T19:00:29Z,52aWqnoBZj8S8KWvqqiJ7aoJAafGAXJGj15gKH1TkWLm,1.5637535305e-08,15.64,,,,NONE,0,0,NONE
9StMTY87VzGdVNguvFWxoL8i7tKyXAMWkJH1P3opCNMt,2026-02-12T18:57:21Z,2QjAae1C3D7L4qXp84cZMm4MQWDrFT7dUBoMYGGzRXf2,9.9505509875e-13,0.00,,,,NONE,0,0,NONE
3DUbQny7HoaoDyGGKwb6sViYZh8m9JTW42K2P9d7pump,2026-02-12T18:55:04Z,9pLy3h8dpmkYRrg1WhSRtmuJfD6Rr5Z24nwezoVLGGbj,7.1653602454e-09,7.17,,,,net_01051,1,6,MEDIUM
3VUzZPAEcBnxEQUE6FpXCMuUzATTMpn1zpkWqYKwpump,2026-02-12T18:51:04Z,5JVRs6Pjhro8V2THd8d3CSKqriZLJDE9C7LsDWSVSoAJ,3.6212520295e-10,0.36,,,,NONE,0,0,NONE
BzXrb7thB4Fje9zLqSLs9YYLCvkpiQahmv39WkqNj9xf,2026-02-12T18:49:47Z,EM2C5hJ1CubYKhikyCR2JiBrLiaWPpZUoXANPZ3PsBsD,1.5930970077e-08,15.93,,,,net_00258,1,7,MEDIUM
BzXrb7thB4Fje9zLqSLs9YYLCvkpiQahmv39WkqNj9xf,2026-02-12T18:49:47Z,EM2C5hJ1CubYKhikyCR2JiBrLiaWPpZUoXANPZ3PsBsD,1.5930970077e-08,15.93,,,,net_00405,1,3,LOW
BzXrb7thB4Fje9zLqSLs9YYLCvkpiQahmv39WkqNj9xf,2026-02-12T18:49:47Z,EM2C5hJ1CubYKhikyCR2JiBrLiaWPpZUoXANPZ3PsBsD,1.5930970077e-08,15.93,,,,net_00443,1,4,LOW
BzXrb7thB4Fje9zLqSLs9YYLCvkpiQahmv39WkqNj9xf,2026-02-12T18:49:47Z,EM2C5hJ1CubYKhikyCR2JiBrLiaWPpZUoXANPZ3PsBsD,1.5930970077e-08,15.93,,,,net_00502,1,10,MEDIUM
BzXrb7thB4Fje9zLqSLs9YYLCvkpiQahmv39WkqNj9xf,2026-02-12T18:49:47Z,EM2C5hJ1CubYKhikyCR2JiBrLiaWPpZUoXANPZ3PsBsD,1.5930970077e-08,15.93,,,,net_00522,1,2,LOW
BzXrb7thB4Fje9zLqSLs9YYLCvkpiQahmv39WkqNj9xf,2026-02-12T18:49:47Z,EM2C5hJ1CubYKhikyCR2JiBrLiaWPpZUoXANPZ3PsBsD,1.5930970077e-08,15.93,,,,net_00581,1,2,LOW
BzXrb7thB4Fje9zLqSLs9YYLCvkpiQahmv39WkqNj9xf,2026-02-12T18:49:47Z,EM2C5hJ1CubYKhikyCR2JiBrLiaWPpZUoXANPZ3PsBsD,1.5930970077e-08,15.93,,,,net_00973,1,2,LOW
BzXrb7thB4Fje9zLqSLs9YYLCvkpiQahmv39WkqNj9xf,2026-02-12T18:49:47Z,EM2C5hJ1CubYKhikyCR2JiBrLiaWPpZUoXANPZ3PsBsD,1.5930970077e-08,15.93,,,,net_01082,1,5,LOW
FWFL5CK838V9VqQBPQkWwkAB7oWyvJe2Ds92GB6Ypump,2026-02-12T18:48:59Z,3yWJVCM9aJb114dtVddurbvEuBBNEnhdmGJoSaUpCmJD,,,,,,NONE,0,0,NONE
5P3i2xANfRigYubMbUjxML5jPpxB4bumrB2tbhoApump,2026-02-12T18:47:23Z,BWeaB7hq7XriippV3BZcQKSz2w77JGbqpXX1caS3vdC7,3.0969203045e-08,30.97,,,,NONE,0,0,NONE
AHCc1PrY5VZCJeFe1awmVmJY7utrFzWV8GvARs6gpump,2026-02-12T18:45:36Z,6iMAowSgZmVoWpD93Q8CWpXeKMTp5NE8X2jykHv31RPL,9.2783125660e-08,92.78,,,,NONE,0,0,NONE
8zF4owrmSwonZxbkSHXkdYxba71xnnEdLiyBeVUpump,2026-02-12T18:44:01Z,arcKXw6BQaVymfPq9DGiq8E3zXgrTFjQSyX8wpBD2Xr,2.1600857009e-09,2.16,,,,net_00124,14,36,HIGH
EKBa7Z2m2Qumbgqx8gj96GN3yiQkG7Ma4yi52btZpump,2026-02-12T18:40:46Z,3rn98PHSiEVA6AJoqXysxzmWup8NcmsxdLEB3hMwDYpb,,,,,,NONE,0,0,NONE
CnHQQXTwufV1C4aF2vcjmXdJb3N3xnfosffWNVpQpump,2026-02-12T18:28:07Z,7ahDAzBGzAseJXfZWqtgmfPHdq3F1NVwcQ3CgcS7goTu,7.5421612841e-10,0.75,,,,NONE,0,0,NONE
91N3NkZooPqRwLWiLwfDyeND3DxSx2duTwz78AKApump,2026-02-12T18:27:20Z,6ujZxnphRxTqveaQtLAQHFoWz16xhLWZbTijcgZN4fRp,4.0337662925e-08,40.34,,,,net_00196,1,2,LOW
91N3NkZooPqRwLWiLwfDyeND3DxSx2duTwz78AKApump,2026-02-12T18:27:20Z,6ujZxnphRxTqveaQtLAQHFoWz16xhLWZbTijcgZN4fRp,4.0337662925e-08,40.34,,,,net_00245,1,5,LOW
91N3NkZooPqRwLWiLwfDyeND3DxSx2duTwz78AKApump,2026-02-12T18:27:20Z,6ujZxnphRxTqveaQtLAQHFoWz16xhLWZbTijcgZN4fRp,4.0337662925e-08,40.34,,,,net_00287,1,2,LOW
91N3NkZooPqRwLWiLwfDyeND3DxSx2duTwz78AKApump,2026-02-12T18:27:20Z,6ujZxnphRxTqveaQtLAQHFoWz16xhLWZbTijcgZN4fRp,4.0337662925e-08,40.34,,,,net_00320,1,2,LOW
91N3NkZooPqRwLWiLwfDyeND3DxSx2duTwz78AKApump,2026-02-12T18:27:20Z,6ujZxnphRxTqveaQtLAQHFoWz16xhLWZbTijcgZN4fRp,4.0337662925e-08,40.34,,,,net_00346,1,3,LOW
91N3NkZooPqRwLWiLwfDyeND3DxSx2duTwz78AKApump,2026-02-12T18:27:20Z,6ujZxnphRxTqveaQtLAQHFoWz16xhLWZbTijcgZN4fRp,4.0337662925e-08,40.34,,,,net_00478,1,3,LOW
91N3NkZooPqRwLWiLwfDyeND3DxSx2duTwz78AKApump,2026-02-12T18:27:20Z,6ujZxnphRxTqveaQtLAQHFoWz16xhLWZbTijcgZN4fRp,4.0337662925e-08,40.34,,,,net_00857,1,2,LOW
91N3NkZooPqRwLWiLwfDyeND3DxSx2duTwz78AKApump,2026-02-12T18:27:20Z,6ujZxnphRxTqveaQtLAQHFoWz16xhLWZbTijcgZN4fRp,4.0337662925e-08,40.34,,,,net_00882,1,7,MEDIUM
91N3NkZooPqRwLWiLwfDyeND3DxSx2duTwz78AKApump,2026-02-12T18:27:20Z,6ujZxnphRxTqveaQtLAQHFoWz16xhLWZbTijcgZN4fRp,4.0337662925e-08,40.34,,,,net_00935,1,3,LOW
7Kbxsry1RimGxeN4azBr8n7rFoUJDM9L6P2PrE9Cpump,2026-02-12T18:24:21Z,3p9qX6ZXniESWxJ79BNFmFprKMaeKVGv7fdwHDVs4G8o,7.8501497892e-09,7.85,,,,net_00054,1,4,LOW
7Kbxsry1RimGxeN4azBr8n7rFoUJDM9L6P2PrE9Cpump,2026-02-12T18:24:21Z,3p9qX6ZXniESWxJ79BNFmFprKMaeKVGv7fdwHDVs4G8o,7.8501497892e-09,7.85,,,,net_00071,1,2,LOW
7Kbxsry1RimGxeN4azBr8n7rFoUJDM9L6P2PrE9Cpump,2026-02-12T18:24:21Z,3p9qX6ZXniESWxJ79BNFmFprKMaeKVGv7fdwHDVs4G8o,7.8501497892e-09,7.85,,,,net_00124,14,36,HIGH
7Kbxsry1RimGxeN4azBr8n7rFoUJDM9L6P2PrE9Cpump,2026-02-12T18:24:21Z,3p9qX6ZXniESWxJ79BNFmFprKMaeKVGv7fdwHDVs4G8o,7.8501497892e-09,7.85,,,,net_00238,1,2,LOW
7Kbxsry1RimGxeN4azBr8n7rFoUJDM9L6P2PrE9Cpump,2026-02-12T18:24:21Z,3p9qX6ZXniESWxJ79BNFmFprKMaeKVGv7fdwHDVs4G8o,7.8501497892e-09,7.85,,,,net_00334,1,2,LOW
7Kbxsry1RimGxeN4azBr8n7rFoUJDM9L6P2PrE9Cpump,2026-02-12T18:24:21Z,3p9qX6ZXniESWxJ79BNFmFprKMaeKVGv7fdwHDVs4G8o,7.8501497892e-09,7.85,,,,net_00582,1,3,LOW
7Kbxsry1RimGxeN4azBr8n7rFoUJDM9L6P2PrE9Cpump,2026-02-12T18:24:21Z,3p9qX6ZXniESWxJ79BNFmFprKMaeKVGv7fdwHDVs4G8o,7.8501497892e-09,7.85,,,,net_00752,1,6,MEDIUM
7Kbxsry1RimGxeN4azBr8n7rFoUJDM9L6P2PrE9Cpump,2026-02-12T18:24:21Z,3p9qX6ZXniESWxJ79BNFmFprKMaeKVGv7fdwHDVs4G8o,7.8501497892e-09,7.85,,,,net_00758,1,2,LOW
7Kbxsry1RimGxeN4azBr8n7rFoUJDM9L6P2PrE9Cpump,2026-02-12T18:24:21Z,3p9qX6ZXniESWxJ79BNFmFprKMaeKVGv7fdwHDVs4G8o,7.8501497892e-09,7.85,,,,net_00853,1,2,LOW
rGFtf6guxdwvDJJ34VqvYUnZ8ZJcPMEtoXBCdhJpump,2026-02-12T18:23:19Z,BYeiLZWeWAApvbJhPKKpYY6cd1KtkHT6BNDv2d672cwA,1.8837743783e-03,1883774.38,,,,NONE,0,0,NONE
GztCQHHqjNJFMVxXhfjY5wYrJPUDMUSQioPjg4c7pump,2026-02-12T18:22:10Z,CuqiLgxY9etG6PCDqtKynGKMTQDmjbV3YkrWcww9mbLH,3.8345091812e-03,3834509.18,,,,NONE,0,0,NONE
3aSCf2V14A53D3HEVjzGMy9TbGKYR3XxHfpSbvr9QuKU,2026-02-12T18:19:46Z,FgifQEkRkSSXZjf2cJ4c55BhVts2yrNKzmzBLLyicg8b,1.4369965355e-07,143.70,,,,net_00037,42,17,MEDIUM
3aSCf2V14A53D3HEVjzGMy9TbGKYR3XxHfpSbvr9QuKU,2026-02-12T18:19:46Z,FgifQEkRkSSXZjf2cJ4c55BhVts2yrNKzmzBLLyicg8b,1.4369965355e-07,143.70,,,,net_00050,1,2,LOW
3aSCf2V14A53D3HEVjzGMy9TbGKYR3XxHfpSbvr9QuKU,2026-02-12T18:19:46Z,FgifQEkRkSSXZjf2cJ4c55BhVts2yrNKzmzBLLyicg8b,1.4369965355e-07,143.70,,,,net_00098,1,4,LOW
3aSCf2V14A53D3HEVjzGMy9TbGKYR3XxHfpSbvr9QuKU,2026-02-12T18:19:46Z,FgifQEkRkSSXZjf2cJ4c55BhVts2yrNKzmzBLLyicg8b,1.4369965355e-07,143.70,,,,net_00166,1,3,LOW
3aSCf2V14A53D3HEVjzGMy9TbGKYR3XxHfpSbvr9QuKU,2026-02-12T18:19:46Z,FgifQEkRkSSXZjf2cJ4c55BhVts2yrNKzmzBLLyicg8b,1.4369965355e-07,143.70,,,,net_00558,1,3,LOW
3aSCf2V14A53D3HEVjzGMy9TbGKYR3XxHfpSbvr9QuKU,2026-02-12T18:19:46Z,FgifQEkRkSSXZjf2cJ4c55BhVts2yrNKzmzBLLyicg8b,1.4369965355e-07,143.70,,,,net_00616,1,2,LOW
3aSCf2V14A53D3HEVjzGMy9TbGKYR3XxHfpSbvr9QuKU,2026-02-12T18:19:46Z,FgifQEkRkSSXZjf2cJ4c55BhVts2yrNKzmzBLLyicg8b,1.4369965355e-07,143.70,,,,net_00631,1,3,LOW
E9AxuLZ9BidEsCQRByng5h9gmCf6JbR3FBj4J1Ldpump,2026-02-12T18:16:28Z,Gwng2d941RneXvunoktGerTZuqh11CiCfNfMP7RMiJ83,1.0251581220e-06,1025.16,,,,NONE,0,0,NONE
EGwG1n5ztm9hg1C3j7NpkjtzYy3wAGmTkyy2yvHjpump,2026-02-12T18:11:12Z,d2xKkAdgNHD6dVYoNFboQqzm4dyGySH3a1QRGqnaiFY,5.1822528680e-12,0.01,,,,NONE,0,0,NONE
G2sdkCVERnKVToevXcZA2zTCXQmUUPepRyKibzNcpump,2026-02-12T18:10:39Z,bBUca5NbC9YMYe1hgZL3PtYerZH1fdCXEUvZmH2P8H7,2.7543568163e-08,27.54,,,,NONE,0,0,NONE
7BbpUTVHm1GTbtjmzd499jWxaL7Np8wN7kMaUvqrpump,2026-02-12T18:09:16Z,9YtwBfqjhNBzGAD9R2YwS5wEyyhccFsnV26ssmFjGRv,9.5645963255e-08,95.65,,,,NONE,0,0,NONE
71EqZFzY6cr2EQQtaEfNU47drBbKY5bsK8zC5WFrpump,2026-02-12T18:05:18Z,YwfRRgX6Haijukz6SzwC9mJeZcjXxPASa2Sz8FUx5v9,2.2640000000e-05,22641.83,,,,NONE,0,0,NONE
HLhX7K8uyNvaCgT1zfBx3GjDdfmch2RegtekfK9Rpump,2026-02-12T17:55:21Z,DVMZBgS6sRFpfq3uwqj6JjH8nY1Tqa2Y1DD4wfiNm4Lz,1.6868855876e-08,16.87,,,,NONE,0,0,NONE
5nGzu4sRnS11HFY6sNTZPV6zymKheAFXt8PtD2Gdpump,2026-02-12T17:51:36Z,5zwN9NQei4fctQ8AfEk67PVoH1jSCSYCpfYkeamkpznj,8.3192960412e-08,83.19,,,,net_00213,1,2,LOW
5nGzu4sRnS11HFY6sNTZPV6zymKheAFXt8PtD2Gdpump,2026-02-12T17:51:36Z,5zwN9NQei4fctQ8AfEk67PVoH1jSCSYCpfYkeamkpznj,8.3192960412e-08,83.19,,,,net_00526,35,9,MEDIUM
5nGzu4sRnS11HFY6sNTZPV6zymKheAFXt8PtD2Gdpump,2026-02-12T17:51:36Z,5zwN9NQei4fctQ8AfEk67PVoH1jSCSYCpfYkeamkpznj,8.3192960412e-08,83.19,,,,net_00609,1,2,LOW
ZMY1pVX7d9Z32UyvP9pjSZEzpjxXGfX4LG9wuB4pump,2026-02-12T17:39:42Z,56dQSiMeu8FX2gAADbLEXhfSv63k3SuLJg9YJrLs9G3c,1.2912925709e-09,1.29,,,,NONE,0,0,NONE
2p5z4i14NUnLZHBVG6fPhW8HkLStn9TFxNFJ2R9Lpump,2026-02-12T17:28:02Z,9be8w7td3fXqJfgH5K8uvyeGTd3tWFZqF11u8kJCGQ4p,7.1698324807e-08,71.70,,,,NONE,0,0,NONE
BhNYiHDSDUCUz1pzk4HcafDSC2Ev4vSfuLP6jGKbpump,2026-02-12T17:25:31Z,4B8utxJpQobvfADiYfz19Nd1r7iKUSistGN4LqKfpXq4,7.7283792687e-08,77.28,,,,NONE,0,0,NONE
BkHWapdUmenQDLsXnqbx6hDf4N9zaSQYF8esFfqpump,2026-02-12T17:25:09Z,ALJ4P5QNyHeLEjpKGmA1eUfJHSEGQMjY8HLnDkSgjczb,1.8083710907e-07,180.84,,,,net_00182,1,2,LOW
BkHWapdUmenQDLsXnqbx6hDf4N9zaSQYF8esFfqpump,2026-02-12T17:25:09Z,ALJ4P5QNyHeLEjpKGmA1eUfJHSEGQMjY8HLnDkSgjczb,1.8083710907e-07,180.84,,,,net_00288,1,2,LOW
BkHWapdUmenQDLsXnqbx6hDf4N9zaSQYF8esFfqpump,2026-02-12T17:25:09Z,ALJ4P5QNyHeLEjpKGmA1eUfJHSEGQMjY8HLnDkSgjczb,1.8083710907e-07,180.84,,,,net_00426,1,2,LOW
BkHWapdUmenQDLsXnqbx6hDf4N9zaSQYF8esFfqpump,2026-02-12T17:25:09Z,ALJ4P5QNyHeLEjpKGmA1eUfJHSEGQMjY8HLnDkSgjczb,1.8083710907e-07,180.84,,,,net_00755,1,2,LOW
BkHWapdUmenQDLsXnqbx6hDf4N9zaSQYF8esFfqpump,2026-02-12T17:25:09Z,ALJ4P5QNyHeLEjpKGmA1eUfJHSEGQMjY8HLnDkSgjczb,1.8083710907e-07,180.84,,,,net_00771,1,2,LOW
4bmk6UK5HvrqruVuTs85dYkXdg9QijTVhtK3ws2SmSQe,2026-02-12T17:08:31Z,E3ByvZD36sPVQQVDEGZ4uS5pFh6FzLCQc7YZLmWM5pnN,1.7957686847e-08,17.96,,,,net_00256,1,2,LOW
4bmk6UK5HvrqruVuTs85dYkXdg9QijTVhtK3ws2SmSQe,2026-02-12T17:08:31Z,E3ByvZD36sPVQQVDEGZ4uS5pFh6FzLCQc7YZLmWM5pnN,1.7957686847e-08,17.96,,,,net_00354,1,2,LOW
4bmk6UK5HvrqruVuTs85dYkXdg9QijTVhtK3ws2SmSQe,2026-02-12T17:08:31Z,E3ByvZD36sPVQQVDEGZ4uS5pFh6FzLCQc7YZLmWM5pnN,1.7957686847e-08,17.96,,,,net_00890,1,2,LOW
AcFBDWNSNshWzhLEodv5ikF4ywqzqSaWJgMD5a6Wpump,2026-02-12T17:05:50Z,9dC8Ea1dKTohHAh8jwQ5ff7dfzdAWhjYGSajufT37LLG,4.1851824791e-08,41.85,,,,NONE,0,0,NONE
EbRaYWEBzQBdauHGiEe2GZJg5JgPdRJRdKJQNEATpump,2026-02-12T16:53:59Z,5NUzAh1VzwY9TWmdhVm8CYC6sTNdgFZJA4tpSN4X6FuD,7.5098101155e-09,7.51,,,,NONE,0,0,NONE
2438XSN2HqNi7bC7mS9PFsEaiopJA1iZZ8VZyuL6pump,2026-02-12T16:47:09Z,EGz7GeQXhSKGd8PjyfhFx5QApenxDNAwcY3uXCnw9XNT,5.1404998994e-09,5.14,,,,NONE,0,0,NONE
5y6u4h3e7UkbQAhL7WNfWWgAwnyHwm2xvUcKy1dtYRG2,2026-02-12T16:43:12Z,bwamJzztZsepfkteWRChggmXuiiCQvpLqPietdNfSXa,8.1849893509e-13,0.00,,,,net_00031,22,12,MEDIUM
5y6u4h3e7UkbQAhL7WNfWWgAwnyHwm2xvUcKy1dtYRG2,2026-02-12T16:43:12Z,bwamJzztZsepfkteWRChggmXuiiCQvpLqPietdNfSXa,8.1849893509e-13,0.00,,,,net_00305,1,2,LOW
5y6u4h3e7UkbQAhL7WNfWWgAwnyHwm2xvUcKy1dtYRG2,2026-02-12T16:43:12Z,bwamJzztZsepfkteWRChggmXuiiCQvpLqPietdNfSXa,8.1849893509e-13,0.00,,,,net_00330,1,2,LOW
5y6u4h3e7UkbQAhL7WNfWWgAwnyHwm2xvUcKy1dtYRG2,2026-02-12T16:43:12Z,bwamJzztZsepfkteWRChggmXuiiCQvpLqPietdNfSXa,8.1849893509e-13,0.00,,,,net_00482,1,5,LOW
5y6u4h3e7UkbQAhL7WNfWWgAwnyHwm2xvUcKy1dtYRG2,2026-02-12T16:43:12Z,bwamJzztZsepfkteWRChggmXuiiCQvpLqPietdNfSXa,8.1849893509e-13,0.00,,,,net_00485,1,3,LOW
5y6u4h3e7UkbQAhL7WNfWWgAwnyHwm2xvUcKy1dtYRG2,2026-02-12T16:43:12Z,bwamJzztZsepfkteWRChggmXuiiCQvpLqPietdNfSXa,8.1849893509e-13,0.00,,,,net_00524,1,2,LOW
5y6u4h3e7UkbQAhL7WNfWWgAwnyHwm2xvUcKy1dtYRG2,2026-02-12T16:43:12Z,bwamJzztZsepfkteWRChggmXuiiCQvpLqPietdNfSXa,8.1849893509e-13,0.00,,,,net_00744,1,4,LOW
5y6u4h3e7UkbQAhL7WNfWWgAwnyHwm2xvUcKy1dtYRG2,2026-02-12T16:43:12Z,bwamJzztZsepfkteWRChggmXuiiCQvpLqPietdNfSXa,8.1849893509e-13,0.00,,,,net_00747,1,2,LOW
5y6u4h3e7UkbQAhL7WNfWWgAwnyHwm2xvUcKy1dtYRG2,2026-02-12T16:43:12Z,bwamJzztZsepfkteWRChggmXuiiCQvpLqPietdNfSXa,8.1849893509e-13,0.00,,,,net_00831,1,2,LOW
5y6u4h3e7UkbQAhL7WNfWWgAwnyHwm2xvUcKy1dtYRG2,2026-02-12T16:43:12Z,bwamJzztZsepfkteWRChggmXuiiCQvpLqPietdNfSXa,8.1849893509e-13,0.00,,,,net_00955,1,2,LOW
5y6u4h3e7UkbQAhL7WNfWWgAwnyHwm2xvUcKy1dtYRG2,2026-02-12T16:43:12Z,bwamJzztZsepfkteWRChggmXuiiCQvpLqPietdNfSXa,8.1849893509e-13,0.00,,,,net_01082,1,5,LOW
865GVDdESzXiNvygSUt7yFeJLrXDyn5UpGNfYuxfpump,2026-02-12T16:42:19Z,HZio8jHNYHJ994x7cyr9T1o7eua6PnxSpwjm1g34eHZe,4.5299106923e-09,4.53,,,,NONE,0,0,NONE
62WgKqJocjqigrSHSMuLAdp9hU8GG3qoEhr4meT4pump,2026-02-12T16:21:22Z,Go7sV8bH6QsT9NqK1WerjnpBjnSvesWkqD83jXT9kW5k,1.1638003385e-09,1.16,,,,NONE,0,0,NONE
9ekm6h4pxZcNbdyMw5fWkEnqAStjQCSzZ3TEfZ7tpump,2026-02-12T16:02:48Z,D9gQ6RhKEpnobPBUdWY5bPQt2p3zGk3iVz6ChpUi2ArA,3.2440000000e-05,32447.21,,,,net_00028,38,11,MEDIUM
9ekm6h4pxZcNbdyMw5fWkEnqAStjQCSzZ3TEfZ7tpump,2026-02-12T16:02:48Z,D9gQ6RhKEpnobPBUdWY5bPQt2p3zGk3iVz6ChpUi2ArA,3.2440000000e-05,32447.21,,,,net_00098,1,4,LOW
9ekm6h4pxZcNbdyMw5fWkEnqAStjQCSzZ3TEfZ7tpump,2026-02-12T16:02:48Z,D9gQ6RhKEpnobPBUdWY5bPQt2p3zGk3iVz6ChpUi2ArA,3.2440000000e-05,32447.21,,,,net_00255,1,2,LOW
9ekm6h4pxZcNbdyMw5fWkEnqAStjQCSzZ3TEfZ7tpump,2026-02-12T16:02:48Z,D9gQ6RhKEpnobPBUdWY5bPQt2p3zGk3iVz6ChpUi2ArA,3.2440000000e-05,32447.21,,,,net_00330,1,2,LOW
9ekm6h4pxZcNbdyMw5fWkEnqAStjQCSzZ3TEfZ7tpump,2026-02-12T16:02:48Z,D9gQ6RhKEpnobPBUdWY5bPQt2p3zGk3iVz6ChpUi2ArA,3.2440000000e-05,32447.21,,,,net_00457,1,2,LOW
9ekm6h4pxZcNbdyMw5fWkEnqAStjQCSzZ3TEfZ7tpump,2026-02-12T16:02:48Z,D9gQ6RhKEpnobPBUdWY5bPQt2p3zGk3iVz6ChpUi2ArA,3.2440000000e-05,32447.21,,,,net_00502,1,10,MEDIUM
9ekm6h4pxZcNbdyMw5fWkEnqAStjQCSzZ3TEfZ7tpump,2026-02-12T16:02:48Z,D9gQ6RhKEpnobPBUdWY5bPQt2p3zGk3iVz6ChpUi2ArA,3.2440000000e-05,32447.21,,,,net_00566,1,3,LOW
9ekm6h4pxZcNbdyMw5fWkEnqAStjQCSzZ3TEfZ7tpump,2026-02-12T16:02:48Z,D9gQ6RhKEpnobPBUdWY5bPQt2p3zGk3iVz6ChpUi2ArA,3.2440000000e-05,32447.21,,,,net_00698,1,6,MEDIUM
9ekm6h4pxZcNbdyMw5fWkEnqAStjQCSzZ3TEfZ7tpump,2026-02-12T16:02:48Z,D9gQ6RhKEpnobPBUdWY5bPQt2p3zGk3iVz6ChpUi2ArA,3.2440000000e-05,32447.21,,,,net_00728,1,7,MEDIUM
9ekm6h4pxZcNbdyMw5fWkEnqAStjQCSzZ3TEfZ7tpump,2026-02-12T16:02:48Z,D9gQ6RhKEpnobPBUdWY5bPQt2p3zGk3iVz6ChpUi2ArA,3.2440000000e-05,32447.21,,,,net_00732,1,3,LOW
9ekm6h4pxZcNbdyMw5fWkEnqAStjQCSzZ3TEfZ7tpump,2026-02-12T16:02:48Z,D9gQ6RhKEpnobPBUdWY5bPQt2p3zGk3iVz6ChpUi2ArA,3.2440000000e-05,32447.21,,,,net_00747,1,2,LOW
Hie4qfRVskvoT4oQ4BKfFnDShJGYACS5Ga82mAdPpump,2026-02-12T16:02:00Z,5zCkbcD74hFPeBHwYdwJLJAoLVgHX45AFeR7RzC8vFiD,1.5181400319e-07,151.81,,,,net_00128,1,2,LOW
Hie4qfRVskvoT4oQ4BKfFnDShJGYACS5Ga82mAdPpump,2026-02-12T16:02:00Z,5zCkbcD74hFPeBHwYdwJLJAoLVgHX45AFeR7RzC8vFiD,1.5181400319e-07,151.81,,,,net_00244,1,2,LOW
Hie4qfRVskvoT4oQ4BKfFnDShJGYACS5Ga82mAdPpump,2026-02-12T16:02:00Z,5zCkbcD74hFPeBHwYdwJLJAoLVgHX45AFeR7RzC8vFiD,1.5181400319e-07,151.81,,,,net_00267,1,2,LOW
Hie4qfRVskvoT4oQ4BKfFnDShJGYACS5Ga82mAdPpump,2026-02-12T16:02:00Z,5zCkbcD74hFPeBHwYdwJLJAoLVgHX45AFeR7RzC8vFiD,1.5181400319e-07,151.81,,,,net_00318,1,5,LOW
Hie4qfRVskvoT4oQ4BKfFnDShJGYACS5Ga82mAdPpump,2026-02-12T16:02:00Z,5zCkbcD74hFPeBHwYdwJLJAoLVgHX45AFeR7RzC8vFiD,1.5181400319e-07,151.81,,,,net_00410,1,2,LOW
Hie4qfRVskvoT4oQ4BKfFnDShJGYACS5Ga82mAdPpump,2026-02-12T16:02:00Z,5zCkbcD74hFPeBHwYdwJLJAoLVgHX45AFeR7RzC8vFiD,1.5181400319e-07,151.81,,,,net_00437,1,2,LOW
Hie4qfRVskvoT4oQ4BKfFnDShJGYACS5Ga82mAdPpump,2026-02-12T16:02:00Z,5zCkbcD74hFPeBHwYdwJLJAoLVgHX45AFeR7RzC8vFiD,1.5181400319e-07,151.81,,,,net_00495,1,2,LOW
Hie4qfRVskvoT4oQ4BKfFnDShJGYACS5Ga82mAdPpump,2026-02-12T16:02:00Z,5zCkbcD74hFPeBHwYdwJLJAoLVgHX45AFeR7RzC8vFiD,1.5181400319e-07,151.81,,,,net_00549,1,2,LOW
Hie4qfRVskvoT4oQ4BKfFnDShJGYACS5Ga82mAdPpump,2026-02-12T16:02:00Z,5zCkbcD74hFPeBHwYdwJLJAoLVgHX45AFeR7RzC8vFiD,1.5181400319e-07,151.81,,,,net_00593,1,2,LOW
Hie4qfRVskvoT4oQ4BKfFnDShJGYACS5Ga82mAdPpump,2026-02-12T16:02:00Z,5zCkbcD74hFPeBHwYdwJLJAoLVgHX45AFeR7RzC8vFiD,1.5181400319e-07,151.81,,,,net_00752,1,6,MEDIUM
Hie4qfRVskvoT4oQ4BKfFnDShJGYACS5Ga82mAdPpump,2026-02-12T16:02:00Z,5zCkbcD74hFPeBHwYdwJLJAoLVgHX45AFeR7RzC8vFiD,1.5181400319e-07,151.81,,,,net_00767,1,2,LOW
Hie4qfRVskvoT4oQ4BKfFnDShJGYACS5Ga82mAdPpump,2026-02-12T16:02:00Z,5zCkbcD74hFPeBHwYdwJLJAoLVgHX45AFeR7RzC8vFiD,1.5181400319e-07,151.81,,,,net_00815,1,2,LOW
Hie4qfRVskvoT4oQ4BKfFnDShJGYACS5Ga82mAdPpump,2026-02-12T16:02:00Z,5zCkbcD74hFPeBHwYdwJLJAoLVgHX45AFeR7RzC8vFiD,1.5181400319e-07,151.81,,,,net_01064,1,5,LOW
FbeAJeFo4wvjPQgBW2ZCY4K1Rrao4u44STWkdrxMpump,2026-02-12T15:54:03Z,FYebsp2DsT6JWBkzNxaBr3y9rPfdUzuCr3QaEqRWt51R,2.0879991294e-07,208.80,,,,NONE,0,0,NONE
CvAUCvbNGfmmwirsawWNo5nKBLGTytCoMizNkvAbpump,2026-02-12T15:53:29Z,DwWuSoFa1gtNPbDxMRpDnQy7KnaLqBqDA9cHqM3TnsLw,8.9078678775e-11,0.09,,,,NONE,0,0,NONE
H6KgtksNwiEe3bBpAcXFcC7za3d3V9Y4inayFyCPyy4j,2026-02-12T15:47:24Z,5VpFiZ7YjoeGswCBAApX9QksfN5iD2tS9tHCEwqqfa7d,1.0141922363e-08,10.14,,,,net_00017,1,2,LOW
H6KgtksNwiEe3bBpAcXFcC7za3d3V9Y4inayFyCPyy4j,2026-02-12T15:47:24Z,5VpFiZ7YjoeGswCBAApX9QksfN5iD2tS9tHCEwqqfa7d,1.0141922363e-08,10.14,,,,net_00502,1,10,MEDIUM
H6KgtksNwiEe3bBpAcXFcC7za3d3V9Y4inayFyCPyy4j,2026-02-12T15:47:24Z,5VpFiZ7YjoeGswCBAApX9QksfN5iD2tS9tHCEwqqfa7d,1.0141922363e-08,10.14,,,,net_00680,1,2,LOW
H6KgtksNwiEe3bBpAcXFcC7za3d3V9Y4inayFyCPyy4j,2026-02-12T15:47:24Z,5VpFiZ7YjoeGswCBAApX9QksfN5iD2tS9tHCEwqqfa7d,1.0141922363e-08,10.14,,,,net_00701,1,2,LOW
H6KgtksNwiEe3bBpAcXFcC7za3d3V9Y4inayFyCPyy4j,2026-02-12T15:47:24Z,5VpFiZ7YjoeGswCBAApX9QksfN5iD2tS9tHCEwqqfa7d,1.0141922363e-08,10.14,,,,net_00800,1,7,MEDIUM
H6KgtksNwiEe3bBpAcXFcC7za3d3V9Y4inayFyCPyy4j,2026-02-12T15:47:24Z,5VpFiZ7YjoeGswCBAApX9QksfN5iD2tS9tHCEwqqfa7d,1.0141922363e-08,10.14,,,,net_00839,1,4,LOW
5dHAywr6Mi8HxuUiuodBuHyk7jjbmoKcyVT9G2JpSx2U,2026-02-12T15:41:13Z,bwamJzztZsepfkteWRChggmXuiiCQvpLqPietdNfSXa,1.4408251738e-11,0.01,,,,net_00031,22,12,MEDIUM
5dHAywr6Mi8HxuUiuodBuHyk7jjbmoKcyVT9G2JpSx2U,2026-02-12T15:41:13Z,bwamJzztZsepfkteWRChggmXuiiCQvpLqPietdNfSXa,1.4408251738e-11,0.01,,,,net_00305,1,2,LOW
5dHAywr6Mi8HxuUiuodBuHyk7jjbmoKcyVT9G2JpSx2U,2026-02-12T15:41:13Z,bwamJzztZsepfkteWRChggmXuiiCQvpLqPietdNfSXa,1.4408251738e-11,0.01,,,,net_00330,1,2,LOW
5dHAywr6Mi8HxuUiuodBuHyk7jjbmoKcyVT9G2JpSx2U,2026-02-12T15:41:13Z,bwamJzztZsepfkteWRChggmXuiiCQvpLqPietdNfSXa,1.4408251738e-11,0.01,,,,net_00482,1,5,LOW
5dHAywr6Mi8HxuUiuodBuHyk7jjbmoKcyVT9G2JpSx2U,2026-02-12T15:41:13Z,bwamJzztZsepfkteWRChggmXuiiCQvpLqPietdNfSXa,1.4408251738e-11,0.01,,,,net_00485,1,3,LOW
5dHAywr6Mi8HxuUiuodBuHyk7jjbmoKcyVT9G2JpSx2U,2026-02-12T15:41:13Z,bwamJzztZsepfkteWRChggmXuiiCQvpLqPietdNfSXa,1.4408251738e-11,0.01,,,,net_00524,1,2,LOW
5dHAywr6Mi8HxuUiuodBuHyk7jjbmoKcyVT9G2JpSx2U,2026-02-12T15:41:13Z,bwamJzztZsepfkteWRChggmXuiiCQvpLqPietdNfSXa,1.4408251738e-11,0.01,,,,net_00744,1,4,LOW
5dHAywr6Mi8HxuUiuodBuHyk7jjbmoKcyVT9G2JpSx2U,2026-02-12T15:41:13Z,bwamJzztZsepfkteWRChggmXuiiCQvpLqPietdNfSXa,1.4408251738e-11,0.01,,,,net_00747,1,2,LOW
5dHAywr6Mi8HxuUiuodBuHyk7jjbmoKcyVT9G2JpSx2U,2026-02-12T15:41:13Z,bwamJzztZsepfkteWRChggmXuiiCQvpLqPietdNfSXa,1.4408251738e-11,0.01,,,,net_00831,1,2,LOW
5dHAywr6Mi8HxuUiuodBuHyk7jjbmoKcyVT9G2JpSx2U,2026-02-12T15:41:13Z,bwamJzztZsepfkteWRChggmXuiiCQvpLqPietdNfSXa,1.4408251738e-11,0.01,,,,net_00955,1,2,LOW
5dHAywr6Mi8HxuUiuodBuHyk7jjbmoKcyVT9G2JpSx2U,2026-02-12T15:41:13Z,bwamJzztZsepfkteWRChggmXuiiCQvpLqPietdNfSXa,1.4408251738e-11,0.01,,,,net_01082,1,5,LOW
FjsVwvFCW9sfeV2CKAFLsS6e2XmM3hVozerusaGdpump,2026-02-12T15:28:33Z,Bpgx2mWhN8QPnDNXq8mm8C5moxxuWcBHJD1zwpdv7bPU,3.8054044690e-03,3805404.47,,,,NONE,0,0,NONE
VDbGU5xCrsS3cPWb7aR2iPkQybSN6nvStpPmXbJpump,2026-02-12T15:25:50Z,6RxvcoskExomjAKcFmh9897uLBz7zv7NBipsDrywk2Et,,,,,,NONE,0,0,NONE
7umH5GUBZ2P8pxg4mVuv9mRfPg29EvWwL1v759KRpump,2026-02-12T15:25:10Z,95ZCf3jKMHeFYvPXVZW3Ek6AEPDyjebosqnc7eNioVMo,2.9002058267e-09,2.90,,,,net_00037,42,17,MEDIUM
7umH5GUBZ2P8pxg4mVuv9mRfPg29EvWwL1v759KRpump,2026-02-12T15:25:10Z,95ZCf3jKMHeFYvPXVZW3Ek6AEPDyjebosqnc7eNioVMo,2.9002058267e-09,2.90,,,,net_00223,1,2,LOW
7umH5GUBZ2P8pxg4mVuv9mRfPg29EvWwL1v759KRpump,2026-02-12T15:25:10Z,95ZCf3jKMHeFYvPXVZW3Ek6AEPDyjebosqnc7eNioVMo,2.9002058267e-09,2.90,,,,net_00440,1,2,LOW
7umH5GUBZ2P8pxg4mVuv9mRfPg29EvWwL1v759KRpump,2026-02-12T15:25:10Z,95ZCf3jKMHeFYvPXVZW3Ek6AEPDyjebosqnc7eNioVMo,2.9002058267e-09,2.90,,,,net_00540,1,2,LOW
7umH5GUBZ2P8pxg4mVuv9mRfPg29EvWwL1v759KRpump,2026-02-12T15:25:10Z,95ZCf3jKMHeFYvPXVZW3Ek6AEPDyjebosqnc7eNioVMo,2.9002058267e-09,2.90,,,,net_00565,1,4,LOW
7umH5GUBZ2P8pxg4mVuv9mRfPg29EvWwL1v759KRpump,2026-02-12T15:25:10Z,95ZCf3jKMHeFYvPXVZW3Ek6AEPDyjebosqnc7eNioVMo,2.9002058267e-09,2.90,,,,net_00970,1,2,LOW
7umH5GUBZ2P8pxg4mVuv9mRfPg29EvWwL1v759KRpump,2026-02-12T15:25:10Z,95ZCf3jKMHeFYvPXVZW3Ek6AEPDyjebosqnc7eNioVMo,2.9002058267e-09,2.90,,,,net_01095,1,2,LOW
7pzQuW8V8gbXWoBWnE3GbpF4Zf5LNdUHNPTdveNSpump,2026-02-12T15:15:58Z,xuA9MjgNgridmUMtPNXNvzvHWqgLwSmJCSdNQcMWt7i,7.7511392308e-09,7.75,,,,NONE,0,0,NONE
2cTf6zdqWgphhuxg4EPT2wf1GCMJHokiQx5Fb2gwpump,2026-02-12T15:08:27Z,C3xT8UgbM5xe4B3qj6175Ji68r3omBXyRyWjaRBZEPq6,3.0570000000e-05,30577.28,,,,NONE,0,0,NONE
FuENt1BBMX9vQrDE9fx2Lqy2mNCBv86zTMyrPTbkpump,2026-02-12T15:06:25Z,AK3xvfDFtVGqhnyc6f9FMbk2CmcdJXPdPcaHteX7gs3F,2.3521679364e-07,235.22,,,,NONE,0,0,NONE
6z137h9PYgYyDCXHjK5rE9YVH4VCWdic1eUA7vtxHHyo,2026-02-12T15:04:09Z,E5j2karHHQZpRQHxPPfSbnaSrbW4hPijv2wV5JNUj9K1,5.5808816589e-08,55.81,,,,NONE,0,0,NONE
9KBmcVsf94NmnDxQEmqh5ap7zx7j2xzQoPEcoXJpump,2026-02-12T15:01:17Z,2hwWWhyjvsJrqzbGYTJLzGtmimbg2mkBRsHx9Zca3EV4,,,,,,NONE,0,0,NONE
CZuDJji2k9EkZzspzGvpTYQnT9uU9oqoesQPsirdpump,2026-02-12T15:00:49Z,6xDpid1beBpmzaBKpd2L4Y44CJAo132cjc6xtzFCKnL1,9.4057836804e-08,94.06,,,,net_00027,1,2,LOW
CZuDJji2k9EkZzspzGvpTYQnT9uU9oqoesQPsirdpump,2026-02-12T15:00:49Z,6xDpid1beBpmzaBKpd2L4Y44CJAo132cjc6xtzFCKnL1,9.4057836804e-08,94.06,,,,net_00245,1,5,LOW
CZuDJji2k9EkZzspzGvpTYQnT9uU9oqoesQPsirdpump,2026-02-12T15:00:49Z,6xDpid1beBpmzaBKpd2L4Y44CJAo132cjc6xtzFCKnL1,9.4057836804e-08,94.06,,,,net_00256,1,2,LOW
CZuDJji2k9EkZzspzGvpTYQnT9uU9oqoesQPsirdpump,2026-02-12T15:00:49Z,6xDpid1beBpmzaBKpd2L4Y44CJAo132cjc6xtzFCKnL1,9.4057836804e-08,94.06,,,,net_00376,1,2,LOW
CZuDJji2k9EkZzspzGvpTYQnT9uU9oqoesQPsirdpump,2026-02-12T15:00:49Z,6xDpid1beBpmzaBKpd2L4Y44CJAo132cjc6xtzFCKnL1,9.4057836804e-08,94.06,,,,net_00416,1,2,LOW
CZuDJji2k9EkZzspzGvpTYQnT9uU9oqoesQPsirdpump,2026-02-12T15:00:49Z,6xDpid1beBpmzaBKpd2L4Y44CJAo132cjc6xtzFCKnL1,9.4057836804e-08,94.06,,,,net_00421,1,2,LOW
CZuDJji2k9EkZzspzGvpTYQnT9uU9oqoesQPsirdpump,2026-02-12T15:00:49Z,6xDpid1beBpmzaBKpd2L4Y44CJAo132cjc6xtzFCKnL1,9.4057836804e-08,94.06,,,,net_00489,1,3,LOW
CZuDJji2k9EkZzspzGvpTYQnT9uU9oqoesQPsirdpump,2026-02-12T15:00:49Z,6xDpid1beBpmzaBKpd2L4Y44CJAo132cjc6xtzFCKnL1,9.4057836804e-08,94.06,,,,net_00515,1,3,LOW
CZuDJji2k9EkZzspzGvpTYQnT9uU9oqoesQPsirdpump,2026-02-12T15:00:49Z,6xDpid1beBpmzaBKpd2L4Y44CJAo132cjc6xtzFCKnL1,9.4057836804e-08,94.06,,,,net_00567,1,3,LOW
CZuDJji2k9EkZzspzGvpTYQnT9uU9oqoesQPsirdpump,2026-02-12T15:00:49Z,6xDpid1beBpmzaBKpd2L4Y44CJAo132cjc6xtzFCKnL1,9.4057836804e-08,94.06,,,,net_00728,1,7,MEDIUM
CZuDJji2k9EkZzspzGvpTYQnT9uU9oqoesQPsirdpump,2026-02-12T15:00:49Z,6xDpid1beBpmzaBKpd2L4Y44CJAo132cjc6xtzFCKnL1,9.4057836804e-08,94.06,,,,net_00834,1,2,LOW
CZuDJji2k9EkZzspzGvpTYQnT9uU9oqoesQPsirdpump,2026-02-12T15:00:49Z,6xDpid1beBpmzaBKpd2L4Y44CJAo132cjc6xtzFCKnL1,9.4057836804e-08,94.06,,,,net_00879,1,4,LOW
CZuDJji2k9EkZzspzGvpTYQnT9uU9oqoesQPsirdpump,2026-02-12T15:00:49Z,6xDpid1beBpmzaBKpd2L4Y44CJAo132cjc6xtzFCKnL1,9.4057836804e-08,94.06,,,,net_00888,1,2,LOW
CZuDJji2k9EkZzspzGvpTYQnT9uU9oqoesQPsirdpump,2026-02-12T15:00:49Z,6xDpid1beBpmzaBKpd2L4Y44CJAo132cjc6xtzFCKnL1,9.4057836804e-08,94.06,,,,net_00917,1,2,LOW
CZuDJji2k9EkZzspzGvpTYQnT9uU9oqoesQPsirdpump,2026-02-12T15:00:49Z,6xDpid1beBpmzaBKpd2L4Y44CJAo132cjc6xtzFCKnL1,9.4057836804e-08,94.06,,,,net_00918,1,2,LOW
CZuDJji2k9EkZzspzGvpTYQnT9uU9oqoesQPsirdpump,2026-02-12T15:00:49Z,6xDpid1beBpmzaBKpd2L4Y44CJAo132cjc6xtzFCKnL1,9.4057836804e-08,94.06,,,,net_00932,1,2,LOW
CZuDJji2k9EkZzspzGvpTYQnT9uU9oqoesQPsirdpump,2026-02-12T15:00:49Z,6xDpid1beBpmzaBKpd2L4Y44CJAo132cjc6xtzFCKnL1,9.4057836804e-08,94.06,,,,net_00948,1,2,LOW
CZuDJji2k9EkZzspzGvpTYQnT9uU9oqoesQPsirdpump,2026-02-12T15:00:49Z,6xDpid1beBpmzaBKpd2L4Y44CJAo132cjc6xtzFCKnL1,9.4057836804e-08,94.06,,,,net_01069,1,4,LOW
6LxsmgyxjvKVoy6tDDpMox5cG4b2EQxftxTRQLPhwQfs,2026-02-12T14:58:04Z,5VpFiZ7YjoeGswCBAApX9QksfN5iD2tS9tHCEwqqfa7d,6.1461907096e-08,61.46,,,,net_00017,1,2,LOW
6LxsmgyxjvKVoy6tDDpMox5cG4b2EQxftxTRQLPhwQfs,2026-02-12T14:58:04Z,5VpFiZ7YjoeGswCBAApX9QksfN5iD2tS9tHCEwqqfa7d,6.1461907096e-08,61.46,,,,net_00502,1,10,MEDIUM
6LxsmgyxjvKVoy6tDDpMox5cG4b2EQxftxTRQLPhwQfs,2026-02-12T14:58:04Z,5VpFiZ7YjoeGswCBAApX9QksfN5iD2tS9tHCEwqqfa7d,6.1461907096e-08,61.46,,,,net_00680,1,2,LOW
6LxsmgyxjvKVoy6tDDpMox5cG4b2EQxftxTRQLPhwQfs,2026-02-12T14:58:04Z,5VpFiZ7YjoeGswCBAApX9QksfN5iD2tS9tHCEwqqfa7d,6.1461907096e-08,61.46,,,,net_00701,1,2,LOW
6LxsmgyxjvKVoy6tDDpMox5cG4b2EQxftxTRQLPhwQfs,2026-02-12T14:58:04Z,5VpFiZ7YjoeGswCBAApX9QksfN5iD2tS9tHCEwqqfa7d,6.1461907096e-08,61.46,,,,net_00800,1,7,MEDIUM
6LxsmgyxjvKVoy6tDDpMox5cG4b2EQxftxTRQLPhwQfs,2026-02-12T14:58:04Z,5VpFiZ7YjoeGswCBAApX9QksfN5iD2tS9tHCEwqqfa7d,6.1461907096e-08,61.46,,,,net_00839,1,4,LOW
GyeGEpKK3QsgcCjAVgPUrmgcusNpduawXJzH7yhd5hX5,2026-02-12T14:52:36Z,8ABK4Q34BUdepRVH9bRRnWWvXg8cya3QD4Sk9be2hTE7,7.5328962143e-09,7.53,,,,net_00135,1,2,LOW
5cb8Snq2H57mapUdhndUkfhVNcYz4w2FJPrW4yapump,2026-02-12T14:32:18Z,2VL3VCsgYv4ghhj4xKyK7hDhVCuJQEScwk34xMTxzEkr,,,,,,NONE,0,0,NONE
Es9yNjesRS5LNMoxzzvjExBx9y6jAKk2dSXcUYMnpump,2026-02-12T14:21:25Z,DAUaWV6PaJgLFxvrN1HzwiBGSfAfL9xtU6Es3REKJnVe,1.3993568369e-09,1.40,,,,NONE,0,0,NONE
7hE8FEZwpTc6KcAiAuwmnCe3UB5dBWxq4ymUus3Jpump,2026-02-12T14:21:08Z,DC1FW3m8g9A7vHjfz7GMx8U1WJvk5SPdKSD2CRBLVK7F,2.2063413083e-08,22.06,,,,NONE,0,0,NONE
DdfP2zL9ymJoZAFPnFDSHWL861wzrfgvU6bbMck2pump,2026-02-12T14:14:13Z,7ThvPtPijDcvuTN5EzQ1hipQWXSGzMtdHVboiNEHKFU7,4.0896470567e-10,0.41,,,,net_00800,1,7,MEDIUM
DdfP2zL9ymJoZAFPnFDSHWL861wzrfgvU6bbMck2pump,2026-02-12T14:14:13Z,7ThvPtPijDcvuTN5EzQ1hipQWXSGzMtdHVboiNEHKFU7,4.0896470567e-10,0.41,,,,net_00967,1,2,LOW
HSxWCCw4TkxMwykH9mzrPxQ5NLtVoTokhcKF9LGwsLDL,2026-02-12T14:13:16Z,79xfRyRBc8UQoXz2CMTWutG2AsBfFdJWpWJHjcwq3FHA,4.7084891655e-09,4.71,,,,net_00054,1,4,LOW
HSxWCCw4TkxMwykH9mzrPxQ5NLtVoTokhcKF9LGwsLDL,2026-02-12T14:13:16Z,79xfRyRBc8UQoXz2CMTWutG2AsBfFdJWpWJHjcwq3FHA,4.7084891655e-09,4.71,,,,net_00108,1,2,LOW
HSxWCCw4TkxMwykH9mzrPxQ5NLtVoTokhcKF9LGwsLDL,2026-02-12T14:13:16Z,79xfRyRBc8UQoXz2CMTWutG2AsBfFdJWpWJHjcwq3FHA,4.7084891655e-09,4.71,,,,net_00109,1,2,LOW
HSxWCCw4TkxMwykH9mzrPxQ5NLtVoTokhcKF9LGwsLDL,2026-02-12T14:13:16Z,79xfRyRBc8UQoXz2CMTWutG2AsBfFdJWpWJHjcwq3FHA,4.7084891655e-09,4.71,,,,net_00136,1,2,LOW
HSxWCCw4TkxMwykH9mzrPxQ5NLtVoTokhcKF9LGwsLDL,2026-02-12T14:13:16Z,79xfRyRBc8UQoXz2CMTWutG2AsBfFdJWpWJHjcwq3FHA,4.7084891655e-09,4.71,,,,net_00172,1,2,LOW
HSxWCCw4TkxMwykH9mzrPxQ5NLtVoTokhcKF9LGwsLDL,2026-02-12T14:13:16Z,79xfRyRBc8UQoXz2CMTWutG2AsBfFdJWpWJHjcwq3FHA,4.7084891655e-09,4.71,,,,net_00220,1,2,LOW
HSxWCCw4TkxMwykH9mzrPxQ5NLtVoTokhcKF9LGwsLDL,2026-02-12T14:13:16Z,79xfRyRBc8UQoXz2CMTWutG2AsBfFdJWpWJHjcwq3FHA,4.7084891655e-09,4.71,,,,net_00233,1,2,LOW
HSxWCCw4TkxMwykH9mzrPxQ5NLtVoTokhcKF9LGwsLDL,2026-02-12T14:13:16Z,79xfRyRBc8UQoXz2CMTWutG2AsBfFdJWpWJHjcwq3FHA,4.7084891655e-09,4.71,,,,net_00249,1,2,LOW
HSxWCCw4TkxMwykH9mzrPxQ5NLtVoTokhcKF9LGwsLDL,2026-02-12T14:13:16Z,79xfRyRBc8UQoXz2CMTWutG2AsBfFdJWpWJHjcwq3FHA,4.7084891655e-09,4.71,,,,net_00253,1,2,LOW
HSxWCCw4TkxMwykH9mzrPxQ5NLtVoTokhcKF9LGwsLDL,2026-02-12T14:13:16Z,79xfRyRBc8UQoXz2CMTWutG2AsBfFdJWpWJHjcwq3FHA,4.7084891655e-09,4.71,,,,net_00321,1,2,LOW
HSxWCCw4TkxMwykH9mzrPxQ5NLtVoTokhcKF9LGwsLDL,2026-02-12T14:13:16Z,79xfRyRBc8UQoXz2CMTWutG2AsBfFdJWpWJHjcwq3FHA,4.7084891655e-09,4.71,,,,net_00328,1,2,LOW
HSxWCCw4TkxMwykH9mzrPxQ5NLtVoTokhcKF9LGwsLDL,2026-02-12T14:13:16Z,79xfRyRBc8UQoXz2CMTWutG2AsBfFdJWpWJHjcwq3FHA,4.7084891655e-09,4.71,,,,net_00341,1,2,LOW
HSxWCCw4TkxMwykH9mzrPxQ5NLtVoTokhcKF9LGwsLDL,2026-02-12T14:13:16Z,79xfRyRBc8UQoXz2CMTWutG2AsBfFdJWpWJHjcwq3FHA,4.7084891655e-09,4.71,,,,net_00350,1,2,LOW
HSxWCCw4TkxMwykH9mzrPxQ5NLtVoTokhcKF9LGwsLDL,2026-02-12T14:13:16Z,79xfRyRBc8UQoXz2CMTWutG2AsBfFdJWpWJHjcwq3FHA,4.7084891655e-09,4.71,,,,net_00369,1,2,LOW
HSxWCCw4TkxMwykH9mzrPxQ5NLtVoTokhcKF9LGwsLDL,2026-02-12T14:13:16Z,79xfRyRBc8UQoXz2CMTWutG2AsBfFdJWpWJHjcwq3FHA,4.7084891655e-09,4.71,,,,net_00423,1,2,LOW
HSxWCCw4TkxMwykH9mzrPxQ5NLtVoTokhcKF9LGwsLDL,2026-02-12T14:13:16Z,79xfRyRBc8UQoXz2CMTWutG2AsBfFdJWpWJHjcwq3FHA,4.7084891655e-09,4.71,,,,net_00436,1,2,LOW
HSxWCCw4TkxMwykH9mzrPxQ5NLtVoTokhcKF9LGwsLDL,2026-02-12T14:13:16Z,79xfRyRBc8UQoXz2CMTWutG2AsBfFdJWpWJHjcwq3FHA,4.7084891655e-09,4.71,,,,net_00501,1,2,LOW
HSxWCCw4TkxMwykH9mzrPxQ5NLtVoTokhcKF9LGwsLDL,2026-02-12T14:13:16Z,79xfRyRBc8UQoXz2CMTWutG2AsBfFdJWpWJHjcwq3FHA,4.7084891655e-09,4.71,,,,net_00550,1,2,LOW
HSxWCCw4TkxMwykH9mzrPxQ5NLtVoTokhcKF9LGwsLDL,2026-02-12T14:13:16Z,79xfRyRBc8UQoXz2CMTWutG2AsBfFdJWpWJHjcwq3FHA,4.7084891655e-09,4.71,,,,net_00591,1,3,LOW
HSxWCCw4TkxMwykH9mzrPxQ5NLtVoTokhcKF9LGwsLDL,2026-02-12T14:13:16Z,79xfRyRBc8UQoXz2CMTWutG2AsBfFdJWpWJHjcwq3FHA,4.7084891655e-09,4.71,,,,net_00595,1,2,LOW
HSxWCCw4TkxMwykH9mzrPxQ5NLtVoTokhcKF9LGwsLDL,2026-02-12T14:13:16Z,79xfRyRBc8UQoXz2CMTWutG2AsBfFdJWpWJHjcwq3FHA,4.7084891655e-09,4.71,,,,net_00596,1,2,LOW
HSxWCCw4TkxMwykH9mzrPxQ5NLtVoTokhcKF9LGwsLDL,2026-02-12T14:13:16Z,79xfRyRBc8UQoXz2CMTWutG2AsBfFdJWpWJHjcwq3FHA,4.7084891655e-09,4.71,,,,net_00603,1,2,LOW
HSxWCCw4TkxMwykH9mzrPxQ5NLtVoTokhcKF9LGwsLDL,2026-02-12T14:13:16Z,79xfRyRBc8UQoXz2CMTWutG2AsBfFdJWpWJHjcwq3FHA,4.7084891655e-09,4.71,,,,net_00621,1,2,LOW
HSxWCCw4TkxMwykH9mzrPxQ5NLtVoTokhcKF9LGwsLDL,2026-02-12T14:13:16Z,79xfRyRBc8UQoXz2CMTWutG2AsBfFdJWpWJHjcwq3FHA,4.7084891655e-09,4.71,,,,net_00683,1,2,LOW
HSxWCCw4TkxMwykH9mzrPxQ5NLtVoTokhcKF9LGwsLDL,2026-02-12T14:13:16Z,79xfRyRBc8UQoXz2CMTWutG2AsBfFdJWpWJHjcwq3FHA,4.7084891655e-09,4.71,,,,net_00715,1,2,LOW
HSxWCCw4TkxMwykH9mzrPxQ5NLtVoTokhcKF9LGwsLDL,2026-02-12T14:13:16Z,79xfRyRBc8UQoXz2CMTWutG2AsBfFdJWpWJHjcwq3FHA,4.7084891655e-09,4.71,,,,net_00722,1,2,LOW
HSxWCCw4TkxMwykH9mzrPxQ5NLtVoTokhcKF9LGwsLDL,2026-02-12T14:13:16Z,79xfRyRBc8UQoXz2CMTWutG2AsBfFdJWpWJHjcwq3FHA,4.7084891655e-09,4.71,,,,net_00727,1,2,LOW
HSxWCCw4TkxMwykH9mzrPxQ5NLtVoTokhcKF9LGwsLDL,2026-02-12T14:13:16Z,79xfRyRBc8UQoXz2CMTWutG2AsBfFdJWpWJHjcwq3FHA,4.7084891655e-09,4.71,,,,net_00770,1,2,LOW
HSxWCCw4TkxMwykH9mzrPxQ5NLtVoTokhcKF9LGwsLDL,2026-02-12T14:13:16Z,79xfRyRBc8UQoXz2CMTWutG2AsBfFdJWpWJHjcwq3FHA,4.7084891655e-09,4.71,,,,net_00801,1,2,LOW
HSxWCCw4TkxMwykH9mzrPxQ5NLtVoTokhcKF9LGwsLDL,2026-02-12T14:13:16Z,79xfRyRBc8UQoXz2CMTWutG2AsBfFdJWpWJHjcwq3FHA,4.7084891655e-09,4.71,,,,net_00847,1,2,LOW
HSxWCCw4TkxMwykH9mzrPxQ5NLtVoTokhcKF9LGwsLDL,2026-02-12T14:13:16Z,79xfRyRBc8UQoXz2CMTWutG2AsBfFdJWpWJHjcwq3FHA,4.7084891655e-09,4.71,,,,net_00908,1,2,LOW
HSxWCCw4TkxMwykH9mzrPxQ5NLtVoTokhcKF9LGwsLDL,2026-02-12T14:13:16Z,79xfRyRBc8UQoXz2CMTWutG2AsBfFdJWpWJHjcwq3FHA,4.7084891655e-09,4.71,,,,net_00927,1,2,LOW
HSxWCCw4TkxMwykH9mzrPxQ5NLtVoTokhcKF9LGwsLDL,2026-02-12T14:13:16Z,79xfRyRBc8UQoXz2CMTWutG2AsBfFdJWpWJHjcwq3FHA,4.7084891655e-09,4.71,,,,net_00972,1,2,LOW
HSxWCCw4TkxMwykH9mzrPxQ5NLtVoTokhcKF9LGwsLDL,2026-02-12T14:13:16Z,79xfRyRBc8UQoXz2CMTWutG2AsBfFdJWpWJHjcwq3FHA,4.7084891655e-09,4.71,,,,net_00988,1,3,LOW
HSxWCCw4TkxMwykH9mzrPxQ5NLtVoTokhcKF9LGwsLDL,2026-02-12T14:13:16Z,79xfRyRBc8UQoXz2CMTWutG2AsBfFdJWpWJHjcwq3FHA,4.7084891655e-09,4.71,,,,net_01072,1,2,LOW
66ducoJekkHo4wBmDyUdhJ2EKXEMXW6XqR9JVzGz2BVZ,2026-02-12T14:00:14Z,bwamJzztZsepfkteWRChggmXuiiCQvpLqPietdNfSXa,1.3027276055e-09,1.30,,,,net_00031,22,12,MEDIUM
66ducoJekkHo4wBmDyUdhJ2EKXEMXW6XqR9JVzGz2BVZ,2026-02-12T14:00:14Z,bwamJzztZsepfkteWRChggmXuiiCQvpLqPietdNfSXa,1.3027276055e-09,1.30,,,,net_00305,1,2,LOW
66ducoJekkHo4wBmDyUdhJ2EKXEMXW6XqR9JVzGz2BVZ,2026-02-12T14:00:14Z,bwamJzztZsepfkteWRChggmXuiiCQvpLqPietdNfSXa,1.3027276055e-09,1.30,,,,net_00330,1,2,LOW
66ducoJekkHo4wBmDyUdhJ2EKXEMXW6XqR9JVzGz2BVZ,2026-02-12T14:00:14Z,bwamJzztZsepfkteWRChggmXuiiCQvpLqPietdNfSXa,1.3027276055e-09,1.30,,,,net_00482,1,5,LOW
66ducoJekkHo4wBmDyUdhJ2EKXEMXW6XqR9JVzGz2BVZ,2026-02-12T14:00:14Z,bwamJzztZsepfkteWRChggmXuiiCQvpLqPietdNfSXa,1.3027276055e-09,1.30,,,,net_00485,1,3,LOW
66ducoJekkHo4wBmDyUdhJ2EKXEMXW6XqR9JVzGz2BVZ,2026-02-12T14:00:14Z,bwamJzztZsepfkteWRChggmXuiiCQvpLqPietdNfSXa,1.3027276055e-09,1.30,,,,net_00524,1,2,LOW
66ducoJekkHo4wBmDyUdhJ2EKXEMXW6XqR9JVzGz2BVZ,2026-02-12T14:00:14Z,bwamJzztZsepfkteWRChggmXuiiCQvpLqPietdNfSXa,1.3027276055e-09,1.30,,,,net_00744,1,4,LOW
66ducoJekkHo4wBmDyUdhJ2EKXEMXW6XqR9JVzGz2BVZ,2026-02-12T14:00:14Z,bwamJzztZsepfkteWRChggmXuiiCQvpLqPietdNfSXa,1.3027276055e-09,1.30,,,,net_00747,1,2,LOW
66ducoJekkHo4wBmDyUdhJ2EKXEMXW6XqR9JVzGz2BVZ,2026-02-12T14:00:14Z,bwamJzztZsepfkteWRChggmXuiiCQvpLqPietdNfSXa,1.3027276055e-09,1.30,,,,net_00831,1,2,LOW
66ducoJekkHo4wBmDyUdhJ2EKXEMXW6XqR9JVzGz2BVZ,2026-02-12T14:00:14Z,bwamJzztZsepfkteWRChggmXuiiCQvpLqPietdNfSXa,1.3027276055e-09,1.30,,,,net_00955,1,2,LOW
66ducoJekkHo4wBmDyUdhJ2EKXEMXW6XqR9JVzGz2BVZ,2026-02-12T14:00:14Z,bwamJzztZsepfkteWRChggmXuiiCQvpLqPietdNfSXa,1.3027276055e-09,1.30,,,,net_01082,1,5,LOW
AW3DCa4kTF5Z7LSs2SpKchUbUYm4tuJhV42JNTgApump,2026-02-12T13:51:18Z,HAb7ZMopWWc1sUyXY9Cf41DhPP9wK2KwGAu1ZeaN1x5t,3.3355735665e-07,333.56,,,,NONE,0,0,NONE
13k29p5nDFTYRbAVZxMiTytewJMeBQEJQoRzxV69pump,2026-02-12T13:50:57Z,7sspFtPKwn8NyzkVxcHs3nonvgtoDo8GYfeKocTbSYfb,6.8068115019e-10,0.68,,,,NONE,0,0,NONE
BSH4qgyRJvU7axKerk6m8WtRWqSUVni9nGZa8DBWpump,2026-02-12T13:50:54Z,HojxDfWi729BCp76edmvBVoGoCsx5U3payJ56n1LdnTk,3.9177786804e-08,39.18,,,,net_00037,42,17,MEDIUM
BSH4qgyRJvU7axKerk6m8WtRWqSUVni9nGZa8DBWpump,2026-02-12T13:50:54Z,HojxDfWi729BCp76edmvBVoGoCsx5U3payJ56n1LdnTk,3.9177786804e-08,39.18,,,,net_00488,1,2,LOW
BSH4qgyRJvU7axKerk6m8WtRWqSUVni9nGZa8DBWpump,2026-02-12T13:50:54Z,HojxDfWi729BCp76edmvBVoGoCsx5U3payJ56n1LdnTk,3.9177786804e-08,39.18,,,,net_00557,1,2,LOW
BSH4qgyRJvU7axKerk6m8WtRWqSUVni9nGZa8DBWpump,2026-02-12T13:50:54Z,HojxDfWi729BCp76edmvBVoGoCsx5U3payJ56n1LdnTk,3.9177786804e-08,39.18,,,,net_00677,1,2,LOW
BSH4qgyRJvU7axKerk6m8WtRWqSUVni9nGZa8DBWpump,2026-02-12T13:50:54Z,HojxDfWi729BCp76edmvBVoGoCsx5U3payJ56n1LdnTk,3.9177786804e-08,39.18,,,,net_00694,1,2,LOW
BSH4qgyRJvU7axKerk6m8WtRWqSUVni9nGZa8DBWpump,2026-02-12T13:50:54Z,HojxDfWi729BCp76edmvBVoGoCsx5U3payJ56n1LdnTk,3.9177786804e-08,39.18,,,,net_00818,1,2,LOW
Hj6at18wjdeW2fFgPMmqFm1EfSeYtZ5aBoLG8haUBxf9,2026-02-12T13:37:33Z,2vXFRfiSCwhmCvd9ngAwex9xqPrP7anmuFFgrMvt4zGy,6.9909152305e-09,6.99,,,,NONE,0,0,NONE
AJGBfC2fJGEvsD8tmh6iEVcxNfxioGV1ojYJyLcJpump,2026-02-12T13:27:56Z,EFadfqMJRxpHF7KAU5qy5Bsukf1yyQKMg5iEJxAKaQic,9.9765360157e-09,9.98,,,,net_00002,1,3,LOW
AJGBfC2fJGEvsD8tmh6iEVcxNfxioGV1ojYJyLcJpump,2026-02-12T13:27:56Z,EFadfqMJRxpHF7KAU5qy5Bsukf1yyQKMg5iEJxAKaQic,9.9765360157e-09,9.98,,,,net_00045,1,3,LOW
AJGBfC2fJGEvsD8tmh6iEVcxNfxioGV1ojYJyLcJpump,2026-02-12T13:27:56Z,EFadfqMJRxpHF7KAU5qy5Bsukf1yyQKMg5iEJxAKaQic,9.9765360157e-09,9.98,,,,net_00046,1,3,LOW
AJGBfC2fJGEvsD8tmh6iEVcxNfxioGV1ojYJyLcJpump,2026-02-12T13:27:56Z,EFadfqMJRxpHF7KAU5qy5Bsukf1yyQKMg5iEJxAKaQic,9.9765360157e-09,9.98,,,,net_00070,1,3,LOW
AJGBfC2fJGEvsD8tmh6iEVcxNfxioGV1ojYJyLcJpump,2026-02-12T13:27:56Z,EFadfqMJRxpHF7KAU5qy5Bsukf1yyQKMg5iEJxAKaQic,9.9765360157e-09,9.98,,,,net_00081,1,3,LOW
AJGBfC2fJGEvsD8tmh6iEVcxNfxioGV1ojYJyLcJpump,2026-02-12T13:27:56Z,EFadfqMJRxpHF7KAU5qy5Bsukf1yyQKMg5iEJxAKaQic,9.9765360157e-09,9.98,,,,net_00083,1,3,LOW
AJGBfC2fJGEvsD8tmh6iEVcxNfxioGV1ojYJyLcJpump,2026-02-12T13:27:56Z,EFadfqMJRxpHF7KAU5qy5Bsukf1yyQKMg5iEJxAKaQic,9.9765360157e-09,9.98,,,,net_00090,1,3,LOW
AJGBfC2fJGEvsD8tmh6iEVcxNfxioGV1ojYJyLcJpump,2026-02-12T13:27:56Z,EFadfqMJRxpHF7KAU5qy5Bsukf1yyQKMg5iEJxAKaQic,9.9765360157e-09,9.98,,,,net_00125,1,3,LOW
AJGBfC2fJGEvsD8tmh6iEVcxNfxioGV1ojYJyLcJpump,2026-02-12T13:27:56Z,EFadfqMJRxpHF7KAU5qy5Bsukf1yyQKMg5iEJxAKaQic,9.9765360157e-09,9.98,,,,net_00131,1,3,LOW
AJGBfC2fJGEvsD8tmh6iEVcxNfxioGV1ojYJyLcJpump,2026-02-12T13:27:56Z,EFadfqMJRxpHF7KAU5qy5Bsukf1yyQKMg5iEJxAKaQic,9.9765360157e-09,9.98,,,,net_00140,1,3,LOW
AJGBfC2fJGEvsD8tmh6iEVcxNfxioGV1ojYJyLcJpump,2026-02-12T13:27:56Z,EFadfqMJRxpHF7KAU5qy5Bsukf1yyQKMg5iEJxAKaQic,9.9765360157e-09,9.98,,,,net_00146,1,3,LOW
AJGBfC2fJGEvsD8tmh6iEVcxNfxioGV1ojYJyLcJpump,2026-02-12T13:27:56Z,EFadfqMJRxpHF7KAU5qy5Bsukf1yyQKMg5iEJxAKaQic,9.9765360157e-09,9.98,,,,net_00150,1,3,LOW
AJGBfC2fJGEvsD8tmh6iEVcxNfxioGV1ojYJyLcJpump,2026-02-12T13:27:56Z,EFadfqMJRxpHF7KAU5qy5Bsukf1yyQKMg5iEJxAKaQic,9.9765360157e-09,9.98,,,,net_00170,1,3,LOW
AJGBfC2fJGEvsD8tmh6iEVcxNfxioGV1ojYJyLcJpump,2026-02-12T13:27:56Z,EFadfqMJRxpHF7KAU5qy5Bsukf1yyQKMg5iEJxAKaQic,9.9765360157e-09,9.98,,,,net_00204,1,3,LOW
AJGBfC2fJGEvsD8tmh6iEVcxNfxioGV1ojYJyLcJpump,2026-02-12T13:27:56Z,EFadfqMJRxpHF7KAU5qy5Bsukf1yyQKMg5iEJxAKaQic,9.9765360157e-09,9.98,,,,net_00205,1,3,LOW
AJGBfC2fJGEvsD8tmh6iEVcxNfxioGV1ojYJyLcJpump,2026-02-12T13:27:56Z,EFadfqMJRxpHF7KAU5qy5Bsukf1yyQKMg5iEJxAKaQic,9.9765360157e-09,9.98,,,,net_00211,1,3,LOW
AJGBfC2fJGEvsD8tmh6iEVcxNfxioGV1ojYJyLcJpump,2026-02-12T13:27:56Z,EFadfqMJRxpHF7KAU5qy5Bsukf1yyQKMg5iEJxAKaQic,9.9765360157e-09,9.98,,,,net_00215,1,3,LOW
AJGBfC2fJGEvsD8tmh6iEVcxNfxioGV1ojYJyLcJpump,2026-02-12T13:27:56Z,EFadfqMJRxpHF7KAU5qy5Bsukf1yyQKMg5iEJxAKaQic,9.9765360157e-09,9.98,,,,net_00224,1,3,LOW
AJGBfC2fJGEvsD8tmh6iEVcxNfxioGV1ojYJyLcJpump,2026-02-12T13:27:56Z,EFadfqMJRxpHF7KAU5qy5Bsukf1yyQKMg5iEJxAKaQic,9.9765360157e-09,9.98,,,,net_00230,1,3,LOW
AJGBfC2fJGEvsD8tmh6iEVcxNfxioGV1ojYJyLcJpump,2026-02-12T13:27:56Z,EFadfqMJRxpHF7KAU5qy5Bsukf1yyQKMg5iEJxAKaQic,9.9765360157e-09,9.98,,,,net_00275,1,3,LOW
AJGBfC2fJGEvsD8tmh6iEVcxNfxioGV1ojYJyLcJpump,2026-02-12T13:27:56Z,EFadfqMJRxpHF7KAU5qy5Bsukf1yyQKMg5iEJxAKaQic,9.9765360157e-09,9.98,,,,net_00284,1,3,LOW
AJGBfC2fJGEvsD8tmh6iEVcxNfxioGV1ojYJyLcJpump,2026-02-12T13:27:56Z,EFadfqMJRxpHF7KAU5qy5Bsukf1yyQKMg5iEJxAKaQic,9.9765360157e-09,9.98,,,,net_00306,1,3,LOW
AJGBfC2fJGEvsD8tmh6iEVcxNfxioGV1ojYJyLcJpump,2026-02-12T13:27:56Z,EFadfqMJRxpHF7KAU5qy5Bsukf1yyQKMg5iEJxAKaQic,9.9765360157e-09,9.98,,,,net_00339,1,3,LOW
AJGBfC2fJGEvsD8tmh6iEVcxNfxioGV1ojYJyLcJpump,2026-02-12T13:27:56Z,EFadfqMJRxpHF7KAU5qy5Bsukf1yyQKMg5iEJxAKaQic,9.9765360157e-09,9.98,,,,net_00347,1,3,LOW
AJGBfC2fJGEvsD8tmh6iEVcxNfxioGV1ojYJyLcJpump,2026-02-12T13:27:56Z,EFadfqMJRxpHF7KAU5qy5Bsukf1yyQKMg5iEJxAKaQic,9.9765360157e-09,9.98,,,,net_00348,1,3,LOW
AJGBfC2fJGEvsD8tmh6iEVcxNfxioGV1ojYJyLcJpump,2026-02-12T13:27:56Z,EFadfqMJRxpHF7KAU5qy5Bsukf1yyQKMg5iEJxAKaQic,9.9765360157e-09,9.98,,,,net_00359,1,3,LOW
AJGBfC2fJGEvsD8tmh6iEVcxNfxioGV1ojYJyLcJpump,2026-02-12T13:27:56Z,EFadfqMJRxpHF7KAU5qy5Bsukf1yyQKMg5iEJxAKaQic,9.9765360157e-09,9.98,,,,net_00378,1,3,LOW
AJGBfC2fJGEvsD8tmh6iEVcxNfxioGV1ojYJyLcJpump,2026-02-12T13:27:56Z,EFadfqMJRxpHF7KAU5qy5Bsukf1yyQKMg5iEJxAKaQic,9.9765360157e-09,9.98,,,,net_00415,1,3,LOW
AJGBfC2fJGEvsD8tmh6iEVcxNfxioGV1ojYJyLcJpump,2026-02-12T13:27:56Z,EFadfqMJRxpHF7KAU5qy5Bsukf1yyQKMg5iEJxAKaQic,9.9765360157e-09,9.98,,,,net_00417,1,3,LOW
AJGBfC2fJGEvsD8tmh6iEVcxNfxioGV1ojYJyLcJpump,2026-02-12T13:27:56Z,EFadfqMJRxpHF7KAU5qy5Bsukf1yyQKMg5iEJxAKaQic,9.9765360157e-09,9.98,,,,net_00455,1,3,LOW
AJGBfC2fJGEvsD8tmh6iEVcxNfxioGV1ojYJyLcJpump,2026-02-12T13:27:56Z,EFadfqMJRxpHF7KAU5qy5Bsukf1yyQKMg5iEJxAKaQic,9.9765360157e-09,9.98,,,,net_00483,1,3,LOW
AJGBfC2fJGEvsD8tmh6iEVcxNfxioGV1ojYJyLcJpump,2026-02-12T13:27:56Z,EFadfqMJRxpHF7KAU5qy5Bsukf1yyQKMg5iEJxAKaQic,9.9765360157e-09,9.98,,,,net_00491,1,3,LOW
AJGBfC2fJGEvsD8tmh6iEVcxNfxioGV1ojYJyLcJpump,2026-02-12T13:27:56Z,EFadfqMJRxpHF7KAU5qy5Bsukf1yyQKMg5iEJxAKaQic,9.9765360157e-09,9.98,,,,net_00492,1,3,LOW
AJGBfC2fJGEvsD8tmh6iEVcxNfxioGV1ojYJyLcJpump,2026-02-12T13:27:56Z,EFadfqMJRxpHF7KAU5qy5Bsukf1yyQKMg5iEJxAKaQic,9.9765360157e-09,9.98,,,,net_00503,1,3,LOW
AJGBfC2fJGEvsD8tmh6iEVcxNfxioGV1ojYJyLcJpump,2026-02-12T13:27:56Z,EFadfqMJRxpHF7KAU5qy5Bsukf1yyQKMg5iEJxAKaQic,9.9765360157e-09,9.98,,,,net_00529,1,3,LOW
AJGBfC2fJGEvsD8tmh6iEVcxNfxioGV1ojYJyLcJpump,2026-02-12T13:27:56Z,EFadfqMJRxpHF7KAU5qy5Bsukf1yyQKMg5iEJxAKaQic,9.9765360157e-09,9.98,,,,net_00539,1,3,LOW
AJGBfC2fJGEvsD8tmh6iEVcxNfxioGV1ojYJyLcJpump,2026-02-12T13:27:56Z,EFadfqMJRxpHF7KAU5qy5Bsukf1yyQKMg5iEJxAKaQic,9.9765360157e-09,9.98,,,,net_00543,1,3,LOW
AJGBfC2fJGEvsD8tmh6iEVcxNfxioGV1ojYJyLcJpump,2026-02-12T13:27:56Z,EFadfqMJRxpHF7KAU5qy5Bsukf1yyQKMg5iEJxAKaQic,9.9765360157e-09,9.98,,,,net_00545,1,3,LOW
AJGBfC2fJGEvsD8tmh6iEVcxNfxioGV1ojYJyLcJpump,2026-02-12T13:27:56Z,EFadfqMJRxpHF7KAU5qy5Bsukf1yyQKMg5iEJxAKaQic,9.9765360157e-09,9.98,,,,net_00554,1,3,LOW
AJGBfC2fJGEvsD8tmh6iEVcxNfxioGV1ojYJyLcJpump,2026-02-12T13:27:56Z,EFadfqMJRxpHF7KAU5qy5Bsukf1yyQKMg5iEJxAKaQic,9.9765360157e-09,9.98,,,,net_00561,1,3,LOW
AJGBfC2fJGEvsD8tmh6iEVcxNfxioGV1ojYJyLcJpump,2026-02-12T13:27:56Z,EFadfqMJRxpHF7KAU5qy5Bsukf1yyQKMg5iEJxAKaQic,9.9765360157e-09,9.98,,,,net_00597,1,3,LOW
AJGBfC2fJGEvsD8tmh6iEVcxNfxioGV1ojYJyLcJpump,2026-02-12T13:27:56Z,EFadfqMJRxpHF7KAU5qy5Bsukf1yyQKMg5iEJxAKaQic,9.9765360157e-09,9.98,,,,net_00604,1,3,LOW
AJGBfC2fJGEvsD8tmh6iEVcxNfxioGV1ojYJyLcJpump,2026-02-12T13:27:56Z,EFadfqMJRxpHF7KAU5qy5Bsukf1yyQKMg5iEJxAKaQic,9.9765360157e-09,9.98,,,,net_00607,1,3,LOW
AJGBfC2fJGEvsD8tmh6iEVcxNfxioGV1ojYJyLcJpump,2026-02-12T13:27:56Z,EFadfqMJRxpHF7KAU5qy5Bsukf1yyQKMg5iEJxAKaQic,9.9765360157e-09,9.98,,,,net_00627,1,3,LOW
AJGBfC2fJGEvsD8tmh6iEVcxNfxioGV1ojYJyLcJpump,2026-02-12T13:27:56Z,EFadfqMJRxpHF7KAU5qy5Bsukf1yyQKMg5iEJxAKaQic,9.9765360157e-09,9.98,,,,net_00638,1,3,LOW
AJGBfC2fJGEvsD8tmh6iEVcxNfxioGV1ojYJyLcJpump,2026-02-12T13:27:56Z,EFadfqMJRxpHF7KAU5qy5Bsukf1yyQKMg5iEJxAKaQic,9.9765360157e-09,9.98,,,,net_00640,1,3,LOW
AJGBfC2fJGEvsD8tmh6iEVcxNfxioGV1ojYJyLcJpump,2026-02-12T13:27:56Z,EFadfqMJRxpHF7KAU5qy5Bsukf1yyQKMg5iEJxAKaQic,9.9765360157e-09,9.98,,,,net_00644,1,3,LOW
AJGBfC2fJGEvsD8tmh6iEVcxNfxioGV1ojYJyLcJpump,2026-02-12T13:27:56Z,EFadfqMJRxpHF7KAU5qy5Bsukf1yyQKMg5iEJxAKaQic,9.9765360157e-09,9.98,,,,net_00661,1,3,LOW
AJGBfC2fJGEvsD8tmh6iEVcxNfxioGV1ojYJyLcJpump,2026-02-12T13:27:56Z,EFadfqMJRxpHF7KAU5qy5Bsukf1yyQKMg5iEJxAKaQic,9.9765360157e-09,9.98,,,,net_00685,1,3,LOW
AJGBfC2fJGEvsD8tmh6iEVcxNfxioGV1ojYJyLcJpump,2026-02-12T13:27:56Z,EFadfqMJRxpHF7KAU5qy5Bsukf1yyQKMg5iEJxAKaQic,9.9765360157e-09,9.98,,,,net_00690,1,3,LOW
AJGBfC2fJGEvsD8tmh6iEVcxNfxioGV1ojYJyLcJpump,2026-02-12T13:27:56Z,EFadfqMJRxpHF7KAU5qy5Bsukf1yyQKMg5iEJxAKaQic,9.9765360157e-09,9.98,,,,net_00693,1,3,LOW
AJGBfC2fJGEvsD8tmh6iEVcxNfxioGV1ojYJyLcJpump,2026-02-12T13:27:56Z,EFadfqMJRxpHF7KAU5qy5Bsukf1yyQKMg5iEJxAKaQic,9.9765360157e-09,9.98,,,,net_00735,1,3,LOW
AJGBfC2fJGEvsD8tmh6iEVcxNfxioGV1ojYJyLcJpump,2026-02-12T13:27:56Z,EFadfqMJRxpHF7KAU5qy5Bsukf1yyQKMg5iEJxAKaQic,9.9765360157e-09,9.98,,,,net_00773,1,3,LOW
AJGBfC2fJGEvsD8tmh6iEVcxNfxioGV1ojYJyLcJpump,2026-02-12T13:27:56Z,EFadfqMJRxpHF7KAU5qy5Bsukf1yyQKMg5iEJxAKaQic,9.9765360157e-09,9.98,,,,net_00775,1,3,LOW
AJGBfC2fJGEvsD8tmh6iEVcxNfxioGV1ojYJyLcJpump,2026-02-12T13:27:56Z,EFadfqMJRxpHF7KAU5qy5Bsukf1yyQKMg5iEJxAKaQic,9.9765360157e-09,9.98,,,,net_00785,1,3,LOW
AJGBfC2fJGEvsD8tmh6iEVcxNfxioGV1ojYJyLcJpump,2026-02-12T13:27:56Z,EFadfqMJRxpHF7KAU5qy5Bsukf1yyQKMg5iEJxAKaQic,9.9765360157e-09,9.98,,,,net_00794,1,3,LOW
AJGBfC2fJGEvsD8tmh6iEVcxNfxioGV1ojYJyLcJpump,2026-02-12T13:27:56Z,EFadfqMJRxpHF7KAU5qy5Bsukf1yyQKMg5iEJxAKaQic,9.9765360157e-09,9.98,,,,net_00836,1,3,LOW
AJGBfC2fJGEvsD8tmh6iEVcxNfxioGV1ojYJyLcJpump,2026-02-12T13:27:56Z,EFadfqMJRxpHF7KAU5qy5Bsukf1yyQKMg5iEJxAKaQic,9.9765360157e-09,9.98,,,,net_00843,1,3,LOW
AJGBfC2fJGEvsD8tmh6iEVcxNfxioGV1ojYJyLcJpump,2026-02-12T13:27:56Z,EFadfqMJRxpHF7KAU5qy5Bsukf1yyQKMg5iEJxAKaQic,9.9765360157e-09,9.98,,,,net_00858,1,3,LOW
AJGBfC2fJGEvsD8tmh6iEVcxNfxioGV1ojYJyLcJpump,2026-02-12T13:27:56Z,EFadfqMJRxpHF7KAU5qy5Bsukf1yyQKMg5iEJxAKaQic,9.9765360157e-09,9.98,,,,net_00867,1,3,LOW
AJGBfC2fJGEvsD8tmh6iEVcxNfxioGV1ojYJyLcJpump,2026-02-12T13:27:56Z,EFadfqMJRxpHF7KAU5qy5Bsukf1yyQKMg5iEJxAKaQic,9.9765360157e-09,9.98,,,,net_00873,1,3,LOW
AJGBfC2fJGEvsD8tmh6iEVcxNfxioGV1ojYJyLcJpump,2026-02-12T13:27:56Z,EFadfqMJRxpHF7KAU5qy5Bsukf1yyQKMg5iEJxAKaQic,9.9765360157e-09,9.98,,,,net_00892,1,3,LOW
AJGBfC2fJGEvsD8tmh6iEVcxNfxioGV1ojYJyLcJpump,2026-02-12T13:27:56Z,EFadfqMJRxpHF7KAU5qy5Bsukf1yyQKMg5iEJxAKaQic,9.9765360157e-09,9.98,,,,net_00905,1,3,LOW
AJGBfC2fJGEvsD8tmh6iEVcxNfxioGV1ojYJyLcJpump,2026-02-12T13:27:56Z,EFadfqMJRxpHF7KAU5qy5Bsukf1yyQKMg5iEJxAKaQic,9.9765360157e-09,9.98,,,,net_00912,1,3,LOW
AJGBfC2fJGEvsD8tmh6iEVcxNfxioGV1ojYJyLcJpump,2026-02-12T13:27:56Z,EFadfqMJRxpHF7KAU5qy5Bsukf1yyQKMg5iEJxAKaQic,9.9765360157e-09,9.98,,,,net_00924,1,3,LOW
AJGBfC2fJGEvsD8tmh6iEVcxNfxioGV1ojYJyLcJpump,2026-02-12T13:27:56Z,EFadfqMJRxpHF7KAU5qy5Bsukf1yyQKMg5iEJxAKaQic,9.9765360157e-09,9.98,,,,net_00942,1,3,LOW
AJGBfC2fJGEvsD8tmh6iEVcxNfxioGV1ojYJyLcJpump,2026-02-12T13:27:56Z,EFadfqMJRxpHF7KAU5qy5Bsukf1yyQKMg5iEJxAKaQic,9.9765360157e-09,9.98,,,,net_00944,1,3,LOW
AJGBfC2fJGEvsD8tmh6iEVcxNfxioGV1ojYJyLcJpump,2026-02-12T13:27:56Z,EFadfqMJRxpHF7KAU5qy5Bsukf1yyQKMg5iEJxAKaQic,9.9765360157e-09,9.98,,,,net_00947,1,3,LOW
AJGBfC2fJGEvsD8tmh6iEVcxNfxioGV1ojYJyLcJpump,2026-02-12T13:27:56Z,EFadfqMJRxpHF7KAU5qy5Bsukf1yyQKMg5iEJxAKaQic,9.9765360157e-09,9.98,,,,net_00964,1,3,LOW
AJGBfC2fJGEvsD8tmh6iEVcxNfxioGV1ojYJyLcJpump,2026-02-12T13:27:56Z,EFadfqMJRxpHF7KAU5qy5Bsukf1yyQKMg5iEJxAKaQic,9.9765360157e-09,9.98,,,,net_01061,1,3,LOW
BKVUrbBL2CKhGzM84abR8Si6AQmsbnQ5TJD8eX65pump,2026-02-12T13:22:18Z,HAvwSDsKVFeHhuqxKdVzVvMgQQCrZjbB1BfETUT3AuvP,3.5266729172e-08,35.27,,,,net_00124,14,36,HIGH
E4oY7gboxmYP4yZ4Vev5x62TfR7AL82B55rHfPq2pump,2026-02-12T13:18:13Z,AxmFqz3pbhj6HDK9dC1u7LsYP3rbsTJyKkeCMSpAxrgU,2.3963422148e-08,23.96,,,,net_00014,1,2,LOW
E4oY7gboxmYP4yZ4Vev5x62TfR7AL82B55rHfPq2pump,2026-02-12T13:18:13Z,AxmFqz3pbhj6HDK9dC1u7LsYP3rbsTJyKkeCMSpAxrgU,2.3963422148e-08,23.96,,,,net_00023,1,3,LOW
E4oY7gboxmYP4yZ4Vev5x62TfR7AL82B55rHfPq2pump,2026-02-12T13:18:13Z,AxmFqz3pbhj6HDK9dC1u7LsYP3rbsTJyKkeCMSpAxrgU,2.3963422148e-08,23.96,,,,net_00025,1,2,LOW
E4oY7gboxmYP4yZ4Vev5x62TfR7AL82B55rHfPq2pump,2026-02-12T13:18:13Z,AxmFqz3pbhj6HDK9dC1u7LsYP3rbsTJyKkeCMSpAxrgU,2.3963422148e-08,23.96,,,,net_00036,1,2,LOW
E4oY7gboxmYP4yZ4Vev5x62TfR7AL82B55rHfPq2pump,2026-02-12T13:18:13Z,AxmFqz3pbhj6HDK9dC1u7LsYP3rbsTJyKkeCMSpAxrgU,2.3963422148e-08,23.96,,,,net_00332,1,2,LOW
E4oY7gboxmYP4yZ4Vev5x62TfR7AL82B55rHfPq2pump,2026-02-12T13:18:13Z,AxmFqz3pbhj6HDK9dC1u7LsYP3rbsTJyKkeCMSpAxrgU,2.3963422148e-08,23.96,,,,net_00366,1,2,LOW
E4oY7gboxmYP4yZ4Vev5x62TfR7AL82B55rHfPq2pump,2026-02-12T13:18:13Z,AxmFqz3pbhj6HDK9dC1u7LsYP3rbsTJyKkeCMSpAxrgU,2.3963422148e-08,23.96,,,,net_00660,1,2,LOW
E4oY7gboxmYP4yZ4Vev5x62TfR7AL82B55rHfPq2pump,2026-02-12T13:18:13Z,AxmFqz3pbhj6HDK9dC1u7LsYP3rbsTJyKkeCMSpAxrgU,2.3963422148e-08,23.96,,,,net_00740,1,2,LOW
8X9FraAEXey69hM1Nh6S173bFxCweyDnjHgVU6UMpump,2026-02-12T12:53:01Z,9WqrQiDwWRx1vRcuVk2PEfevNcYWKzo4Rr4njjpeNLT8,8.1944658926e-08,81.94,,,,NONE,0,0,NONE
BpXC63A61NpEafaDP2rbqCPfBFPQbaANKDKL6HgFpump,2026-02-12T12:52:17Z,7igqN3uXZP5ZD432NPckoAS6cwcjME2TdPdkLVmNX2o4,3.2960000000e-05,32960.67,,,,NONE,0,0,NONE
A1aKK7aXJwp3ix5MW8hAZoJpYzbtBgEmYyvz9qMiz9g6,2026-02-12T12:25:21Z,7GciqigwwRM8HANqDTF1GjAq6yKsS2odvorAaTUSaYkJ,1.3170887656e-07,131.71,,,,NONE,0,0,NONE
fRBd5BqBxDMksQeCvTw21nGdsz5b1hbH8cebMUspump,2026-02-12T12:22:32Z,2i35VkkPCYPszeqwHSCznwYhL6rPHM2hwCoAgBWSoh1E,4.8988630524e-10,0.49,,,,NONE,0,0,NONE
Tszf8Bixhgt8x9M5fMV1kafFfuir9eK6eDXzAxepump,2026-02-12T12:20:19Z,Ba78chYnvfxh5W1Q9P6xBoL4AVMi9DMofpY1No1fYRaS,1.0361247479e-07,103.61,,,,NONE,0,0,NONE
6xU1x2iXSaXKoNzSKiz7QELiMYurtEHBNCmKPaHbpump,2026-02-12T12:14:28Z,Aqje5DsN4u2PHmQxGF9PKfpsDGwQRCBhWeLKHCFhSMXk,1.6691622715e-09,1.67,,,,net_00387,1,2,LOW
6xU1x2iXSaXKoNzSKiz7QELiMYurtEHBNCmKPaHbpump,2026-02-12T12:14:28Z,Aqje5DsN4u2PHmQxGF9PKfpsDGwQRCBhWeLKHCFhSMXk,1.6691622715e-09,1.67,,,,net_00580,1,2,LOW
6xU1x2iXSaXKoNzSKiz7QELiMYurtEHBNCmKPaHbpump,2026-02-12T12:14:28Z,Aqje5DsN4u2PHmQxGF9PKfpsDGwQRCBhWeLKHCFhSMXk,1.6691622715e-09,1.67,,,,net_00799,1,2,LOW
6xU1x2iXSaXKoNzSKiz7QELiMYurtEHBNCmKPaHbpump,2026-02-12T12:14:28Z,Aqje5DsN4u2PHmQxGF9PKfpsDGwQRCBhWeLKHCFhSMXk,1.6691622715e-09,1.67,,,,net_00805,1,2,LOW
EbRU7VTGcQzpDBFyYEsawf1MgAuxRbNXGSR46Srxpump,2026-02-12T12:13:07Z,3CUzpwiHzuoSP2WayezASAtvf5Z4AknRvVCFs6iYjJhm,,,,,,NONE,0,0,NONE
6w2e7c6PiaoaKxHKFLLWnUTDrs5xdgKURfbdaPBFpump,2026-02-12T12:00:30Z,7z9fdnDj8H67eNtBPBQqaa6owfEcWHv19TzqrXSkB8Dv,9.4373720824e-08,94.37,,,,NONE,0,0,NONE
69EZaMojt6c5eTunpAFCWCrQYcJKH2tGY5HXovBspump,2026-02-12T11:58:21Z,GpbDvsGf2F6X7cocuGw3Ar6HAUyPexfUQuMwkV5sp34Y,1.2928774919e-11,0.01,,,,net_00124,14,36,HIGH
BKJnBu9TfeG8S4cuN15y3D9upErGNkLwbkVgHENvWBfR,2026-02-12T11:57:56Z,5DDEaV8fD1d5Ygn7P2Naq1WzWJAULa5TX2GBJxicZM9g,3.7848105231e-08,37.85,,,,net_00055,1,2,LOW
BKJnBu9TfeG8S4cuN15y3D9upErGNkLwbkVgHENvWBfR,2026-02-12T11:57:56Z,5DDEaV8fD1d5Ygn7P2Naq1WzWJAULa5TX2GBJxicZM9g,3.7848105231e-08,37.85,,,,net_00104,1,2,LOW
BKJnBu9TfeG8S4cuN15y3D9upErGNkLwbkVgHENvWBfR,2026-02-12T11:57:56Z,5DDEaV8fD1d5Ygn7P2Naq1WzWJAULa5TX2GBJxicZM9g,3.7848105231e-08,37.85,,,,net_00128,1,2,LOW
BKJnBu9TfeG8S4cuN15y3D9upErGNkLwbkVgHENvWBfR,2026-02-12T11:57:56Z,5DDEaV8fD1d5Ygn7P2Naq1WzWJAULa5TX2GBJxicZM9g,3.7848105231e-08,37.85,,,,net_00301,1,2,LOW
BKJnBu9TfeG8S4cuN15y3D9upErGNkLwbkVgHENvWBfR,2026-02-12T11:57:56Z,5DDEaV8fD1d5Ygn7P2Naq1WzWJAULa5TX2GBJxicZM9g,3.7848105231e-08,37.85,,,,net_00309,1,2,LOW
BKJnBu9TfeG8S4cuN15y3D9upErGNkLwbkVgHENvWBfR,2026-02-12T11:57:56Z,5DDEaV8fD1d5Ygn7P2Naq1WzWJAULa5TX2GBJxicZM9g,3.7848105231e-08,37.85,,,,net_00429,1,2,LOW
BKJnBu9TfeG8S4cuN15y3D9upErGNkLwbkVgHENvWBfR,2026-02-12T11:57:56Z,5DDEaV8fD1d5Ygn7P2Naq1WzWJAULa5TX2GBJxicZM9g,3.7848105231e-08,37.85,,,,net_00437,1,2,LOW
BKJnBu9TfeG8S4cuN15y3D9upErGNkLwbkVgHENvWBfR,2026-02-12T11:57:56Z,5DDEaV8fD1d5Ygn7P2Naq1WzWJAULa5TX2GBJxicZM9g,3.7848105231e-08,37.85,,,,net_00472,1,5,LOW
BKJnBu9TfeG8S4cuN15y3D9upErGNkLwbkVgHENvWBfR,2026-02-12T11:57:56Z,5DDEaV8fD1d5Ygn7P2Naq1WzWJAULa5TX2GBJxicZM9g,3.7848105231e-08,37.85,,,,net_00515,1,3,LOW
BKJnBu9TfeG8S4cuN15y3D9upErGNkLwbkVgHENvWBfR,2026-02-12T11:57:56Z,5DDEaV8fD1d5Ygn7P2Naq1WzWJAULa5TX2GBJxicZM9g,3.7848105231e-08,37.85,,,,net_00790,1,3,LOW
BKJnBu9TfeG8S4cuN15y3D9upErGNkLwbkVgHENvWBfR,2026-02-12T11:57:56Z,5DDEaV8fD1d5Ygn7P2Naq1WzWJAULa5TX2GBJxicZM9g,3.7848105231e-08,37.85,,,,net_00872,1,3,LOW
BKJnBu9TfeG8S4cuN15y3D9upErGNkLwbkVgHENvWBfR,2026-02-12T11:57:56Z,5DDEaV8fD1d5Ygn7P2Naq1WzWJAULa5TX2GBJxicZM9g,3.7848105231e-08,37.85,,,,net_00907,1,2,LOW
BKJnBu9TfeG8S4cuN15y3D9upErGNkLwbkVgHENvWBfR,2026-02-12T11:57:56Z,5DDEaV8fD1d5Ygn7P2Naq1WzWJAULa5TX2GBJxicZM9g,3.7848105231e-08,37.85,,,,net_01064,1,5,LOW
92dfP11ycjQcGherfRjaJLfF2AR4grr5Q2BaDr6vpump,2026-02-12T11:48:50Z,GWGwtXohRwc3pAtBkBDhk4GqCGx5WvesTvvpVbSP2Kgm,1.2178920735e-07,121.79,,,,NONE,0,0,NONE
Aghn8TiRMBr5pNqQodDWtyHvkT1YQBQeDN9HTnzzpump,2026-02-12T11:47:28Z,EGpP5amhSfDJYLvqwiTWmm3N4t3msnLSqrmFzy7n8PnX,7.7600000000e-08,77.61,,,,NONE,0,0,NONE
58ExX8TFqiDqUpr1ZGiAhhiUsKfT14gwTFykLoVCpump,2026-02-12T11:33:17Z,Aeb1LQJcWa65LqMvWaZKtuRXdXb4LLeHptsCMJZt6whu,5.4679297427e-10,0.55,,,,NONE,0,0,NONE
2u6xmLM5wyQ5EV3bsZnVyoMAm4giBF9HpHk84Pj7pump,2026-02-12T11:30:58Z,6PfnvheUCwkavFPR5RGu9ngmVovhPpD8iyeAdqPsxtsp,1.2824260770e-07,128.24,,,,NONE,0,0,NONE
FcWpj5Wnby88qWZ83DHWbTpBBBqdndY9ZWbJCsU3pump,2026-02-12T11:29:37Z,6uQRjAz7nr1LfaTZPPtR3etzBme9ppW8itPB8bESQuW3,4.9240358223e-08,49.24,,,,net_00502,1,10,MEDIUM
FcWpj5Wnby88qWZ83DHWbTpBBBqdndY9ZWbJCsU3pump,2026-02-12T11:29:37Z,6uQRjAz7nr1LfaTZPPtR3etzBme9ppW8itPB8bESQuW3,4.9240358223e-08,49.24,,,,net_00581,1,2,LOW
FcWpj5Wnby88qWZ83DHWbTpBBBqdndY9ZWbJCsU3pump,2026-02-12T11:29:37Z,6uQRjAz7nr1LfaTZPPtR3etzBme9ppW8itPB8bESQuW3,4.9240358223e-08,49.24,,,,net_00694,1,2,LOW
FcWpj5Wnby88qWZ83DHWbTpBBBqdndY9ZWbJCsU3pump,2026-02-12T11:29:37Z,6uQRjAz7nr1LfaTZPPtR3etzBme9ppW8itPB8bESQuW3,4.9240358223e-08,49.24,,,,net_01067,1,4,LOW
DXMgX3Kh63ppFb4vZRnkicxerq3wNwRfyjN4ZuALpump,2026-02-12T11:25:58Z,AFUbtixYMHfA82pdKNVMRKYZXYjkz8skNqtesS8NTnvU,7.2084534905e-10,0.72,,,,NONE,0,0,NONE
7KQCcw5vWQkh4WfSBSY751UJ1Uc3s88t7UxGWfMrpump,2026-02-12T11:23:09Z,HsQhyWtQ9Ygfg81czvF2d3nhaEUcVFKMFx6n1U6CoYJK,2.5506579290e-10,0.26,,,,NONE,0,0,NONE
4VngUXMNXogHUyVWH4nMju5odWbLoePH9JqpMjGApump,2026-02-12T11:22:32Z,GrN9gacZJp4Wb1ZDhRmew1RuKK6Y7LxPtZ87GJ3yriWb,1.9303808427e-07,193.04,,,,NONE,0,0,NONE
BxSoSxf6tUVyK3tbbGVLzZvXaMz35fAuKieYP4y5pump,2026-02-12T11:10:22Z,5TcyQLh8ojBf81DKeRC4vocTbNKJpJCsR9Kei16kLqDM,3.0912543056e-08,30.91,,,,net_00349,1,2,LOW
BxSoSxf6tUVyK3tbbGVLzZvXaMz35fAuKieYP4y5pump,2026-02-12T11:10:22Z,5TcyQLh8ojBf81DKeRC4vocTbNKJpJCsR9Kei16kLqDM,3.0912543056e-08,30.91,,,,net_00435,1,2,LOW
BxSoSxf6tUVyK3tbbGVLzZvXaMz35fAuKieYP4y5pump,2026-02-12T11:10:22Z,5TcyQLh8ojBf81DKeRC4vocTbNKJpJCsR9Kei16kLqDM,3.0912543056e-08,30.91,,,,net_00588,1,3,LOW
BxSoSxf6tUVyK3tbbGVLzZvXaMz35fAuKieYP4y5pump,2026-02-12T11:10:22Z,5TcyQLh8ojBf81DKeRC4vocTbNKJpJCsR9Kei16kLqDM,3.0912543056e-08,30.91,,,,net_00636,1,3,LOW
BxSoSxf6tUVyK3tbbGVLzZvXaMz35fAuKieYP4y5pump,2026-02-12T11:10:22Z,5TcyQLh8ojBf81DKeRC4vocTbNKJpJCsR9Kei16kLqDM,3.0912543056e-08,30.91,,,,net_01082,1,5,LOW
AaZJ35eU63Kaanz5GuLNyrfLbjfz6XHAsfVqoAKDpump,2026-02-12T11:02:36Z,DKt3tRS1kqAxGQDKh1crSB1wXQBhuSWj7atkzxmKoLAa,1.6893770367e-07,168.94,,,,NONE,0,0,NONE
2LyZRF6MUNSXzXNXRUJJb3d5wYGFqWUTJNkqMPnipump,2026-02-12T11:01:43Z,5Y1AwssGRcdwRuoD3KvCdZzJy7ugydtN9ezukCjebDzm,6.0437256630e-08,60.44,,,,net_00155,1,2,LOW
2LyZRF6MUNSXzXNXRUJJb3d5wYGFqWUTJNkqMPnipump,2026-02-12T11:01:43Z,5Y1AwssGRcdwRuoD3KvCdZzJy7ugydtN9ezukCjebDzm,6.0437256630e-08,60.44,,,,net_00258,1,7,MEDIUM
2LyZRF6MUNSXzXNXRUJJb3d5wYGFqWUTJNkqMPnipump,2026-02-12T11:01:43Z,5Y1AwssGRcdwRuoD3KvCdZzJy7ugydtN9ezukCjebDzm,6.0437256630e-08,60.44,,,,net_01051,1,6,MEDIUM
TQu4uURa7ZjV4G5pwKoaM7SH2UwLPQsfSskqJwepump,2026-02-12T10:57:57Z,8KTxLV4VcVKwHNUbRYKfbMPanK1iPSJFHQnVqxYjt2eT,2.0287900723e-07,202.88,,,,NONE,0,0,NONE
Ex8ZWb76xD1qpvsP5f9Ftictgg1e3PrfKhLpErSBpump,2026-02-12T10:57:14Z,8BvA1tXk5Gh8r5EtAGoUjQe4JoUd8M5SmyCEBCzbGXY8,3.4536034586e-10,0.35,,,,NONE,0,0,NONE
8nqHoxYrHaPkJGwzXm261QKiHScrusi8x3BQ9eP1pump,2026-02-12T10:46:48Z,EP4eybwbNifUHFxgTGPHVqLxupSfgWncmiiSCrEWMNE3,1.9840583601e-13,0.00,,,,net_00012,1,2,LOW
8nqHoxYrHaPkJGwzXm261QKiHScrusi8x3BQ9eP1pump,2026-02-12T10:46:48Z,EP4eybwbNifUHFxgTGPHVqLxupSfgWncmiiSCrEWMNE3,1.9840583601e-13,0.00,,,,net_00075,1,2,LOW
8nqHoxYrHaPkJGwzXm261QKiHScrusi8x3BQ9eP1pump,2026-02-12T10:46:48Z,EP4eybwbNifUHFxgTGPHVqLxupSfgWncmiiSCrEWMNE3,1.9840583601e-13,0.00,,,,net_00076,1,3,LOW
8nqHoxYrHaPkJGwzXm261QKiHScrusi8x3BQ9eP1pump,2026-02-12T10:46:48Z,EP4eybwbNifUHFxgTGPHVqLxupSfgWncmiiSCrEWMNE3,1.9840583601e-13,0.00,,,,net_00086,1,3,LOW
8nqHoxYrHaPkJGwzXm261QKiHScrusi8x3BQ9eP1pump,2026-02-12T10:46:48Z,EP4eybwbNifUHFxgTGPHVqLxupSfgWncmiiSCrEWMNE3,1.9840583601e-13,0.00,,,,net_00120,1,2,LOW
8nqHoxYrHaPkJGwzXm261QKiHScrusi8x3BQ9eP1pump,2026-02-12T10:46:48Z,EP4eybwbNifUHFxgTGPHVqLxupSfgWncmiiSCrEWMNE3,1.9840583601e-13,0.00,,,,net_00250,1,3,LOW
8nqHoxYrHaPkJGwzXm261QKiHScrusi8x3BQ9eP1pump,2026-02-12T10:46:48Z,EP4eybwbNifUHFxgTGPHVqLxupSfgWncmiiSCrEWMNE3,1.9840583601e-13,0.00,,,,net_00258,1,7,MEDIUM
8nqHoxYrHaPkJGwzXm261QKiHScrusi8x3BQ9eP1pump,2026-02-12T10:46:48Z,EP4eybwbNifUHFxgTGPHVqLxupSfgWncmiiSCrEWMNE3,1.9840583601e-13,0.00,,,,net_00268,1,3,LOW
8nqHoxYrHaPkJGwzXm261QKiHScrusi8x3BQ9eP1pump,2026-02-12T10:46:48Z,EP4eybwbNifUHFxgTGPHVqLxupSfgWncmiiSCrEWMNE3,1.9840583601e-13,0.00,,,,net_00360,1,3,LOW
8nqHoxYrHaPkJGwzXm261QKiHScrusi8x3BQ9eP1pump,2026-02-12T10:46:48Z,EP4eybwbNifUHFxgTGPHVqLxupSfgWncmiiSCrEWMNE3,1.9840583601e-13,0.00,,,,net_00400,1,3,LOW
8nqHoxYrHaPkJGwzXm261QKiHScrusi8x3BQ9eP1pump,2026-02-12T10:46:48Z,EP4eybwbNifUHFxgTGPHVqLxupSfgWncmiiSCrEWMNE3,1.9840583601e-13,0.00,,,,net_00452,1,3,LOW
8nqHoxYrHaPkJGwzXm261QKiHScrusi8x3BQ9eP1pump,2026-02-12T10:46:48Z,EP4eybwbNifUHFxgTGPHVqLxupSfgWncmiiSCrEWMNE3,1.9840583601e-13,0.00,,,,net_00548,1,3,LOW
8nqHoxYrHaPkJGwzXm261QKiHScrusi8x3BQ9eP1pump,2026-02-12T10:46:48Z,EP4eybwbNifUHFxgTGPHVqLxupSfgWncmiiSCrEWMNE3,1.9840583601e-13,0.00,,,,net_00653,1,4,LOW
8nqHoxYrHaPkJGwzXm261QKiHScrusi8x3BQ9eP1pump,2026-02-12T10:46:48Z,EP4eybwbNifUHFxgTGPHVqLxupSfgWncmiiSCrEWMNE3,1.9840583601e-13,0.00,,,,net_00659,1,3,LOW
8nqHoxYrHaPkJGwzXm261QKiHScrusi8x3BQ9eP1pump,2026-02-12T10:46:48Z,EP4eybwbNifUHFxgTGPHVqLxupSfgWncmiiSCrEWMNE3,1.9840583601e-13,0.00,,,,net_00702,1,3,LOW
8nqHoxYrHaPkJGwzXm261QKiHScrusi8x3BQ9eP1pump,2026-02-12T10:46:48Z,EP4eybwbNifUHFxgTGPHVqLxupSfgWncmiiSCrEWMNE3,1.9840583601e-13,0.00,,,,net_00764,1,3,LOW
8nqHoxYrHaPkJGwzXm261QKiHScrusi8x3BQ9eP1pump,2026-02-12T10:46:48Z,EP4eybwbNifUHFxgTGPHVqLxupSfgWncmiiSCrEWMNE3,1.9840583601e-13,0.00,,,,net_00828,1,3,LOW
8nqHoxYrHaPkJGwzXm261QKiHScrusi8x3BQ9eP1pump,2026-02-12T10:46:48Z,EP4eybwbNifUHFxgTGPHVqLxupSfgWncmiiSCrEWMNE3,1.9840583601e-13,0.00,,,,net_00863,1,2,LOW
8nqHoxYrHaPkJGwzXm261QKiHScrusi8x3BQ9eP1pump,2026-02-12T10:46:48Z,EP4eybwbNifUHFxgTGPHVqLxupSfgWncmiiSCrEWMNE3,1.9840583601e-13,0.00,,,,net_00887,1,2,LOW
8nqHoxYrHaPkJGwzXm261QKiHScrusi8x3BQ9eP1pump,2026-02-12T10:46:48Z,EP4eybwbNifUHFxgTGPHVqLxupSfgWncmiiSCrEWMNE3,1.9840583601e-13,0.00,,,,net_00913,1,3,LOW
8nqHoxYrHaPkJGwzXm261QKiHScrusi8x3BQ9eP1pump,2026-02-12T10:46:48Z,EP4eybwbNifUHFxgTGPHVqLxupSfgWncmiiSCrEWMNE3,1.9840583601e-13,0.00,,,,net_00989,1,3,LOW
8nqHoxYrHaPkJGwzXm261QKiHScrusi8x3BQ9eP1pump,2026-02-12T10:46:48Z,EP4eybwbNifUHFxgTGPHVqLxupSfgWncmiiSCrEWMNE3,1.9840583601e-13,0.00,,,,net_01047,1,3,LOW
8nqHoxYrHaPkJGwzXm261QKiHScrusi8x3BQ9eP1pump,2026-02-12T10:46:48Z,EP4eybwbNifUHFxgTGPHVqLxupSfgWncmiiSCrEWMNE3,1.9840583601e-13,0.00,,,,net_01051,1,6,MEDIUM
8nqHoxYrHaPkJGwzXm261QKiHScrusi8x3BQ9eP1pump,2026-02-12T10:46:48Z,EP4eybwbNifUHFxgTGPHVqLxupSfgWncmiiSCrEWMNE3,1.9840583601e-13,0.00,,,,net_01056,1,3,LOW
DfG1tCihhgE6CYknSGUr7EwhWSmXCk5xJ983kh2npump,2026-02-12T10:46:30Z,FECZmZf6bZSieRDFaSsUruomZbjWrJ91D7jfdyzRFcwy,5.1898985549e-09,5.19,,,,net_00124,14,36,HIGH
ScEsxykBfmmNoAJYydPpSc7aE8r7fxDbRukP2cbFxUY,2026-02-12T10:33:53Z,CZutgB7w4WbkeCEwFv1qxhkeGyjVGn9XXPYxjwQo3NaM,1.2319237133e-08,12.32,,,,NONE,0,0,NONE
Dxs7oqF7bPz77FX1tTAqwMsuzRiw88pZmgViCaMcpump,2026-02-12T10:23:07Z,HdUtLJbxgBbQbYkzQhaRQa5UjGa15jaR2DNnzT4DpBCk,4.8237785856e-09,4.82,,,,NONE,0,0,NONE
6jbnjy7svnPk2ybFRz6y5eksVGnrzdooyARZXW31pump,2026-02-12T10:21:56Z,9NwXohrHS8Pkjyn5QADMK69b8scHt26JmtFHVwWaVhwx,7.6086873983e-10,0.76,,,,NONE,0,0,NONE
7xjGUUzArP7AY3QnYPvFQinJ4s5gLHgLgGvSnCNCpump,2026-02-12T10:18:30Z,GpTXmkdvrTajqkzX1fBmC4BUjSboF9dHgfnqPqj8WAc4,9.5375929905e-08,95.38,,,,net_00015,1,4,LOW
7xjGUUzArP7AY3QnYPvFQinJ4s5gLHgLgGvSnCNCpump,2026-02-12T10:18:30Z,GpTXmkdvrTajqkzX1fBmC4BUjSboF9dHgfnqPqj8WAc4,9.5375929905e-08,95.38,,,,net_00366,1,2,LOW
7xjGUUzArP7AY3QnYPvFQinJ4s5gLHgLgGvSnCNCpump,2026-02-12T10:18:30Z,GpTXmkdvrTajqkzX1fBmC4BUjSboF9dHgfnqPqj8WAc4,9.5375929905e-08,95.38,,,,net_00647,23,152,CRITICAL
7xjGUUzArP7AY3QnYPvFQinJ4s5gLHgLgGvSnCNCpump,2026-02-12T10:18:30Z,GpTXmkdvrTajqkzX1fBmC4BUjSboF9dHgfnqPqj8WAc4,9.5375929905e-08,95.38,,,,net_00660,1,2,LOW
7xjGUUzArP7AY3QnYPvFQinJ4s5gLHgLgGvSnCNCpump,2026-02-12T10:18:30Z,GpTXmkdvrTajqkzX1fBmC4BUjSboF9dHgfnqPqj8WAc4,9.5375929905e-08,95.38,,,,net_00795,1,2,LOW
8xxwuVJaz5gVpiRftH8DckQbjdynhX2Fk8fe2AaZpump,2026-02-12T10:06:08Z,8XUWPRQ656CYo7AiM1GPMhVpbWrGphgM26TA6653uZdc,1.1535944728e-09,1.15,,,,NONE,0,0,NONE
6Ma6zxfouT4agoXwAYjPtNQDiPdmaLZK445V4KD2pump,2026-02-12T10:05:15Z,HHN6eTPa2hqpoxAod64ouuq46UFxeH82PxDaTzW9G2PY,1.9737656463e-09,1.97,,,,NONE,0,0,NONE
Cu9ojQerdFcKwc2LTqtMKe5vnrgxXnyLhfx6cSmpump,2026-02-12T09:51:23Z,HwYobQFg3hgwApsmbfekYjHmsGwqgSDofQ7AUwcBTbeU,,,,,,NONE,0,0,NONE
3TTtyFxGukt1dBhndNYtgFtbj9QEUhBBq7dV8V2dpump,2026-02-12T09:46:35Z,F9oQa77LVSpVjo7K3R8gqFM4VVMGgMDtoEjcHBkTGrPU,5.2708265864e-09,5.27,,,,NONE,0,0,NONE
7W6dBPjLMdNqyMEznd6rv8xs8TjpjgABrHRrD672pump,2026-02-12T09:43:57Z,DxQ1iNidsGap2kr14VdEzA8NheqXabfh6fRkvZQbnZVY,1.7300354477e-08,17.30,,,,NONE,0,0,NONE
2rtQb3wZY6feQ9uVHy4m8bmLJN3cGqh5RUzdR23wpump,2026-02-12T09:40:09Z,9CRPmXbiJq1fD9i96Fc2MSYcGhiUvy4cP8whngfBLfQi,3.0140000000e-08,30.15,,,,net_00019,1,4,LOW
2rtQb3wZY6feQ9uVHy4m8bmLJN3cGqh5RUzdR23wpump,2026-02-12T09:40:09Z,9CRPmXbiJq1fD9i96Fc2MSYcGhiUvy4cP8whngfBLfQi,3.0140000000e-08,30.15,,,,net_00040,1,4,LOW
2rtQb3wZY6feQ9uVHy4m8bmLJN3cGqh5RUzdR23wpump,2026-02-12T09:40:09Z,9CRPmXbiJq1fD9i96Fc2MSYcGhiUvy4cP8whngfBLfQi,3.0140000000e-08,30.15,,,,net_00047,1,4,LOW
2rtQb3wZY6feQ9uVHy4m8bmLJN3cGqh5RUzdR23wpump,2026-02-12T09:40:09Z,9CRPmXbiJq1fD9i96Fc2MSYcGhiUvy4cP8whngfBLfQi,3.0140000000e-08,30.15,,,,net_00048,1,4,LOW
2rtQb3wZY6feQ9uVHy4m8bmLJN3cGqh5RUzdR23wpump,2026-02-12T09:40:09Z,9CRPmXbiJq1fD9i96Fc2MSYcGhiUvy4cP8whngfBLfQi,3.0140000000e-08,30.15,,,,net_00058,1,4,LOW
2rtQb3wZY6feQ9uVHy4m8bmLJN3cGqh5RUzdR23wpump,2026-02-12T09:40:09Z,9CRPmXbiJq1fD9i96Fc2MSYcGhiUvy4cP8whngfBLfQi,3.0140000000e-08,30.15,,,,net_00065,1,4,LOW
2rtQb3wZY6feQ9uVHy4m8bmLJN3cGqh5RUzdR23wpump,2026-02-12T09:40:09Z,9CRPmXbiJq1fD9i96Fc2MSYcGhiUvy4cP8whngfBLfQi,3.0140000000e-08,30.15,,,,net_00094,1,4,LOW
2rtQb3wZY6feQ9uVHy4m8bmLJN3cGqh5RUzdR23wpump,2026-02-12T09:40:09Z,9CRPmXbiJq1fD9i96Fc2MSYcGhiUvy4cP8whngfBLfQi,3.0140000000e-08,30.15,,,,net_00117,1,4,LOW
2rtQb3wZY6feQ9uVHy4m8bmLJN3cGqh5RUzdR23wpump,2026-02-12T09:40:09Z,9CRPmXbiJq1fD9i96Fc2MSYcGhiUvy4cP8whngfBLfQi,3.0140000000e-08,30.15,,,,net_00129,1,4,LOW
2rtQb3wZY6feQ9uVHy4m8bmLJN3cGqh5RUzdR23wpump,2026-02-12T09:40:09Z,9CRPmXbiJq1fD9i96Fc2MSYcGhiUvy4cP8whngfBLfQi,3.0140000000e-08,30.15,,,,net_00151,1,4,LOW
2rtQb3wZY6feQ9uVHy4m8bmLJN3cGqh5RUzdR23wpump,2026-02-12T09:40:09Z,9CRPmXbiJq1fD9i96Fc2MSYcGhiUvy4cP8whngfBLfQi,3.0140000000e-08,30.15,,,,net_00180,1,4,LOW
2rtQb3wZY6feQ9uVHy4m8bmLJN3cGqh5RUzdR23wpump,2026-02-12T09:40:09Z,9CRPmXbiJq1fD9i96Fc2MSYcGhiUvy4cP8whngfBLfQi,3.0140000000e-08,30.15,,,,net_00198,1,4,LOW
2rtQb3wZY6feQ9uVHy4m8bmLJN3cGqh5RUzdR23wpump,2026-02-12T09:40:09Z,9CRPmXbiJq1fD9i96Fc2MSYcGhiUvy4cP8whngfBLfQi,3.0140000000e-08,30.15,,,,net_00199,1,4,LOW
2rtQb3wZY6feQ9uVHy4m8bmLJN3cGqh5RUzdR23wpump,2026-02-12T09:40:09Z,9CRPmXbiJq1fD9i96Fc2MSYcGhiUvy4cP8whngfBLfQi,3.0140000000e-08,30.15,,,,net_00206,1,4,LOW
2rtQb3wZY6feQ9uVHy4m8bmLJN3cGqh5RUzdR23wpump,2026-02-12T09:40:09Z,9CRPmXbiJq1fD9i96Fc2MSYcGhiUvy4cP8whngfBLfQi,3.0140000000e-08,30.15,,,,net_00208,1,4,LOW
2rtQb3wZY6feQ9uVHy4m8bmLJN3cGqh5RUzdR23wpump,2026-02-12T09:40:09Z,9CRPmXbiJq1fD9i96Fc2MSYcGhiUvy4cP8whngfBLfQi,3.0140000000e-08,30.15,,,,net_00242,1,4,LOW
2rtQb3wZY6feQ9uVHy4m8bmLJN3cGqh5RUzdR23wpump,2026-02-12T09:40:09Z,9CRPmXbiJq1fD9i96Fc2MSYcGhiUvy4cP8whngfBLfQi,3.0140000000e-08,30.15,,,,net_00269,1,4,LOW
2rtQb3wZY6feQ9uVHy4m8bmLJN3cGqh5RUzdR23wpump,2026-02-12T09:40:09Z,9CRPmXbiJq1fD9i96Fc2MSYcGhiUvy4cP8whngfBLfQi,3.0140000000e-08,30.15,,,,net_00276,1,4,LOW
2rtQb3wZY6feQ9uVHy4m8bmLJN3cGqh5RUzdR23wpump,2026-02-12T09:40:09Z,9CRPmXbiJq1fD9i96Fc2MSYcGhiUvy4cP8whngfBLfQi,3.0140000000e-08,30.15,,,,net_00278,1,4,LOW
2rtQb3wZY6feQ9uVHy4m8bmLJN3cGqh5RUzdR23wpump,2026-02-12T09:40:09Z,9CRPmXbiJq1fD9i96Fc2MSYcGhiUvy4cP8whngfBLfQi,3.0140000000e-08,30.15,,,,net_00283,1,4,LOW
2rtQb3wZY6feQ9uVHy4m8bmLJN3cGqh5RUzdR23wpump,2026-02-12T09:40:09Z,9CRPmXbiJq1fD9i96Fc2MSYcGhiUvy4cP8whngfBLfQi,3.0140000000e-08,30.15,,,,net_00299,1,4,LOW
2rtQb3wZY6feQ9uVHy4m8bmLJN3cGqh5RUzdR23wpump,2026-02-12T09:40:09Z,9CRPmXbiJq1fD9i96Fc2MSYcGhiUvy4cP8whngfBLfQi,3.0140000000e-08,30.15,,,,net_00310,1,4,LOW
2rtQb3wZY6feQ9uVHy4m8bmLJN3cGqh5RUzdR23wpump,2026-02-12T09:40:09Z,9CRPmXbiJq1fD9i96Fc2MSYcGhiUvy4cP8whngfBLfQi,3.0140000000e-08,30.15,,,,net_00312,1,4,LOW
2rtQb3wZY6feQ9uVHy4m8bmLJN3cGqh5RUzdR23wpump,2026-02-12T09:40:09Z,9CRPmXbiJq1fD9i96Fc2MSYcGhiUvy4cP8whngfBLfQi,3.0140000000e-08,30.15,,,,net_00324,1,4,LOW
2rtQb3wZY6feQ9uVHy4m8bmLJN3cGqh5RUzdR23wpump,2026-02-12T09:40:09Z,9CRPmXbiJq1fD9i96Fc2MSYcGhiUvy4cP8whngfBLfQi,3.0140000000e-08,30.15,,,,net_00325,1,4,LOW
2rtQb3wZY6feQ9uVHy4m8bmLJN3cGqh5RUzdR23wpump,2026-02-12T09:40:09Z,9CRPmXbiJq1fD9i96Fc2MSYcGhiUvy4cP8whngfBLfQi,3.0140000000e-08,30.15,,,,net_00364,1,4,LOW
2rtQb3wZY6feQ9uVHy4m8bmLJN3cGqh5RUzdR23wpump,2026-02-12T09:40:09Z,9CRPmXbiJq1fD9i96Fc2MSYcGhiUvy4cP8whngfBLfQi,3.0140000000e-08,30.15,,,,net_00372,1,4,LOW
2rtQb3wZY6feQ9uVHy4m8bmLJN3cGqh5RUzdR23wpump,2026-02-12T09:40:09Z,9CRPmXbiJq1fD9i96Fc2MSYcGhiUvy4cP8whngfBLfQi,3.0140000000e-08,30.15,,,,net_00380,1,4,LOW
2rtQb3wZY6feQ9uVHy4m8bmLJN3cGqh5RUzdR23wpump,2026-02-12T09:40:09Z,9CRPmXbiJq1fD9i96Fc2MSYcGhiUvy4cP8whngfBLfQi,3.0140000000e-08,30.15,,,,net_00397,1,4,LOW
2rtQb3wZY6feQ9uVHy4m8bmLJN3cGqh5RUzdR23wpump,2026-02-12T09:40:09Z,9CRPmXbiJq1fD9i96Fc2MSYcGhiUvy4cP8whngfBLfQi,3.0140000000e-08,30.15,,,,net_00432,1,4,LOW
2rtQb3wZY6feQ9uVHy4m8bmLJN3cGqh5RUzdR23wpump,2026-02-12T09:40:09Z,9CRPmXbiJq1fD9i96Fc2MSYcGhiUvy4cP8whngfBLfQi,3.0140000000e-08,30.15,,,,net_00433,1,4,LOW
2rtQb3wZY6feQ9uVHy4m8bmLJN3cGqh5RUzdR23wpump,2026-02-12T09:40:09Z,9CRPmXbiJq1fD9i96Fc2MSYcGhiUvy4cP8whngfBLfQi,3.0140000000e-08,30.15,,,,net_00456,1,4,LOW
2rtQb3wZY6feQ9uVHy4m8bmLJN3cGqh5RUzdR23wpump,2026-02-12T09:40:09Z,9CRPmXbiJq1fD9i96Fc2MSYcGhiUvy4cP8whngfBLfQi,3.0140000000e-08,30.15,,,,net_00464,1,4,LOW
2rtQb3wZY6feQ9uVHy4m8bmLJN3cGqh5RUzdR23wpump,2026-02-12T09:40:09Z,9CRPmXbiJq1fD9i96Fc2MSYcGhiUvy4cP8whngfBLfQi,3.0140000000e-08,30.15,,,,net_00468,1,4,LOW
2rtQb3wZY6feQ9uVHy4m8bmLJN3cGqh5RUzdR23wpump,2026-02-12T09:40:09Z,9CRPmXbiJq1fD9i96Fc2MSYcGhiUvy4cP8whngfBLfQi,3.0140000000e-08,30.15,,,,net_00479,1,4,LOW
2rtQb3wZY6feQ9uVHy4m8bmLJN3cGqh5RUzdR23wpump,2026-02-12T09:40:09Z,9CRPmXbiJq1fD9i96Fc2MSYcGhiUvy4cP8whngfBLfQi,3.0140000000e-08,30.15,,,,net_00510,1,4,LOW
2rtQb3wZY6feQ9uVHy4m8bmLJN3cGqh5RUzdR23wpump,2026-02-12T09:40:09Z,9CRPmXbiJq1fD9i96Fc2MSYcGhiUvy4cP8whngfBLfQi,3.0140000000e-08,30.15,,,,net_00551,1,4,LOW
2rtQb3wZY6feQ9uVHy4m8bmLJN3cGqh5RUzdR23wpump,2026-02-12T09:40:09Z,9CRPmXbiJq1fD9i96Fc2MSYcGhiUvy4cP8whngfBLfQi,3.0140000000e-08,30.15,,,,net_00586,1,4,LOW
2rtQb3wZY6feQ9uVHy4m8bmLJN3cGqh5RUzdR23wpump,2026-02-12T09:40:09Z,9CRPmXbiJq1fD9i96Fc2MSYcGhiUvy4cP8whngfBLfQi,3.0140000000e-08,30.15,,,,net_00605,1,4,LOW
2rtQb3wZY6feQ9uVHy4m8bmLJN3cGqh5RUzdR23wpump,2026-02-12T09:40:09Z,9CRPmXbiJq1fD9i96Fc2MSYcGhiUvy4cP8whngfBLfQi,3.0140000000e-08,30.15,,,,net_00612,1,4,LOW
2rtQb3wZY6feQ9uVHy4m8bmLJN3cGqh5RUzdR23wpump,2026-02-12T09:40:09Z,9CRPmXbiJq1fD9i96Fc2MSYcGhiUvy4cP8whngfBLfQi,3.0140000000e-08,30.15,,,,net_00615,1,4,LOW
2rtQb3wZY6feQ9uVHy4m8bmLJN3cGqh5RUzdR23wpump,2026-02-12T09:40:09Z,9CRPmXbiJq1fD9i96Fc2MSYcGhiUvy4cP8whngfBLfQi,3.0140000000e-08,30.15,,,,net_00619,1,4,LOW
2rtQb3wZY6feQ9uVHy4m8bmLJN3cGqh5RUzdR23wpump,2026-02-12T09:40:09Z,9CRPmXbiJq1fD9i96Fc2MSYcGhiUvy4cP8whngfBLfQi,3.0140000000e-08,30.15,,,,net_00620,1,4,LOW
2rtQb3wZY6feQ9uVHy4m8bmLJN3cGqh5RUzdR23wpump,2026-02-12T09:40:09Z,9CRPmXbiJq1fD9i96Fc2MSYcGhiUvy4cP8whngfBLfQi,3.0140000000e-08,30.15,,,,net_00665,1,4,LOW
2rtQb3wZY6feQ9uVHy4m8bmLJN3cGqh5RUzdR23wpump,2026-02-12T09:40:09Z,9CRPmXbiJq1fD9i96Fc2MSYcGhiUvy4cP8whngfBLfQi,3.0140000000e-08,30.15,,,,net_00668,1,4,LOW
2rtQb3wZY6feQ9uVHy4m8bmLJN3cGqh5RUzdR23wpump,2026-02-12T09:40:09Z,9CRPmXbiJq1fD9i96Fc2MSYcGhiUvy4cP8whngfBLfQi,3.0140000000e-08,30.15,,,,net_00678,1,4,LOW
2rtQb3wZY6feQ9uVHy4m8bmLJN3cGqh5RUzdR23wpump,2026-02-12T09:40:09Z,9CRPmXbiJq1fD9i96Fc2MSYcGhiUvy4cP8whngfBLfQi,3.0140000000e-08,30.15,,,,net_00714,1,4,LOW
2rtQb3wZY6feQ9uVHy4m8bmLJN3cGqh5RUzdR23wpump,2026-02-12T09:40:09Z,9CRPmXbiJq1fD9i96Fc2MSYcGhiUvy4cP8whngfBLfQi,3.0140000000e-08,30.15,,,,net_00733,1,4,LOW
2rtQb3wZY6feQ9uVHy4m8bmLJN3cGqh5RUzdR23wpump,2026-02-12T09:40:09Z,9CRPmXbiJq1fD9i96Fc2MSYcGhiUvy4cP8whngfBLfQi,3.0140000000e-08,30.15,,,,net_00738,1,4,LOW
2rtQb3wZY6feQ9uVHy4m8bmLJN3cGqh5RUzdR23wpump,2026-02-12T09:40:09Z,9CRPmXbiJq1fD9i96Fc2MSYcGhiUvy4cP8whngfBLfQi,3.0140000000e-08,30.15,,,,net_00748,1,4,LOW
2rtQb3wZY6feQ9uVHy4m8bmLJN3cGqh5RUzdR23wpump,2026-02-12T09:40:09Z,9CRPmXbiJq1fD9i96Fc2MSYcGhiUvy4cP8whngfBLfQi,3.0140000000e-08,30.15,,,,net_00760,1,4,LOW
2rtQb3wZY6feQ9uVHy4m8bmLJN3cGqh5RUzdR23wpump,2026-02-12T09:40:09Z,9CRPmXbiJq1fD9i96Fc2MSYcGhiUvy4cP8whngfBLfQi,3.0140000000e-08,30.15,,,,net_00765,1,4,LOW
2rtQb3wZY6feQ9uVHy4m8bmLJN3cGqh5RUzdR23wpump,2026-02-12T09:40:09Z,9CRPmXbiJq1fD9i96Fc2MSYcGhiUvy4cP8whngfBLfQi,3.0140000000e-08,30.15,,,,net_00772,1,4,LOW
2rtQb3wZY6feQ9uVHy4m8bmLJN3cGqh5RUzdR23wpump,2026-02-12T09:40:09Z,9CRPmXbiJq1fD9i96Fc2MSYcGhiUvy4cP8whngfBLfQi,3.0140000000e-08,30.15,,,,net_00786,1,4,LOW
2rtQb3wZY6feQ9uVHy4m8bmLJN3cGqh5RUzdR23wpump,2026-02-12T09:40:09Z,9CRPmXbiJq1fD9i96Fc2MSYcGhiUvy4cP8whngfBLfQi,3.0140000000e-08,30.15,,,,net_00849,1,4,LOW
2rtQb3wZY6feQ9uVHy4m8bmLJN3cGqh5RUzdR23wpump,2026-02-12T09:40:09Z,9CRPmXbiJq1fD9i96Fc2MSYcGhiUvy4cP8whngfBLfQi,3.0140000000e-08,30.15,,,,net_00899,1,4,LOW
2rtQb3wZY6feQ9uVHy4m8bmLJN3cGqh5RUzdR23wpump,2026-02-12T09:40:09Z,9CRPmXbiJq1fD9i96Fc2MSYcGhiUvy4cP8whngfBLfQi,3.0140000000e-08,30.15,,,,net_00902,1,4,LOW
2rtQb3wZY6feQ9uVHy4m8bmLJN3cGqh5RUzdR23wpump,2026-02-12T09:40:09Z,9CRPmXbiJq1fD9i96Fc2MSYcGhiUvy4cP8whngfBLfQi,3.0140000000e-08,30.15,,,,net_00910,1,4,LOW
2rtQb3wZY6feQ9uVHy4m8bmLJN3cGqh5RUzdR23wpump,2026-02-12T09:40:09Z,9CRPmXbiJq1fD9i96Fc2MSYcGhiUvy4cP8whngfBLfQi,3.0140000000e-08,30.15,,,,net_00911,1,4,LOW
2rtQb3wZY6feQ9uVHy4m8bmLJN3cGqh5RUzdR23wpump,2026-02-12T09:40:09Z,9CRPmXbiJq1fD9i96Fc2MSYcGhiUvy4cP8whngfBLfQi,3.0140000000e-08,30.15,,,,net_00919,1,4,LOW
2rtQb3wZY6feQ9uVHy4m8bmLJN3cGqh5RUzdR23wpump,2026-02-12T09:40:09Z,9CRPmXbiJq1fD9i96Fc2MSYcGhiUvy4cP8whngfBLfQi,3.0140000000e-08,30.15,,,,net_00937,1,4,LOW
2rtQb3wZY6feQ9uVHy4m8bmLJN3cGqh5RUzdR23wpump,2026-02-12T09:40:09Z,9CRPmXbiJq1fD9i96Fc2MSYcGhiUvy4cP8whngfBLfQi,3.0140000000e-08,30.15,,,,net_00950,1,4,LOW
2rtQb3wZY6feQ9uVHy4m8bmLJN3cGqh5RUzdR23wpump,2026-02-12T09:40:09Z,9CRPmXbiJq1fD9i96Fc2MSYcGhiUvy4cP8whngfBLfQi,3.0140000000e-08,30.15,,,,net_00965,1,4,LOW
2rtQb3wZY6feQ9uVHy4m8bmLJN3cGqh5RUzdR23wpump,2026-02-12T09:40:09Z,9CRPmXbiJq1fD9i96Fc2MSYcGhiUvy4cP8whngfBLfQi,3.0140000000e-08,30.15,,,,net_01058,1,4,LOW
2rtQb3wZY6feQ9uVHy4m8bmLJN3cGqh5RUzdR23wpump,2026-02-12T09:40:09Z,9CRPmXbiJq1fD9i96Fc2MSYcGhiUvy4cP8whngfBLfQi,3.0140000000e-08,30.15,,,,net_01068,1,4,LOW
2rtQb3wZY6feQ9uVHy4m8bmLJN3cGqh5RUzdR23wpump,2026-02-12T09:40:09Z,9CRPmXbiJq1fD9i96Fc2MSYcGhiUvy4cP8whngfBLfQi,3.0140000000e-08,30.15,,,,net_01083,1,4,LOW
AS1TquXMebva4pkvprr1UVCJutSy1nGkaMu5oaQupump,2026-02-12T09:31:52Z,FoyAMrgTDVttp2QHARV3fSsXJbv4CdxeM949SSyZKraG,2.3104959434e-09,2.31,,,,NONE,0,0,NONE
7keVZNVMT66iBHBjZGfoBeLUajYcf61k1Kngwvhvpump,2026-02-12T09:28:44Z,2YGJkpuPRp3256LYJCqu6KxBd3Ba99t89WrbHKVfEvAs,4.3533068773e-09,4.35,,,,NONE,0,0,NONE
pJK5TSLiZi1NrQhNCuRhH8t6HCgF2dZupLgdVZApump,2026-02-12T09:28:23Z,C4NDmFBTAZ7FMi1omF23fbEYmXEebpZtt2Uirvjwbe57,,,,,,NONE,0,0,NONE
GXzzY7AzfstiKaJT4NsBmacYoToGPWfd57nzDeXopump,2026-02-12T09:24:23Z,HiSo5kykqDPs3EG14Fk9QY4B5RvkuEs8oJTiqPX3EDAn,6.2410614161e-09,6.24,,,,net_00099,1,2,LOW
GXzzY7AzfstiKaJT4NsBmacYoToGPWfd57nzDeXopump,2026-02-12T09:24:23Z,HiSo5kykqDPs3EG14Fk9QY4B5RvkuEs8oJTiqPX3EDAn,6.2410614161e-09,6.24,,,,net_00294,1,3,LOW
GXzzY7AzfstiKaJT4NsBmacYoToGPWfd57nzDeXopump,2026-02-12T09:24:23Z,HiSo5kykqDPs3EG14Fk9QY4B5RvkuEs8oJTiqPX3EDAn,6.2410614161e-09,6.24,,,,net_00474,1,3,LOW
GXzzY7AzfstiKaJT4NsBmacYoToGPWfd57nzDeXopump,2026-02-12T09:24:23Z,HiSo5kykqDPs3EG14Fk9QY4B5RvkuEs8oJTiqPX3EDAn,6.2410614161e-09,6.24,,,,net_00658,1,2,LOW
GXzzY7AzfstiKaJT4NsBmacYoToGPWfd57nzDeXopump,2026-02-12T09:24:23Z,HiSo5kykqDPs3EG14Fk9QY4B5RvkuEs8oJTiqPX3EDAn,6.2410614161e-09,6.24,,,,net_00766,1,2,LOW
GXzzY7AzfstiKaJT4NsBmacYoToGPWfd57nzDeXopump,2026-02-12T09:24:23Z,HiSo5kykqDPs3EG14Fk9QY4B5RvkuEs8oJTiqPX3EDAn,6.2410614161e-09,6.24,,,,net_00818,1,2,LOW
GXzzY7AzfstiKaJT4NsBmacYoToGPWfd57nzDeXopump,2026-02-12T09:24:23Z,HiSo5kykqDPs3EG14Fk9QY4B5RvkuEs8oJTiqPX3EDAn,6.2410614161e-09,6.24,,,,net_00931,1,2,LOW
GXzzY7AzfstiKaJT4NsBmacYoToGPWfd57nzDeXopump,2026-02-12T09:24:23Z,HiSo5kykqDPs3EG14Fk9QY4B5RvkuEs8oJTiqPX3EDAn,6.2410614161e-09,6.24,,,,net_00936,1,2,LOW
auGdWV6kR5KRZPvpMEZDB72jEWeKgVtHHJ6UswKpump,2026-02-12T09:21:48Z,GpTXmkdvrTajqkzX1fBmC4BUjSboF9dHgfnqPqj8WAc4,1.9120851288e-08,19.12,,,,net_00015,1,4,LOW
auGdWV6kR5KRZPvpMEZDB72jEWeKgVtHHJ6UswKpump,2026-02-12T09:21:48Z,GpTXmkdvrTajqkzX1fBmC4BUjSboF9dHgfnqPqj8WAc4,1.9120851288e-08,19.12,,,,net_00366,1,2,LOW
auGdWV6kR5KRZPvpMEZDB72jEWeKgVtHHJ6UswKpump,2026-02-12T09:21:48Z,GpTXmkdvrTajqkzX1fBmC4BUjSboF9dHgfnqPqj8WAc4,1.9120851288e-08,19.12,,,,net_00647,23,152,CRITICAL
auGdWV6kR5KRZPvpMEZDB72jEWeKgVtHHJ6UswKpump,2026-02-12T09:21:48Z,GpTXmkdvrTajqkzX1fBmC4BUjSboF9dHgfnqPqj8WAc4,1.9120851288e-08,19.12,,,,net_00660,1,2,LOW
auGdWV6kR5KRZPvpMEZDB72jEWeKgVtHHJ6UswKpump,2026-02-12T09:21:48Z,GpTXmkdvrTajqkzX1fBmC4BUjSboF9dHgfnqPqj8WAc4,1.9120851288e-08,19.12,,,,net_00795,1,2,LOW
s92mAY2Y22wh3RjpDqnJKV8RienMbNQHYLWE5BApump,2026-02-12T09:11:19Z,2JhrU4fQ1WEnF8isht96SmfoJrPCtKTGm6aKPjMawyqC,3.2821455232e-10,0.33,,,,NONE,0,0,NONE
2tMjqNdm3z95BThKnQY22uXjitWVMw1aTahxuLT5pump,2026-02-12T09:05:52Z,Afd5jKZiCLfbQJiHp56uNvdMTiHrD178mMuE2EnxabHh,2.7524617326e-10,0.28,,,,NONE,0,0,NONE
5LxYMG5A48kyhU4sjh7hdbDqeUSpNPqizqEfsU3wpump,2026-02-12T08:55:56Z,GpTXmkdvrTajqkzX1fBmC4BUjSboF9dHgfnqPqj8WAc4,5.4002685022e-08,54.00,,,,net_00015,1,4,LOW
5LxYMG5A48kyhU4sjh7hdbDqeUSpNPqizqEfsU3wpump,2026-02-12T08:55:56Z,GpTXmkdvrTajqkzX1fBmC4BUjSboF9dHgfnqPqj8WAc4,5.4002685022e-08,54.00,,,,net_00366,1,2,LOW
5LxYMG5A48kyhU4sjh7hdbDqeUSpNPqizqEfsU3wpump,2026-02-12T08:55:56Z,GpTXmkdvrTajqkzX1fBmC4BUjSboF9dHgfnqPqj8WAc4,5.4002685022e-08,54.00,,,,net_00647,23,152,CRITICAL
5LxYMG5A48kyhU4sjh7hdbDqeUSpNPqizqEfsU3wpump,2026-02-12T08:55:56Z,GpTXmkdvrTajqkzX1fBmC4BUjSboF9dHgfnqPqj8WAc4,5.4002685022e-08,54.00,,,,net_00660,1,2,LOW
5LxYMG5A48kyhU4sjh7hdbDqeUSpNPqizqEfsU3wpump,2026-02-12T08:55:56Z,GpTXmkdvrTajqkzX1fBmC4BUjSboF9dHgfnqPqj8WAc4,5.4002685022e-08,54.00,,,,net_00795,1,2,LOW
RhjFpnGcRy1J5SuSnFCzMJoxnY9XHmsF5TEkfrxpump,2026-02-12T08:52:23Z,Dq3fi8ZmBhkrwHFBChLk2pqV8iAGW9uuJP7coshGzqT6,7.3605566759e-08,73.61,,,,net_00033,1,2,LOW
RhjFpnGcRy1J5SuSnFCzMJoxnY9XHmsF5TEkfrxpump,2026-02-12T08:52:23Z,Dq3fi8ZmBhkrwHFBChLk2pqV8iAGW9uuJP7coshGzqT6,7.3605566759e-08,73.61,,,,net_00279,1,2,LOW
RhjFpnGcRy1J5SuSnFCzMJoxnY9XHmsF5TEkfrxpump,2026-02-12T08:52:23Z,Dq3fi8ZmBhkrwHFBChLk2pqV8iAGW9uuJP7coshGzqT6,7.3605566759e-08,73.61,,,,net_00387,1,2,LOW
RhjFpnGcRy1J5SuSnFCzMJoxnY9XHmsF5TEkfrxpump,2026-02-12T08:52:23Z,Dq3fi8ZmBhkrwHFBChLk2pqV8iAGW9uuJP7coshGzqT6,7.3605566759e-08,73.61,,,,net_00473,1,2,LOW
RhjFpnGcRy1J5SuSnFCzMJoxnY9XHmsF5TEkfrxpump,2026-02-12T08:52:23Z,Dq3fi8ZmBhkrwHFBChLk2pqV8iAGW9uuJP7coshGzqT6,7.3605566759e-08,73.61,,,,net_00795,1,2,LOW
RhjFpnGcRy1J5SuSnFCzMJoxnY9XHmsF5TEkfrxpump,2026-02-12T08:52:23Z,Dq3fi8ZmBhkrwHFBChLk2pqV8iAGW9uuJP7coshGzqT6,7.3605566759e-08,73.61,,,,net_00967,1,2,LOW
AzpV894DQhitb3G2e7NVurXYjzeNC6hbt3Tfr1jLqJRk,2026-02-12T08:46:20Z,HusVLYWwgAGXH2W138Hh6Y96ZbLv6qffMKcpipjs4Ahi,4.4509071100e-08,44.51,,,,net_00043,1,4,LOW
AzpV894DQhitb3G2e7NVurXYjzeNC6hbt3Tfr1jLqJRk,2026-02-12T08:46:20Z,HusVLYWwgAGXH2W138Hh6Y96ZbLv6qffMKcpipjs4Ahi,4.4509071100e-08,44.51,,,,net_00072,1,4,LOW
AzpV894DQhitb3G2e7NVurXYjzeNC6hbt3Tfr1jLqJRk,2026-02-12T08:46:20Z,HusVLYWwgAGXH2W138Hh6Y96ZbLv6qffMKcpipjs4Ahi,4.4509071100e-08,44.51,,,,net_00077,1,4,LOW
AzpV894DQhitb3G2e7NVurXYjzeNC6hbt3Tfr1jLqJRk,2026-02-12T08:46:20Z,HusVLYWwgAGXH2W138Hh6Y96ZbLv6qffMKcpipjs4Ahi,4.4509071100e-08,44.51,,,,net_00110,1,4,LOW
AzpV894DQhitb3G2e7NVurXYjzeNC6hbt3Tfr1jLqJRk,2026-02-12T08:46:20Z,HusVLYWwgAGXH2W138Hh6Y96ZbLv6qffMKcpipjs4Ahi,4.4509071100e-08,44.51,,,,net_00112,1,4,LOW
AzpV894DQhitb3G2e7NVurXYjzeNC6hbt3Tfr1jLqJRk,2026-02-12T08:46:20Z,HusVLYWwgAGXH2W138Hh6Y96ZbLv6qffMKcpipjs4Ahi,4.4509071100e-08,44.51,,,,net_00113,1,4,LOW
AzpV894DQhitb3G2e7NVurXYjzeNC6hbt3Tfr1jLqJRk,2026-02-12T08:46:20Z,HusVLYWwgAGXH2W138Hh6Y96ZbLv6qffMKcpipjs4Ahi,4.4509071100e-08,44.51,,,,net_00126,1,4,LOW
AzpV894DQhitb3G2e7NVurXYjzeNC6hbt3Tfr1jLqJRk,2026-02-12T08:46:20Z,HusVLYWwgAGXH2W138Hh6Y96ZbLv6qffMKcpipjs4Ahi,4.4509071100e-08,44.51,,,,net_00134,1,4,LOW
AzpV894DQhitb3G2e7NVurXYjzeNC6hbt3Tfr1jLqJRk,2026-02-12T08:46:20Z,HusVLYWwgAGXH2W138Hh6Y96ZbLv6qffMKcpipjs4Ahi,4.4509071100e-08,44.51,,,,net_00152,1,4,LOW
AzpV894DQhitb3G2e7NVurXYjzeNC6hbt3Tfr1jLqJRk,2026-02-12T08:46:20Z,HusVLYWwgAGXH2W138Hh6Y96ZbLv6qffMKcpipjs4Ahi,4.4509071100e-08,44.51,,,,net_00169,1,4,LOW
AzpV894DQhitb3G2e7NVurXYjzeNC6hbt3Tfr1jLqJRk,2026-02-12T08:46:20Z,HusVLYWwgAGXH2W138Hh6Y96ZbLv6qffMKcpipjs4Ahi,4.4509071100e-08,44.51,,,,net_00173,1,4,LOW
AzpV894DQhitb3G2e7NVurXYjzeNC6hbt3Tfr1jLqJRk,2026-02-12T08:46:20Z,HusVLYWwgAGXH2W138Hh6Y96ZbLv6qffMKcpipjs4Ahi,4.4509071100e-08,44.51,,,,net_00184,1,4,LOW
AzpV894DQhitb3G2e7NVurXYjzeNC6hbt3Tfr1jLqJRk,2026-02-12T08:46:20Z,HusVLYWwgAGXH2W138Hh6Y96ZbLv6qffMKcpipjs4Ahi,4.4509071100e-08,44.51,,,,net_00190,1,4,LOW
AzpV894DQhitb3G2e7NVurXYjzeNC6hbt3Tfr1jLqJRk,2026-02-12T08:46:20Z,HusVLYWwgAGXH2W138Hh6Y96ZbLv6qffMKcpipjs4Ahi,4.4509071100e-08,44.51,,,,net_00212,1,4,LOW
AzpV894DQhitb3G2e7NVurXYjzeNC6hbt3Tfr1jLqJRk,2026-02-12T08:46:20Z,HusVLYWwgAGXH2W138Hh6Y96ZbLv6qffMKcpipjs4Ahi,4.4509071100e-08,44.51,,,,net_00262,1,4,LOW
AzpV894DQhitb3G2e7NVurXYjzeNC6hbt3Tfr1jLqJRk,2026-02-12T08:46:20Z,HusVLYWwgAGXH2W138Hh6Y96ZbLv6qffMKcpipjs4Ahi,4.4509071100e-08,44.51,,,,net_00295,1,4,LOW
AzpV894DQhitb3G2e7NVurXYjzeNC6hbt3Tfr1jLqJRk,2026-02-12T08:46:20Z,HusVLYWwgAGXH2W138Hh6Y96ZbLv6qffMKcpipjs4Ahi,4.4509071100e-08,44.51,,,,net_00298,1,4,LOW
AzpV894DQhitb3G2e7NVurXYjzeNC6hbt3Tfr1jLqJRk,2026-02-12T08:46:20Z,HusVLYWwgAGXH2W138Hh6Y96ZbLv6qffMKcpipjs4Ahi,4.4509071100e-08,44.51,,,,net_00300,1,4,LOW
AzpV894DQhitb3G2e7NVurXYjzeNC6hbt3Tfr1jLqJRk,2026-02-12T08:46:20Z,HusVLYWwgAGXH2W138Hh6Y96ZbLv6qffMKcpipjs4Ahi,4.4509071100e-08,44.51,,,,net_00315,1,4,LOW
AzpV894DQhitb3G2e7NVurXYjzeNC6hbt3Tfr1jLqJRk,2026-02-12T08:46:20Z,HusVLYWwgAGXH2W138Hh6Y96ZbLv6qffMKcpipjs4Ahi,4.4509071100e-08,44.51,,,,net_00316,1,4,LOW
AzpV894DQhitb3G2e7NVurXYjzeNC6hbt3Tfr1jLqJRk,2026-02-12T08:46:20Z,HusVLYWwgAGXH2W138Hh6Y96ZbLv6qffMKcpipjs4Ahi,4.4509071100e-08,44.51,,,,net_00323,1,4,LOW
AzpV894DQhitb3G2e7NVurXYjzeNC6hbt3Tfr1jLqJRk,2026-02-12T08:46:20Z,HusVLYWwgAGXH2W138Hh6Y96ZbLv6qffMKcpipjs4Ahi,4.4509071100e-08,44.51,,,,net_00344,1,4,LOW
AzpV894DQhitb3G2e7NVurXYjzeNC6hbt3Tfr1jLqJRk,2026-02-12T08:46:20Z,HusVLYWwgAGXH2W138Hh6Y96ZbLv6qffMKcpipjs4Ahi,4.4509071100e-08,44.51,,,,net_00351,1,4,LOW
AzpV894DQhitb3G2e7NVurXYjzeNC6hbt3Tfr1jLqJRk,2026-02-12T08:46:20Z,HusVLYWwgAGXH2W138Hh6Y96ZbLv6qffMKcpipjs4Ahi,4.4509071100e-08,44.51,,,,net_00379,1,4,LOW
AzpV894DQhitb3G2e7NVurXYjzeNC6hbt3Tfr1jLqJRk,2026-02-12T08:46:20Z,HusVLYWwgAGXH2W138Hh6Y96ZbLv6qffMKcpipjs4Ahi,4.4509071100e-08,44.51,,,,net_00381,1,4,LOW
AzpV894DQhitb3G2e7NVurXYjzeNC6hbt3Tfr1jLqJRk,2026-02-12T08:46:20Z,HusVLYWwgAGXH2W138Hh6Y96ZbLv6qffMKcpipjs4Ahi,4.4509071100e-08,44.51,,,,net_00389,1,4,LOW
AzpV894DQhitb3G2e7NVurXYjzeNC6hbt3Tfr1jLqJRk,2026-02-12T08:46:20Z,HusVLYWwgAGXH2W138Hh6Y96ZbLv6qffMKcpipjs4Ahi,4.4509071100e-08,44.51,,,,net_00401,1,4,LOW
AzpV894DQhitb3G2e7NVurXYjzeNC6hbt3Tfr1jLqJRk,2026-02-12T08:46:20Z,HusVLYWwgAGXH2W138Hh6Y96ZbLv6qffMKcpipjs4Ahi,4.4509071100e-08,44.51,,,,net_00408,1,4,LOW
AzpV894DQhitb3G2e7NVurXYjzeNC6hbt3Tfr1jLqJRk,2026-02-12T08:46:20Z,HusVLYWwgAGXH2W138Hh6Y96ZbLv6qffMKcpipjs4Ahi,4.4509071100e-08,44.51,,,,net_00505,1,4,LOW
AzpV894DQhitb3G2e7NVurXYjzeNC6hbt3Tfr1jLqJRk,2026-02-12T08:46:20Z,HusVLYWwgAGXH2W138Hh6Y96ZbLv6qffMKcpipjs4Ahi,4.4509071100e-08,44.51,,,,net_00511,1,4,LOW
AzpV894DQhitb3G2e7NVurXYjzeNC6hbt3Tfr1jLqJRk,2026-02-12T08:46:20Z,HusVLYWwgAGXH2W138Hh6Y96ZbLv6qffMKcpipjs4Ahi,4.4509071100e-08,44.51,,,,net_00512,1,4,LOW
AzpV894DQhitb3G2e7NVurXYjzeNC6hbt3Tfr1jLqJRk,2026-02-12T08:46:20Z,HusVLYWwgAGXH2W138Hh6Y96ZbLv6qffMKcpipjs4Ahi,4.4509071100e-08,44.51,,,,net_00519,1,4,LOW
AzpV894DQhitb3G2e7NVurXYjzeNC6hbt3Tfr1jLqJRk,2026-02-12T08:46:20Z,HusVLYWwgAGXH2W138Hh6Y96ZbLv6qffMKcpipjs4Ahi,4.4509071100e-08,44.51,,,,net_00531,1,4,LOW
AzpV894DQhitb3G2e7NVurXYjzeNC6hbt3Tfr1jLqJRk,2026-02-12T08:46:20Z,HusVLYWwgAGXH2W138Hh6Y96ZbLv6qffMKcpipjs4Ahi,4.4509071100e-08,44.51,,,,net_00538,1,4,LOW
AzpV894DQhitb3G2e7NVurXYjzeNC6hbt3Tfr1jLqJRk,2026-02-12T08:46:20Z,HusVLYWwgAGXH2W138Hh6Y96ZbLv6qffMKcpipjs4Ahi,4.4509071100e-08,44.51,,,,net_00541,1,4,LOW
AzpV894DQhitb3G2e7NVurXYjzeNC6hbt3Tfr1jLqJRk,2026-02-12T08:46:20Z,HusVLYWwgAGXH2W138Hh6Y96ZbLv6qffMKcpipjs4Ahi,4.4509071100e-08,44.51,,,,net_00559,1,4,LOW
AzpV894DQhitb3G2e7NVurXYjzeNC6hbt3Tfr1jLqJRk,2026-02-12T08:46:20Z,HusVLYWwgAGXH2W138Hh6Y96ZbLv6qffMKcpipjs4Ahi,4.4509071100e-08,44.51,,,,net_00583,1,4,LOW
AzpV894DQhitb3G2e7NVurXYjzeNC6hbt3Tfr1jLqJRk,2026-02-12T08:46:20Z,HusVLYWwgAGXH2W138Hh6Y96ZbLv6qffMKcpipjs4Ahi,4.4509071100e-08,44.51,,,,net_00601,1,4,LOW
AzpV894DQhitb3G2e7NVurXYjzeNC6hbt3Tfr1jLqJRk,2026-02-12T08:46:20Z,HusVLYWwgAGXH2W138Hh6Y96ZbLv6qffMKcpipjs4Ahi,4.4509071100e-08,44.51,,,,net_00617,1,4,LOW
AzpV894DQhitb3G2e7NVurXYjzeNC6hbt3Tfr1jLqJRk,2026-02-12T08:46:20Z,HusVLYWwgAGXH2W138Hh6Y96ZbLv6qffMKcpipjs4Ahi,4.4509071100e-08,44.51,,,,net_00618,1,4,LOW
AzpV894DQhitb3G2e7NVurXYjzeNC6hbt3Tfr1jLqJRk,2026-02-12T08:46:20Z,HusVLYWwgAGXH2W138Hh6Y96ZbLv6qffMKcpipjs4Ahi,4.4509071100e-08,44.51,,,,net_00622,1,4,LOW
AzpV894DQhitb3G2e7NVurXYjzeNC6hbt3Tfr1jLqJRk,2026-02-12T08:46:20Z,HusVLYWwgAGXH2W138Hh6Y96ZbLv6qffMKcpipjs4Ahi,4.4509071100e-08,44.51,,,,net_00655,1,4,LOW
AzpV894DQhitb3G2e7NVurXYjzeNC6hbt3Tfr1jLqJRk,2026-02-12T08:46:20Z,HusVLYWwgAGXH2W138Hh6Y96ZbLv6qffMKcpipjs4Ahi,4.4509071100e-08,44.51,,,,net_00672,1,4,LOW
AzpV894DQhitb3G2e7NVurXYjzeNC6hbt3Tfr1jLqJRk,2026-02-12T08:46:20Z,HusVLYWwgAGXH2W138Hh6Y96ZbLv6qffMKcpipjs4Ahi,4.4509071100e-08,44.51,,,,net_00708,1,4,LOW
AzpV894DQhitb3G2e7NVurXYjzeNC6hbt3Tfr1jLqJRk,2026-02-12T08:46:20Z,HusVLYWwgAGXH2W138Hh6Y96ZbLv6qffMKcpipjs4Ahi,4.4509071100e-08,44.51,,,,net_00713,1,4,LOW
AzpV894DQhitb3G2e7NVurXYjzeNC6hbt3Tfr1jLqJRk,2026-02-12T08:46:20Z,HusVLYWwgAGXH2W138Hh6Y96ZbLv6qffMKcpipjs4Ahi,4.4509071100e-08,44.51,,,,net_00716,1,4,LOW
AzpV894DQhitb3G2e7NVurXYjzeNC6hbt3Tfr1jLqJRk,2026-02-12T08:46:20Z,HusVLYWwgAGXH2W138Hh6Y96ZbLv6qffMKcpipjs4Ahi,4.4509071100e-08,44.51,,,,net_00741,1,4,LOW
AzpV894DQhitb3G2e7NVurXYjzeNC6hbt3Tfr1jLqJRk,2026-02-12T08:46:20Z,HusVLYWwgAGXH2W138Hh6Y96ZbLv6qffMKcpipjs4Ahi,4.4509071100e-08,44.51,,,,net_00743,1,4,LOW
AzpV894DQhitb3G2e7NVurXYjzeNC6hbt3Tfr1jLqJRk,2026-02-12T08:46:20Z,HusVLYWwgAGXH2W138Hh6Y96ZbLv6qffMKcpipjs4Ahi,4.4509071100e-08,44.51,,,,net_00753,1,4,LOW
AzpV894DQhitb3G2e7NVurXYjzeNC6hbt3Tfr1jLqJRk,2026-02-12T08:46:20Z,HusVLYWwgAGXH2W138Hh6Y96ZbLv6qffMKcpipjs4Ahi,4.4509071100e-08,44.51,,,,net_00757,1,4,LOW
AzpV894DQhitb3G2e7NVurXYjzeNC6hbt3Tfr1jLqJRk,2026-02-12T08:46:20Z,HusVLYWwgAGXH2W138Hh6Y96ZbLv6qffMKcpipjs4Ahi,4.4509071100e-08,44.51,,,,net_00769,1,4,LOW
AzpV894DQhitb3G2e7NVurXYjzeNC6hbt3Tfr1jLqJRk,2026-02-12T08:46:20Z,HusVLYWwgAGXH2W138Hh6Y96ZbLv6qffMKcpipjs4Ahi,4.4509071100e-08,44.51,,,,net_00774,1,4,LOW
AzpV894DQhitb3G2e7NVurXYjzeNC6hbt3Tfr1jLqJRk,2026-02-12T08:46:20Z,HusVLYWwgAGXH2W138Hh6Y96ZbLv6qffMKcpipjs4Ahi,4.4509071100e-08,44.51,,,,net_00777,1,4,LOW
AzpV894DQhitb3G2e7NVurXYjzeNC6hbt3Tfr1jLqJRk,2026-02-12T08:46:20Z,HusVLYWwgAGXH2W138Hh6Y96ZbLv6qffMKcpipjs4Ahi,4.4509071100e-08,44.51,,,,net_00782,1,4,LOW
AzpV894DQhitb3G2e7NVurXYjzeNC6hbt3Tfr1jLqJRk,2026-02-12T08:46:20Z,HusVLYWwgAGXH2W138Hh6Y96ZbLv6qffMKcpipjs4Ahi,4.4509071100e-08,44.51,,,,net_00814,1,4,LOW
AzpV894DQhitb3G2e7NVurXYjzeNC6hbt3Tfr1jLqJRk,2026-02-12T08:46:20Z,HusVLYWwgAGXH2W138Hh6Y96ZbLv6qffMKcpipjs4Ahi,4.4509071100e-08,44.51,,,,net_00817,1,4,LOW
AzpV894DQhitb3G2e7NVurXYjzeNC6hbt3Tfr1jLqJRk,2026-02-12T08:46:20Z,HusVLYWwgAGXH2W138Hh6Y96ZbLv6qffMKcpipjs4Ahi,4.4509071100e-08,44.51,,,,net_00855,1,4,LOW
AzpV894DQhitb3G2e7NVurXYjzeNC6hbt3Tfr1jLqJRk,2026-02-12T08:46:20Z,HusVLYWwgAGXH2W138Hh6Y96ZbLv6qffMKcpipjs4Ahi,4.4509071100e-08,44.51,,,,net_00865,1,4,LOW
AzpV894DQhitb3G2e7NVurXYjzeNC6hbt3Tfr1jLqJRk,2026-02-12T08:46:20Z,HusVLYWwgAGXH2W138Hh6Y96ZbLv6qffMKcpipjs4Ahi,4.4509071100e-08,44.51,,,,net_00877,1,4,LOW
AzpV894DQhitb3G2e7NVurXYjzeNC6hbt3Tfr1jLqJRk,2026-02-12T08:46:20Z,HusVLYWwgAGXH2W138Hh6Y96ZbLv6qffMKcpipjs4Ahi,4.4509071100e-08,44.51,,,,net_00881,1,4,LOW
AzpV894DQhitb3G2e7NVurXYjzeNC6hbt3Tfr1jLqJRk,2026-02-12T08:46:20Z,HusVLYWwgAGXH2W138Hh6Y96ZbLv6qffMKcpipjs4Ahi,4.4509071100e-08,44.51,,,,net_00895,1,4,LOW
AzpV894DQhitb3G2e7NVurXYjzeNC6hbt3Tfr1jLqJRk,2026-02-12T08:46:20Z,HusVLYWwgAGXH2W138Hh6Y96ZbLv6qffMKcpipjs4Ahi,4.4509071100e-08,44.51,,,,net_00906,1,4,LOW
AzpV894DQhitb3G2e7NVurXYjzeNC6hbt3Tfr1jLqJRk,2026-02-12T08:46:20Z,HusVLYWwgAGXH2W138Hh6Y96ZbLv6qffMKcpipjs4Ahi,4.4509071100e-08,44.51,,,,net_00928,1,4,LOW
AzpV894DQhitb3G2e7NVurXYjzeNC6hbt3Tfr1jLqJRk,2026-02-12T08:46:20Z,HusVLYWwgAGXH2W138Hh6Y96ZbLv6qffMKcpipjs4Ahi,4.4509071100e-08,44.51,,,,net_00952,1,4,LOW
AzpV894DQhitb3G2e7NVurXYjzeNC6hbt3Tfr1jLqJRk,2026-02-12T08:46:20Z,HusVLYWwgAGXH2W138Hh6Y96ZbLv6qffMKcpipjs4Ahi,4.4509071100e-08,44.51,,,,net_00954,1,4,LOW
AzpV894DQhitb3G2e7NVurXYjzeNC6hbt3Tfr1jLqJRk,2026-02-12T08:46:20Z,HusVLYWwgAGXH2W138Hh6Y96ZbLv6qffMKcpipjs4Ahi,4.4509071100e-08,44.51,,,,net_00962,1,4,LOW
AzpV894DQhitb3G2e7NVurXYjzeNC6hbt3Tfr1jLqJRk,2026-02-12T08:46:20Z,HusVLYWwgAGXH2W138Hh6Y96ZbLv6qffMKcpipjs4Ahi,4.4509071100e-08,44.51,,,,net_01052,1,4,LOW
AzpV894DQhitb3G2e7NVurXYjzeNC6hbt3Tfr1jLqJRk,2026-02-12T08:46:20Z,HusVLYWwgAGXH2W138Hh6Y96ZbLv6qffMKcpipjs4Ahi,4.4509071100e-08,44.51,,,,net_01079,1,4,LOW
6SCmisPvGvj2SZCQG9dXMAv4WkBuoN8Eopo4CqBbxp5h,2026-02-12T08:44:16Z,nnnnk1ZnW8BB63JkM7z1xBGKURAmjfo4pFfra8HEiEs,8.3608628201e-11,0.08,,,,NONE,0,0,NONE
ADT7AFn9cZJhHRPpVPhD1auwP7bTT125dvxikaBVpump,2026-02-12T08:42:39Z,4pDesDYFZf4vJ4jEX7t92dxxtAWQ5GvfHfxRsBG1acuU,5.7492765397e-10,0.57,,,,NONE,0,0,NONE
HmJMi5HBLosPLboa4ng3sa43kV4rp1d9gaqdC2o7pump,2026-02-12T08:38:07Z,Dq3fi8ZmBhkrwHFBChLk2pqV8iAGW9uuJP7coshGzqT6,1.7168874694e-07,171.69,,,,net_00033,1,2,LOW
HmJMi5HBLosPLboa4ng3sa43kV4rp1d9gaqdC2o7pump,2026-02-12T08:38:07Z,Dq3fi8ZmBhkrwHFBChLk2pqV8iAGW9uuJP7coshGzqT6,1.7168874694e-07,171.69,,,,net_00279,1,2,LOW
HmJMi5HBLosPLboa4ng3sa43kV4rp1d9gaqdC2o7pump,2026-02-12T08:38:07Z,Dq3fi8ZmBhkrwHFBChLk2pqV8iAGW9uuJP7coshGzqT6,1.7168874694e-07,171.69,,,,net_00387,1,2,LOW
HmJMi5HBLosPLboa4ng3sa43kV4rp1d9gaqdC2o7pump,2026-02-12T08:38:07Z,Dq3fi8ZmBhkrwHFBChLk2pqV8iAGW9uuJP7coshGzqT6,1.7168874694e-07,171.69,,,,net_00473,1,2,LOW
HmJMi5HBLosPLboa4ng3sa43kV4rp1d9gaqdC2o7pump,2026-02-12T08:38:07Z,Dq3fi8ZmBhkrwHFBChLk2pqV8iAGW9uuJP7coshGzqT6,1.7168874694e-07,171.69,,,,net_00795,1,2,LOW
HmJMi5HBLosPLboa4ng3sa43kV4rp1d9gaqdC2o7pump,2026-02-12T08:38:07Z,Dq3fi8ZmBhkrwHFBChLk2pqV8iAGW9uuJP7coshGzqT6,1.7168874694e-07,171.69,,,,net_00967,1,2,LOW
3C1LNRE6ibE5aFmrDf93MDiLNtwdawbH5YP3MqR2pump,2026-02-12T08:23:50Z,4mSEjc2MsmavxA5AVEVn341gA1NHxJygSn1DbbHL4S6D,4.7419667694e-08,47.42,,,,NONE,0,0,NONE
8nJ2N3HEachh7NGK3M6AvpJemo1xHVK9RxTsPBKrpump,2026-02-12T08:15:50Z,9PBKuVvRLkfzuzhWAMpCL2zs6WcFeXpBaR73iUekcNsK,6.2588403660e-09,6.26,,,,NONE,0,0,NONE
76w99UXPLdVGEF1QAFXMqJdJ17ywDbbT2syvb31Rpump,2026-02-12T08:04:34Z,4mSEjc2MsmavxA5AVEVn341gA1NHxJygSn1DbbHL4S6D,1.6964395286e-07,169.64,,,,NONE,0,0,NONE
2Ft9y5rriLAFjiCiZ86XWdcu9yVPkMze3QnYzJDEpump,2026-02-12T07:53:48Z,9VXuNqqqzniYYW3fRDeaCtUUtqWsEeWWn5umh3aF9h17,3.9042978702e-08,39.04,,,,net_00006,1,3,LOW
2Ft9y5rriLAFjiCiZ86XWdcu9yVPkMze3QnYzJDEpump,2026-02-12T07:53:48Z,9VXuNqqqzniYYW3fRDeaCtUUtqWsEeWWn5umh3aF9h17,3.9042978702e-08,39.04,,,,net_00123,1,3,LOW
2Ft9y5rriLAFjiCiZ86XWdcu9yVPkMze3QnYzJDEpump,2026-02-12T07:53:48Z,9VXuNqqqzniYYW3fRDeaCtUUtqWsEeWWn5umh3aF9h17,3.9042978702e-08,39.04,,,,net_00181,1,2,LOW
2Ft9y5rriLAFjiCiZ86XWdcu9yVPkMze3QnYzJDEpump,2026-02-12T07:53:48Z,9VXuNqqqzniYYW3fRDeaCtUUtqWsEeWWn5umh3aF9h17,3.9042978702e-08,39.04,,,,net_00355,1,3,LOW
2Ft9y5rriLAFjiCiZ86XWdcu9yVPkMze3QnYzJDEpump,2026-02-12T07:53:48Z,9VXuNqqqzniYYW3fRDeaCtUUtqWsEeWWn5umh3aF9h17,3.9042978702e-08,39.04,,,,net_00467,1,2,LOW
2Ft9y5rriLAFjiCiZ86XWdcu9yVPkMze3QnYzJDEpump,2026-02-12T07:53:48Z,9VXuNqqqzniYYW3fRDeaCtUUtqWsEeWWn5umh3aF9h17,3.9042978702e-08,39.04,,,,net_00553,1,2,LOW
2Ft9y5rriLAFjiCiZ86XWdcu9yVPkMze3QnYzJDEpump,2026-02-12T07:53:48Z,9VXuNqqqzniYYW3fRDeaCtUUtqWsEeWWn5umh3aF9h17,3.9042978702e-08,39.04,,,,net_00591,1,3,LOW
2Ft9y5rriLAFjiCiZ86XWdcu9yVPkMze3QnYzJDEpump,2026-02-12T07:53:48Z,9VXuNqqqzniYYW3fRDeaCtUUtqWsEeWWn5umh3aF9h17,3.9042978702e-08,39.04,,,,net_00720,1,3,LOW
2Ft9y5rriLAFjiCiZ86XWdcu9yVPkMze3QnYzJDEpump,2026-02-12T07:53:48Z,9VXuNqqqzniYYW3fRDeaCtUUtqWsEeWWn5umh3aF9h17,3.9042978702e-08,39.04,,,,net_00737,1,2,LOW
2Ft9y5rriLAFjiCiZ86XWdcu9yVPkMze3QnYzJDEpump,2026-02-12T07:53:48Z,9VXuNqqqzniYYW3fRDeaCtUUtqWsEeWWn5umh3aF9h17,3.9042978702e-08,39.04,,,,net_00953,1,2,LOW
2Ft9y5rriLAFjiCiZ86XWdcu9yVPkMze3QnYzJDEpump,2026-02-12T07:53:48Z,9VXuNqqqzniYYW3fRDeaCtUUtqWsEeWWn5umh3aF9h17,3.9042978702e-08,39.04,,,,net_01092,1,2,LOW
4X5Yg8xwwyLkuxjkaRzsiXUVnE6bAvkqn1ePgdbWpump,2026-02-12T07:52:25Z,DEfC6QKpvb6DD1HfAUQRWh5hJePEVDuSfMTqATQ8DdMt,1.0986971107e-08,10.99,,,,NONE,0,0,NONE
4iucjs4Y2e2Uc2Aa9C2wByvoJgB8nxfwkfoZx43ypump,2026-02-12T07:44:21Z,BjbK4r2dsUmWwJ1XQzRiZUBWLT6YmEor5QqRQ57zDFiD,6.7169358852e-09,6.72,,,,NONE,0,0,NONE
6d338JxX6WUsGudT2ncoYmG3zRBj3XoTwckZ7pwKpump,2026-02-12T07:33:24Z,9zMQnigvbMTLABh9HojBr2dLxXy2qPDoqHAe7366VxCU,4.2657928460e-11,0.04,,,,net_00031,22,12,MEDIUM
Fa5Rf2BnATni1TiAqK57fBhXQZdLf3CPKXGzxrkrpump,2026-02-12T07:31:52Z,A8Z1ejQGk45EJibBPJviWnM3UvwKSuYun53nSCkWKM52,5.6103486298e-07,561.03,,,,net_00015,1,4,LOW
Fa5Rf2BnATni1TiAqK57fBhXQZdLf3CPKXGzxrkrpump,2026-02-12T07:31:52Z,A8Z1ejQGk45EJibBPJviWnM3UvwKSuYun53nSCkWKM52,5.6103486298e-07,561.03,,,,net_00028,38,11,MEDIUM
Fa5Rf2BnATni1TiAqK57fBhXQZdLf3CPKXGzxrkrpump,2026-02-12T07:31:52Z,A8Z1ejQGk45EJibBPJviWnM3UvwKSuYun53nSCkWKM52,5.6103486298e-07,561.03,,,,net_00088,1,3,LOW
Fa5Rf2BnATni1TiAqK57fBhXQZdLf3CPKXGzxrkrpump,2026-02-12T07:31:52Z,A8Z1ejQGk45EJibBPJviWnM3UvwKSuYun53nSCkWKM52,5.6103486298e-07,561.03,,,,net_00100,1,2,LOW
Fa5Rf2BnATni1TiAqK57fBhXQZdLf3CPKXGzxrkrpump,2026-02-12T07:31:52Z,A8Z1ejQGk45EJibBPJviWnM3UvwKSuYun53nSCkWKM52,5.6103486298e-07,561.03,,,,net_00148,1,2,LOW
Fa5Rf2BnATni1TiAqK57fBhXQZdLf3CPKXGzxrkrpump,2026-02-12T07:31:52Z,A8Z1ejQGk45EJibBPJviWnM3UvwKSuYun53nSCkWKM52,5.6103486298e-07,561.03,,,,net_00155,1,2,LOW
Fa5Rf2BnATni1TiAqK57fBhXQZdLf3CPKXGzxrkrpump,2026-02-12T07:31:52Z,A8Z1ejQGk45EJibBPJviWnM3UvwKSuYun53nSCkWKM52,5.6103486298e-07,561.03,,,,net_00186,1,2,LOW
Fa5Rf2BnATni1TiAqK57fBhXQZdLf3CPKXGzxrkrpump,2026-02-12T07:31:52Z,A8Z1ejQGk45EJibBPJviWnM3UvwKSuYun53nSCkWKM52,5.6103486298e-07,561.03,,,,net_00373,1,5,LOW
Fa5Rf2BnATni1TiAqK57fBhXQZdLf3CPKXGzxrkrpump,2026-02-12T07:31:52Z,A8Z1ejQGk45EJibBPJviWnM3UvwKSuYun53nSCkWKM52,5.6103486298e-07,561.03,,,,net_00441,1,2,LOW
Fa5Rf2BnATni1TiAqK57fBhXQZdLf3CPKXGzxrkrpump,2026-02-12T07:31:52Z,A8Z1ejQGk45EJibBPJviWnM3UvwKSuYun53nSCkWKM52,5.6103486298e-07,561.03,,,,net_00592,1,8,MEDIUM
Fa5Rf2BnATni1TiAqK57fBhXQZdLf3CPKXGzxrkrpump,2026-02-12T07:31:52Z,A8Z1ejQGk45EJibBPJviWnM3UvwKSuYun53nSCkWKM52,5.6103486298e-07,561.03,,,,net_00658,1,2,LOW
Fa5Rf2BnATni1TiAqK57fBhXQZdLf3CPKXGzxrkrpump,2026-02-12T07:31:52Z,A8Z1ejQGk45EJibBPJviWnM3UvwKSuYun53nSCkWKM52,5.6103486298e-07,561.03,,,,net_00766,1,2,LOW
Fa5Rf2BnATni1TiAqK57fBhXQZdLf3CPKXGzxrkrpump,2026-02-12T07:31:52Z,A8Z1ejQGk45EJibBPJviWnM3UvwKSuYun53nSCkWKM52,5.6103486298e-07,561.03,,,,net_00800,1,7,MEDIUM
Fa5Rf2BnATni1TiAqK57fBhXQZdLf3CPKXGzxrkrpump,2026-02-12T07:31:52Z,A8Z1ejQGk45EJibBPJviWnM3UvwKSuYun53nSCkWKM52,5.6103486298e-07,561.03,,,,net_00820,1,2,LOW
2LSmsaX5XzRhRyQiK49uFkjMXaZQqsKDsTrdfAnGpump,2026-02-12T07:26:52Z,52oeqXUemSPRkESRCgoNvnmJpYhbWtY3uVieeVq6v3EM,4.9284238391e-10,0.49,,,,net_00114,1,2,LOW
2LSmsaX5XzRhRyQiK49uFkjMXaZQqsKDsTrdfAnGpump,2026-02-12T07:26:52Z,52oeqXUemSPRkESRCgoNvnmJpYhbWtY3uVieeVq6v3EM,4.9284238391e-10,0.49,,,,net_00257,1,2,LOW
2LSmsaX5XzRhRyQiK49uFkjMXaZQqsKDsTrdfAnGpump,2026-02-12T07:26:52Z,52oeqXUemSPRkESRCgoNvnmJpYhbWtY3uVieeVq6v3EM,4.9284238391e-10,0.49,,,,net_00448,1,2,LOW
2LSmsaX5XzRhRyQiK49uFkjMXaZQqsKDsTrdfAnGpump,2026-02-12T07:26:52Z,52oeqXUemSPRkESRCgoNvnmJpYhbWtY3uVieeVq6v3EM,4.9284238391e-10,0.49,,,,net_00564,1,2,LOW
2LSmsaX5XzRhRyQiK49uFkjMXaZQqsKDsTrdfAnGpump,2026-02-12T07:26:52Z,52oeqXUemSPRkESRCgoNvnmJpYhbWtY3uVieeVq6v3EM,4.9284238391e-10,0.49,,,,net_00570,1,4,LOW
2LSmsaX5XzRhRyQiK49uFkjMXaZQqsKDsTrdfAnGpump,2026-02-12T07:26:52Z,52oeqXUemSPRkESRCgoNvnmJpYhbWtY3uVieeVq6v3EM,4.9284238391e-10,0.49,,,,net_00592,1,8,MEDIUM
2LSmsaX5XzRhRyQiK49uFkjMXaZQqsKDsTrdfAnGpump,2026-02-12T07:26:52Z,52oeqXUemSPRkESRCgoNvnmJpYhbWtY3uVieeVq6v3EM,4.9284238391e-10,0.49,,,,net_00679,1,7,MEDIUM
2LSmsaX5XzRhRyQiK49uFkjMXaZQqsKDsTrdfAnGpump,2026-02-12T07:26:52Z,52oeqXUemSPRkESRCgoNvnmJpYhbWtY3uVieeVq6v3EM,4.9284238391e-10,0.49,,,,net_00834,1,2,LOW
2LSmsaX5XzRhRyQiK49uFkjMXaZQqsKDsTrdfAnGpump,2026-02-12T07:26:52Z,52oeqXUemSPRkESRCgoNvnmJpYhbWtY3uVieeVq6v3EM,4.9284238391e-10,0.49,,,,net_00882,1,7,MEDIUM
2LSmsaX5XzRhRyQiK49uFkjMXaZQqsKDsTrdfAnGpump,2026-02-12T07:26:52Z,52oeqXUemSPRkESRCgoNvnmJpYhbWtY3uVieeVq6v3EM,4.9284238391e-10,0.49,,,,net_00935,1,3,LOW
2LSmsaX5XzRhRyQiK49uFkjMXaZQqsKDsTrdfAnGpump,2026-02-12T07:26:52Z,52oeqXUemSPRkESRCgoNvnmJpYhbWtY3uVieeVq6v3EM,4.9284238391e-10,0.49,,,,net_01064,1,5,LOW
8gyzCPVL6DHE17nPnnqA72BRRihbWSnEaujd5qwVpump,2026-02-12T07:18:47Z,22ce3kbTWFiRDSCcvxRR4iCmep2Xc8pGzEJw1Ancs3q8,8.7473055514e-09,8.75,,,,NONE,0,0,NONE
EGSmtPMZesRrnXzj2XCZVUXiFZxZg5V1rAszSABUpump,2026-02-12T07:10:27Z,4TGb4yXdopy1FYAYofSvDRxGoNDEzTzWcpyqgdtFpx7t,4.9282135261e-10,0.49,,,,net_00024,33,5,LOW
EGSmtPMZesRrnXzj2XCZVUXiFZxZg5V1rAszSABUpump,2026-02-12T07:10:27Z,4TGb4yXdopy1FYAYofSvDRxGoNDEzTzWcpyqgdtFpx7t,4.9282135261e-10,0.49,,,,net_00049,15,15,MEDIUM
EGSmtPMZesRrnXzj2XCZVUXiFZxZg5V1rAszSABUpump,2026-02-12T07:10:27Z,4TGb4yXdopy1FYAYofSvDRxGoNDEzTzWcpyqgdtFpx7t,4.9282135261e-10,0.49,,,,net_00160,1,4,LOW
EGSmtPMZesRrnXzj2XCZVUXiFZxZg5V1rAszSABUpump,2026-02-12T07:10:27Z,4TGb4yXdopy1FYAYofSvDRxGoNDEzTzWcpyqgdtFpx7t,4.9282135261e-10,0.49,,,,net_00171,1,2,LOW
EGSmtPMZesRrnXzj2XCZVUXiFZxZg5V1rAszSABUpump,2026-02-12T07:10:27Z,4TGb4yXdopy1FYAYofSvDRxGoNDEzTzWcpyqgdtFpx7t,4.9282135261e-10,0.49,,,,net_00335,1,3,LOW
EGSmtPMZesRrnXzj2XCZVUXiFZxZg5V1rAszSABUpump,2026-02-12T07:10:27Z,4TGb4yXdopy1FYAYofSvDRxGoNDEzTzWcpyqgdtFpx7t,4.9282135261e-10,0.49,,,,net_00443,1,4,LOW
EGSmtPMZesRrnXzj2XCZVUXiFZxZg5V1rAszSABUpump,2026-02-12T07:10:27Z,4TGb4yXdopy1FYAYofSvDRxGoNDEzTzWcpyqgdtFpx7t,4.9282135261e-10,0.49,,,,net_00488,1,2,LOW
EGSmtPMZesRrnXzj2XCZVUXiFZxZg5V1rAszSABUpump,2026-02-12T07:10:27Z,4TGb4yXdopy1FYAYofSvDRxGoNDEzTzWcpyqgdtFpx7t,4.9282135261e-10,0.49,,,,net_00515,1,3,LOW
EGSmtPMZesRrnXzj2XCZVUXiFZxZg5V1rAszSABUpump,2026-02-12T07:10:27Z,4TGb4yXdopy1FYAYofSvDRxGoNDEzTzWcpyqgdtFpx7t,4.9282135261e-10,0.49,,,,net_00560,1,2,LOW
EGSmtPMZesRrnXzj2XCZVUXiFZxZg5V1rAszSABUpump,2026-02-12T07:10:27Z,4TGb4yXdopy1FYAYofSvDRxGoNDEzTzWcpyqgdtFpx7t,4.9282135261e-10,0.49,,,,net_00679,1,7,MEDIUM
EGSmtPMZesRrnXzj2XCZVUXiFZxZg5V1rAszSABUpump,2026-02-12T07:10:27Z,4TGb4yXdopy1FYAYofSvDRxGoNDEzTzWcpyqgdtFpx7t,4.9282135261e-10,0.49,,,,net_00763,1,2,LOW
EGSmtPMZesRrnXzj2XCZVUXiFZxZg5V1rAszSABUpump,2026-02-12T07:10:27Z,4TGb4yXdopy1FYAYofSvDRxGoNDEzTzWcpyqgdtFpx7t,4.9282135261e-10,0.49,,,,net_00869,1,2,LOW
EGSmtPMZesRrnXzj2XCZVUXiFZxZg5V1rAszSABUpump,2026-02-12T07:10:27Z,4TGb4yXdopy1FYAYofSvDRxGoNDEzTzWcpyqgdtFpx7t,4.9282135261e-10,0.49,,,,net_00882,1,7,MEDIUM
EGSmtPMZesRrnXzj2XCZVUXiFZxZg5V1rAszSABUpump,2026-02-12T07:10:27Z,4TGb4yXdopy1FYAYofSvDRxGoNDEzTzWcpyqgdtFpx7t,4.9282135261e-10,0.49,,,,net_00953,1,2,LOW
EGSmtPMZesRrnXzj2XCZVUXiFZxZg5V1rAszSABUpump,2026-02-12T07:10:27Z,4TGb4yXdopy1FYAYofSvDRxGoNDEzTzWcpyqgdtFpx7t,4.9282135261e-10,0.49,,,,net_00969,1,6,MEDIUM
EGSmtPMZesRrnXzj2XCZVUXiFZxZg5V1rAszSABUpump,2026-02-12T07:10:27Z,4TGb4yXdopy1FYAYofSvDRxGoNDEzTzWcpyqgdtFpx7t,4.9282135261e-10,0.49,,,,net_01070,1,3,LOW
EGSmtPMZesRrnXzj2XCZVUXiFZxZg5V1rAszSABUpump,2026-02-12T07:10:27Z,4TGb4yXdopy1FYAYofSvDRxGoNDEzTzWcpyqgdtFpx7t,4.9282135261e-10,0.49,,,,net_01094,1,6,MEDIUM
EGSmtPMZesRrnXzj2XCZVUXiFZxZg5V1rAszSABUpump,2026-02-12T07:10:27Z,4TGb4yXdopy1FYAYofSvDRxGoNDEzTzWcpyqgdtFpx7t,4.9282135261e-10,0.49,,,,net_01096,1,2,LOW
EGSmtPMZesRrnXzj2XCZVUXiFZxZg5V1rAszSABUpump,2026-02-12T07:10:27Z,4TGb4yXdopy1FYAYofSvDRxGoNDEzTzWcpyqgdtFpx7t,4.9282135261e-10,0.49,,,,net_01097,1,4,LOW
A5LU7QxXvJyjLJ8L8YhNN64LH4M61f1PGRxm1snnpump,2026-02-12T07:09:05Z,9gFA7cjcwiz9fNwCDMrjRjbQgMacUpcsTLBifAfGpcur,1.9280143308e-08,19.28,,,,net_00194,1,6,MEDIUM
3Pq8Y8ApMMYJGemHY8aapdsUZF6pe2LRZJHv2Mwtpump,2026-02-12T06:59:17Z,4cwSK8bVkLafHrsosXWZ37t1Xqc4xq6EZ4PyRGUquL6C,1.8809232022e-09,1.88,,,,NONE,0,0,NONE
DwMHuwyrWHez4rx73DN6AYf1qYud9SAud9A5kezdpump,2026-02-12T06:58:02Z,7pjqN5M1kidLBbm6oqF9bzbsh5Kzsrsano1qV7Sm2XPf,4.3178077778e-08,43.18,,,,NONE,0,0,NONE
6UBXB3uuNzE7tVaJLa2h1GPjyHFpFxQNHXCkNmDNpump,2026-02-12T06:47:32Z,5FqUo9aBjsp7QeeyN6Vi2ZmF2fjS4H5EU7wnAQwPy17z,8.6301628027e-08,86.30,,,,net_00248,1,4,LOW
6UBXB3uuNzE7tVaJLa2h1GPjyHFpFxQNHXCkNmDNpump,2026-02-12T06:47:32Z,5FqUo9aBjsp7QeeyN6Vi2ZmF2fjS4H5EU7wnAQwPy17z,8.6301628027e-08,86.30,,,,net_00647,23,152,CRITICAL
6UBXB3uuNzE7tVaJLa2h1GPjyHFpFxQNHXCkNmDNpump,2026-02-12T06:47:32Z,5FqUo9aBjsp7QeeyN6Vi2ZmF2fjS4H5EU7wnAQwPy17z,8.6301628027e-08,86.30,,,,net_00893,1,2,LOW
6UBXB3uuNzE7tVaJLa2h1GPjyHFpFxQNHXCkNmDNpump,2026-02-12T06:47:32Z,5FqUo9aBjsp7QeeyN6Vi2ZmF2fjS4H5EU7wnAQwPy17z,8.6301628027e-08,86.30,,,,net_00945,1,2,LOW
EKfZS3UycCSUd7SdTjdMFvmTH6BFQ8ybuxak5SH9zn6t,2026-02-12T06:33:58Z,6izaw8jHUdohFoRDvq4XAHJxr8s8trFWz1a8JkMvExhy,8.0190731195e-08,80.19,,,,NONE,0,0,NONE
GMhDLDKjvcwWAqsLxKqpFfK8LudmykXA8b6e1F4Npump,2026-02-12T06:30:58Z,4T4kQ4qpqWTATYAnsuJnvLeFWbvEeaBr5FtYc1MJJknw,7.3916216207e-08,73.92,,,,NONE,0,0,NONE
4djC8gtGiWLBVcPVePzWsBtTq3wTBmnAbDreaxY8pump,2026-02-12T06:28:31Z,EFSnbtTwBobKerLLWgP4uhzHZdDrfShQ3oowvyw5xi2s,4.3304501068e-09,4.33,,,,NONE,0,0,NONE
3XWHFPLs5B4Qbd9uhWa5xUNb2GMLqEtViLq4xmXPpump,2026-02-12T06:20:20Z,4mSEjc2MsmavxA5AVEVn341gA1NHxJygSn1DbbHL4S6D,1.5628429946e-07,156.28,,,,NONE,0,0,NONE
Ec29EQ4ZzAnmdVcX3tVoaKMQd5XG8emcVfpP17vopump,2026-02-12T06:20:17Z,5nkyVDUmZFSv6PEbi7ZMcYkdaydGvVReaNmaWx9n496H,1.0187928359e-10,0.10,,,,net_01096,1,2,LOW
322UMngby7k5nZ4aKdyNi6E9dv9kuhXeueErqXgopump,2026-02-12T06:14:41Z,5ZuV8eqkvzYFVEKbLvGBdexL2tFv7E5BCd2HZpjqbdg,2.2244483700e-10,0.22,,,,net_00004,1,2,LOW
322UMngby7k5nZ4aKdyNi6E9dv9kuhXeueErqXgopump,2026-02-12T06:14:41Z,5ZuV8eqkvzYFVEKbLvGBdexL2tFv7E5BCd2HZpjqbdg,2.2244483700e-10,0.22,,,,net_00009,1,2,LOW
322UMngby7k5nZ4aKdyNi6E9dv9kuhXeueErqXgopump,2026-02-12T06:14:41Z,5ZuV8eqkvzYFVEKbLvGBdexL2tFv7E5BCd2HZpjqbdg,2.2244483700e-10,0.22,,,,net_00071,1,2,LOW
322UMngby7k5nZ4aKdyNi6E9dv9kuhXeueErqXgopump,2026-02-12T06:14:41Z,5ZuV8eqkvzYFVEKbLvGBdexL2tFv7E5BCd2HZpjqbdg,2.2244483700e-10,0.22,,,,net_00088,1,3,LOW
322UMngby7k5nZ4aKdyNi6E9dv9kuhXeueErqXgopump,2026-02-12T06:14:41Z,5ZuV8eqkvzYFVEKbLvGBdexL2tFv7E5BCd2HZpjqbdg,2.2244483700e-10,0.22,,,,net_00116,1,2,LOW
322UMngby7k5nZ4aKdyNi6E9dv9kuhXeueErqXgopump,2026-02-12T06:14:41Z,5ZuV8eqkvzYFVEKbLvGBdexL2tFv7E5BCd2HZpjqbdg,2.2244483700e-10,0.22,,,,net_00172,1,2,LOW
322UMngby7k5nZ4aKdyNi6E9dv9kuhXeueErqXgopump,2026-02-12T06:14:41Z,5ZuV8eqkvzYFVEKbLvGBdexL2tFv7E5BCd2HZpjqbdg,2.2244483700e-10,0.22,,,,net_00187,1,2,LOW
322UMngby7k5nZ4aKdyNi6E9dv9kuhXeueErqXgopump,2026-02-12T06:14:41Z,5ZuV8eqkvzYFVEKbLvGBdexL2tFv7E5BCd2HZpjqbdg,2.2244483700e-10,0.22,,,,net_00245,1,5,LOW
322UMngby7k5nZ4aKdyNi6E9dv9kuhXeueErqXgopump,2026-02-12T06:14:41Z,5ZuV8eqkvzYFVEKbLvGBdexL2tFv7E5BCd2HZpjqbdg,2.2244483700e-10,0.22,,,,net_00280,1,6,MEDIUM
322UMngby7k5nZ4aKdyNi6E9dv9kuhXeueErqXgopump,2026-02-12T06:14:41Z,5ZuV8eqkvzYFVEKbLvGBdexL2tFv7E5BCd2HZpjqbdg,2.2244483700e-10,0.22,,,,net_00335,1,3,LOW
322UMngby7k5nZ4aKdyNi6E9dv9kuhXeueErqXgopump,2026-02-12T06:14:41Z,5ZuV8eqkvzYFVEKbLvGBdexL2tFv7E5BCd2HZpjqbdg,2.2244483700e-10,0.22,,,,net_00373,1,5,LOW
322UMngby7k5nZ4aKdyNi6E9dv9kuhXeueErqXgopump,2026-02-12T06:14:41Z,5ZuV8eqkvzYFVEKbLvGBdexL2tFv7E5BCd2HZpjqbdg,2.2244483700e-10,0.22,,,,net_00403,1,2,LOW
322UMngby7k5nZ4aKdyNi6E9dv9kuhXeueErqXgopump,2026-02-12T06:14:41Z,5ZuV8eqkvzYFVEKbLvGBdexL2tFv7E5BCd2HZpjqbdg,2.2244483700e-10,0.22,,,,net_00537,1,2,LOW
322UMngby7k5nZ4aKdyNi6E9dv9kuhXeueErqXgopump,2026-02-12T06:14:41Z,5ZuV8eqkvzYFVEKbLvGBdexL2tFv7E5BCd2HZpjqbdg,2.2244483700e-10,0.22,,,,net_00557,1,2,LOW
322UMngby7k5nZ4aKdyNi6E9dv9kuhXeueErqXgopump,2026-02-12T06:14:41Z,5ZuV8eqkvzYFVEKbLvGBdexL2tFv7E5BCd2HZpjqbdg,2.2244483700e-10,0.22,,,,net_00763,1,2,LOW
4HMAHQRk6BBHKQxziXvHCB8GDzLZoUePy9ZpBW6Spump,2026-02-12T06:07:51Z,FBhT5HhxTe8nXbj5RSrcXm7sKfr2KRZPe4tRNpxUAy5t,1.6081563929e-09,1.61,,,,NONE,0,0,NONE
5ihBbrxa1X5iuHs3r1fAYzRHEQULuQH89ewz2qkhpump,2026-02-12T06:05:43Z,5mvDmrNaeRahkTFif4E9HPXG7qJvftjuWcfzX2YEC8By,1.8375808889e-07,183.76,,,,NONE,0,0,NONE
H3Y5nUp5rFHnDytHXtmyMu9AoSrXjnZdts3facgGpump,2026-02-12T05:53:07Z,CyYiyCE2YvN9kZL9o64y8oB9a68yk2t6N3X1iPnibqJX,1.0754831892e-08,10.75,,,,net_00124,14,36,HIGH
9fV6Kc2VCyacXQV7zzj3Xp5tTtnPqcpGQ14ML1FDpump,2026-02-12T05:50:10Z,E8o2VT8ZoybMVCerNt9YZhhktRtbo4c5h3CkT9D8o3P2,4.2021687618e-08,42.02,,,,NONE,0,0,NONE
dDD5TMTUuQJvVGhbDxMemPLD4UuBhKZzBsc57LGpump,2026-02-12T05:49:27Z,B1TmRySP8SLewXnCydUkChXvdZ9rcyvhD5AVDRvQZUC5,1.8002127310e-10,0.18,,,,NONE,0,0,NONE
DjUeSoWmxfVx3Lq6y7a4kUH8WNaKZNuqEFWxfwgypump,2026-02-12T05:48:23Z,92B7CKqExyiuBbGiRTPvN1ccXgzjYEZZtrUy4veLh7uJ,1.9473094285e-10,0.19,,,,NONE,0,0,NONE
D3gyPnCSAK6T8j1qnJ14KksjyaKgcXFpk11NXokmpump,2026-02-12T05:44:19Z,5ZuV8eqkvzYFVEKbLvGBdexL2tFv7E5BCd2HZpjqbdg,1.9001633883e-08,19.00,,,,net_00004,1,2,LOW
D3gyPnCSAK6T8j1qnJ14KksjyaKgcXFpk11NXokmpump,2026-02-12T05:44:19Z,5ZuV8eqkvzYFVEKbLvGBdexL2tFv7E5BCd2HZpjqbdg,1.9001633883e-08,19.00,,,,net_00009,1,2,LOW
D3gyPnCSAK6T8j1qnJ14KksjyaKgcXFpk11NXokmpump,2026-02-12T05:44:19Z,5ZuV8eqkvzYFVEKbLvGBdexL2tFv7E5BCd2HZpjqbdg,1.9001633883e-08,19.00,,,,net_00071,1,2,LOW
D3gyPnCSAK6T8j1qnJ14KksjyaKgcXFpk11NXokmpump,2026-02-12T05:44:19Z,5ZuV8eqkvzYFVEKbLvGBdexL2tFv7E5BCd2HZpjqbdg,1.9001633883e-08,19.00,,,,net_00088,1,3,LOW
D3gyPnCSAK6T8j1qnJ14KksjyaKgcXFpk11NXokmpump,2026-02-12T05:44:19Z,5ZuV8eqkvzYFVEKbLvGBdexL2tFv7E5BCd2HZpjqbdg,1.9001633883e-08,19.00,,,,net_00116,1,2,LOW
D3gyPnCSAK6T8j1qnJ14KksjyaKgcXFpk11NXokmpump,2026-02-12T05:44:19Z,5ZuV8eqkvzYFVEKbLvGBdexL2tFv7E5BCd2HZpjqbdg,1.9001633883e-08,19.00,,,,net_00172,1,2,LOW
D3gyPnCSAK6T8j1qnJ14KksjyaKgcXFpk11NXokmpump,2026-02-12T05:44:19Z,5ZuV8eqkvzYFVEKbLvGBdexL2tFv7E5BCd2HZpjqbdg,1.9001633883e-08,19.00,,,,net_00187,1,2,LOW
D3gyPnCSAK6T8j1qnJ14KksjyaKgcXFpk11NXokmpump,2026-02-12T05:44:19Z,5ZuV8eqkvzYFVEKbLvGBdexL2tFv7E5BCd2HZpjqbdg,1.9001633883e-08,19.00,,,,net_00245,1,5,LOW
D3gyPnCSAK6T8j1qnJ14KksjyaKgcXFpk11NXokmpump,2026-02-12T05:44:19Z,5ZuV8eqkvzYFVEKbLvGBdexL2tFv7E5BCd2HZpjqbdg,1.9001633883e-08,19.00,,,,net_00280,1,6,MEDIUM
D3gyPnCSAK6T8j1qnJ14KksjyaKgcXFpk11NXokmpump,2026-02-12T05:44:19Z,5ZuV8eqkvzYFVEKbLvGBdexL2tFv7E5BCd2HZpjqbdg,1.9001633883e-08,19.00,,,,net_00335,1,3,LOW
D3gyPnCSAK6T8j1qnJ14KksjyaKgcXFpk11NXokmpump,2026-02-12T05:44:19Z,5ZuV8eqkvzYFVEKbLvGBdexL2tFv7E5BCd2HZpjqbdg,1.9001633883e-08,19.00,,,,net_00373,1,5,LOW
D3gyPnCSAK6T8j1qnJ14KksjyaKgcXFpk11NXokmpump,2026-02-12T05:44:19Z,5ZuV8eqkvzYFVEKbLvGBdexL2tFv7E5BCd2HZpjqbdg,1.9001633883e-08,19.00,,,,net_00403,1,2,LOW
D3gyPnCSAK6T8j1qnJ14KksjyaKgcXFpk11NXokmpump,2026-02-12T05:44:19Z,5ZuV8eqkvzYFVEKbLvGBdexL2tFv7E5BCd2HZpjqbdg,1.9001633883e-08,19.00,,,,net_00537,1,2,LOW
D3gyPnCSAK6T8j1qnJ14KksjyaKgcXFpk11NXokmpump,2026-02-12T05:44:19Z,5ZuV8eqkvzYFVEKbLvGBdexL2tFv7E5BCd2HZpjqbdg,1.9001633883e-08,19.00,,,,net_00557,1,2,LOW
D3gyPnCSAK6T8j1qnJ14KksjyaKgcXFpk11NXokmpump,2026-02-12T05:44:19Z,5ZuV8eqkvzYFVEKbLvGBdexL2tFv7E5BCd2HZpjqbdg,1.9001633883e-08,19.00,,,,net_00763,1,2,LOW
9QHJvTY8BLzV4fq1hqwVz5Lks6aAN2aCJntfQLDTpump,2026-02-12T05:41:50Z,6fb99QjauGt9zrJLZrfeofyLyjVzyS4nAvx9pZ76cTUd,5.5889613095e-08,55.89,,,,net_00079,1,2,LOW
9QHJvTY8BLzV4fq1hqwVz5Lks6aAN2aCJntfQLDTpump,2026-02-12T05:41:50Z,6fb99QjauGt9zrJLZrfeofyLyjVzyS4nAvx9pZ76cTUd,5.5889613095e-08,55.89,,,,net_00098,1,4,LOW
9QHJvTY8BLzV4fq1hqwVz5Lks6aAN2aCJntfQLDTpump,2026-02-12T05:41:50Z,6fb99QjauGt9zrJLZrfeofyLyjVzyS4nAvx9pZ76cTUd,5.5889613095e-08,55.89,,,,net_00294,1,3,LOW
9QHJvTY8BLzV4fq1hqwVz5Lks6aAN2aCJntfQLDTpump,2026-02-12T05:41:50Z,6fb99QjauGt9zrJLZrfeofyLyjVzyS4nAvx9pZ76cTUd,5.5889613095e-08,55.89,,,,net_00373,1,5,LOW
9QHJvTY8BLzV4fq1hqwVz5Lks6aAN2aCJntfQLDTpump,2026-02-12T05:41:50Z,6fb99QjauGt9zrJLZrfeofyLyjVzyS4nAvx9pZ76cTUd,5.5889613095e-08,55.89,,,,net_00394,1,2,LOW
9QHJvTY8BLzV4fq1hqwVz5Lks6aAN2aCJntfQLDTpump,2026-02-12T05:41:50Z,6fb99QjauGt9zrJLZrfeofyLyjVzyS4nAvx9pZ76cTUd,5.5889613095e-08,55.89,,,,net_00565,1,4,LOW
9QHJvTY8BLzV4fq1hqwVz5Lks6aAN2aCJntfQLDTpump,2026-02-12T05:41:50Z,6fb99QjauGt9zrJLZrfeofyLyjVzyS4nAvx9pZ76cTUd,5.5889613095e-08,55.89,,,,net_00647,23,152,CRITICAL
9QHJvTY8BLzV4fq1hqwVz5Lks6aAN2aCJntfQLDTpump,2026-02-12T05:41:50Z,6fb99QjauGt9zrJLZrfeofyLyjVzyS4nAvx9pZ76cTUd,5.5889613095e-08,55.89,,,,net_00992,1,2,LOW
D44bzeaoBHCW7DiDyB4VP6dGMkvTBH4eKBfRDj2YH62N,2026-02-12T05:38:37Z,sVRPnPvkKtQs8VquirS9raty1feJ7Yz8Q8dTA7SUVJ1,1.0569071197e-08,10.57,,,,NONE,0,0,NONE
RQsuEnXub1WTUMyPhbLzjiZsgFi9PLW2pzei1ySpump,2026-02-12T05:34:40Z,9Ma3JToC5LNA4GyK1Dv14ARYh6CLWxrTb9eE1SDhibi,4.0668610407e-08,40.67,,,,NONE,0,0,NONE
5hAikwRHTxRyXVgDShy6m3g49WWMXMQAVFNdPM7epump,2026-02-12T05:31:06Z,3CrQ8gcrsqF55Et3qQzei1ZsKvYyVBUwx1KqZKkML5ty,5.4564650490e-10,0.55,,,,NONE,0,0,NONE
6KmwvVo8gDUVAnoAftMuyUTojfx6xtgm2xkHp2ixpump,2026-02-12T05:26:37Z,4PG3gQ7ahqYKuteAtN3EuivWTQztWEEFk399SHRhXkB4,1.6010000000e-05,16013.92,,,,NONE,0,0,NONE
Anc7kroXtuKFov8FkUx2J3WXQUU8XAn4SDGNsY1ipump,2026-02-12T05:26:04Z,DDJ59qb3Q1ES1UsBrtdpArHBQt5Nok66B4CRrhyYNZfg,1.9944208143e-11,0.02,,,,NONE,0,0,NONE
73EXiDpu53KSxRsq8DHD97g62QijrqqUdNGE26WBpump,2026-02-12T05:18:21Z,5t9xBNuDdGTGpjaPTx6hKd7sdRJbvtKS8Mhq6qVbo8Qz,1.7991490800e-09,1.80,,,,NONE,0,0,NONE
9fZLLcsx3D5NYLiBH6viX8x6oLMxyBH6cKpxrGDspump,2026-02-12T05:08:34Z,B4tWmhfCBLvRYugPcu6bgP36DVweLc457pywc1a3QJju,1.0377608937e-12,0.00,,,,NONE,0,0,NONE
Cso2svpV5eDp9xFKJcjq4ZS989RSWuCfEBnQHN8Apump,2026-02-12T05:08:01Z,CyaE1VxvBrahnPWkqm5VsdCvyS2QmNht2UFrKJHga54o,1.0688842474e-07,106.89,,,,net_00647,23,152,CRITICAL
Cso2svpV5eDp9xFKJcjq4ZS989RSWuCfEBnQHN8Apump,2026-02-12T05:08:01Z,CyaE1VxvBrahnPWkqm5VsdCvyS2QmNht2UFrKJHga54o,1.0688842474e-07,106.89,,,,net_00667,1,2,LOW
STLSmHjtf4TAiUrBBG6jguPEEvw4fHwrj9EZg1Tpump,2026-02-12T05:02:31Z,8XtZWLujpkfnJDnRKjxyegu95iv3dVfbu5n3yELftGRF,6.2249768635e-08,62.25,,,,NONE,0,0,NONE
D3DJuKCw6PjsCEQcptJx6m9A8bH4wy9gmyaKL2QDpump,2026-02-12T04:51:06Z,FycJCJuuq9PtvwNVFdM3EX5aXfLi853qQkvcQJmSKLpx,3.8900293319e-08,38.90,,,,NONE,0,0,NONE
4by5iqGYAU5tumwu1Q4L1m8GXs57z3gU653PXB2Wpump,2026-02-12T04:29:09Z,5h6nhX97VZceKqX7CYEvN97CLkDJaXKiJ3suvbZqpRcB,1.5271971008e-11,0.02,,,,net_00023,1,3,LOW
4by5iqGYAU5tumwu1Q4L1m8GXs57z3gU653PXB2Wpump,2026-02-12T04:29:09Z,5h6nhX97VZceKqX7CYEvN97CLkDJaXKiJ3suvbZqpRcB,1.5271971008e-11,0.02,,,,net_00201,1,3,LOW
4by5iqGYAU5tumwu1Q4L1m8GXs57z3gU653PXB2Wpump,2026-02-12T04:29:09Z,5h6nhX97VZceKqX7CYEvN97CLkDJaXKiJ3suvbZqpRcB,1.5271971008e-11,0.02,,,,net_00209,1,2,LOW
4by5iqGYAU5tumwu1Q4L1m8GXs57z3gU653PXB2Wpump,2026-02-12T04:29:09Z,5h6nhX97VZceKqX7CYEvN97CLkDJaXKiJ3suvbZqpRcB,1.5271971008e-11,0.02,,,,net_00287,1,2,LOW
4by5iqGYAU5tumwu1Q4L1m8GXs57z3gU653PXB2Wpump,2026-02-12T04:29:09Z,5h6nhX97VZceKqX7CYEvN97CLkDJaXKiJ3suvbZqpRcB,1.5271971008e-11,0.02,,,,net_00428,1,2,LOW
4by5iqGYAU5tumwu1Q4L1m8GXs57z3gU653PXB2Wpump,2026-02-12T04:29:09Z,5h6nhX97VZceKqX7CYEvN97CLkDJaXKiJ3suvbZqpRcB,1.5271971008e-11,0.02,,,,net_00460,1,4,LOW
4by5iqGYAU5tumwu1Q4L1m8GXs57z3gU653PXB2Wpump,2026-02-12T04:29:09Z,5h6nhX97VZceKqX7CYEvN97CLkDJaXKiJ3suvbZqpRcB,1.5271971008e-11,0.02,,,,net_00472,1,5,LOW
4by5iqGYAU5tumwu1Q4L1m8GXs57z3gU653PXB2Wpump,2026-02-12T04:29:09Z,5h6nhX97VZceKqX7CYEvN97CLkDJaXKiJ3suvbZqpRcB,1.5271971008e-11,0.02,,,,net_00490,1,2,LOW
4by5iqGYAU5tumwu1Q4L1m8GXs57z3gU653PXB2Wpump,2026-02-12T04:29:09Z,5h6nhX97VZceKqX7CYEvN97CLkDJaXKiJ3suvbZqpRcB,1.5271971008e-11,0.02,,,,net_00563,1,2,LOW
4by5iqGYAU5tumwu1Q4L1m8GXs57z3gU653PXB2Wpump,2026-02-12T04:29:09Z,5h6nhX97VZceKqX7CYEvN97CLkDJaXKiJ3suvbZqpRcB,1.5271971008e-11,0.02,,,,net_00570,1,4,LOW
4by5iqGYAU5tumwu1Q4L1m8GXs57z3gU653PXB2Wpump,2026-02-12T04:29:09Z,5h6nhX97VZceKqX7CYEvN97CLkDJaXKiJ3suvbZqpRcB,1.5271971008e-11,0.02,,,,net_00634,1,2,LOW
4by5iqGYAU5tumwu1Q4L1m8GXs57z3gU653PXB2Wpump,2026-02-12T04:29:09Z,5h6nhX97VZceKqX7CYEvN97CLkDJaXKiJ3suvbZqpRcB,1.5271971008e-11,0.02,,,,net_00647,23,152,CRITICAL
4by5iqGYAU5tumwu1Q4L1m8GXs57z3gU653PXB2Wpump,2026-02-12T04:29:09Z,5h6nhX97VZceKqX7CYEvN97CLkDJaXKiJ3suvbZqpRcB,1.5271971008e-11,0.02,,,,net_00679,1,7,MEDIUM
4by5iqGYAU5tumwu1Q4L1m8GXs57z3gU653PXB2Wpump,2026-02-12T04:29:09Z,5h6nhX97VZceKqX7CYEvN97CLkDJaXKiJ3suvbZqpRcB,1.5271971008e-11,0.02,,,,net_00731,1,3,LOW
4by5iqGYAU5tumwu1Q4L1m8GXs57z3gU653PXB2Wpump,2026-02-12T04:29:09Z,5h6nhX97VZceKqX7CYEvN97CLkDJaXKiJ3suvbZqpRcB,1.5271971008e-11,0.02,,,,net_00750,1,6,MEDIUM
4by5iqGYAU5tumwu1Q4L1m8GXs57z3gU653PXB2Wpump,2026-02-12T04:29:09Z,5h6nhX97VZceKqX7CYEvN97CLkDJaXKiJ3suvbZqpRcB,1.5271971008e-11,0.02,,,,net_00776,1,5,LOW
4by5iqGYAU5tumwu1Q4L1m8GXs57z3gU653PXB2Wpump,2026-02-12T04:29:09Z,5h6nhX97VZceKqX7CYEvN97CLkDJaXKiJ3suvbZqpRcB,1.5271971008e-11,0.02,,,,net_00824,1,2,LOW
4by5iqGYAU5tumwu1Q4L1m8GXs57z3gU653PXB2Wpump,2026-02-12T04:29:09Z,5h6nhX97VZceKqX7CYEvN97CLkDJaXKiJ3suvbZqpRcB,1.5271971008e-11,0.02,,,,net_00827,1,2,LOW
4by5iqGYAU5tumwu1Q4L1m8GXs57z3gU653PXB2Wpump,2026-02-12T04:29:09Z,5h6nhX97VZceKqX7CYEvN97CLkDJaXKiJ3suvbZqpRcB,1.5271971008e-11,0.02,,,,net_01059,1,3,LOW
4by5iqGYAU5tumwu1Q4L1m8GXs57z3gU653PXB2Wpump,2026-02-12T04:29:09Z,5h6nhX97VZceKqX7CYEvN97CLkDJaXKiJ3suvbZqpRcB,1.5271971008e-11,0.02,,,,net_01097,1,4,LOW
CvZwvj9A9cFePJFM8D4RfwKXixWfi3a55HgnSe8Dpump,2026-02-12T04:20:31Z,AbVkRUfynaEo6PMWyBCihRcirKbu3GkiyEoH5vny8aT9,6.0399916279e-10,0.60,,,,NONE,0,0,NONE
79F6Ku2WCLfFcs8M8GA7E1eVzYBpvVL6hHcKr4W7pump,2026-02-12T04:11:36Z,5ZuV8eqkvzYFVEKbLvGBdexL2tFv7E5BCd2HZpjqbdg,4.4790721805e-08,44.79,,,,net_00004,1,2,LOW
79F6Ku2WCLfFcs8M8GA7E1eVzYBpvVL6hHcKr4W7pump,2026-02-12T04:11:36Z,5ZuV8eqkvzYFVEKbLvGBdexL2tFv7E5BCd2HZpjqbdg,4.4790721805e-08,44.79,,,,net_00009,1,2,LOW
79F6Ku2WCLfFcs8M8GA7E1eVzYBpvVL6hHcKr4W7pump,2026-02-12T04:11:36Z,5ZuV8eqkvzYFVEKbLvGBdexL2tFv7E5BCd2HZpjqbdg,4.4790721805e-08,44.79,,,,net_00071,1,2,LOW
79F6Ku2WCLfFcs8M8GA7E1eVzYBpvVL6hHcKr4W7pump,2026-02-12T04:11:36Z,5ZuV8eqkvzYFVEKbLvGBdexL2tFv7E5BCd2HZpjqbdg,4.4790721805e-08,44.79,,,,net_00088,1,3,LOW
79F6Ku2WCLfFcs8M8GA7E1eVzYBpvVL6hHcKr4W7pump,2026-02-12T04:11:36Z,5ZuV8eqkvzYFVEKbLvGBdexL2tFv7E5BCd2HZpjqbdg,4.4790721805e-08,44.79,,,,net_00116,1,2,LOW
79F6Ku2WCLfFcs8M8GA7E1eVzYBpvVL6hHcKr4W7pump,2026-02-12T04:11:36Z,5ZuV8eqkvzYFVEKbLvGBdexL2tFv7E5BCd2HZpjqbdg,4.4790721805e-08,44.79,,,,net_00172,1,2,LOW
79F6Ku2WCLfFcs8M8GA7E1eVzYBpvVL6hHcKr4W7pump,2026-02-12T04:11:36Z,5ZuV8eqkvzYFVEKbLvGBdexL2tFv7E5BCd2HZpjqbdg,4.4790721805e-08,44.79,,,,net_00187,1,2,LOW
79F6Ku2WCLfFcs8M8GA7E1eVzYBpvVL6hHcKr4W7pump,2026-02-12T04:11:36Z,5ZuV8eqkvzYFVEKbLvGBdexL2tFv7E5BCd2HZpjqbdg,4.4790721805e-08,44.79,,,,net_00245,1,5,LOW
79F6Ku2WCLfFcs8M8GA7E1eVzYBpvVL6hHcKr4W7pump,2026-02-12T04:11:36Z,5ZuV8eqkvzYFVEKbLvGBdexL2tFv7E5BCd2HZpjqbdg,4.4790721805e-08,44.79,,,,net_00280,1,6,MEDIUM
79F6Ku2WCLfFcs8M8GA7E1eVzYBpvVL6hHcKr4W7pump,2026-02-12T04:11:36Z,5ZuV8eqkvzYFVEKbLvGBdexL2tFv7E5BCd2HZpjqbdg,4.4790721805e-08,44.79,,,,net_00335,1,3,LOW
79F6Ku2WCLfFcs8M8GA7E1eVzYBpvVL6hHcKr4W7pump,2026-02-12T04:11:36Z,5ZuV8eqkvzYFVEKbLvGBdexL2tFv7E5BCd2HZpjqbdg,4.4790721805e-08,44.79,,,,net_00373,1,5,LOW
79F6Ku2WCLfFcs8M8GA7E1eVzYBpvVL6hHcKr4W7pump,2026-02-12T04:11:36Z,5ZuV8eqkvzYFVEKbLvGBdexL2tFv7E5BCd2HZpjqbdg,4.4790721805e-08,44.79,,,,net_00403,1,2,LOW
79F6Ku2WCLfFcs8M8GA7E1eVzYBpvVL6hHcKr4W7pump,2026-02-12T04:11:36Z,5ZuV8eqkvzYFVEKbLvGBdexL2tFv7E5BCd2HZpjqbdg,4.4790721805e-08,44.79,,,,net_00537,1,2,LOW
79F6Ku2WCLfFcs8M8GA7E1eVzYBpvVL6hHcKr4W7pump,2026-02-12T04:11:36Z,5ZuV8eqkvzYFVEKbLvGBdexL2tFv7E5BCd2HZpjqbdg,4.4790721805e-08,44.79,,,,net_00557,1,2,LOW
79F6Ku2WCLfFcs8M8GA7E1eVzYBpvVL6hHcKr4W7pump,2026-02-12T04:11:36Z,5ZuV8eqkvzYFVEKbLvGBdexL2tFv7E5BCd2HZpjqbdg,4.4790721805e-08,44.79,,,,net_00763,1,2,LOW
GwXZFTkpMDoGv6GqGeztBf7VTZcTLKYS8gHvryYHpump,2026-02-12T03:56:57Z,EnA9ZkYWnfrRLrFAt1pqsvpvto3VLBnweLdLHX2hzVio,2.4079675342e-07,240.80,,,,net_00762,1,2,LOW
47xjhVmDLKAuJUTCScfw55j386BGChnBWCRzsBE4pump,2026-02-12T03:53:32Z,FSdpT71awb3UDNKR3TimapCPtn7Rg2AVTUYRFgtdVxzJ,6.7394158620e-07,673.94,,,,NONE,0,0,NONE
13MH9RV27xdcUFeF99j6FEiPenURTtc2vsZVPobfpump,2026-02-12T03:32:20Z,GYXhxYADEBDMPEb5SgSJiApeXfyjYkXtiZ9g646VsSia,5.4652161500e-06,5465.22,,,,NONE,0,0,NONE
6UtZZii8GgiPmVZ9v6CGwd3UzZUWHhqnEcR4xNGnpump,2026-02-12T03:24:04Z,DEP8bCLRMKeFBCyEvynRmjhuVcadnhWHotXN7sCQjyAZ,6.3920497676e-09,6.39,,,,NONE,0,0,NONE
F63zXnHVNy6HiVQfDvgkcjoX1JCwiVFrc5UPWZCfpump,2026-02-12T03:23:29Z,jgb6XvKjai3Jpe2yR7Fsbw1kGWEqykhJEFnSs5kAP7s,1.0620000000e-06,1062.22,,,,NONE,0,0,NONE
BZk4VGAPfpiPcHwBGRvXaACf36Gkbs7xHVaPC9NMpump,2026-02-12T03:14:15Z,6vZ7tL42iP826urD86XGnpzte9L69w1koTLhvgXe3otw,1.9532131214e-09,1.95,,,,NONE,0,0,NONE
93ms5WE6SoXUEAynzqp8CAFMr4165Q3Vzpnz1e8xpump,2026-02-12T03:13:54Z,Dp6x4j8WUtxpHRJa1A8mDV6DCd98NPrzhZT8CpLPcDUy,1.0177688695e-09,1.02,,,,NONE,0,0,NONE
1TeNAWX79qbGqRKnkfWqZjEsKre1re1jffmRhxepump,2026-02-12T03:12:32Z,F8aCRh5MUrDgMYGjfByR78wm5sHTjjsLx1jxybfh1hZL,5.5667160759e-09,5.57,,,,NONE,0,0,NONE
AaE2etFnTeo4wMGneEXYv8czEdRgkMQ1PtdiXQPpump,2026-02-12T03:07:16Z,GVdPmEYZZYLDnX34yUFC3TYtsBJFsaSyadY66ZZKcXY2,,,,,,NONE,0,0,NONE
DNdVqWcvacr98jWfVXYdkcPY6fQFDm8EQxuuaoaKpump,2026-02-12T03:04:06Z,GpfVt1He3V12RcLzCrhScHGtfncQyKBxivA2waEgT7Fq,3.2778268125e-09,3.28,,,,NONE,0,0,NONE
GGC1x25zwSWY4wPrtB8HVfMx8afGEchaqyRXacoqpump,2026-02-12T02:58:50Z,88ruNQRk8Jyieq3w8dQDqFHPzkSQeroW1NrsYzr3T5et,1.5718452287e-07,157.18,,,,NONE,0,0,NONE
BRWYB5cPVfxF3Ee31AVGb6Y8TfjMyssQybYQHzEypump,2026-02-12T02:47:22Z,CG8H7EthgPtvVR4aVeYJgjSRMhKYhGCRYzg8wJvTmWWe,2.7750000000e-05,27759.94,,,,NONE,0,0,NONE
71XcN8aZk1Mf6qqXHFYKAGQpwGFQR7ZwCmCpsC2mpump,2026-02-12T02:41:22Z,D8XJF3tCB4UngsS8sV2nyfBmEx6KKCkym57Lx7Y2ZTXH,,,,,,net_00263,1,3,LOW
71XcN8aZk1Mf6qqXHFYKAGQpwGFQR7ZwCmCpsC2mpump,2026-02-12T02:41:22Z,D8XJF3tCB4UngsS8sV2nyfBmEx6KKCkym57Lx7Y2ZTXH,,,,,,net_00418,1,3,LOW
71XcN8aZk1Mf6qqXHFYKAGQpwGFQR7ZwCmCpsC2mpump,2026-02-12T02:41:22Z,D8XJF3tCB4UngsS8sV2nyfBmEx6KKCkym57Lx7Y2ZTXH,,,,,,net_00546,1,3,LOW
71XcN8aZk1Mf6qqXHFYKAGQpwGFQR7ZwCmCpsC2mpump,2026-02-12T02:41:22Z,D8XJF3tCB4UngsS8sV2nyfBmEx6KKCkym57Lx7Y2ZTXH,,,,,,net_00552,1,3,LOW
71XcN8aZk1Mf6qqXHFYKAGQpwGFQR7ZwCmCpsC2mpump,2026-02-12T02:41:22Z,D8XJF3tCB4UngsS8sV2nyfBmEx6KKCkym57Lx7Y2ZTXH,,,,,,net_00682,1,3,LOW
71XcN8aZk1Mf6qqXHFYKAGQpwGFQR7ZwCmCpsC2mpump,2026-02-12T02:41:22Z,D8XJF3tCB4UngsS8sV2nyfBmEx6KKCkym57Lx7Y2ZTXH,,,,,,net_00833,1,3,LOW
71XcN8aZk1Mf6qqXHFYKAGQpwGFQR7ZwCmCpsC2mpump,2026-02-12T02:41:22Z,D8XJF3tCB4UngsS8sV2nyfBmEx6KKCkym57Lx7Y2ZTXH,,,,,,net_00946,1,2,LOW
71XcN8aZk1Mf6qqXHFYKAGQpwGFQR7ZwCmCpsC2mpump,2026-02-12T02:41:22Z,D8XJF3tCB4UngsS8sV2nyfBmEx6KKCkym57Lx7Y2ZTXH,,,,,,net_00949,1,3,LOW
ME6BwDXWhdZZypoR2spUCmyUTRiFxnFUXQXfWS9pump,2026-02-12T02:40:12Z,yP21PQKgBW8ghXzTcDPDGskJySYWQyvugy4sUjGDr7L,,,,,,NONE,0,0,NONE
h4yyS6dbyQjMgLHVqgU89jyHboKL6iK1FqSgYyipump,2026-02-12T02:33:29Z,3uoGU2S2kQX3ALnDvwNARvivJT9qTxMzEGjxa6m1yYyr,1.3839668665e-10,0.14,,,,NONE,0,0,NONE
H4bUPetmZJLit775FrjwHNeYrkGetaqVquGy3Ajpump,2026-02-12T02:25:23Z,GZ5S2rRdxzdMdewF2ZFWLrjbu36x62HXGLDWHXiBtNiR,1.5758028583e-07,157.58,,,,NONE,0,0,NONE
84hqMeGHxqegpvf4kGaRp38iVd145DSoEBwnmBTtpump,2026-02-12T02:19:35Z,69aiAKU3uJMxMLRkUEGFNt6nQ43PiVimE4ZbErJ7VSM1,5.3188945799e-08,53.19,,,,net_00004,1,2,LOW
84hqMeGHxqegpvf4kGaRp38iVd145DSoEBwnmBTtpump,2026-02-12T02:19:35Z,69aiAKU3uJMxMLRkUEGFNt6nQ43PiVimE4ZbErJ7VSM1,5.3188945799e-08,53.19,,,,net_00009,1,2,LOW
84hqMeGHxqegpvf4kGaRp38iVd145DSoEBwnmBTtpump,2026-02-12T02:19:35Z,69aiAKU3uJMxMLRkUEGFNt6nQ43PiVimE4ZbErJ7VSM1,5.3188945799e-08,53.19,,,,net_00084,1,7,MEDIUM
84hqMeGHxqegpvf4kGaRp38iVd145DSoEBwnmBTtpump,2026-02-12T02:19:35Z,69aiAKU3uJMxMLRkUEGFNt6nQ43PiVimE4ZbErJ7VSM1,5.3188945799e-08,53.19,,,,net_00088,1,3,LOW
84hqMeGHxqegpvf4kGaRp38iVd145DSoEBwnmBTtpump,2026-02-12T02:19:35Z,69aiAKU3uJMxMLRkUEGFNt6nQ43PiVimE4ZbErJ7VSM1,5.3188945799e-08,53.19,,,,net_00100,1,2,LOW
84hqMeGHxqegpvf4kGaRp38iVd145DSoEBwnmBTtpump,2026-02-12T02:19:35Z,69aiAKU3uJMxMLRkUEGFNt6nQ43PiVimE4ZbErJ7VSM1,5.3188945799e-08,53.19,,,,net_00175,1,2,LOW
84hqMeGHxqegpvf4kGaRp38iVd145DSoEBwnmBTtpump,2026-02-12T02:19:35Z,69aiAKU3uJMxMLRkUEGFNt6nQ43PiVimE4ZbErJ7VSM1,5.3188945799e-08,53.19,,,,net_00194,1,6,MEDIUM
84hqMeGHxqegpvf4kGaRp38iVd145DSoEBwnmBTtpump,2026-02-12T02:19:35Z,69aiAKU3uJMxMLRkUEGFNt6nQ43PiVimE4ZbErJ7VSM1,5.3188945799e-08,53.19,,,,net_00237,1,3,LOW
84hqMeGHxqegpvf4kGaRp38iVd145DSoEBwnmBTtpump,2026-02-12T02:19:35Z,69aiAKU3uJMxMLRkUEGFNt6nQ43PiVimE4ZbErJ7VSM1,5.3188945799e-08,53.19,,,,net_00244,1,2,LOW
84hqMeGHxqegpvf4kGaRp38iVd145DSoEBwnmBTtpump,2026-02-12T02:19:35Z,69aiAKU3uJMxMLRkUEGFNt6nQ43PiVimE4ZbErJ7VSM1,5.3188945799e-08,53.19,,,,net_00259,1,2,LOW
84hqMeGHxqegpvf4kGaRp38iVd145DSoEBwnmBTtpump,2026-02-12T02:19:35Z,69aiAKU3uJMxMLRkUEGFNt6nQ43PiVimE4ZbErJ7VSM1,5.3188945799e-08,53.19,,,,net_00314,1,2,LOW
84hqMeGHxqegpvf4kGaRp38iVd145DSoEBwnmBTtpump,2026-02-12T02:19:35Z,69aiAKU3uJMxMLRkUEGFNt6nQ43PiVimE4ZbErJ7VSM1,5.3188945799e-08,53.19,,,,net_00416,1,2,LOW
84hqMeGHxqegpvf4kGaRp38iVd145DSoEBwnmBTtpump,2026-02-12T02:19:35Z,69aiAKU3uJMxMLRkUEGFNt6nQ43PiVimE4ZbErJ7VSM1,5.3188945799e-08,53.19,,,,net_00431,1,2,LOW
84hqMeGHxqegpvf4kGaRp38iVd145DSoEBwnmBTtpump,2026-02-12T02:19:35Z,69aiAKU3uJMxMLRkUEGFNt6nQ43PiVimE4ZbErJ7VSM1,5.3188945799e-08,53.19,,,,net_00789,1,2,LOW
84hqMeGHxqegpvf4kGaRp38iVd145DSoEBwnmBTtpump,2026-02-12T02:19:35Z,69aiAKU3uJMxMLRkUEGFNt6nQ43PiVimE4ZbErJ7VSM1,5.3188945799e-08,53.19,,,,net_00815,1,2,LOW
84hqMeGHxqegpvf4kGaRp38iVd145DSoEBwnmBTtpump,2026-02-12T02:19:35Z,69aiAKU3uJMxMLRkUEGFNt6nQ43PiVimE4ZbErJ7VSM1,5.3188945799e-08,53.19,,,,net_00888,1,2,LOW
84hqMeGHxqegpvf4kGaRp38iVd145DSoEBwnmBTtpump,2026-02-12T02:19:35Z,69aiAKU3uJMxMLRkUEGFNt6nQ43PiVimE4ZbErJ7VSM1,5.3188945799e-08,53.19,,,,net_00994,1,2,LOW
84hqMeGHxqegpvf4kGaRp38iVd145DSoEBwnmBTtpump,2026-02-12T02:19:35Z,69aiAKU3uJMxMLRkUEGFNt6nQ43PiVimE4ZbErJ7VSM1,5.3188945799e-08,53.19,,,,net_00995,1,2,LOW
84hqMeGHxqegpvf4kGaRp38iVd145DSoEBwnmBTtpump,2026-02-12T02:19:35Z,69aiAKU3uJMxMLRkUEGFNt6nQ43PiVimE4ZbErJ7VSM1,5.3188945799e-08,53.19,,,,net_00996,1,2,LOW
84hqMeGHxqegpvf4kGaRp38iVd145DSoEBwnmBTtpump,2026-02-12T02:19:35Z,69aiAKU3uJMxMLRkUEGFNt6nQ43PiVimE4ZbErJ7VSM1,5.3188945799e-08,53.19,,,,net_00997,1,2,LOW
84hqMeGHxqegpvf4kGaRp38iVd145DSoEBwnmBTtpump,2026-02-12T02:19:35Z,69aiAKU3uJMxMLRkUEGFNt6nQ43PiVimE4ZbErJ7VSM1,5.3188945799e-08,53.19,,,,net_00998,1,2,LOW
84hqMeGHxqegpvf4kGaRp38iVd145DSoEBwnmBTtpump,2026-02-12T02:19:35Z,69aiAKU3uJMxMLRkUEGFNt6nQ43PiVimE4ZbErJ7VSM1,5.3188945799e-08,53.19,,,,net_00999,1,2,LOW
84hqMeGHxqegpvf4kGaRp38iVd145DSoEBwnmBTtpump,2026-02-12T02:19:35Z,69aiAKU3uJMxMLRkUEGFNt6nQ43PiVimE4ZbErJ7VSM1,5.3188945799e-08,53.19,,,,net_01000,1,2,LOW
84hqMeGHxqegpvf4kGaRp38iVd145DSoEBwnmBTtpump,2026-02-12T02:19:35Z,69aiAKU3uJMxMLRkUEGFNt6nQ43PiVimE4ZbErJ7VSM1,5.3188945799e-08,53.19,,,,net_01001,1,2,LOW
84hqMeGHxqegpvf4kGaRp38iVd145DSoEBwnmBTtpump,2026-02-12T02:19:35Z,69aiAKU3uJMxMLRkUEGFNt6nQ43PiVimE4ZbErJ7VSM1,5.3188945799e-08,53.19,,,,net_01002,1,2,LOW
84hqMeGHxqegpvf4kGaRp38iVd145DSoEBwnmBTtpump,2026-02-12T02:19:35Z,69aiAKU3uJMxMLRkUEGFNt6nQ43PiVimE4ZbErJ7VSM1,5.3188945799e-08,53.19,,,,net_01003,1,2,LOW
84hqMeGHxqegpvf4kGaRp38iVd145DSoEBwnmBTtpump,2026-02-12T02:19:35Z,69aiAKU3uJMxMLRkUEGFNt6nQ43PiVimE4ZbErJ7VSM1,5.3188945799e-08,53.19,,,,net_01004,1,2,LOW
84hqMeGHxqegpvf4kGaRp38iVd145DSoEBwnmBTtpump,2026-02-12T02:19:35Z,69aiAKU3uJMxMLRkUEGFNt6nQ43PiVimE4ZbErJ7VSM1,5.3188945799e-08,53.19,,,,net_01005,1,2,LOW
84hqMeGHxqegpvf4kGaRp38iVd145DSoEBwnmBTtpump,2026-02-12T02:19:35Z,69aiAKU3uJMxMLRkUEGFNt6nQ43PiVimE4ZbErJ7VSM1,5.3188945799e-08,53.19,,,,net_01006,1,2,LOW
84hqMeGHxqegpvf4kGaRp38iVd145DSoEBwnmBTtpump,2026-02-12T02:19:35Z,69aiAKU3uJMxMLRkUEGFNt6nQ43PiVimE4ZbErJ7VSM1,5.3188945799e-08,53.19,,,,net_01007,1,2,LOW
84hqMeGHxqegpvf4kGaRp38iVd145DSoEBwnmBTtpump,2026-02-12T02:19:35Z,69aiAKU3uJMxMLRkUEGFNt6nQ43PiVimE4ZbErJ7VSM1,5.3188945799e-08,53.19,,,,net_01008,1,2,LOW
84hqMeGHxqegpvf4kGaRp38iVd145DSoEBwnmBTtpump,2026-02-12T02:19:35Z,69aiAKU3uJMxMLRkUEGFNt6nQ43PiVimE4ZbErJ7VSM1,5.3188945799e-08,53.19,,,,net_01009,1,2,LOW
84hqMeGHxqegpvf4kGaRp38iVd145DSoEBwnmBTtpump,2026-02-12T02:19:35Z,69aiAKU3uJMxMLRkUEGFNt6nQ43PiVimE4ZbErJ7VSM1,5.3188945799e-08,53.19,,,,net_01010,1,2,LOW
84hqMeGHxqegpvf4kGaRp38iVd145DSoEBwnmBTtpump,2026-02-12T02:19:35Z,69aiAKU3uJMxMLRkUEGFNt6nQ43PiVimE4ZbErJ7VSM1,5.3188945799e-08,53.19,,,,net_01011,1,2,LOW
84hqMeGHxqegpvf4kGaRp38iVd145DSoEBwnmBTtpump,2026-02-12T02:19:35Z,69aiAKU3uJMxMLRkUEGFNt6nQ43PiVimE4ZbErJ7VSM1,5.3188945799e-08,53.19,,,,net_01012,1,2,LOW
84hqMeGHxqegpvf4kGaRp38iVd145DSoEBwnmBTtpump,2026-02-12T02:19:35Z,69aiAKU3uJMxMLRkUEGFNt6nQ43PiVimE4ZbErJ7VSM1,5.3188945799e-08,53.19,,,,net_01013,1,2,LOW
84hqMeGHxqegpvf4kGaRp38iVd145DSoEBwnmBTtpump,2026-02-12T02:19:35Z,69aiAKU3uJMxMLRkUEGFNt6nQ43PiVimE4ZbErJ7VSM1,5.3188945799e-08,53.19,,,,net_01014,1,2,LOW
84hqMeGHxqegpvf4kGaRp38iVd145DSoEBwnmBTtpump,2026-02-12T02:19:35Z,69aiAKU3uJMxMLRkUEGFNt6nQ43PiVimE4ZbErJ7VSM1,5.3188945799e-08,53.19,,,,net_01015,1,2,LOW
84hqMeGHxqegpvf4kGaRp38iVd145DSoEBwnmBTtpump,2026-02-12T02:19:35Z,69aiAKU3uJMxMLRkUEGFNt6nQ43PiVimE4ZbErJ7VSM1,5.3188945799e-08,53.19,,,,net_01016,1,2,LOW
84hqMeGHxqegpvf4kGaRp38iVd145DSoEBwnmBTtpump,2026-02-12T02:19:35Z,69aiAKU3uJMxMLRkUEGFNt6nQ43PiVimE4ZbErJ7VSM1,5.3188945799e-08,53.19,,,,net_01017,1,2,LOW
84hqMeGHxqegpvf4kGaRp38iVd145DSoEBwnmBTtpump,2026-02-12T02:19:35Z,69aiAKU3uJMxMLRkUEGFNt6nQ43PiVimE4ZbErJ7VSM1,5.3188945799e-08,53.19,,,,net_01018,1,2,LOW
84hqMeGHxqegpvf4kGaRp38iVd145DSoEBwnmBTtpump,2026-02-12T02:19:35Z,69aiAKU3uJMxMLRkUEGFNt6nQ43PiVimE4ZbErJ7VSM1,5.3188945799e-08,53.19,,,,net_01019,1,2,LOW
84hqMeGHxqegpvf4kGaRp38iVd145DSoEBwnmBTtpump,2026-02-12T02:19:35Z,69aiAKU3uJMxMLRkUEGFNt6nQ43PiVimE4ZbErJ7VSM1,5.3188945799e-08,53.19,,,,net_01020,1,2,LOW
84hqMeGHxqegpvf4kGaRp38iVd145DSoEBwnmBTtpump,2026-02-12T02:19:35Z,69aiAKU3uJMxMLRkUEGFNt6nQ43PiVimE4ZbErJ7VSM1,5.3188945799e-08,53.19,,,,net_01021,1,2,LOW
84hqMeGHxqegpvf4kGaRp38iVd145DSoEBwnmBTtpump,2026-02-12T02:19:35Z,69aiAKU3uJMxMLRkUEGFNt6nQ43PiVimE4ZbErJ7VSM1,5.3188945799e-08,53.19,,,,net_01022,1,2,LOW
84hqMeGHxqegpvf4kGaRp38iVd145DSoEBwnmBTtpump,2026-02-12T02:19:35Z,69aiAKU3uJMxMLRkUEGFNt6nQ43PiVimE4ZbErJ7VSM1,5.3188945799e-08,53.19,,,,net_01023,1,2,LOW
84hqMeGHxqegpvf4kGaRp38iVd145DSoEBwnmBTtpump,2026-02-12T02:19:35Z,69aiAKU3uJMxMLRkUEGFNt6nQ43PiVimE4ZbErJ7VSM1,5.3188945799e-08,53.19,,,,net_01024,1,2,LOW
84hqMeGHxqegpvf4kGaRp38iVd145DSoEBwnmBTtpump,2026-02-12T02:19:35Z,69aiAKU3uJMxMLRkUEGFNt6nQ43PiVimE4ZbErJ7VSM1,5.3188945799e-08,53.19,,,,net_01025,1,2,LOW
84hqMeGHxqegpvf4kGaRp38iVd145DSoEBwnmBTtpump,2026-02-12T02:19:35Z,69aiAKU3uJMxMLRkUEGFNt6nQ43PiVimE4ZbErJ7VSM1,5.3188945799e-08,53.19,,,,net_01026,1,2,LOW
84hqMeGHxqegpvf4kGaRp38iVd145DSoEBwnmBTtpump,2026-02-12T02:19:35Z,69aiAKU3uJMxMLRkUEGFNt6nQ43PiVimE4ZbErJ7VSM1,5.3188945799e-08,53.19,,,,net_01027,1,2,LOW
84hqMeGHxqegpvf4kGaRp38iVd145DSoEBwnmBTtpump,2026-02-12T02:19:35Z,69aiAKU3uJMxMLRkUEGFNt6nQ43PiVimE4ZbErJ7VSM1,5.3188945799e-08,53.19,,,,net_01028,1,2,LOW
84hqMeGHxqegpvf4kGaRp38iVd145DSoEBwnmBTtpump,2026-02-12T02:19:35Z,69aiAKU3uJMxMLRkUEGFNt6nQ43PiVimE4ZbErJ7VSM1,5.3188945799e-08,53.19,,,,net_01029,1,2,LOW
84hqMeGHxqegpvf4kGaRp38iVd145DSoEBwnmBTtpump,2026-02-12T02:19:35Z,69aiAKU3uJMxMLRkUEGFNt6nQ43PiVimE4ZbErJ7VSM1,5.3188945799e-08,53.19,,,,net_01030,1,2,LOW
84hqMeGHxqegpvf4kGaRp38iVd145DSoEBwnmBTtpump,2026-02-12T02:19:35Z,69aiAKU3uJMxMLRkUEGFNt6nQ43PiVimE4ZbErJ7VSM1,5.3188945799e-08,53.19,,,,net_01031,1,2,LOW
84hqMeGHxqegpvf4kGaRp38iVd145DSoEBwnmBTtpump,2026-02-12T02:19:35Z,69aiAKU3uJMxMLRkUEGFNt6nQ43PiVimE4ZbErJ7VSM1,5.3188945799e-08,53.19,,,,net_01032,1,2,LOW
84hqMeGHxqegpvf4kGaRp38iVd145DSoEBwnmBTtpump,2026-02-12T02:19:35Z,69aiAKU3uJMxMLRkUEGFNt6nQ43PiVimE4ZbErJ7VSM1,5.3188945799e-08,53.19,,,,net_01033,1,2,LOW
84hqMeGHxqegpvf4kGaRp38iVd145DSoEBwnmBTtpump,2026-02-12T02:19:35Z,69aiAKU3uJMxMLRkUEGFNt6nQ43PiVimE4ZbErJ7VSM1,5.3188945799e-08,53.19,,,,net_01034,1,2,LOW
84hqMeGHxqegpvf4kGaRp38iVd145DSoEBwnmBTtpump,2026-02-12T02:19:35Z,69aiAKU3uJMxMLRkUEGFNt6nQ43PiVimE4ZbErJ7VSM1,5.3188945799e-08,53.19,,,,net_01035,1,2,LOW
84hqMeGHxqegpvf4kGaRp38iVd145DSoEBwnmBTtpump,2026-02-12T02:19:35Z,69aiAKU3uJMxMLRkUEGFNt6nQ43PiVimE4ZbErJ7VSM1,5.3188945799e-08,53.19,,,,net_01036,1,2,LOW
84hqMeGHxqegpvf4kGaRp38iVd145DSoEBwnmBTtpump,2026-02-12T02:19:35Z,69aiAKU3uJMxMLRkUEGFNt6nQ43PiVimE4ZbErJ7VSM1,5.3188945799e-08,53.19,,,,net_01037,1,2,LOW
84hqMeGHxqegpvf4kGaRp38iVd145DSoEBwnmBTtpump,2026-02-12T02:19:35Z,69aiAKU3uJMxMLRkUEGFNt6nQ43PiVimE4ZbErJ7VSM1,5.3188945799e-08,53.19,,,,net_01038,1,2,LOW
84hqMeGHxqegpvf4kGaRp38iVd145DSoEBwnmBTtpump,2026-02-12T02:19:35Z,69aiAKU3uJMxMLRkUEGFNt6nQ43PiVimE4ZbErJ7VSM1,5.3188945799e-08,53.19,,,,net_01039,1,2,LOW
84hqMeGHxqegpvf4kGaRp38iVd145DSoEBwnmBTtpump,2026-02-12T02:19:35Z,69aiAKU3uJMxMLRkUEGFNt6nQ43PiVimE4ZbErJ7VSM1,5.3188945799e-08,53.19,,,,net_01040,1,2,LOW
84hqMeGHxqegpvf4kGaRp38iVd145DSoEBwnmBTtpump,2026-02-12T02:19:35Z,69aiAKU3uJMxMLRkUEGFNt6nQ43PiVimE4ZbErJ7VSM1,5.3188945799e-08,53.19,,,,net_01041,1,2,LOW
84hqMeGHxqegpvf4kGaRp38iVd145DSoEBwnmBTtpump,2026-02-12T02:19:35Z,69aiAKU3uJMxMLRkUEGFNt6nQ43PiVimE4ZbErJ7VSM1,5.3188945799e-08,53.19,,,,net_01042,1,2,LOW
84hqMeGHxqegpvf4kGaRp38iVd145DSoEBwnmBTtpump,2026-02-12T02:19:35Z,69aiAKU3uJMxMLRkUEGFNt6nQ43PiVimE4ZbErJ7VSM1,5.3188945799e-08,53.19,,,,net_01043,1,2,LOW
84hqMeGHxqegpvf4kGaRp38iVd145DSoEBwnmBTtpump,2026-02-12T02:19:35Z,69aiAKU3uJMxMLRkUEGFNt6nQ43PiVimE4ZbErJ7VSM1,5.3188945799e-08,53.19,,,,net_01044,1,2,LOW
84hqMeGHxqegpvf4kGaRp38iVd145DSoEBwnmBTtpump,2026-02-12T02:19:35Z,69aiAKU3uJMxMLRkUEGFNt6nQ43PiVimE4ZbErJ7VSM1,5.3188945799e-08,53.19,,,,net_01045,1,2,LOW
84hqMeGHxqegpvf4kGaRp38iVd145DSoEBwnmBTtpump,2026-02-12T02:19:35Z,69aiAKU3uJMxMLRkUEGFNt6nQ43PiVimE4ZbErJ7VSM1,5.3188945799e-08,53.19,,,,net_01046,1,2,LOW
B13YzMFwE7m2pfXc9FeuzNtBgQgUS4qt8FZ8sbhfpump,2026-02-12T02:15:55Z,9xufCKyX6vF4BNaw3rnvmmRDMqbu6fSY3wBHnjDeXYB3,8.7653419726e-09,8.77,,,,NONE,0,0,NONE
5pbuVLh1C8zRXGjwCKt2xPYUAFVEgBT5NXvkhgqqpump,2026-02-12T02:15:04Z,GZXwCPRNAShLaj6mbtkm5BNRTBTucAM65unBKhi4HBQu,5.4946070397e-08,54.95,,,,NONE,0,0,NONE
7A7MdvMM9RobknA85VWBtK33YP1t7YaVwBL8x9u7pump,2026-02-12T02:12:33Z,89DYfYAzMbaLKrPmLCkHi24AqHMi2nVwMZE1SuSB4s9b,2.0792391351e-08,20.79,,,,net_00049,15,15,MEDIUM
H6NGELR2vfY8Ek2xVH5Da3AzDTAEyDe8YLPZq6Sgpump,2026-02-12T02:01:02Z,DfJT2nRWmrJGdbFvmYBTnKwDYYGpNwCh1P1TbTTKnLrv,1.2394330508e-09,1.24,,,,NONE,0,0,NONE
9CM4pBMpcqMoHVrn2bvB39mtGxHbB75xpXRXhqZmeyek,2026-02-12T01:53:26Z,GasFQE9fi8Zqc9HuEJ7U5W7vBpCY4zyNFGuqnKqtLQgW,4.9369716776e-11,0.05,,,,net_00148,1,2,LOW
9CM4pBMpcqMoHVrn2bvB39mtGxHbB75xpXRXhqZmeyek,2026-02-12T01:53:26Z,GasFQE9fi8Zqc9HuEJ7U5W7vBpCY4zyNFGuqnKqtLQgW,4.9369716776e-11,0.05,,,,net_00160,1,4,LOW
9CM4pBMpcqMoHVrn2bvB39mtGxHbB75xpXRXhqZmeyek,2026-02-12T01:53:26Z,GasFQE9fi8Zqc9HuEJ7U5W7vBpCY4zyNFGuqnKqtLQgW,4.9369716776e-11,0.05,,,,net_00266,1,2,LOW
9CM4pBMpcqMoHVrn2bvB39mtGxHbB75xpXRXhqZmeyek,2026-02-12T01:53:26Z,GasFQE9fi8Zqc9HuEJ7U5W7vBpCY4zyNFGuqnKqtLQgW,4.9369716776e-11,0.05,,,,net_00343,1,2,LOW
9CM4pBMpcqMoHVrn2bvB39mtGxHbB75xpXRXhqZmeyek,2026-02-12T01:53:26Z,GasFQE9fi8Zqc9HuEJ7U5W7vBpCY4zyNFGuqnKqtLQgW,4.9369716776e-11,0.05,,,,net_00357,1,2,LOW
9CM4pBMpcqMoHVrn2bvB39mtGxHbB75xpXRXhqZmeyek,2026-02-12T01:53:26Z,GasFQE9fi8Zqc9HuEJ7U5W7vBpCY4zyNFGuqnKqtLQgW,4.9369716776e-11,0.05,,,,net_00361,1,2,LOW
9CM4pBMpcqMoHVrn2bvB39mtGxHbB75xpXRXhqZmeyek,2026-02-12T01:53:26Z,GasFQE9fi8Zqc9HuEJ7U5W7vBpCY4zyNFGuqnKqtLQgW,4.9369716776e-11,0.05,,,,net_00439,1,2,LOW
9CM4pBMpcqMoHVrn2bvB39mtGxHbB75xpXRXhqZmeyek,2026-02-12T01:53:26Z,GasFQE9fi8Zqc9HuEJ7U5W7vBpCY4zyNFGuqnKqtLQgW,4.9369716776e-11,0.05,,,,net_00460,1,4,LOW
9CM4pBMpcqMoHVrn2bvB39mtGxHbB75xpXRXhqZmeyek,2026-02-12T01:53:26Z,GasFQE9fi8Zqc9HuEJ7U5W7vBpCY4zyNFGuqnKqtLQgW,4.9369716776e-11,0.05,,,,net_00470,1,2,LOW
9CM4pBMpcqMoHVrn2bvB39mtGxHbB75xpXRXhqZmeyek,2026-02-12T01:53:26Z,GasFQE9fi8Zqc9HuEJ7U5W7vBpCY4zyNFGuqnKqtLQgW,4.9369716776e-11,0.05,,,,net_00635,1,2,LOW
9CM4pBMpcqMoHVrn2bvB39mtGxHbB75xpXRXhqZmeyek,2026-02-12T01:53:26Z,GasFQE9fi8Zqc9HuEJ7U5W7vBpCY4zyNFGuqnKqtLQgW,4.9369716776e-11,0.05,,,,net_00641,1,2,LOW
9CM4pBMpcqMoHVrn2bvB39mtGxHbB75xpXRXhqZmeyek,2026-02-12T01:53:26Z,GasFQE9fi8Zqc9HuEJ7U5W7vBpCY4zyNFGuqnKqtLQgW,4.9369716776e-11,0.05,,,,net_00698,1,6,MEDIUM
9CM4pBMpcqMoHVrn2bvB39mtGxHbB75xpXRXhqZmeyek,2026-02-12T01:53:26Z,GasFQE9fi8Zqc9HuEJ7U5W7vBpCY4zyNFGuqnKqtLQgW,4.9369716776e-11,0.05,,,,net_00734,1,2,LOW
9CM4pBMpcqMoHVrn2bvB39mtGxHbB75xpXRXhqZmeyek,2026-02-12T01:53:26Z,GasFQE9fi8Zqc9HuEJ7U5W7vBpCY4zyNFGuqnKqtLQgW,4.9369716776e-11,0.05,,,,net_00744,1,4,LOW
9CM4pBMpcqMoHVrn2bvB39mtGxHbB75xpXRXhqZmeyek,2026-02-12T01:53:26Z,GasFQE9fi8Zqc9HuEJ7U5W7vBpCY4zyNFGuqnKqtLQgW,4.9369716776e-11,0.05,,,,net_00745,1,4,LOW
9CM4pBMpcqMoHVrn2bvB39mtGxHbB75xpXRXhqZmeyek,2026-02-12T01:53:26Z,GasFQE9fi8Zqc9HuEJ7U5W7vBpCY4zyNFGuqnKqtLQgW,4.9369716776e-11,0.05,,,,net_00788,1,2,LOW
9CM4pBMpcqMoHVrn2bvB39mtGxHbB75xpXRXhqZmeyek,2026-02-12T01:53:26Z,GasFQE9fi8Zqc9HuEJ7U5W7vBpCY4zyNFGuqnKqtLQgW,4.9369716776e-11,0.05,,,,net_00894,1,2,LOW
JDTNARtVjAGEj54UotykrWGVWVDRsY7DStNuRBLe4onr,2026-02-12T01:42:47Z,CrnZDz6Mqw9pcU2j2pD7aYHuKrt4XCshLUqA8Mo1HtUL,1.1752266979e-08,11.75,,,,NONE,0,0,NONE
7zzgorZ2hcDNvrCujLaww9qQuqtbxXx3UjAuxUYGpump,2026-02-12T01:35:42Z,5TKAghsYqDTX15d8B2ohvWQdsNGq38qRKQ5LGjBzDdaw,5.0080907274e-08,50.08,,,,NONE,0,0,NONE
HV1K7Kqq8eSuEod4yWbRKyLYfsYngVNuXmMowcw7pump,2026-02-12T01:30:37Z,CfumDPwfYn6m3W6fyzCMhsYkS2Uxpeu1npxZPUasV5nX,6.5694206996e-07,656.94,,,,net_00012,1,2,LOW
HV1K7Kqq8eSuEod4yWbRKyLYfsYngVNuXmMowcw7pump,2026-02-12T01:30:37Z,CfumDPwfYn6m3W6fyzCMhsYkS2Uxpeu1npxZPUasV5nX,6.5694206996e-07,656.94,,,,net_00013,1,2,LOW
HV1K7Kqq8eSuEod4yWbRKyLYfsYngVNuXmMowcw7pump,2026-02-12T01:30:37Z,CfumDPwfYn6m3W6fyzCMhsYkS2Uxpeu1npxZPUasV5nX,6.5694206996e-07,656.94,,,,net_00019,1,4,LOW
HV1K7Kqq8eSuEod4yWbRKyLYfsYngVNuXmMowcw7pump,2026-02-12T01:30:37Z,CfumDPwfYn6m3W6fyzCMhsYkS2Uxpeu1npxZPUasV5nX,6.5694206996e-07,656.94,,,,net_00040,1,4,LOW
HV1K7Kqq8eSuEod4yWbRKyLYfsYngVNuXmMowcw7pump,2026-02-12T01:30:37Z,CfumDPwfYn6m3W6fyzCMhsYkS2Uxpeu1npxZPUasV5nX,6.5694206996e-07,656.94,,,,net_00047,1,4,LOW
HV1K7Kqq8eSuEod4yWbRKyLYfsYngVNuXmMowcw7pump,2026-02-12T01:30:37Z,CfumDPwfYn6m3W6fyzCMhsYkS2Uxpeu1npxZPUasV5nX,6.5694206996e-07,656.94,,,,net_00048,1,4,LOW
HV1K7Kqq8eSuEod4yWbRKyLYfsYngVNuXmMowcw7pump,2026-02-12T01:30:37Z,CfumDPwfYn6m3W6fyzCMhsYkS2Uxpeu1npxZPUasV5nX,6.5694206996e-07,656.94,,,,net_00058,1,4,LOW
HV1K7Kqq8eSuEod4yWbRKyLYfsYngVNuXmMowcw7pump,2026-02-12T01:30:37Z,CfumDPwfYn6m3W6fyzCMhsYkS2Uxpeu1npxZPUasV5nX,6.5694206996e-07,656.94,,,,net_00065,1,4,LOW
HV1K7Kqq8eSuEod4yWbRKyLYfsYngVNuXmMowcw7pump,2026-02-12T01:30:37Z,CfumDPwfYn6m3W6fyzCMhsYkS2Uxpeu1npxZPUasV5nX,6.5694206996e-07,656.94,,,,net_00075,1,2,LOW
HV1K7Kqq8eSuEod4yWbRKyLYfsYngVNuXmMowcw7pump,2026-02-12T01:30:37Z,CfumDPwfYn6m3W6fyzCMhsYkS2Uxpeu1npxZPUasV5nX,6.5694206996e-07,656.94,,,,net_00076,1,3,LOW
HV1K7Kqq8eSuEod4yWbRKyLYfsYngVNuXmMowcw7pump,2026-02-12T01:30:37Z,CfumDPwfYn6m3W6fyzCMhsYkS2Uxpeu1npxZPUasV5nX,6.5694206996e-07,656.94,,,,net_00086,1,3,LOW
HV1K7Kqq8eSuEod4yWbRKyLYfsYngVNuXmMowcw7pump,2026-02-12T01:30:37Z,CfumDPwfYn6m3W6fyzCMhsYkS2Uxpeu1npxZPUasV5nX,6.5694206996e-07,656.94,,,,net_00094,1,4,LOW
HV1K7Kqq8eSuEod4yWbRKyLYfsYngVNuXmMowcw7pump,2026-02-12T01:30:37Z,CfumDPwfYn6m3W6fyzCMhsYkS2Uxpeu1npxZPUasV5nX,6.5694206996e-07,656.94,,,,net_00117,1,4,LOW
HV1K7Kqq8eSuEod4yWbRKyLYfsYngVNuXmMowcw7pump,2026-02-12T01:30:37Z,CfumDPwfYn6m3W6fyzCMhsYkS2Uxpeu1npxZPUasV5nX,6.5694206996e-07,656.94,,,,net_00120,1,2,LOW
HV1K7Kqq8eSuEod4yWbRKyLYfsYngVNuXmMowcw7pump,2026-02-12T01:30:37Z,CfumDPwfYn6m3W6fyzCMhsYkS2Uxpeu1npxZPUasV5nX,6.5694206996e-07,656.94,,,,net_00129,1,4,LOW
HV1K7Kqq8eSuEod4yWbRKyLYfsYngVNuXmMowcw7pump,2026-02-12T01:30:37Z,CfumDPwfYn6m3W6fyzCMhsYkS2Uxpeu1npxZPUasV5nX,6.5694206996e-07,656.94,,,,net_00151,1,4,LOW
HV1K7Kqq8eSuEod4yWbRKyLYfsYngVNuXmMowcw7pump,2026-02-12T01:30:37Z,CfumDPwfYn6m3W6fyzCMhsYkS2Uxpeu1npxZPUasV5nX,6.5694206996e-07,656.94,,,,net_00178,1,2,LOW
HV1K7Kqq8eSuEod4yWbRKyLYfsYngVNuXmMowcw7pump,2026-02-12T01:30:37Z,CfumDPwfYn6m3W6fyzCMhsYkS2Uxpeu1npxZPUasV5nX,6.5694206996e-07,656.94,,,,net_00180,1,4,LOW
HV1K7Kqq8eSuEod4yWbRKyLYfsYngVNuXmMowcw7pump,2026-02-12T01:30:37Z,CfumDPwfYn6m3W6fyzCMhsYkS2Uxpeu1npxZPUasV5nX,6.5694206996e-07,656.94,,,,net_00198,1,4,LOW
HV1K7Kqq8eSuEod4yWbRKyLYfsYngVNuXmMowcw7pump,2026-02-12T01:30:37Z,CfumDPwfYn6m3W6fyzCMhsYkS2Uxpeu1npxZPUasV5nX,6.5694206996e-07,656.94,,,,net_00199,1,4,LOW
HV1K7Kqq8eSuEod4yWbRKyLYfsYngVNuXmMowcw7pump,2026-02-12T01:30:37Z,CfumDPwfYn6m3W6fyzCMhsYkS2Uxpeu1npxZPUasV5nX,6.5694206996e-07,656.94,,,,net_00202,1,2,LOW
HV1K7Kqq8eSuEod4yWbRKyLYfsYngVNuXmMowcw7pump,2026-02-12T01:30:37Z,CfumDPwfYn6m3W6fyzCMhsYkS2Uxpeu1npxZPUasV5nX,6.5694206996e-07,656.94,,,,net_00206,1,4,LOW
HV1K7Kqq8eSuEod4yWbRKyLYfsYngVNuXmMowcw7pump,2026-02-12T01:30:37Z,CfumDPwfYn6m3W6fyzCMhsYkS2Uxpeu1npxZPUasV5nX,6.5694206996e-07,656.94,,,,net_00208,1,4,LOW
HV1K7Kqq8eSuEod4yWbRKyLYfsYngVNuXmMowcw7pump,2026-02-12T01:30:37Z,CfumDPwfYn6m3W6fyzCMhsYkS2Uxpeu1npxZPUasV5nX,6.5694206996e-07,656.94,,,,net_00242,1,4,LOW
HV1K7Kqq8eSuEod4yWbRKyLYfsYngVNuXmMowcw7pump,2026-02-12T01:30:37Z,CfumDPwfYn6m3W6fyzCMhsYkS2Uxpeu1npxZPUasV5nX,6.5694206996e-07,656.94,,,,net_00250,1,3,LOW
HV1K7Kqq8eSuEod4yWbRKyLYfsYngVNuXmMowcw7pump,2026-02-12T01:30:37Z,CfumDPwfYn6m3W6fyzCMhsYkS2Uxpeu1npxZPUasV5nX,6.5694206996e-07,656.94,,,,net_00258,1,7,MEDIUM
HV1K7Kqq8eSuEod4yWbRKyLYfsYngVNuXmMowcw7pump,2026-02-12T01:30:37Z,CfumDPwfYn6m3W6fyzCMhsYkS2Uxpeu1npxZPUasV5nX,6.5694206996e-07,656.94,,,,net_00268,1,3,LOW
HV1K7Kqq8eSuEod4yWbRKyLYfsYngVNuXmMowcw7pump,2026-02-12T01:30:37Z,CfumDPwfYn6m3W6fyzCMhsYkS2Uxpeu1npxZPUasV5nX,6.5694206996e-07,656.94,,,,net_00269,1,4,LOW
HV1K7Kqq8eSuEod4yWbRKyLYfsYngVNuXmMowcw7pump,2026-02-12T01:30:37Z,CfumDPwfYn6m3W6fyzCMhsYkS2Uxpeu1npxZPUasV5nX,6.5694206996e-07,656.94,,,,net_00276,1,4,LOW
HV1K7Kqq8eSuEod4yWbRKyLYfsYngVNuXmMowcw7pump,2026-02-12T01:30:37Z,CfumDPwfYn6m3W6fyzCMhsYkS2Uxpeu1npxZPUasV5nX,6.5694206996e-07,656.94,,,,net_00278,1,4,LOW
HV1K7Kqq8eSuEod4yWbRKyLYfsYngVNuXmMowcw7pump,2026-02-12T01:30:37Z,CfumDPwfYn6m3W6fyzCMhsYkS2Uxpeu1npxZPUasV5nX,6.5694206996e-07,656.94,,,,net_00283,1,4,LOW
HV1K7Kqq8eSuEod4yWbRKyLYfsYngVNuXmMowcw7pump,2026-02-12T01:30:37Z,CfumDPwfYn6m3W6fyzCMhsYkS2Uxpeu1npxZPUasV5nX,6.5694206996e-07,656.94,,,,net_00299,1,4,LOW
HV1K7Kqq8eSuEod4yWbRKyLYfsYngVNuXmMowcw7pump,2026-02-12T01:30:37Z,CfumDPwfYn6m3W6fyzCMhsYkS2Uxpeu1npxZPUasV5nX,6.5694206996e-07,656.94,,,,net_00310,1,4,LOW
HV1K7Kqq8eSuEod4yWbRKyLYfsYngVNuXmMowcw7pump,2026-02-12T01:30:37Z,CfumDPwfYn6m3W6fyzCMhsYkS2Uxpeu1npxZPUasV5nX,6.5694206996e-07,656.94,,,,net_00312,1,4,LOW
HV1K7Kqq8eSuEod4yWbRKyLYfsYngVNuXmMowcw7pump,2026-02-12T01:30:37Z,CfumDPwfYn6m3W6fyzCMhsYkS2Uxpeu1npxZPUasV5nX,6.5694206996e-07,656.94,,,,net_00324,1,4,LOW
HV1K7Kqq8eSuEod4yWbRKyLYfsYngVNuXmMowcw7pump,2026-02-12T01:30:37Z,CfumDPwfYn6m3W6fyzCMhsYkS2Uxpeu1npxZPUasV5nX,6.5694206996e-07,656.94,,,,net_00325,1,4,LOW
HV1K7Kqq8eSuEod4yWbRKyLYfsYngVNuXmMowcw7pump,2026-02-12T01:30:37Z,CfumDPwfYn6m3W6fyzCMhsYkS2Uxpeu1npxZPUasV5nX,6.5694206996e-07,656.94,,,,net_00360,1,3,LOW
HV1K7Kqq8eSuEod4yWbRKyLYfsYngVNuXmMowcw7pump,2026-02-12T01:30:37Z,CfumDPwfYn6m3W6fyzCMhsYkS2Uxpeu1npxZPUasV5nX,6.5694206996e-07,656.94,,,,net_00364,1,4,LOW
HV1K7Kqq8eSuEod4yWbRKyLYfsYngVNuXmMowcw7pump,2026-02-12T01:30:37Z,CfumDPwfYn6m3W6fyzCMhsYkS2Uxpeu1npxZPUasV5nX,6.5694206996e-07,656.94,,,,net_00372,1,4,LOW
HV1K7Kqq8eSuEod4yWbRKyLYfsYngVNuXmMowcw7pump,2026-02-12T01:30:37Z,CfumDPwfYn6m3W6fyzCMhsYkS2Uxpeu1npxZPUasV5nX,6.5694206996e-07,656.94,,,,net_00380,1,4,LOW
HV1K7Kqq8eSuEod4yWbRKyLYfsYngVNuXmMowcw7pump,2026-02-12T01:30:37Z,CfumDPwfYn6m3W6fyzCMhsYkS2Uxpeu1npxZPUasV5nX,6.5694206996e-07,656.94,,,,net_00397,1,4,LOW
HV1K7Kqq8eSuEod4yWbRKyLYfsYngVNuXmMowcw7pump,2026-02-12T01:30:37Z,CfumDPwfYn6m3W6fyzCMhsYkS2Uxpeu1npxZPUasV5nX,6.5694206996e-07,656.94,,,,net_00400,1,3,LOW
HV1K7Kqq8eSuEod4yWbRKyLYfsYngVNuXmMowcw7pump,2026-02-12T01:30:37Z,CfumDPwfYn6m3W6fyzCMhsYkS2Uxpeu1npxZPUasV5nX,6.5694206996e-07,656.94,,,,net_00409,1,2,LOW
HV1K7Kqq8eSuEod4yWbRKyLYfsYngVNuXmMowcw7pump,2026-02-12T01:30:37Z,CfumDPwfYn6m3W6fyzCMhsYkS2Uxpeu1npxZPUasV5nX,6.5694206996e-07,656.94,,,,net_00411,1,2,LOW
HV1K7Kqq8eSuEod4yWbRKyLYfsYngVNuXmMowcw7pump,2026-02-12T01:30:37Z,CfumDPwfYn6m3W6fyzCMhsYkS2Uxpeu1npxZPUasV5nX,6.5694206996e-07,656.94,,,,net_00432,1,4,LOW
HV1K7Kqq8eSuEod4yWbRKyLYfsYngVNuXmMowcw7pump,2026-02-12T01:30:37Z,CfumDPwfYn6m3W6fyzCMhsYkS2Uxpeu1npxZPUasV5nX,6.5694206996e-07,656.94,,,,net_00433,1,4,LOW
HV1K7Kqq8eSuEod4yWbRKyLYfsYngVNuXmMowcw7pump,2026-02-12T01:30:37Z,CfumDPwfYn6m3W6fyzCMhsYkS2Uxpeu1npxZPUasV5nX,6.5694206996e-07,656.94,,,,net_00452,1,3,LOW
HV1K7Kqq8eSuEod4yWbRKyLYfsYngVNuXmMowcw7pump,2026-02-12T01:30:37Z,CfumDPwfYn6m3W6fyzCMhsYkS2Uxpeu1npxZPUasV5nX,6.5694206996e-07,656.94,,,,net_00456,1,4,LOW
HV1K7Kqq8eSuEod4yWbRKyLYfsYngVNuXmMowcw7pump,2026-02-12T01:30:37Z,CfumDPwfYn6m3W6fyzCMhsYkS2Uxpeu1npxZPUasV5nX,6.5694206996e-07,656.94,,,,net_00464,1,4,LOW
HV1K7Kqq8eSuEod4yWbRKyLYfsYngVNuXmMowcw7pump,2026-02-12T01:30:37Z,CfumDPwfYn6m3W6fyzCMhsYkS2Uxpeu1npxZPUasV5nX,6.5694206996e-07,656.94,,,,net_00468,1,4,LOW
HV1K7Kqq8eSuEod4yWbRKyLYfsYngVNuXmMowcw7pump,2026-02-12T01:30:37Z,CfumDPwfYn6m3W6fyzCMhsYkS2Uxpeu1npxZPUasV5nX,6.5694206996e-07,656.94,,,,net_00479,1,4,LOW
HV1K7Kqq8eSuEod4yWbRKyLYfsYngVNuXmMowcw7pump,2026-02-12T01:30:37Z,CfumDPwfYn6m3W6fyzCMhsYkS2Uxpeu1npxZPUasV5nX,6.5694206996e-07,656.94,,,,net_00510,1,4,LOW
HV1K7Kqq8eSuEod4yWbRKyLYfsYngVNuXmMowcw7pump,2026-02-12T01:30:37Z,CfumDPwfYn6m3W6fyzCMhsYkS2Uxpeu1npxZPUasV5nX,6.5694206996e-07,656.94,,,,net_00548,1,3,LOW
HV1K7Kqq8eSuEod4yWbRKyLYfsYngVNuXmMowcw7pump,2026-02-12T01:30:37Z,CfumDPwfYn6m3W6fyzCMhsYkS2Uxpeu1npxZPUasV5nX,6.5694206996e-07,656.94,,,,net_00551,1,4,LOW
HV1K7Kqq8eSuEod4yWbRKyLYfsYngVNuXmMowcw7pump,2026-02-12T01:30:37Z,CfumDPwfYn6m3W6fyzCMhsYkS2Uxpeu1npxZPUasV5nX,6.5694206996e-07,656.94,,,,net_00586,1,4,LOW
HV1K7Kqq8eSuEod4yWbRKyLYfsYngVNuXmMowcw7pump,2026-02-12T01:30:37Z,CfumDPwfYn6m3W6fyzCMhsYkS2Uxpeu1npxZPUasV5nX,6.5694206996e-07,656.94,,,,net_00605,1,4,LOW
HV1K7Kqq8eSuEod4yWbRKyLYfsYngVNuXmMowcw7pump,2026-02-12T01:30:37Z,CfumDPwfYn6m3W6fyzCMhsYkS2Uxpeu1npxZPUasV5nX,6.5694206996e-07,656.94,,,,net_00608,1,2,LOW
HV1K7Kqq8eSuEod4yWbRKyLYfsYngVNuXmMowcw7pump,2026-02-12T01:30:37Z,CfumDPwfYn6m3W6fyzCMhsYkS2Uxpeu1npxZPUasV5nX,6.5694206996e-07,656.94,,,,net_00612,1,4,LOW
HV1K7Kqq8eSuEod4yWbRKyLYfsYngVNuXmMowcw7pump,2026-02-12T01:30:37Z,CfumDPwfYn6m3W6fyzCMhsYkS2Uxpeu1npxZPUasV5nX,6.5694206996e-07,656.94,,,,net_00615,1,4,LOW
HV1K7Kqq8eSuEod4yWbRKyLYfsYngVNuXmMowcw7pump,2026-02-12T01:30:37Z,CfumDPwfYn6m3W6fyzCMhsYkS2Uxpeu1npxZPUasV5nX,6.5694206996e-07,656.94,,,,net_00619,1,4,LOW
HV1K7Kqq8eSuEod4yWbRKyLYfsYngVNuXmMowcw7pump,2026-02-12T01:30:37Z,CfumDPwfYn6m3W6fyzCMhsYkS2Uxpeu1npxZPUasV5nX,6.5694206996e-07,656.94,,,,net_00620,1,4,LOW
HV1K7Kqq8eSuEod4yWbRKyLYfsYngVNuXmMowcw7pump,2026-02-12T01:30:37Z,CfumDPwfYn6m3W6fyzCMhsYkS2Uxpeu1npxZPUasV5nX,6.5694206996e-07,656.94,,,,net_00653,1,4,LOW
HV1K7Kqq8eSuEod4yWbRKyLYfsYngVNuXmMowcw7pump,2026-02-12T01:30:37Z,CfumDPwfYn6m3W6fyzCMhsYkS2Uxpeu1npxZPUasV5nX,6.5694206996e-07,656.94,,,,net_00659,1,3,LOW
HV1K7Kqq8eSuEod4yWbRKyLYfsYngVNuXmMowcw7pump,2026-02-12T01:30:37Z,CfumDPwfYn6m3W6fyzCMhsYkS2Uxpeu1npxZPUasV5nX,6.5694206996e-07,656.94,,,,net_00665,1,4,LOW
HV1K7Kqq8eSuEod4yWbRKyLYfsYngVNuXmMowcw7pump,2026-02-12T01:30:37Z,CfumDPwfYn6m3W6fyzCMhsYkS2Uxpeu1npxZPUasV5nX,6.5694206996e-07,656.94,,,,net_00668,1,4,LOW
HV1K7Kqq8eSuEod4yWbRKyLYfsYngVNuXmMowcw7pump,2026-02-12T01:30:37Z,CfumDPwfYn6m3W6fyzCMhsYkS2Uxpeu1npxZPUasV5nX,6.5694206996e-07,656.94,,,,net_00675,1,2,LOW
HV1K7Kqq8eSuEod4yWbRKyLYfsYngVNuXmMowcw7pump,2026-02-12T01:30:37Z,CfumDPwfYn6m3W6fyzCMhsYkS2Uxpeu1npxZPUasV5nX,6.5694206996e-07,656.94,,,,net_00678,1,4,LOW
HV1K7Kqq8eSuEod4yWbRKyLYfsYngVNuXmMowcw7pump,2026-02-12T01:30:37Z,CfumDPwfYn6m3W6fyzCMhsYkS2Uxpeu1npxZPUasV5nX,6.5694206996e-07,656.94,,,,net_00702,1,3,LOW
HV1K7Kqq8eSuEod4yWbRKyLYfsYngVNuXmMowcw7pump,2026-02-12T01:30:37Z,CfumDPwfYn6m3W6fyzCMhsYkS2Uxpeu1npxZPUasV5nX,6.5694206996e-07,656.94,,,,net_00714,1,4,LOW
HV1K7Kqq8eSuEod4yWbRKyLYfsYngVNuXmMowcw7pump,2026-02-12T01:30:37Z,CfumDPwfYn6m3W6fyzCMhsYkS2Uxpeu1npxZPUasV5nX,6.5694206996e-07,656.94,,,,net_00733,1,4,LOW
HV1K7Kqq8eSuEod4yWbRKyLYfsYngVNuXmMowcw7pump,2026-02-12T01:30:37Z,CfumDPwfYn6m3W6fyzCMhsYkS2Uxpeu1npxZPUasV5nX,6.5694206996e-07,656.94,,,,net_00738,1,4,LOW
HV1K7Kqq8eSuEod4yWbRKyLYfsYngVNuXmMowcw7pump,2026-02-12T01:30:37Z,CfumDPwfYn6m3W6fyzCMhsYkS2Uxpeu1npxZPUasV5nX,6.5694206996e-07,656.94,,,,net_00748,1,4,LOW
HV1K7Kqq8eSuEod4yWbRKyLYfsYngVNuXmMowcw7pump,2026-02-12T01:30:37Z,CfumDPwfYn6m3W6fyzCMhsYkS2Uxpeu1npxZPUasV5nX,6.5694206996e-07,656.94,,,,net_00760,1,4,LOW
HV1K7Kqq8eSuEod4yWbRKyLYfsYngVNuXmMowcw7pump,2026-02-12T01:30:37Z,CfumDPwfYn6m3W6fyzCMhsYkS2Uxpeu1npxZPUasV5nX,6.5694206996e-07,656.94,,,,net_00764,1,3,LOW
HV1K7Kqq8eSuEod4yWbRKyLYfsYngVNuXmMowcw7pump,2026-02-12T01:30:37Z,CfumDPwfYn6m3W6fyzCMhsYkS2Uxpeu1npxZPUasV5nX,6.5694206996e-07,656.94,,,,net_00765,1,4,LOW
HV1K7Kqq8eSuEod4yWbRKyLYfsYngVNuXmMowcw7pump,2026-02-12T01:30:37Z,CfumDPwfYn6m3W6fyzCMhsYkS2Uxpeu1npxZPUasV5nX,6.5694206996e-07,656.94,,,,net_00772,1,4,LOW
HV1K7Kqq8eSuEod4yWbRKyLYfsYngVNuXmMowcw7pump,2026-02-12T01:30:37Z,CfumDPwfYn6m3W6fyzCMhsYkS2Uxpeu1npxZPUasV5nX,6.5694206996e-07,656.94,,,,net_00786,1,4,LOW
HV1K7Kqq8eSuEod4yWbRKyLYfsYngVNuXmMowcw7pump,2026-02-12T01:30:37Z,CfumDPwfYn6m3W6fyzCMhsYkS2Uxpeu1npxZPUasV5nX,6.5694206996e-07,656.94,,,,net_00798,1,2,LOW
HV1K7Kqq8eSuEod4yWbRKyLYfsYngVNuXmMowcw7pump,2026-02-12T01:30:37Z,CfumDPwfYn6m3W6fyzCMhsYkS2Uxpeu1npxZPUasV5nX,6.5694206996e-07,656.94,,,,net_00828,1,3,LOW
HV1K7Kqq8eSuEod4yWbRKyLYfsYngVNuXmMowcw7pump,2026-02-12T01:30:37Z,CfumDPwfYn6m3W6fyzCMhsYkS2Uxpeu1npxZPUasV5nX,6.5694206996e-07,656.94,,,,net_00830,1,3,LOW
HV1K7Kqq8eSuEod4yWbRKyLYfsYngVNuXmMowcw7pump,2026-02-12T01:30:37Z,CfumDPwfYn6m3W6fyzCMhsYkS2Uxpeu1npxZPUasV5nX,6.5694206996e-07,656.94,,,,net_00849,1,4,LOW
HV1K7Kqq8eSuEod4yWbRKyLYfsYngVNuXmMowcw7pump,2026-02-12T01:30:37Z,CfumDPwfYn6m3W6fyzCMhsYkS2Uxpeu1npxZPUasV5nX,6.5694206996e-07,656.94,,,,net_00857,1,2,LOW
HV1K7Kqq8eSuEod4yWbRKyLYfsYngVNuXmMowcw7pump,2026-02-12T01:30:37Z,CfumDPwfYn6m3W6fyzCMhsYkS2Uxpeu1npxZPUasV5nX,6.5694206996e-07,656.94,,,,net_00863,1,2,LOW
HV1K7Kqq8eSuEod4yWbRKyLYfsYngVNuXmMowcw7pump,2026-02-12T01:30:37Z,CfumDPwfYn6m3W6fyzCMhsYkS2Uxpeu1npxZPUasV5nX,6.5694206996e-07,656.94,,,,net_00887,1,2,LOW
HV1K7Kqq8eSuEod4yWbRKyLYfsYngVNuXmMowcw7pump,2026-02-12T01:30:37Z,CfumDPwfYn6m3W6fyzCMhsYkS2Uxpeu1npxZPUasV5nX,6.5694206996e-07,656.94,,,,net_00899,1,4,LOW
HV1K7Kqq8eSuEod4yWbRKyLYfsYngVNuXmMowcw7pump,2026-02-12T01:30:37Z,CfumDPwfYn6m3W6fyzCMhsYkS2Uxpeu1npxZPUasV5nX,6.5694206996e-07,656.94,,,,net_00902,1,4,LOW
HV1K7Kqq8eSuEod4yWbRKyLYfsYngVNuXmMowcw7pump,2026-02-12T01:30:37Z,CfumDPwfYn6m3W6fyzCMhsYkS2Uxpeu1npxZPUasV5nX,6.5694206996e-07,656.94,,,,net_00910,1,4,LOW
HV1K7Kqq8eSuEod4yWbRKyLYfsYngVNuXmMowcw7pump,2026-02-12T01:30:37Z,CfumDPwfYn6m3W6fyzCMhsYkS2Uxpeu1npxZPUasV5nX,6.5694206996e-07,656.94,,,,net_00911,1,4,LOW
HV1K7Kqq8eSuEod4yWbRKyLYfsYngVNuXmMowcw7pump,2026-02-12T01:30:37Z,CfumDPwfYn6m3W6fyzCMhsYkS2Uxpeu1npxZPUasV5nX,6.5694206996e-07,656.94,,,,net_00913,1,3,LOW
HV1K7Kqq8eSuEod4yWbRKyLYfsYngVNuXmMowcw7pump,2026-02-12T01:30:37Z,CfumDPwfYn6m3W6fyzCMhsYkS2Uxpeu1npxZPUasV5nX,6.5694206996e-07,656.94,,,,net_00914,1,2,LOW
HV1K7Kqq8eSuEod4yWbRKyLYfsYngVNuXmMowcw7pump,2026-02-12T01:30:37Z,CfumDPwfYn6m3W6fyzCMhsYkS2Uxpeu1npxZPUasV5nX,6.5694206996e-07,656.94,,,,net_00919,1,4,LOW
HV1K7Kqq8eSuEod4yWbRKyLYfsYngVNuXmMowcw7pump,2026-02-12T01:30:37Z,CfumDPwfYn6m3W6fyzCMhsYkS2Uxpeu1npxZPUasV5nX,6.5694206996e-07,656.94,,,,net_00937,1,4,LOW
HV1K7Kqq8eSuEod4yWbRKyLYfsYngVNuXmMowcw7pump,2026-02-12T01:30:37Z,CfumDPwfYn6m3W6fyzCMhsYkS2Uxpeu1npxZPUasV5nX,6.5694206996e-07,656.94,,,,net_00950,1,4,LOW
HV1K7Kqq8eSuEod4yWbRKyLYfsYngVNuXmMowcw7pump,2026-02-12T01:30:37Z,CfumDPwfYn6m3W6fyzCMhsYkS2Uxpeu1npxZPUasV5nX,6.5694206996e-07,656.94,,,,net_00965,1,4,LOW
HV1K7Kqq8eSuEod4yWbRKyLYfsYngVNuXmMowcw7pump,2026-02-12T01:30:37Z,CfumDPwfYn6m3W6fyzCMhsYkS2Uxpeu1npxZPUasV5nX,6.5694206996e-07,656.94,,,,net_00989,1,3,LOW
HV1K7Kqq8eSuEod4yWbRKyLYfsYngVNuXmMowcw7pump,2026-02-12T01:30:37Z,CfumDPwfYn6m3W6fyzCMhsYkS2Uxpeu1npxZPUasV5nX,6.5694206996e-07,656.94,,,,net_01047,1,3,LOW
HV1K7Kqq8eSuEod4yWbRKyLYfsYngVNuXmMowcw7pump,2026-02-12T01:30:37Z,CfumDPwfYn6m3W6fyzCMhsYkS2Uxpeu1npxZPUasV5nX,6.5694206996e-07,656.94,,,,net_01051,1,6,MEDIUM
HV1K7Kqq8eSuEod4yWbRKyLYfsYngVNuXmMowcw7pump,2026-02-12T01:30:37Z,CfumDPwfYn6m3W6fyzCMhsYkS2Uxpeu1npxZPUasV5nX,6.5694206996e-07,656.94,,,,net_01056,1,3,LOW
HV1K7Kqq8eSuEod4yWbRKyLYfsYngVNuXmMowcw7pump,2026-02-12T01:30:37Z,CfumDPwfYn6m3W6fyzCMhsYkS2Uxpeu1npxZPUasV5nX,6.5694206996e-07,656.94,,,,net_01058,1,4,LOW
HV1K7Kqq8eSuEod4yWbRKyLYfsYngVNuXmMowcw7pump,2026-02-12T01:30:37Z,CfumDPwfYn6m3W6fyzCMhsYkS2Uxpeu1npxZPUasV5nX,6.5694206996e-07,656.94,,,,net_01068,1,4,LOW
HV1K7Kqq8eSuEod4yWbRKyLYfsYngVNuXmMowcw7pump,2026-02-12T01:30:37Z,CfumDPwfYn6m3W6fyzCMhsYkS2Uxpeu1npxZPUasV5nX,6.5694206996e-07,656.94,,,,net_01083,1,4,LOW
HV1K7Kqq8eSuEod4yWbRKyLYfsYngVNuXmMowcw7pump,2026-02-12T01:30:37Z,CfumDPwfYn6m3W6fyzCMhsYkS2Uxpeu1npxZPUasV5nX,6.5694206996e-07,656.94,,,,net_01084,1,2,LOW
4FNd2MnoGN6H1amFGfB7bQoZq4bnwBtfWCJm8N7upump,2026-02-12T01:20:39Z,At9Lxx6MgJxGzj33RHn57LaSkC7incZ6XpaN3BiMC2k,1.6204784250e-10,0.16,,,,net_00189,1,2,LOW
4FNd2MnoGN6H1amFGfB7bQoZq4bnwBtfWCJm8N7upump,2026-02-12T01:20:39Z,At9Lxx6MgJxGzj33RHn57LaSkC7incZ6XpaN3BiMC2k,1.6204784250e-10,0.16,,,,net_00290,1,2,LOW
4FNd2MnoGN6H1amFGfB7bQoZq4bnwBtfWCJm8N7upump,2026-02-12T01:20:39Z,At9Lxx6MgJxGzj33RHn57LaSkC7incZ6XpaN3BiMC2k,1.6204784250e-10,0.16,,,,net_00301,1,2,LOW
4FNd2MnoGN6H1amFGfB7bQoZq4bnwBtfWCJm8N7upump,2026-02-12T01:20:39Z,At9Lxx6MgJxGzj33RHn57LaSkC7incZ6XpaN3BiMC2k,1.6204784250e-10,0.16,,,,net_00318,1,5,LOW
4FNd2MnoGN6H1amFGfB7bQoZq4bnwBtfWCJm8N7upump,2026-02-12T01:20:39Z,At9Lxx6MgJxGzj33RHn57LaSkC7incZ6XpaN3BiMC2k,1.6204784250e-10,0.16,,,,net_00352,1,2,LOW
4FNd2MnoGN6H1amFGfB7bQoZq4bnwBtfWCJm8N7upump,2026-02-12T01:20:39Z,At9Lxx6MgJxGzj33RHn57LaSkC7incZ6XpaN3BiMC2k,1.6204784250e-10,0.16,,,,net_00592,1,8,MEDIUM
FnKaEY2cCsiKPLxt1YaX1P2o1H8XZsQF82LMuKwzpump,2026-02-12T01:18:32Z,BXCHsQ57rooGrEAnYYphyF2q2WuoKPtQhpDxgAz1ETkN,3.9757912271e-09,3.98,,,,NONE,0,0,NONE
8kZd7VgbvFUe2NJNys5L1M6yEbnboPn8ReymtFPppump,2026-02-12T01:03:49Z,Fy855mesKiAZMS8yLKjt2QX6uQ1ofCN6n7eTnP87tAjd,2.3260000000e-05,23260.89,,,,NONE,0,0,NONE
HQX4bFNMFR5QtU5NyUugrizFjzUyMV68d9T83WQcpump,2026-02-12T01:03:04Z,HdKJM6Lvfp9aV9tvEMC8AD4GnsbFgMUkHLoK923Sn1ET,3.5667317215e-07,356.67,,,,net_00015,1,4,LOW
HQX4bFNMFR5QtU5NyUugrizFjzUyMV68d9T83WQcpump,2026-02-12T01:03:04Z,HdKJM6Lvfp9aV9tvEMC8AD4GnsbFgMUkHLoK923Sn1ET,3.5667317215e-07,356.67,,,,net_00141,1,2,LOW
HQX4bFNMFR5QtU5NyUugrizFjzUyMV68d9T83WQcpump,2026-02-12T01:03:04Z,HdKJM6Lvfp9aV9tvEMC8AD4GnsbFgMUkHLoK923Sn1ET,3.5667317215e-07,356.67,,,,net_00237,1,3,LOW
HQX4bFNMFR5QtU5NyUugrizFjzUyMV68d9T83WQcpump,2026-02-12T01:03:04Z,HdKJM6Lvfp9aV9tvEMC8AD4GnsbFgMUkHLoK923Sn1ET,3.5667317215e-07,356.67,,,,net_00238,1,2,LOW
HQX4bFNMFR5QtU5NyUugrizFjzUyMV68d9T83WQcpump,2026-02-12T01:03:04Z,HdKJM6Lvfp9aV9tvEMC8AD4GnsbFgMUkHLoK923Sn1ET,3.5667317215e-07,356.67,,,,net_00393,1,2,LOW
3NeB7vJu7qBtzW965UyHkhF45mmvk24RE4ypHwF5pump,2026-02-12T00:54:52Z,6V562JYVAhkCP1qe6qQmiP4h6APbnHtUPcbSJgNxBZdj,1.4198215146e-08,14.20,,,,NONE,0,0,NONE
7HsuuiwwE84MeamRYmrTmnFWDTjsm2wF2c36WrWppump,2026-02-12T00:50:22Z,5zCkbcD74hFPeBHwYdwJLJAoLVgHX45AFeR7RzC8vFiD,2.0772374496e-08,20.77,,,,net_00128,1,2,LOW
7HsuuiwwE84MeamRYmrTmnFWDTjsm2wF2c36WrWppump,2026-02-12T00:50:22Z,5zCkbcD74hFPeBHwYdwJLJAoLVgHX45AFeR7RzC8vFiD,2.0772374496e-08,20.77,,,,net_00244,1,2,LOW
7HsuuiwwE84MeamRYmrTmnFWDTjsm2wF2c36WrWppump,2026-02-12T00:50:22Z,5zCkbcD74hFPeBHwYdwJLJAoLVgHX45AFeR7RzC8vFiD,2.0772374496e-08,20.77,,,,net_00267,1,2,LOW
7HsuuiwwE84MeamRYmrTmnFWDTjsm2wF2c36WrWppump,2026-02-12T00:50:22Z,5zCkbcD74hFPeBHwYdwJLJAoLVgHX45AFeR7RzC8vFiD,2.0772374496e-08,20.77,,,,net_00318,1,5,LOW
7HsuuiwwE84MeamRYmrTmnFWDTjsm2wF2c36WrWppump,2026-02-12T00:50:22Z,5zCkbcD74hFPeBHwYdwJLJAoLVgHX45AFeR7RzC8vFiD,2.0772374496e-08,20.77,,,,net_00410,1,2,LOW
7HsuuiwwE84MeamRYmrTmnFWDTjsm2wF2c36WrWppump,2026-02-12T00:50:22Z,5zCkbcD74hFPeBHwYdwJLJAoLVgHX45AFeR7RzC8vFiD,2.0772374496e-08,20.77,,,,net_00437,1,2,LOW
7HsuuiwwE84MeamRYmrTmnFWDTjsm2wF2c36WrWppump,2026-02-12T00:50:22Z,5zCkbcD74hFPeBHwYdwJLJAoLVgHX45AFeR7RzC8vFiD,2.0772374496e-08,20.77,,,,net_00495,1,2,LOW
7HsuuiwwE84MeamRYmrTmnFWDTjsm2wF2c36WrWppump,2026-02-12T00:50:22Z,5zCkbcD74hFPeBHwYdwJLJAoLVgHX45AFeR7RzC8vFiD,2.0772374496e-08,20.77,,,,net_00549,1,2,LOW
7HsuuiwwE84MeamRYmrTmnFWDTjsm2wF2c36WrWppump,2026-02-12T00:50:22Z,5zCkbcD74hFPeBHwYdwJLJAoLVgHX45AFeR7RzC8vFiD,2.0772374496e-08,20.77,,,,net_00593,1,2,LOW
7HsuuiwwE84MeamRYmrTmnFWDTjsm2wF2c36WrWppump,2026-02-12T00:50:22Z,5zCkbcD74hFPeBHwYdwJLJAoLVgHX45AFeR7RzC8vFiD,2.0772374496e-08,20.77,,,,net_00752,1,6,MEDIUM
7HsuuiwwE84MeamRYmrTmnFWDTjsm2wF2c36WrWppump,2026-02-12T00:50:22Z,5zCkbcD74hFPeBHwYdwJLJAoLVgHX45AFeR7RzC8vFiD,2.0772374496e-08,20.77,,,,net_00767,1,2,LOW
7HsuuiwwE84MeamRYmrTmnFWDTjsm2wF2c36WrWppump,2026-02-12T00:50:22Z,5zCkbcD74hFPeBHwYdwJLJAoLVgHX45AFeR7RzC8vFiD,2.0772374496e-08,20.77,,,,net_00815,1,2,LOW
7HsuuiwwE84MeamRYmrTmnFWDTjsm2wF2c36WrWppump,2026-02-12T00:50:22Z,5zCkbcD74hFPeBHwYdwJLJAoLVgHX45AFeR7RzC8vFiD,2.0772374496e-08,20.77,,,,net_01064,1,5,LOW
2EWimzJskkajSwSG8cgm4zfRg5WPTioxakAokGNq4ZFb,2026-02-12T00:49:01Z,JDQKDrc1TQgBRvdFh56tkta5sYcDj1SoP52Eiu64rSrT,2.9670000000e-05,29675.23,,,,net_00003,1,2,LOW
2EWimzJskkajSwSG8cgm4zfRg5WPTioxakAokGNq4ZFb,2026-02-12T00:49:01Z,JDQKDrc1TQgBRvdFh56tkta5sYcDj1SoP52Eiu64rSrT,2.9670000000e-05,29675.23,,,,net_00008,1,2,LOW
2EWimzJskkajSwSG8cgm4zfRg5WPTioxakAokGNq4ZFb,2026-02-12T00:49:01Z,JDQKDrc1TQgBRvdFh56tkta5sYcDj1SoP52Eiu64rSrT,2.9670000000e-05,29675.23,,,,net_00102,1,2,LOW
2EWimzJskkajSwSG8cgm4zfRg5WPTioxakAokGNq4ZFb,2026-02-12T00:49:01Z,JDQKDrc1TQgBRvdFh56tkta5sYcDj1SoP52Eiu64rSrT,2.9670000000e-05,29675.23,,,,net_00103,1,2,LOW
2EWimzJskkajSwSG8cgm4zfRg5WPTioxakAokGNq4ZFb,2026-02-12T00:49:01Z,JDQKDrc1TQgBRvdFh56tkta5sYcDj1SoP52Eiu64rSrT,2.9670000000e-05,29675.23,,,,net_00111,1,2,LOW
2EWimzJskkajSwSG8cgm4zfRg5WPTioxakAokGNq4ZFb,2026-02-12T00:49:01Z,JDQKDrc1TQgBRvdFh56tkta5sYcDj1SoP52Eiu64rSrT,2.9670000000e-05,29675.23,,,,net_00115,1,2,LOW
2EWimzJskkajSwSG8cgm4zfRg5WPTioxakAokGNq4ZFb,2026-02-12T00:49:01Z,JDQKDrc1TQgBRvdFh56tkta5sYcDj1SoP52Eiu64rSrT,2.9670000000e-05,29675.23,,,,net_00144,1,2,LOW
2EWimzJskkajSwSG8cgm4zfRg5WPTioxakAokGNq4ZFb,2026-02-12T00:49:01Z,JDQKDrc1TQgBRvdFh56tkta5sYcDj1SoP52Eiu64rSrT,2.9670000000e-05,29675.23,,,,net_00158,1,2,LOW
2EWimzJskkajSwSG8cgm4zfRg5WPTioxakAokGNq4ZFb,2026-02-12T00:49:01Z,JDQKDrc1TQgBRvdFh56tkta5sYcDj1SoP52Eiu64rSrT,2.9670000000e-05,29675.23,,,,net_00188,1,2,LOW
2EWimzJskkajSwSG8cgm4zfRg5WPTioxakAokGNq4ZFb,2026-02-12T00:49:01Z,JDQKDrc1TQgBRvdFh56tkta5sYcDj1SoP52Eiu64rSrT,2.9670000000e-05,29675.23,,,,net_00214,1,2,LOW
2EWimzJskkajSwSG8cgm4zfRg5WPTioxakAokGNq4ZFb,2026-02-12T00:49:01Z,JDQKDrc1TQgBRvdFh56tkta5sYcDj1SoP52Eiu64rSrT,2.9670000000e-05,29675.23,,,,net_00216,1,2,LOW
2EWimzJskkajSwSG8cgm4zfRg5WPTioxakAokGNq4ZFb,2026-02-12T00:49:01Z,JDQKDrc1TQgBRvdFh56tkta5sYcDj1SoP52Eiu64rSrT,2.9670000000e-05,29675.23,,,,net_00326,1,2,LOW
2EWimzJskkajSwSG8cgm4zfRg5WPTioxakAokGNq4ZFb,2026-02-12T00:49:01Z,JDQKDrc1TQgBRvdFh56tkta5sYcDj1SoP52Eiu64rSrT,2.9670000000e-05,29675.23,,,,net_00342,1,2,LOW
2EWimzJskkajSwSG8cgm4zfRg5WPTioxakAokGNq4ZFb,2026-02-12T00:49:01Z,JDQKDrc1TQgBRvdFh56tkta5sYcDj1SoP52Eiu64rSrT,2.9670000000e-05,29675.23,,,,net_00384,1,2,LOW
2EWimzJskkajSwSG8cgm4zfRg5WPTioxakAokGNq4ZFb,2026-02-12T00:49:01Z,JDQKDrc1TQgBRvdFh56tkta5sYcDj1SoP52Eiu64rSrT,2.9670000000e-05,29675.23,,,,net_00390,1,2,LOW
2EWimzJskkajSwSG8cgm4zfRg5WPTioxakAokGNq4ZFb,2026-02-12T00:49:01Z,JDQKDrc1TQgBRvdFh56tkta5sYcDj1SoP52Eiu64rSrT,2.9670000000e-05,29675.23,,,,net_00399,1,2,LOW
2EWimzJskkajSwSG8cgm4zfRg5WPTioxakAokGNq4ZFb,2026-02-12T00:49:01Z,JDQKDrc1TQgBRvdFh56tkta5sYcDj1SoP52Eiu64rSrT,2.9670000000e-05,29675.23,,,,net_00420,1,2,LOW
2EWimzJskkajSwSG8cgm4zfRg5WPTioxakAokGNq4ZFb,2026-02-12T00:49:01Z,JDQKDrc1TQgBRvdFh56tkta5sYcDj1SoP52Eiu64rSrT,2.9670000000e-05,29675.23,,,,net_00427,1,2,LOW
2EWimzJskkajSwSG8cgm4zfRg5WPTioxakAokGNq4ZFb,2026-02-12T00:49:01Z,JDQKDrc1TQgBRvdFh56tkta5sYcDj1SoP52Eiu64rSrT,2.9670000000e-05,29675.23,,,,net_00447,1,2,LOW
2EWimzJskkajSwSG8cgm4zfRg5WPTioxakAokGNq4ZFb,2026-02-12T00:49:01Z,JDQKDrc1TQgBRvdFh56tkta5sYcDj1SoP52Eiu64rSrT,2.9670000000e-05,29675.23,,,,net_00475,1,2,LOW
2EWimzJskkajSwSG8cgm4zfRg5WPTioxakAokGNq4ZFb,2026-02-12T00:49:01Z,JDQKDrc1TQgBRvdFh56tkta5sYcDj1SoP52Eiu64rSrT,2.9670000000e-05,29675.23,,,,net_00535,1,2,LOW
2EWimzJskkajSwSG8cgm4zfRg5WPTioxakAokGNq4ZFb,2026-02-12T00:49:01Z,JDQKDrc1TQgBRvdFh56tkta5sYcDj1SoP52Eiu64rSrT,2.9670000000e-05,29675.23,,,,net_00542,1,2,LOW
2EWimzJskkajSwSG8cgm4zfRg5WPTioxakAokGNq4ZFb,2026-02-12T00:49:01Z,JDQKDrc1TQgBRvdFh56tkta5sYcDj1SoP52Eiu64rSrT,2.9670000000e-05,29675.23,,,,net_00555,1,2,LOW
2EWimzJskkajSwSG8cgm4zfRg5WPTioxakAokGNq4ZFb,2026-02-12T00:49:01Z,JDQKDrc1TQgBRvdFh56tkta5sYcDj1SoP52Eiu64rSrT,2.9670000000e-05,29675.23,,,,net_00565,1,4,LOW
2EWimzJskkajSwSG8cgm4zfRg5WPTioxakAokGNq4ZFb,2026-02-12T00:49:01Z,JDQKDrc1TQgBRvdFh56tkta5sYcDj1SoP52Eiu64rSrT,2.9670000000e-05,29675.23,,,,net_00592,1,8,MEDIUM
2EWimzJskkajSwSG8cgm4zfRg5WPTioxakAokGNq4ZFb,2026-02-12T00:49:01Z,JDQKDrc1TQgBRvdFh56tkta5sYcDj1SoP52Eiu64rSrT,2.9670000000e-05,29675.23,,,,net_00626,1,2,LOW
2EWimzJskkajSwSG8cgm4zfRg5WPTioxakAokGNq4ZFb,2026-02-12T00:49:01Z,JDQKDrc1TQgBRvdFh56tkta5sYcDj1SoP52Eiu64rSrT,2.9670000000e-05,29675.23,,,,net_00645,1,2,LOW
2EWimzJskkajSwSG8cgm4zfRg5WPTioxakAokGNq4ZFb,2026-02-12T00:49:01Z,JDQKDrc1TQgBRvdFh56tkta5sYcDj1SoP52Eiu64rSrT,2.9670000000e-05,29675.23,,,,net_00649,1,2,LOW
2EWimzJskkajSwSG8cgm4zfRg5WPTioxakAokGNq4ZFb,2026-02-12T00:49:01Z,JDQKDrc1TQgBRvdFh56tkta5sYcDj1SoP52Eiu64rSrT,2.9670000000e-05,29675.23,,,,net_00692,1,2,LOW
2EWimzJskkajSwSG8cgm4zfRg5WPTioxakAokGNq4ZFb,2026-02-12T00:49:01Z,JDQKDrc1TQgBRvdFh56tkta5sYcDj1SoP52Eiu64rSrT,2.9670000000e-05,29675.23,,,,net_00726,1,2,LOW
2EWimzJskkajSwSG8cgm4zfRg5WPTioxakAokGNq4ZFb,2026-02-12T00:49:01Z,JDQKDrc1TQgBRvdFh56tkta5sYcDj1SoP52Eiu64rSrT,2.9670000000e-05,29675.23,,,,net_00728,1,7,MEDIUM
2EWimzJskkajSwSG8cgm4zfRg5WPTioxakAokGNq4ZFb,2026-02-12T00:49:01Z,JDQKDrc1TQgBRvdFh56tkta5sYcDj1SoP52Eiu64rSrT,2.9670000000e-05,29675.23,,,,net_00749,1,2,LOW
2EWimzJskkajSwSG8cgm4zfRg5WPTioxakAokGNq4ZFb,2026-02-12T00:49:01Z,JDQKDrc1TQgBRvdFh56tkta5sYcDj1SoP52Eiu64rSrT,2.9670000000e-05,29675.23,,,,net_00776,1,5,LOW
2EWimzJskkajSwSG8cgm4zfRg5WPTioxakAokGNq4ZFb,2026-02-12T00:49:01Z,JDQKDrc1TQgBRvdFh56tkta5sYcDj1SoP52Eiu64rSrT,2.9670000000e-05,29675.23,,,,net_00797,1,2,LOW
2EWimzJskkajSwSG8cgm4zfRg5WPTioxakAokGNq4ZFb,2026-02-12T00:49:01Z,JDQKDrc1TQgBRvdFh56tkta5sYcDj1SoP52Eiu64rSrT,2.9670000000e-05,29675.23,,,,net_00808,1,2,LOW
2EWimzJskkajSwSG8cgm4zfRg5WPTioxakAokGNq4ZFb,2026-02-12T00:49:01Z,JDQKDrc1TQgBRvdFh56tkta5sYcDj1SoP52Eiu64rSrT,2.9670000000e-05,29675.23,,,,net_00810,1,2,LOW
2EWimzJskkajSwSG8cgm4zfRg5WPTioxakAokGNq4ZFb,2026-02-12T00:49:01Z,JDQKDrc1TQgBRvdFh56tkta5sYcDj1SoP52Eiu64rSrT,2.9670000000e-05,29675.23,,,,net_00821,1,2,LOW
2EWimzJskkajSwSG8cgm4zfRg5WPTioxakAokGNq4ZFb,2026-02-12T00:49:01Z,JDQKDrc1TQgBRvdFh56tkta5sYcDj1SoP52Eiu64rSrT,2.9670000000e-05,29675.23,,,,net_00838,1,2,LOW
2EWimzJskkajSwSG8cgm4zfRg5WPTioxakAokGNq4ZFb,2026-02-12T00:49:01Z,JDQKDrc1TQgBRvdFh56tkta5sYcDj1SoP52Eiu64rSrT,2.9670000000e-05,29675.23,,,,net_00845,1,2,LOW
2EWimzJskkajSwSG8cgm4zfRg5WPTioxakAokGNq4ZFb,2026-02-12T00:49:01Z,JDQKDrc1TQgBRvdFh56tkta5sYcDj1SoP52Eiu64rSrT,2.9670000000e-05,29675.23,,,,net_00854,1,2,LOW
2EWimzJskkajSwSG8cgm4zfRg5WPTioxakAokGNq4ZFb,2026-02-12T00:49:01Z,JDQKDrc1TQgBRvdFh56tkta5sYcDj1SoP52Eiu64rSrT,2.9670000000e-05,29675.23,,,,net_00866,1,2,LOW
2EWimzJskkajSwSG8cgm4zfRg5WPTioxakAokGNq4ZFb,2026-02-12T00:49:01Z,JDQKDrc1TQgBRvdFh56tkta5sYcDj1SoP52Eiu64rSrT,2.9670000000e-05,29675.23,,,,net_00868,1,2,LOW
2EWimzJskkajSwSG8cgm4zfRg5WPTioxakAokGNq4ZFb,2026-02-12T00:49:01Z,JDQKDrc1TQgBRvdFh56tkta5sYcDj1SoP52Eiu64rSrT,2.9670000000e-05,29675.23,,,,net_00870,1,2,LOW
2EWimzJskkajSwSG8cgm4zfRg5WPTioxakAokGNq4ZFb,2026-02-12T00:49:01Z,JDQKDrc1TQgBRvdFh56tkta5sYcDj1SoP52Eiu64rSrT,2.9670000000e-05,29675.23,,,,net_00898,1,2,LOW
2EWimzJskkajSwSG8cgm4zfRg5WPTioxakAokGNq4ZFb,2026-02-12T00:49:01Z,JDQKDrc1TQgBRvdFh56tkta5sYcDj1SoP52Eiu64rSrT,2.9670000000e-05,29675.23,,,,net_00916,1,2,LOW
2EWimzJskkajSwSG8cgm4zfRg5WPTioxakAokGNq4ZFb,2026-02-12T00:49:01Z,JDQKDrc1TQgBRvdFh56tkta5sYcDj1SoP52Eiu64rSrT,2.9670000000e-05,29675.23,,,,net_00923,1,2,LOW
2EWimzJskkajSwSG8cgm4zfRg5WPTioxakAokGNq4ZFb,2026-02-12T00:49:01Z,JDQKDrc1TQgBRvdFh56tkta5sYcDj1SoP52Eiu64rSrT,2.9670000000e-05,29675.23,,,,net_00933,1,2,LOW
2EWimzJskkajSwSG8cgm4zfRg5WPTioxakAokGNq4ZFb,2026-02-12T00:49:01Z,JDQKDrc1TQgBRvdFh56tkta5sYcDj1SoP52Eiu64rSrT,2.9670000000e-05,29675.23,,,,net_00978,1,2,LOW
2EWimzJskkajSwSG8cgm4zfRg5WPTioxakAokGNq4ZFb,2026-02-12T00:49:01Z,JDQKDrc1TQgBRvdFh56tkta5sYcDj1SoP52Eiu64rSrT,2.9670000000e-05,29675.23,,,,net_00985,1,3,LOW
2EWimzJskkajSwSG8cgm4zfRg5WPTioxakAokGNq4ZFb,2026-02-12T00:49:01Z,JDQKDrc1TQgBRvdFh56tkta5sYcDj1SoP52Eiu64rSrT,2.9670000000e-05,29675.23,,,,net_01060,1,2,LOW
2EWimzJskkajSwSG8cgm4zfRg5WPTioxakAokGNq4ZFb,2026-02-12T00:49:01Z,JDQKDrc1TQgBRvdFh56tkta5sYcDj1SoP52Eiu64rSrT,2.9670000000e-05,29675.23,,,,net_01066,1,2,LOW
2EWimzJskkajSwSG8cgm4zfRg5WPTioxakAokGNq4ZFb,2026-02-12T00:49:01Z,JDQKDrc1TQgBRvdFh56tkta5sYcDj1SoP52Eiu64rSrT,2.9670000000e-05,29675.23,,,,net_01070,1,3,LOW
2EWimzJskkajSwSG8cgm4zfRg5WPTioxakAokGNq4ZFb,2026-02-12T00:49:01Z,JDQKDrc1TQgBRvdFh56tkta5sYcDj1SoP52Eiu64rSrT,2.9670000000e-05,29675.23,,,,net_01078,1,2,LOW
2EWimzJskkajSwSG8cgm4zfRg5WPTioxakAokGNq4ZFb,2026-02-12T00:49:01Z,JDQKDrc1TQgBRvdFh56tkta5sYcDj1SoP52Eiu64rSrT,2.9670000000e-05,29675.23,,,,net_01088,1,2,LOW
9f6DcbDro8F7AWF3pQJG233FUeuwjQUDcnM8sHsPpump,2026-02-12T00:46:56Z,8i5U2uNBEuTc4zskYP14zbebDg2RSwrrG8REhEnJb97K,1.3334456708e-06,1333.45,,,,NONE,0,0,NONE
EwKNCnzuP8e9YLto77w4siNnvobzmS78rLK3YWBTnPun,2026-02-12T00:29:53Z,7Wxbnq5Ke4ZU2USdge56ui3owEXgTv5T3hzBssiCqxPN,9.6305156076e-10,0.96,,,,net_00308,1,2,LOW
EwKNCnzuP8e9YLto77w4siNnvobzmS78rLK3YWBTnPun,2026-02-12T00:29:53Z,7Wxbnq5Ke4ZU2USdge56ui3owEXgTv5T3hzBssiCqxPN,9.6305156076e-10,0.96,,,,net_00318,1,5,LOW
EwKNCnzuP8e9YLto77w4siNnvobzmS78rLK3YWBTnPun,2026-02-12T00:29:53Z,7Wxbnq5Ke4ZU2USdge56ui3owEXgTv5T3hzBssiCqxPN,9.6305156076e-10,0.96,,,,net_00373,1,5,LOW
EwKNCnzuP8e9YLto77w4siNnvobzmS78rLK3YWBTnPun,2026-02-12T00:29:53Z,7Wxbnq5Ke4ZU2USdge56ui3owEXgTv5T3hzBssiCqxPN,9.6305156076e-10,0.96,,,,net_00556,1,2,LOW
EwKNCnzuP8e9YLto77w4siNnvobzmS78rLK3YWBTnPun,2026-02-12T00:29:53Z,7Wxbnq5Ke4ZU2USdge56ui3owEXgTv5T3hzBssiCqxPN,9.6305156076e-10,0.96,,,,net_00610,1,4,LOW
EwKNCnzuP8e9YLto77w4siNnvobzmS78rLK3YWBTnPun,2026-02-12T00:29:53Z,7Wxbnq5Ke4ZU2USdge56ui3owEXgTv5T3hzBssiCqxPN,9.6305156076e-10,0.96,,,,net_00666,1,2,LOW
EwKNCnzuP8e9YLto77w4siNnvobzmS78rLK3YWBTnPun,2026-02-12T00:29:53Z,7Wxbnq5Ke4ZU2USdge56ui3owEXgTv5T3hzBssiCqxPN,9.6305156076e-10,0.96,,,,net_00751,1,2,LOW
EwKNCnzuP8e9YLto77w4siNnvobzmS78rLK3YWBTnPun,2026-02-12T00:29:53Z,7Wxbnq5Ke4ZU2USdge56ui3owEXgTv5T3hzBssiCqxPN,9.6305156076e-10,0.96,,,,net_00830,1,3,LOW
2uhiRgwfwZLSZ5yn8oaaS46PxR57vRp6sZ931sUWpump,2026-02-12T00:26:53Z,DHJzMCnFwFxZPxxZwKvRMDnsSowe2tEG9cHgF7y6WUNg,3.5633008380e-08,35.63,,,,NONE,0,0,NONE
FXrZEKBcyd5HKNUNiH46rJWQf1bRFEFZFmJ5uYV8pump,2026-02-12T00:17:02Z,AjqoR2iTAdScR5GDtxTUaXHXHen813qnQLnL9Sj8r7fP,6.0002562839e-08,60.00,,,,net_00022,1,4,LOW
FXrZEKBcyd5HKNUNiH46rJWQf1bRFEFZFmJ5uYV8pump,2026-02-12T00:17:02Z,AjqoR2iTAdScR5GDtxTUaXHXHen813qnQLnL9Sj8r7fP,6.0002562839e-08,60.00,,,,net_00039,1,4,LOW
FXrZEKBcyd5HKNUNiH46rJWQf1bRFEFZFmJ5uYV8pump,2026-02-12T00:17:02Z,AjqoR2iTAdScR5GDtxTUaXHXHen813qnQLnL9Sj8r7fP,6.0002562839e-08,60.00,,,,net_00059,1,4,LOW
FXrZEKBcyd5HKNUNiH46rJWQf1bRFEFZFmJ5uYV8pump,2026-02-12T00:17:02Z,AjqoR2iTAdScR5GDtxTUaXHXHen813qnQLnL9Sj8r7fP,6.0002562839e-08,60.00,,,,net_00062,1,4,LOW
FXrZEKBcyd5HKNUNiH46rJWQf1bRFEFZFmJ5uYV8pump,2026-02-12T00:17:02Z,AjqoR2iTAdScR5GDtxTUaXHXHen813qnQLnL9Sj8r7fP,6.0002562839e-08,60.00,,,,net_00085,1,4,LOW
FXrZEKBcyd5HKNUNiH46rJWQf1bRFEFZFmJ5uYV8pump,2026-02-12T00:17:02Z,AjqoR2iTAdScR5GDtxTUaXHXHen813qnQLnL9Sj8r7fP,6.0002562839e-08,60.00,,,,net_00106,1,4,LOW
FXrZEKBcyd5HKNUNiH46rJWQf1bRFEFZFmJ5uYV8pump,2026-02-12T00:17:02Z,AjqoR2iTAdScR5GDtxTUaXHXHen813qnQLnL9Sj8r7fP,6.0002562839e-08,60.00,,,,net_00232,1,4,LOW
FXrZEKBcyd5HKNUNiH46rJWQf1bRFEFZFmJ5uYV8pump,2026-02-12T00:17:02Z,AjqoR2iTAdScR5GDtxTUaXHXHen813qnQLnL9Sj8r7fP,6.0002562839e-08,60.00,,,,net_00251,1,4,LOW
FXrZEKBcyd5HKNUNiH46rJWQf1bRFEFZFmJ5uYV8pump,2026-02-12T00:17:02Z,AjqoR2iTAdScR5GDtxTUaXHXHen813qnQLnL9Sj8r7fP,6.0002562839e-08,60.00,,,,net_00302,1,4,LOW
FXrZEKBcyd5HKNUNiH46rJWQf1bRFEFZFmJ5uYV8pump,2026-02-12T00:17:02Z,AjqoR2iTAdScR5GDtxTUaXHXHen813qnQLnL9Sj8r7fP,6.0002562839e-08,60.00,,,,net_00340,1,4,LOW
FXrZEKBcyd5HKNUNiH46rJWQf1bRFEFZFmJ5uYV8pump,2026-02-12T00:17:02Z,AjqoR2iTAdScR5GDtxTUaXHXHen813qnQLnL9Sj8r7fP,6.0002562839e-08,60.00,,,,net_00383,1,4,LOW
FXrZEKBcyd5HKNUNiH46rJWQf1bRFEFZFmJ5uYV8pump,2026-02-12T00:17:02Z,AjqoR2iTAdScR5GDtxTUaXHXHen813qnQLnL9Sj8r7fP,6.0002562839e-08,60.00,,,,net_00419,1,4,LOW
FXrZEKBcyd5HKNUNiH46rJWQf1bRFEFZFmJ5uYV8pump,2026-02-12T00:17:02Z,AjqoR2iTAdScR5GDtxTUaXHXHen813qnQLnL9Sj8r7fP,6.0002562839e-08,60.00,,,,net_00461,1,4,LOW
FXrZEKBcyd5HKNUNiH46rJWQf1bRFEFZFmJ5uYV8pump,2026-02-12T00:17:02Z,AjqoR2iTAdScR5GDtxTUaXHXHen813qnQLnL9Sj8r7fP,6.0002562839e-08,60.00,,,,net_00469,1,4,LOW
FXrZEKBcyd5HKNUNiH46rJWQf1bRFEFZFmJ5uYV8pump,2026-02-12T00:17:02Z,AjqoR2iTAdScR5GDtxTUaXHXHen813qnQLnL9Sj8r7fP,6.0002562839e-08,60.00,,,,net_00506,1,4,LOW
FXrZEKBcyd5HKNUNiH46rJWQf1bRFEFZFmJ5uYV8pump,2026-02-12T00:17:02Z,AjqoR2iTAdScR5GDtxTUaXHXHen813qnQLnL9Sj8r7fP,6.0002562839e-08,60.00,,,,net_00508,1,4,LOW
FXrZEKBcyd5HKNUNiH46rJWQf1bRFEFZFmJ5uYV8pump,2026-02-12T00:17:02Z,AjqoR2iTAdScR5GDtxTUaXHXHen813qnQLnL9Sj8r7fP,6.0002562839e-08,60.00,,,,net_00527,1,4,LOW
FXrZEKBcyd5HKNUNiH46rJWQf1bRFEFZFmJ5uYV8pump,2026-02-12T00:17:02Z,AjqoR2iTAdScR5GDtxTUaXHXHen813qnQLnL9Sj8r7fP,6.0002562839e-08,60.00,,,,net_00584,1,4,LOW
FXrZEKBcyd5HKNUNiH46rJWQf1bRFEFZFmJ5uYV8pump,2026-02-12T00:17:02Z,AjqoR2iTAdScR5GDtxTUaXHXHen813qnQLnL9Sj8r7fP,6.0002562839e-08,60.00,,,,net_00632,1,4,LOW
FXrZEKBcyd5HKNUNiH46rJWQf1bRFEFZFmJ5uYV8pump,2026-02-12T00:17:02Z,AjqoR2iTAdScR5GDtxTUaXHXHen813qnQLnL9Sj8r7fP,6.0002562839e-08,60.00,,,,net_00657,1,4,LOW
FXrZEKBcyd5HKNUNiH46rJWQf1bRFEFZFmJ5uYV8pump,2026-02-12T00:17:02Z,AjqoR2iTAdScR5GDtxTUaXHXHen813qnQLnL9Sj8r7fP,6.0002562839e-08,60.00,,,,net_00662,1,4,LOW
FXrZEKBcyd5HKNUNiH46rJWQf1bRFEFZFmJ5uYV8pump,2026-02-12T00:17:02Z,AjqoR2iTAdScR5GDtxTUaXHXHen813qnQLnL9Sj8r7fP,6.0002562839e-08,60.00,,,,net_00684,1,4,LOW
FXrZEKBcyd5HKNUNiH46rJWQf1bRFEFZFmJ5uYV8pump,2026-02-12T00:17:02Z,AjqoR2iTAdScR5GDtxTUaXHXHen813qnQLnL9Sj8r7fP,6.0002562839e-08,60.00,,,,net_00707,1,4,LOW
FXrZEKBcyd5HKNUNiH46rJWQf1bRFEFZFmJ5uYV8pump,2026-02-12T00:17:02Z,AjqoR2iTAdScR5GDtxTUaXHXHen813qnQLnL9Sj8r7fP,6.0002562839e-08,60.00,,,,net_00804,1,4,LOW
FXrZEKBcyd5HKNUNiH46rJWQf1bRFEFZFmJ5uYV8pump,2026-02-12T00:17:02Z,AjqoR2iTAdScR5GDtxTUaXHXHen813qnQLnL9Sj8r7fP,6.0002562839e-08,60.00,,,,net_00963,1,4,LOW
FXrZEKBcyd5HKNUNiH46rJWQf1bRFEFZFmJ5uYV8pump,2026-02-12T00:17:02Z,AjqoR2iTAdScR5GDtxTUaXHXHen813qnQLnL9Sj8r7fP,6.0002562839e-08,60.00,,,,net_00968,1,4,LOW
6K6pUjzpoFUT4bJkdaJKCUHu8N9tbp2r4bgrpQHKpump,2026-02-12T00:13:38Z,FF5zWVtda44xwV13gFP8pZuJY6KsexK4tDZMXRYbnT9Z,2.5049347160e-09,2.50,,,,NONE,0,0,NONE
8JaaKsybXnmZb5fUmPYxpgm3JanVDxj4h5hHF4rpump,2026-02-12T00:11:54Z,3HZ2paqhAEx7EyktwkLAXooQoV5fNBZJxNe5H5CuhVZP,7.6082615212e-09,7.61,,,,NONE,0,0,NONE
DVtCfZqZA5erykXhAxRcMiVYXm1v65UHBbLdVdX7pump,2026-02-12T00:01:29Z,F61Tmfj9jN8KS91GnsLnHv6wATcfqUDhytx17NYRRhLr,1.9486768719e-08,19.49,,,,NONE,0,0,NONE
DMwib4wt4tAV2ow2CLB7oSYauSrzGGUBGZe6nTVrpump,2026-02-11T23:55:15Z,HyYNVYmnFmi87NsQqWzLJhUTPBKQUfgfhdbBa554nMFF,9.2360574021e-05,92360.57,,,,net_00335,1,3,LOW
DMwib4wt4tAV2ow2CLB7oSYauSrzGGUBGZe6nTVrpump,2026-02-11T23:55:15Z,HyYNVYmnFmi87NsQqWzLJhUTPBKQUfgfhdbBa554nMFF,9.2360574021e-05,92360.57,,,,net_00403,1,2,LOW
DMwib4wt4tAV2ow2CLB7oSYauSrzGGUBGZe6nTVrpump,2026-02-11T23:55:15Z,HyYNVYmnFmi87NsQqWzLJhUTPBKQUfgfhdbBa554nMFF,9.2360574021e-05,92360.57,,,,net_00679,1,7,MEDIUM
DMwib4wt4tAV2ow2CLB7oSYauSrzGGUBGZe6nTVrpump,2026-02-11T23:55:15Z,HyYNVYmnFmi87NsQqWzLJhUTPBKQUfgfhdbBa554nMFF,9.2360574021e-05,92360.57,,,,net_00806,1,2,LOW
DMwib4wt4tAV2ow2CLB7oSYauSrzGGUBGZe6nTVrpump,2026-02-11T23:55:15Z,HyYNVYmnFmi87NsQqWzLJhUTPBKQUfgfhdbBa554nMFF,9.2360574021e-05,92360.57,,,,net_00972,1,2,LOW
CBidr36KQsWJMAtgsU8z192oMDE9jb8PMTePiLmYpump,2026-02-11T23:51:07Z,E5J5xBzRfffiihnfpx2x8dAd2d5cyTNaKFyfYAyb23X7,7.3761319405e-09,7.38,,,,net_00526,35,9,MEDIUM
8MJGdNfP1TLAwD3qMEcp7HHLpJx8gCToZoXtGtgSpump,2026-02-11T23:44:54Z,5TcyQLh8ojBf81DKeRC4vocTbNKJpJCsR9Kei16kLqDM,2.0114966258e-07,201.15,,,,net_00349,1,2,LOW
8MJGdNfP1TLAwD3qMEcp7HHLpJx8gCToZoXtGtgSpump,2026-02-11T23:44:54Z,5TcyQLh8ojBf81DKeRC4vocTbNKJpJCsR9Kei16kLqDM,2.0114966258e-07,201.15,,,,net_00435,1,2,LOW
8MJGdNfP1TLAwD3qMEcp7HHLpJx8gCToZoXtGtgSpump,2026-02-11T23:44:54Z,5TcyQLh8ojBf81DKeRC4vocTbNKJpJCsR9Kei16kLqDM,2.0114966258e-07,201.15,,,,net_00588,1,3,LOW
8MJGdNfP1TLAwD3qMEcp7HHLpJx8gCToZoXtGtgSpump,2026-02-11T23:44:54Z,5TcyQLh8ojBf81DKeRC4vocTbNKJpJCsR9Kei16kLqDM,2.0114966258e-07,201.15,,,,net_00636,1,3,LOW
8MJGdNfP1TLAwD3qMEcp7HHLpJx8gCToZoXtGtgSpump,2026-02-11T23:44:54Z,5TcyQLh8ojBf81DKeRC4vocTbNKJpJCsR9Kei16kLqDM,2.0114966258e-07,201.15,,,,net_01082,1,5,LOW
6okZc3Ntom8RFDEAQkC1nbe3qgnj5YxVTgGJvQ5ppump,2026-02-11T23:43:50Z,5kVR69aKYMc6XzncmcAK415LcRrv3e7WVNuw2zsL5BeS,5.8666660735e-11,0.06,,,,NONE,0,0,NONE
FnAwE5LotYgwTYHZBZtVNinzBH4CDXEv9EknE6b9pump,2026-02-11T23:33:38Z,4PTpgkQsBkxD5uL6X4gEnbrVkLv4tXecRMt4zfukm1gv,2.9972617078e-07,299.73,,,,NONE,0,0,NONE
DoicjzPSzJNb9rqWihQMksRb18mhtJxfxgP2xSNzpump,2026-02-11T23:30:35Z,EEzBAQG4TKEGpiRs5wpLZSm8oAjgSYguxMs2NpNv3P9G,6.3639185741e-11,0.06,,,,net_00124,14,36,HIGH
BaMZp46AGAUdreFA9N6vPS3gvGZEMCqm3tAeps26pump,2026-02-11T23:28:03Z,4A3UtQ1Zk1tNLZJqQEzjgFQUnMNPW9aCCRPVg3rsWdVZ,7.0016960100e-10,0.70,,,,NONE,0,0,NONE
E47fuUip77zU2aEPZtJT224vkdscP4CPeVeU7vi6pump,2026-02-11T23:25:56Z,5XkiXVo8zoq2t6CZJSAKAFE9WQkMDGHvM6LmZgfPMx3J,4.9120354441e-11,0.05,,,,NONE,0,0,NONE
CQcHQM7PQxBRGXnGBGZEd7Auxu3fJg1fXxzKjAK1pump,2026-02-11T23:20:01Z,AoGefnxF5CbZvbd2cvxv4Ex1E5j86dqEjehazRuMcMFe,6.6272890613e-08,66.27,,,,NONE,0,0,NONE
WfbxutZFxpJZzG1pDJxn7YcZumBkBj95no9b9hvpump,2026-02-11T23:19:49Z,8ov473Yv7q4rg7aLwNYS5Fv8koL1u325AASEDgNxekrU,1.9057702483e-10,0.19,,,,NONE,0,0,NONE
ALgebG1hSy98AKJb5Ztoccp6hoqBE1kuhKxdot5cpump,2026-02-11T23:16:01Z,5ZuV8eqkvzYFVEKbLvGBdexL2tFv7E5BCd2HZpjqbdg,4.4283138851e-08,44.28,,,,net_00004,1,2,LOW
ALgebG1hSy98AKJb5Ztoccp6hoqBE1kuhKxdot5cpump,2026-02-11T23:16:01Z,5ZuV8eqkvzYFVEKbLvGBdexL2tFv7E5BCd2HZpjqbdg,4.4283138851e-08,44.28,,,,net_00009,1,2,LOW
ALgebG1hSy98AKJb5Ztoccp6hoqBE1kuhKxdot5cpump,2026-02-11T23:16:01Z,5ZuV8eqkvzYFVEKbLvGBdexL2tFv7E5BCd2HZpjqbdg,4.4283138851e-08,44.28,,,,net_00071,1,2,LOW
ALgebG1hSy98AKJb5Ztoccp6hoqBE1kuhKxdot5cpump,2026-02-11T23:16:01Z,5ZuV8eqkvzYFVEKbLvGBdexL2tFv7E5BCd2HZpjqbdg,4.4283138851e-08,44.28,,,,net_00088,1,3,LOW
ALgebG1hSy98AKJb5Ztoccp6hoqBE1kuhKxdot5cpump,2026-02-11T23:16:01Z,5ZuV8eqkvzYFVEKbLvGBdexL2tFv7E5BCd2HZpjqbdg,4.4283138851e-08,44.28,,,,net_00116,1,2,LOW
ALgebG1hSy98AKJb5Ztoccp6hoqBE1kuhKxdot5cpump,2026-02-11T23:16:01Z,5ZuV8eqkvzYFVEKbLvGBdexL2tFv7E5BCd2HZpjqbdg,4.4283138851e-08,44.28,,,,net_00172,1,2,LOW
ALgebG1hSy98AKJb5Ztoccp6hoqBE1kuhKxdot5cpump,2026-02-11T23:16:01Z,5ZuV8eqkvzYFVEKbLvGBdexL2tFv7E5BCd2HZpjqbdg,4.4283138851e-08,44.28,,,,net_00187,1,2,LOW
ALgebG1hSy98AKJb5Ztoccp6hoqBE1kuhKxdot5cpump,2026-02-11T23:16:01Z,5ZuV8eqkvzYFVEKbLvGBdexL2tFv7E5BCd2HZpjqbdg,4.4283138851e-08,44.28,,,,net_00245,1,5,LOW
ALgebG1hSy98AKJb5Ztoccp6hoqBE1kuhKxdot5cpump,2026-02-11T23:16:01Z,5ZuV8eqkvzYFVEKbLvGBdexL2tFv7E5BCd2HZpjqbdg,4.4283138851e-08,44.28,,,,net_00280,1,6,MEDIUM
ALgebG1hSy98AKJb5Ztoccp6hoqBE1kuhKxdot5cpump,2026-02-11T23:16:01Z,5ZuV8eqkvzYFVEKbLvGBdexL2tFv7E5BCd2HZpjqbdg,4.4283138851e-08,44.28,,,,net_00335,1,3,LOW
ALgebG1hSy98AKJb5Ztoccp6hoqBE1kuhKxdot5cpump,2026-02-11T23:16:01Z,5ZuV8eqkvzYFVEKbLvGBdexL2tFv7E5BCd2HZpjqbdg,4.4283138851e-08,44.28,,,,net_00373,1,5,LOW
ALgebG1hSy98AKJb5Ztoccp6hoqBE1kuhKxdot5cpump,2026-02-11T23:16:01Z,5ZuV8eqkvzYFVEKbLvGBdexL2tFv7E5BCd2HZpjqbdg,4.4283138851e-08,44.28,,,,net_00403,1,2,LOW
ALgebG1hSy98AKJb5Ztoccp6hoqBE1kuhKxdot5cpump,2026-02-11T23:16:01Z,5ZuV8eqkvzYFVEKbLvGBdexL2tFv7E5BCd2HZpjqbdg,4.4283138851e-08,44.28,,,,net_00537,1,2,LOW
ALgebG1hSy98AKJb5Ztoccp6hoqBE1kuhKxdot5cpump,2026-02-11T23:16:01Z,5ZuV8eqkvzYFVEKbLvGBdexL2tFv7E5BCd2HZpjqbdg,4.4283138851e-08,44.28,,,,net_00557,1,2,LOW
ALgebG1hSy98AKJb5Ztoccp6hoqBE1kuhKxdot5cpump,2026-02-11T23:16:01Z,5ZuV8eqkvzYFVEKbLvGBdexL2tFv7E5BCd2HZpjqbdg,4.4283138851e-08,44.28,,,,net_00763,1,2,LOW
8m5egX4oZs26xwaQ5YJf9sQ1wehAze1QCFLbU7aQzMi7,2026-02-11T23:13:11Z,8ghYW6ftL5kUemfsoA9X37rz3ZnvyMSZRAx1kt1CxpoS,5.3645433543e-08,53.65,,,,NONE,0,0,NONE
CWumUrUzg2o2T9ENi495yWSWkquPEZNzp2EBCLBepump,2026-02-11T23:06:49Z,66LakKaUKujubFnr1WdWE1LSRHaVD3G9j5bPVpJsQ7io,1.5100110567e-11,0.02,,,,net_00647,23,152,CRITICAL
3fhm4brQcY1D9cB2ervFr5Hzfzst4pDKxThZsr1Rpump,2026-02-11T23:02:06Z,ACoLaSvtEchZbgEpbpVH7MdMc4Aw6pb1F5cNLFAMMCkV,1.1903874797e-09,1.19,,,,NONE,0,0,NONE
x7W9yDRr7qqWEhfRSkpn1rQnGFXu8o7ktbGSLr6pump,2026-02-11T23:01:53Z,CYdN7H7m1msCN55hfQrvesULAeSDftmVTPt6mYcZSQGi,3.9824162137e-08,39.82,,,,net_00931,1,2,LOW
8vX8SQbcgoh1e6CmDss7EJsoaaqK96oU2K5aV2BWpump,2026-02-11T22:51:16Z,BHRuPGDfwcvTH9rCQVNgbtVnpA22oHe7pc24BU834LzU,1.4863057100e-10,0.15,,,,NONE,0,0,NONE
2hdnztuUHHvB6phWPc6mYuQSEkHyBW4rHeFjfM3Ypump,2026-02-11T22:47:03Z,EBx24uAPtaS1SvHwRhKEktSgzaXdiVEyHuSVpAMVwrcD,9.6853584181e-08,96.85,,,,NONE,0,0,NONE
2BSzhZcWna8DnzUiaphsmxjcV4qrcZgbeRu2Sib2pump,2026-02-11T22:47:01Z,3um789SupMbUEKDa1oEV1kgQKg4LYhc22R7KxCehkFz9,2.9110138219e-08,29.11,,,,NONE,0,0,NONE
E9dqDTqgGfLzzfHDQETcFhBUzTF8mme9vGaFUzpdpump,2026-02-11T22:41:29Z,9x6DSbCJjs9oMa2zSe7Esw1QgDT1MBb3Cr1myF5T9BRK,1.7460926429e-09,1.75,,,,NONE,0,0,NONE
CG7HUv5mFtNHyziX2owri8kbbYrV3mGzGygmdDg3pump,2026-02-11T22:38:55Z,FaBGrHWjcJ8vKnbgUtsdpZjvF7YAAajtQTWmmEHiKtQr,7.7976291259e-08,77.98,,,,net_00412,1,3,LOW
CG7HUv5mFtNHyziX2owri8kbbYrV3mGzGygmdDg3pump,2026-02-11T22:38:55Z,FaBGrHWjcJ8vKnbgUtsdpZjvF7YAAajtQTWmmEHiKtQr,7.7976291259e-08,77.98,,,,net_00731,1,3,LOW
CG7HUv5mFtNHyziX2owri8kbbYrV3mGzGygmdDg3pump,2026-02-11T22:38:55Z,FaBGrHWjcJ8vKnbgUtsdpZjvF7YAAajtQTWmmEHiKtQr,7.7976291259e-08,77.98,,,,net_01059,1,3,LOW
GuS1124NgeMgM9FBW37gAMosZBaVdyVwG7TmvxfHpump,2026-02-11T22:31:50Z,7gXeiJkwvNZ1WrzLpJFnR7GKfdtaGo6gqZzWGq6KVn8p,1.4370000000e-05,14374.86,,,,NONE,0,0,NONE
F1PW5JgpKX1VvVHAWiB2gwHovvjYm9KdMSQYSripump,2026-02-11T22:30:05Z,GW2354JK7WqW9eZ18R52MZ4KRGKFZYmqK6JGFyhwM3p4,3.9757880042e-09,3.98,,,,NONE,0,0,NONE
H9952fv68kAePeiTPDJVk7vJSMp1WKyhaKekFbDspump,2026-02-11T22:29:49Z,A8Z1ejQGk45EJibBPJviWnM3UvwKSuYun53nSCkWKM52,1.0942860912e-10,0.11,,,,net_00015,1,4,LOW
H9952fv68kAePeiTPDJVk7vJSMp1WKyhaKekFbDspump,2026-02-11T22:29:49Z,A8Z1ejQGk45EJibBPJviWnM3UvwKSuYun53nSCkWKM52,1.0942860912e-10,0.11,,,,net_00028,38,11,MEDIUM
H9952fv68kAePeiTPDJVk7vJSMp1WKyhaKekFbDspump,2026-02-11T22:29:49Z,A8Z1ejQGk45EJibBPJviWnM3UvwKSuYun53nSCkWKM52,1.0942860912e-10,0.11,,,,net_00088,1,3,LOW
H9952fv68kAePeiTPDJVk7vJSMp1WKyhaKekFbDspump,2026-02-11T22:29:49Z,A8Z1ejQGk45EJibBPJviWnM3UvwKSuYun53nSCkWKM52,1.0942860912e-10,0.11,,,,net_00100,1,2,LOW
H9952fv68kAePeiTPDJVk7vJSMp1WKyhaKekFbDspump,2026-02-11T22:29:49Z,A8Z1ejQGk45EJibBPJviWnM3UvwKSuYun53nSCkWKM52,1.0942860912e-10,0.11,,,,net_00148,1,2,LOW
H9952fv68kAePeiTPDJVk7vJSMp1WKyhaKekFbDspump,2026-02-11T22:29:49Z,A8Z1ejQGk45EJibBPJviWnM3UvwKSuYun53nSCkWKM52,1.0942860912e-10,0.11,,,,net_00155,1,2,LOW
H9952fv68kAePeiTPDJVk7vJSMp1WKyhaKekFbDspump,2026-02-11T22:29:49Z,A8Z1ejQGk45EJibBPJviWnM3UvwKSuYun53nSCkWKM52,1.0942860912e-10,0.11,,,,net_00186,1,2,LOW
H9952fv68kAePeiTPDJVk7vJSMp1WKyhaKekFbDspump,2026-02-11T22:29:49Z,A8Z1ejQGk45EJibBPJviWnM3UvwKSuYun53nSCkWKM52,1.0942860912e-10,0.11,,,,net_00373,1,5,LOW
H9952fv68kAePeiTPDJVk7vJSMp1WKyhaKekFbDspump,2026-02-11T22:29:49Z,A8Z1ejQGk45EJibBPJviWnM3UvwKSuYun53nSCkWKM52,1.0942860912e-10,0.11,,,,net_00441,1,2,LOW
H9952fv68kAePeiTPDJVk7vJSMp1WKyhaKekFbDspump,2026-02-11T22:29:49Z,A8Z1ejQGk45EJibBPJviWnM3UvwKSuYun53nSCkWKM52,1.0942860912e-10,0.11,,,,net_00592,1,8,MEDIUM
H9952fv68kAePeiTPDJVk7vJSMp1WKyhaKekFbDspump,2026-02-11T22:29:49Z,A8Z1ejQGk45EJibBPJviWnM3UvwKSuYun53nSCkWKM52,1.0942860912e-10,0.11,,,,net_00658,1,2,LOW
H9952fv68kAePeiTPDJVk7vJSMp1WKyhaKekFbDspump,2026-02-11T22:29:49Z,A8Z1ejQGk45EJibBPJviWnM3UvwKSuYun53nSCkWKM52,1.0942860912e-10,0.11,,,,net_00766,1,2,LOW
H9952fv68kAePeiTPDJVk7vJSMp1WKyhaKekFbDspump,2026-02-11T22:29:49Z,A8Z1ejQGk45EJibBPJviWnM3UvwKSuYun53nSCkWKM52,1.0942860912e-10,0.11,,,,net_00800,1,7,MEDIUM
H9952fv68kAePeiTPDJVk7vJSMp1WKyhaKekFbDspump,2026-02-11T22:29:49Z,A8Z1ejQGk45EJibBPJviWnM3UvwKSuYun53nSCkWKM52,1.0942860912e-10,0.11,,,,net_00820,1,2,LOW
CAmwD1eK5Tbuzpp9wkYemKDr7tP8bwrf6Sj22gva9JtH,2026-02-11T22:29:01Z,9Zu8AigeXgFAajBTni2VWw6Wmz7XxDqHmY5nQwdCWAyY,2.4268507205e-07,242.69,,,,net_00028,38,11,MEDIUM
CAmwD1eK5Tbuzpp9wkYemKDr7tP8bwrf6Sj22gva9JtH,2026-02-11T22:29:01Z,9Zu8AigeXgFAajBTni2VWw6Wmz7XxDqHmY5nQwdCWAyY,2.4268507205e-07,242.69,,,,net_00116,1,2,LOW
CAmwD1eK5Tbuzpp9wkYemKDr7tP8bwrf6Sj22gva9JtH,2026-02-11T22:29:01Z,9Zu8AigeXgFAajBTni2VWw6Wmz7XxDqHmY5nQwdCWAyY,2.4268507205e-07,242.69,,,,net_00343,1,2,LOW
CAmwD1eK5Tbuzpp9wkYemKDr7tP8bwrf6Sj22gva9JtH,2026-02-11T22:29:01Z,9Zu8AigeXgFAajBTni2VWw6Wmz7XxDqHmY5nQwdCWAyY,2.4268507205e-07,242.69,,,,net_00357,1,2,LOW
CAmwD1eK5Tbuzpp9wkYemKDr7tP8bwrf6Sj22gva9JtH,2026-02-11T22:29:01Z,9Zu8AigeXgFAajBTni2VWw6Wmz7XxDqHmY5nQwdCWAyY,2.4268507205e-07,242.69,,,,net_00361,1,2,LOW
CAmwD1eK5Tbuzpp9wkYemKDr7tP8bwrf6Sj22gva9JtH,2026-02-11T22:29:01Z,9Zu8AigeXgFAajBTni2VWw6Wmz7XxDqHmY5nQwdCWAyY,2.4268507205e-07,242.69,,,,net_00470,1,2,LOW
CAmwD1eK5Tbuzpp9wkYemKDr7tP8bwrf6Sj22gva9JtH,2026-02-11T22:29:01Z,9Zu8AigeXgFAajBTni2VWw6Wmz7XxDqHmY5nQwdCWAyY,2.4268507205e-07,242.69,,,,net_00477,1,2,LOW
CAmwD1eK5Tbuzpp9wkYemKDr7tP8bwrf6Sj22gva9JtH,2026-02-11T22:29:01Z,9Zu8AigeXgFAajBTni2VWw6Wmz7XxDqHmY5nQwdCWAyY,2.4268507205e-07,242.69,,,,net_00641,1,2,LOW
CAmwD1eK5Tbuzpp9wkYemKDr7tP8bwrf6Sj22gva9JtH,2026-02-11T22:29:01Z,9Zu8AigeXgFAajBTni2VWw6Wmz7XxDqHmY5nQwdCWAyY,2.4268507205e-07,242.69,,,,net_00894,1,2,LOW
CAmwD1eK5Tbuzpp9wkYemKDr7tP8bwrf6Sj22gva9JtH,2026-02-11T22:29:01Z,9Zu8AigeXgFAajBTni2VWw6Wmz7XxDqHmY5nQwdCWAyY,2.4268507205e-07,242.69,,,,net_00955,1,2,LOW
CCX5BPRWjUKgNWEZGsXUucofG7QWu6BU9HVN4Z34uPEy,2026-02-11T22:28:42Z,BvPfX8pa1NW9ttx8KZmEfQX1cyuJbzDKXQDb1mtXh3Va,1.2764087644e-07,127.64,,,,net_00235,1,2,LOW
CCX5BPRWjUKgNWEZGsXUucofG7QWu6BU9HVN4Z34uPEy,2026-02-11T22:28:42Z,BvPfX8pa1NW9ttx8KZmEfQX1cyuJbzDKXQDb1mtXh3Va,1.2764087644e-07,127.64,,,,net_00338,1,4,LOW
CCX5BPRWjUKgNWEZGsXUucofG7QWu6BU9HVN4Z34uPEy,2026-02-11T22:28:42Z,BvPfX8pa1NW9ttx8KZmEfQX1cyuJbzDKXQDb1mtXh3Va,1.2764087644e-07,127.64,,,,net_00476,1,2,LOW
CCX5BPRWjUKgNWEZGsXUucofG7QWu6BU9HVN4Z34uPEy,2026-02-11T22:28:42Z,BvPfX8pa1NW9ttx8KZmEfQX1cyuJbzDKXQDb1mtXh3Va,1.2764087644e-07,127.64,,,,net_00704,1,5,LOW
CCX5BPRWjUKgNWEZGsXUucofG7QWu6BU9HVN4Z34uPEy,2026-02-11T22:28:42Z,BvPfX8pa1NW9ttx8KZmEfQX1cyuJbzDKXQDb1mtXh3Va,1.2764087644e-07,127.64,,,,net_00728,1,7,MEDIUM
CCX5BPRWjUKgNWEZGsXUucofG7QWu6BU9HVN4Z34uPEy,2026-02-11T22:28:42Z,BvPfX8pa1NW9ttx8KZmEfQX1cyuJbzDKXQDb1mtXh3Va,1.2764087644e-07,127.64,,,,net_00739,1,4,LOW
CCX5BPRWjUKgNWEZGsXUucofG7QWu6BU9HVN4Z34uPEy,2026-02-11T22:28:42Z,BvPfX8pa1NW9ttx8KZmEfQX1cyuJbzDKXQDb1mtXh3Va,1.2764087644e-07,127.64,,,,net_00744,1,4,LOW
CCX5BPRWjUKgNWEZGsXUucofG7QWu6BU9HVN4Z34uPEy,2026-02-11T22:28:42Z,BvPfX8pa1NW9ttx8KZmEfQX1cyuJbzDKXQDb1mtXh3Va,1.2764087644e-07,127.64,,,,net_00842,1,3,LOW
CCX5BPRWjUKgNWEZGsXUucofG7QWu6BU9HVN4Z34uPEy,2026-02-11T22:28:42Z,BvPfX8pa1NW9ttx8KZmEfQX1cyuJbzDKXQDb1mtXh3Va,1.2764087644e-07,127.64,,,,net_01071,1,2,LOW
7F7r8qbqTCa4kSJtCfC3HzsSgw3ZK4ARjT9wo64Vgjp9,2026-02-11T22:28:29Z,C4ARzqpvZ4gR3ta89H5Yz7UyPTpRm22BL5U91e5dHTSf,6.7947346348e-09,6.79,,,,NONE,0,0,NONE
3bP2cGjuarVY84ox7Vo1pQ4MdUCM4opTDvA4uyAgpump,2026-02-11T22:18:59Z,4mNJgYzVi1T2h2SEDCpAvCJ91JvdktJyp9KVx8ZRKeSH,7.6677092433e-11,0.08,,,,NONE,0,0,NONE
GPWrr9gBX85N1gpSt5zcNXLqYYKB2Yai4oMeE2V6pump,2026-02-11T22:13:59Z,49gnN788NFLY98JKosi11YKmUtVSMLk28C6nzq9Fe51P,1.9872655680e-11,0.02,,,,NONE,0,0,NONE
GCLE72ffkicmyVaYeaWH5pfFCvnH5Q1tSg2N18Lipump,2026-02-11T22:13:34Z,3uoGU2S2kQX3ALnDvwNARvivJT9qTxMzEGjxa6m1yYyr,1.6012452477e-07,160.12,,,,NONE,0,0,NONE
7zJDGsWH2PoF5kFsvoN8bAjwntD6NfNgAfsGqyCgpump,2026-02-11T22:12:18Z,q1ac6n9chZwLBaQVng2VvXPYoYEanuFCRh32XAgL3rz,1.4246923197e-10,0.14,,,,NONE,0,0,NONE
2CWAdB8rHqZ4Uo3JGBj3wtkemrPouHq6J1ake8Pqpump,2026-02-11T22:08:29Z,22vPL8vpjN9cbQXZxadhUzRo6tsU5MNXXxTwqrnSAVMP,3.9334027844e-10,0.39,,,,NONE,0,0,NONE
2GtZ2zar1RgfqxLiqXLZRyJcXeCuz1XqzTLsDzF9pump,2026-02-11T22:03:18Z,DVmmWNh1p3Madz8QfrSe3kQXwpfrtPWKEivydX9AVnai,9.0970916503e-09,9.10,,,,NONE,0,0,NONE
HDnGBkBCPRgyt9YtqKK6DE23DVLFrCMBjWffAqefpump,2026-02-11T21:58:49Z,46xhfqd236br6tm3Dt8cdE38aRhz9TGG8XSGthL1kizC,2.9669111536e-09,2.97,,,,NONE,0,0,NONE
CdfnAgXHrFDtxMCsQYnfwEKzCkGzrTY4EhaMGAebpump,2026-02-11T21:49:09Z,7qWDHYXdahFTqRS5crmbdN37WHbyqwzPoFSRoZmZbo9V,2.5752265958e-08,25.75,,,,NONE,0,0,NONE
F7ieAkzsZdRdEE1L7k8ufrL3NaNRYtdyf93pRs7Jpump,2026-02-11T21:46:54Z,HVF1UvTodjZkDv2EZcbqADZ7hoDCTYjEW9JZmhH4cM4r,6.1421508427e-08,61.42,,,,NONE,0,0,NONE
2qxhhWgBJUpJExypNC7QQXh4jdCFnn91kBA81ZAapump,2026-02-11T21:46:39Z,2bRoascfGCKkRnyZLmzJh7cKpiD45zyEzUmg9XPZzueC,7.9170119028e-09,7.92,,,,net_00060,1,2,LOW
2qxhhWgBJUpJExypNC7QQXh4jdCFnn91kBA81ZAapump,2026-02-11T21:46:39Z,2bRoascfGCKkRnyZLmzJh7cKpiD45zyEzUmg9XPZzueC,7.9170119028e-09,7.92,,,,net_00453,1,2,LOW
2qxhhWgBJUpJExypNC7QQXh4jdCFnn91kBA81ZAapump,2026-02-11T21:46:39Z,2bRoascfGCKkRnyZLmzJh7cKpiD45zyEzUmg9XPZzueC,7.9170119028e-09,7.92,,,,net_00582,1,3,LOW
2qxhhWgBJUpJExypNC7QQXh4jdCFnn91kBA81ZAapump,2026-02-11T21:46:39Z,2bRoascfGCKkRnyZLmzJh7cKpiD45zyEzUmg9XPZzueC,7.9170119028e-09,7.92,,,,net_00749,1,2,LOW
2qxhhWgBJUpJExypNC7QQXh4jdCFnn91kBA81ZAapump,2026-02-11T21:46:39Z,2bRoascfGCKkRnyZLmzJh7cKpiD45zyEzUmg9XPZzueC,7.9170119028e-09,7.92,,,,net_00872,1,3,LOW
2qxhhWgBJUpJExypNC7QQXh4jdCFnn91kBA81ZAapump,2026-02-11T21:46:39Z,2bRoascfGCKkRnyZLmzJh7cKpiD45zyEzUmg9XPZzueC,7.9170119028e-09,7.92,,,,net_01097,1,4,LOW
9j8g9RWGVHD5dAfWARLBjXD5dbNQ9JGrajeG7ZuApump,2026-02-11T21:40:48Z,22mRirAnEChQb9Mq33TS8W1yE9akouE6AjiTGknc4j3H,1.6661103664e-07,166.61,,,,NONE,0,0,NONE
2xhp6hna9bCUHun2X5HZzsZqPr14oTchLnN5at4Wpump,2026-02-11T21:29:46Z,24XmpY1Xk2miETKYwFpLnHyqKLyewcQujMWXcfz6hHiv,1.1936306155e-08,11.94,,,,net_00036,1,2,LOW
2xhp6hna9bCUHun2X5HZzsZqPr14oTchLnN5at4Wpump,2026-02-11T21:29:46Z,24XmpY1Xk2miETKYwFpLnHyqKLyewcQujMWXcfz6hHiv,1.1936306155e-08,11.94,,,,net_00037,42,17,MEDIUM
2xhp6hna9bCUHun2X5HZzsZqPr14oTchLnN5at4Wpump,2026-02-11T21:29:46Z,24XmpY1Xk2miETKYwFpLnHyqKLyewcQujMWXcfz6hHiv,1.1936306155e-08,11.94,,,,net_00175,1,2,LOW
2xhp6hna9bCUHun2X5HZzsZqPr14oTchLnN5at4Wpump,2026-02-11T21:29:46Z,24XmpY1Xk2miETKYwFpLnHyqKLyewcQujMWXcfz6hHiv,1.1936306155e-08,11.94,,,,net_00201,1,3,LOW
2xhp6hna9bCUHun2X5HZzsZqPr14oTchLnN5at4Wpump,2026-02-11T21:29:46Z,24XmpY1Xk2miETKYwFpLnHyqKLyewcQujMWXcfz6hHiv,1.1936306155e-08,11.94,,,,net_00520,1,2,LOW
2xhp6hna9bCUHun2X5HZzsZqPr14oTchLnN5at4Wpump,2026-02-11T21:29:46Z,24XmpY1Xk2miETKYwFpLnHyqKLyewcQujMWXcfz6hHiv,1.1936306155e-08,11.94,,,,net_00592,1,8,MEDIUM
2xhp6hna9bCUHun2X5HZzsZqPr14oTchLnN5at4Wpump,2026-02-11T21:29:46Z,24XmpY1Xk2miETKYwFpLnHyqKLyewcQujMWXcfz6hHiv,1.1936306155e-08,11.94,,,,net_00824,1,2,LOW
64mMNwJ38opDhW756NTxmoFQtZmLBTtVjbHzufappump,2026-02-11T21:21:24Z,AYoscEPUim61K63n7HaUK6NSMhBtprknkCizxAiceB7c,1.3897901910e-09,1.39,,,,NONE,0,0,NONE
72hDbVDpiBV8aw2YuX7oCKZUvZRhSKCzzpnt3EYSpump,2026-02-11T21:14:44Z,5TcyQLh8ojBf81DKeRC4vocTbNKJpJCsR9Kei16kLqDM,7.8111154936e-08,78.11,,,,net_00349,1,2,LOW
72hDbVDpiBV8aw2YuX7oCKZUvZRhSKCzzpnt3EYSpump,2026-02-11T21:14:44Z,5TcyQLh8ojBf81DKeRC4vocTbNKJpJCsR9Kei16kLqDM,7.8111154936e-08,78.11,,,,net_00435,1,2,LOW
72hDbVDpiBV8aw2YuX7oCKZUvZRhSKCzzpnt3EYSpump,2026-02-11T21:14:44Z,5TcyQLh8ojBf81DKeRC4vocTbNKJpJCsR9Kei16kLqDM,7.8111154936e-08,78.11,,,,net_00588,1,3,LOW
72hDbVDpiBV8aw2YuX7oCKZUvZRhSKCzzpnt3EYSpump,2026-02-11T21:14:44Z,5TcyQLh8ojBf81DKeRC4vocTbNKJpJCsR9Kei16kLqDM,7.8111154936e-08,78.11,,,,net_00636,1,3,LOW
72hDbVDpiBV8aw2YuX7oCKZUvZRhSKCzzpnt3EYSpump,2026-02-11T21:14:44Z,5TcyQLh8ojBf81DKeRC4vocTbNKJpJCsR9Kei16kLqDM,7.8111154936e-08,78.11,,,,net_01082,1,5,LOW
BrxPYyDxfJsubesSLApEszxrWN7UPqggyzjzVZrZdfN8,2026-02-11T21:08:04Z,GVLU9VQpG6JthFJDRk2nRjBN3ZshBf335qSA7X2GdS2M,,,,,,NONE,0,0,NONE
72a4FXt5LRqwVdLiEoqWXcvz1mTknRg5ft5bDz3zpump,2026-02-11T21:01:18Z,BSuCCJqRQsfRxkzviPu67d5nF9tvge7HERwYkomyTipZ,3.9488216517e-08,39.49,,,,NONE,0,0,NONE
9ZigzUPtgQZ65L3KY3SGb7qt6WQSUifqQZrNE3Enpump,2026-02-11T21:00:22Z,39MjnPdBEdG5pPYYvjif3BsApB7SyHuu2bzEU5JZEtYM,1.6417381488e-10,0.16,,,,net_00697,1,2,LOW
9ZigzUPtgQZ65L3KY3SGb7qt6WQSUifqQZrNE3Enpump,2026-02-11T21:00:22Z,39MjnPdBEdG5pPYYvjif3BsApB7SyHuu2bzEU5JZEtYM,1.6417381488e-10,0.16,,,,net_00943,1,2,LOW
9ZigzUPtgQZ65L3KY3SGb7qt6WQSUifqQZrNE3Enpump,2026-02-11T21:00:22Z,39MjnPdBEdG5pPYYvjif3BsApB7SyHuu2bzEU5JZEtYM,1.6417381488e-10,0.16,,,,net_01087,1,3,LOW
1aKMsFuJBXiLq5LbjK3CrzcE1oBgW4pE7yu1cek6e1T,2026-02-11T20:52:35Z,2spvGAd437Uks961GDy2Mf4iAKvbTSh5wYv2dzW4qenF,1.2478875395e-08,12.48,,,,net_00259,1,2,LOW
FVT1HxuxYsDigQWwd7xaDCT7r794prReNVamG2hopump,2026-02-11T20:51:25Z,h28VBbXEVKWk1MvTJiNQNhfwjBZRoW3SLx3WnAxNJnD,4.2911886494e-08,42.91,,,,net_00031,22,12,MEDIUM
5tRB53TQReueN9kWNNDK5hK3nG2o3vPdJiMaB5Dpump,2026-02-11T20:50:56Z,2ApvYqZPmVnXJa8bnU1Aa8iFWJMdXjDDkCJFChWxGB6o,9.4244087131e-13,0.00,,,,NONE,0,0,NONE
6QKj2yfBnoeHghqJqKeeCdDDtxrZNErEzVqQ1Ypgpump,2026-02-11T20:43:47Z,9VXuNqqqzniYYW3fRDeaCtUUtqWsEeWWn5umh3aF9h17,8.8145568194e-08,88.15,,,,net_00006,1,3,LOW
6QKj2yfBnoeHghqJqKeeCdDDtxrZNErEzVqQ1Ypgpump,2026-02-11T20:43:47Z,9VXuNqqqzniYYW3fRDeaCtUUtqWsEeWWn5umh3aF9h17,8.8145568194e-08,88.15,,,,net_00123,1,3,LOW
6QKj2yfBnoeHghqJqKeeCdDDtxrZNErEzVqQ1Ypgpump,2026-02-11T20:43:47Z,9VXuNqqqzniYYW3fRDeaCtUUtqWsEeWWn5umh3aF9h17,8.8145568194e-08,88.15,,,,net_00181,1,2,LOW
6QKj2yfBnoeHghqJqKeeCdDDtxrZNErEzVqQ1Ypgpump,2026-02-11T20:43:47Z,9VXuNqqqzniYYW3fRDeaCtUUtqWsEeWWn5umh3aF9h17,8.8145568194e-08,88.15,,,,net_00355,1,3,LOW
6QKj2yfBnoeHghqJqKeeCdDDtxrZNErEzVqQ1Ypgpump,2026-02-11T20:43:47Z,9VXuNqqqzniYYW3fRDeaCtUUtqWsEeWWn5umh3aF9h17,8.8145568194e-08,88.15,,,,net_00467,1,2,LOW
6QKj2yfBnoeHghqJqKeeCdDDtxrZNErEzVqQ1Ypgpump,2026-02-11T20:43:47Z,9VXuNqqqzniYYW3fRDeaCtUUtqWsEeWWn5umh3aF9h17,8.8145568194e-08,88.15,,,,net_00553,1,2,LOW
6QKj2yfBnoeHghqJqKeeCdDDtxrZNErEzVqQ1Ypgpump,2026-02-11T20:43:47Z,9VXuNqqqzniYYW3fRDeaCtUUtqWsEeWWn5umh3aF9h17,8.8145568194e-08,88.15,,,,net_00591,1,3,LOW
6QKj2yfBnoeHghqJqKeeCdDDtxrZNErEzVqQ1Ypgpump,2026-02-11T20:43:47Z,9VXuNqqqzniYYW3fRDeaCtUUtqWsEeWWn5umh3aF9h17,8.8145568194e-08,88.15,,,,net_00720,1,3,LOW
6QKj2yfBnoeHghqJqKeeCdDDtxrZNErEzVqQ1Ypgpump,2026-02-11T20:43:47Z,9VXuNqqqzniYYW3fRDeaCtUUtqWsEeWWn5umh3aF9h17,8.8145568194e-08,88.15,,,,net_00737,1,2,LOW
6QKj2yfBnoeHghqJqKeeCdDDtxrZNErEzVqQ1Ypgpump,2026-02-11T20:43:47Z,9VXuNqqqzniYYW3fRDeaCtUUtqWsEeWWn5umh3aF9h17,8.8145568194e-08,88.15,,,,net_00953,1,2,LOW
6QKj2yfBnoeHghqJqKeeCdDDtxrZNErEzVqQ1Ypgpump,2026-02-11T20:43:47Z,9VXuNqqqzniYYW3fRDeaCtUUtqWsEeWWn5umh3aF9h17,8.8145568194e-08,88.15,,,,net_01092,1,2,LOW
APVtp27i93ueZBpbQTdr4EyWtGLq1nZP6KX6CtKMpump,2026-02-11T20:33:09Z,E2wx9nNvLfEdfsgWEZGhsdRBpWDRLRkmWieFsWbRxVEW,2.0170000000e-05,20176.31,,,,NONE,0,0,NONE
FnUQJVfjtzEaNDSjFJEQiytjfvmNyiba1eCcFZZ8pump,2026-02-11T20:19:00Z,8pyDEk9iGSCLLm8a8AsuQbgaYquYZcMt1EUDoMjFBrAu,1.9157495936e-09,1.92,,,,NONE,0,0,NONE
Dj7g69As8KSRmQU9oyC7ExUGLvEfZkB6khJvcYEipump,2026-02-11T20:16:40Z,EFaQQTGywnD4CjQQvTugUiyVT4LV9G6MsWqiub8X6unN,3.8341571781e-08,38.34,,,,net_00147,1,2,LOW
Dj7g69As8KSRmQU9oyC7ExUGLvEfZkB6khJvcYEipump,2026-02-11T20:16:40Z,EFaQQTGywnD4CjQQvTugUiyVT4LV9G6MsWqiub8X6unN,3.8341571781e-08,38.34,,,,net_00255,1,2,LOW
Dj7g69As8KSRmQU9oyC7ExUGLvEfZkB6khJvcYEipump,2026-02-11T20:16:40Z,EFaQQTGywnD4CjQQvTugUiyVT4LV9G6MsWqiub8X6unN,3.8341571781e-08,38.34,,,,net_00317,1,2,LOW
Dj7g69As8KSRmQU9oyC7ExUGLvEfZkB6khJvcYEipump,2026-02-11T20:16:40Z,EFaQQTGywnD4CjQQvTugUiyVT4LV9G6MsWqiub8X6unN,3.8341571781e-08,38.34,,,,net_00385,1,5,LOW
Dj7g69As8KSRmQU9oyC7ExUGLvEfZkB6khJvcYEipump,2026-02-11T20:16:40Z,EFaQQTGywnD4CjQQvTugUiyVT4LV9G6MsWqiub8X6unN,3.8341571781e-08,38.34,,,,net_00405,1,3,LOW
Dj7g69As8KSRmQU9oyC7ExUGLvEfZkB6khJvcYEipump,2026-02-11T20:16:40Z,EFaQQTGywnD4CjQQvTugUiyVT4LV9G6MsWqiub8X6unN,3.8341571781e-08,38.34,,,,net_00442,1,5,LOW
Dj7g69As8KSRmQU9oyC7ExUGLvEfZkB6khJvcYEipump,2026-02-11T20:16:40Z,EFaQQTGywnD4CjQQvTugUiyVT4LV9G6MsWqiub8X6unN,3.8341571781e-08,38.34,,,,net_00486,1,2,LOW
Dj7g69As8KSRmQU9oyC7ExUGLvEfZkB6khJvcYEipump,2026-02-11T20:16:40Z,EFaQQTGywnD4CjQQvTugUiyVT4LV9G6MsWqiub8X6unN,3.8341571781e-08,38.34,,,,net_00513,1,2,LOW
Dj7g69As8KSRmQU9oyC7ExUGLvEfZkB6khJvcYEipump,2026-02-11T20:16:40Z,EFaQQTGywnD4CjQQvTugUiyVT4LV9G6MsWqiub8X6unN,3.8341571781e-08,38.34,,,,net_00588,1,3,LOW
Dj7g69As8KSRmQU9oyC7ExUGLvEfZkB6khJvcYEipump,2026-02-11T20:16:40Z,EFaQQTGywnD4CjQQvTugUiyVT4LV9G6MsWqiub8X6unN,3.8341571781e-08,38.34,,,,net_00610,1,4,LOW
Dj7g69As8KSRmQU9oyC7ExUGLvEfZkB6khJvcYEipump,2026-02-11T20:16:40Z,EFaQQTGywnD4CjQQvTugUiyVT4LV9G6MsWqiub8X6unN,3.8341571781e-08,38.34,,,,net_00636,1,3,LOW
Dj7g69As8KSRmQU9oyC7ExUGLvEfZkB6khJvcYEipump,2026-02-11T20:16:40Z,EFaQQTGywnD4CjQQvTugUiyVT4LV9G6MsWqiub8X6unN,3.8341571781e-08,38.34,,,,net_00650,1,2,LOW
Dj7g69As8KSRmQU9oyC7ExUGLvEfZkB6khJvcYEipump,2026-02-11T20:16:40Z,EFaQQTGywnD4CjQQvTugUiyVT4LV9G6MsWqiub8X6unN,3.8341571781e-08,38.34,,,,net_00688,1,3,LOW
Dj7g69As8KSRmQU9oyC7ExUGLvEfZkB6khJvcYEipump,2026-02-11T20:16:40Z,EFaQQTGywnD4CjQQvTugUiyVT4LV9G6MsWqiub8X6unN,3.8341571781e-08,38.34,,,,net_00696,1,2,LOW
Dj7g69As8KSRmQU9oyC7ExUGLvEfZkB6khJvcYEipump,2026-02-11T20:16:40Z,EFaQQTGywnD4CjQQvTugUiyVT4LV9G6MsWqiub8X6unN,3.8341571781e-08,38.34,,,,net_00703,1,2,LOW
Dj7g69As8KSRmQU9oyC7ExUGLvEfZkB6khJvcYEipump,2026-02-11T20:16:40Z,EFaQQTGywnD4CjQQvTugUiyVT4LV9G6MsWqiub8X6unN,3.8341571781e-08,38.34,,,,net_00704,1,5,LOW
Dj7g69As8KSRmQU9oyC7ExUGLvEfZkB6khJvcYEipump,2026-02-11T20:16:40Z,EFaQQTGywnD4CjQQvTugUiyVT4LV9G6MsWqiub8X6unN,3.8341571781e-08,38.34,,,,net_00728,1,7,MEDIUM
Dj7g69As8KSRmQU9oyC7ExUGLvEfZkB6khJvcYEipump,2026-02-11T20:16:40Z,EFaQQTGywnD4CjQQvTugUiyVT4LV9G6MsWqiub8X6unN,3.8341571781e-08,38.34,,,,net_00739,1,4,LOW
Dj7g69As8KSRmQU9oyC7ExUGLvEfZkB6khJvcYEipump,2026-02-11T20:16:40Z,EFaQQTGywnD4CjQQvTugUiyVT4LV9G6MsWqiub8X6unN,3.8341571781e-08,38.34,,,,net_00800,1,7,MEDIUM
Dj7g69As8KSRmQU9oyC7ExUGLvEfZkB6khJvcYEipump,2026-02-11T20:16:40Z,EFaQQTGywnD4CjQQvTugUiyVT4LV9G6MsWqiub8X6unN,3.8341571781e-08,38.34,,,,net_00830,1,3,LOW
Dj7g69As8KSRmQU9oyC7ExUGLvEfZkB6khJvcYEipump,2026-02-11T20:16:40Z,EFaQQTGywnD4CjQQvTugUiyVT4LV9G6MsWqiub8X6unN,3.8341571781e-08,38.34,,,,net_00862,1,2,LOW
Dj7g69As8KSRmQU9oyC7ExUGLvEfZkB6khJvcYEipump,2026-02-11T20:16:40Z,EFaQQTGywnD4CjQQvTugUiyVT4LV9G6MsWqiub8X6unN,3.8341571781e-08,38.34,,,,net_00981,1,2,LOW
Dj7g69As8KSRmQU9oyC7ExUGLvEfZkB6khJvcYEipump,2026-02-11T20:16:40Z,EFaQQTGywnD4CjQQvTugUiyVT4LV9G6MsWqiub8X6unN,3.8341571781e-08,38.34,,,,net_00992,1,2,LOW
9a2PpbqNqwqf4hQtWePnDrvdSpEfsYoxKajkzybwpump,2026-02-11T20:14:38Z,83R27CGGCtiDvT61NCKiZSkMwWdFLCTndYkNmFaNcDnD,1.6658630562e-09,1.67,,,,NONE,0,0,NONE
TxQELN7jqrPR7TCD6kkPCqBQkbsE7r36jLM4aAspump,2026-02-11T20:14:10Z,4WuWfSdocfjcEoXM4oy18sfBah9LXAsiDLdFYmCJwGu9,5.6151156354e-10,0.56,,,,NONE,0,0,NONE
CLu3Qzx2xGQjhgc9d4aQERFCG5Ti2uLnzx7T1Gaypump,2026-02-11T20:14:08Z,6DU6aKPFF6j6omKK7k5tDJ4VJxMXkQJf28ubaBbbUjLM,1.8102161752e-08,18.10,,,,NONE,0,0,NONE
CdgUrzLETouEosJqd4c4KXmrnqpdBhFmBRWXueb7pump,2026-02-11T20:13:47Z,CRAgP9HtVWkBNtngEy626jprCzK9jhxvagpj1ZyXS59Q,1.5690077634e-07,156.90,,,,NONE,0,0,NONE
8524VbsqHoHTMmbi4RWhnQLPjnyzfapezWVLjEHkpump,2026-02-11T20:03:48Z,BmLswykCyG3r7Ths9MYi4pRFXuAPMd43Zy1Qxt42YLrS,5.4648501126e-10,0.55,,,,NONE,0,0,NONE
829q82etueZkkjrPFRBB3BqmcqHikaQqHTE3vBGopump,2026-02-11T20:03:11Z,HgLJvQWaSkhoHum1sfDQ2T9o3R12YGAvRkaEmhRwMmmN,,,,,,NONE,0,0,NONE
AsifpMXBEcqvmo7ZUQ5HB1sVN1JxakAUdMCbrmLvxfD6,2026-02-11T19:59:58Z,6uqT7XcMdBSBnfb5Pr2MyZmi34Z5JxLLdmDxz72sgZi1,8.2130646487e-08,82.13,,,,NONE,0,0,NONE
8KQD4AdZWF6Fyesk6jB5vXYzhkKMhKHA8JqeeTHx8LVb,2026-02-11T19:57:06Z,9Zu8AigeXgFAajBTni2VWw6Wmz7XxDqHmY5nQwdCWAyY,1.5514882753e-07,155.15,,,,net_00028,38,11,MEDIUM
8KQD4AdZWF6Fyesk6jB5vXYzhkKMhKHA8JqeeTHx8LVb,2026-02-11T19:57:06Z,9Zu8AigeXgFAajBTni2VWw6Wmz7XxDqHmY5nQwdCWAyY,1.5514882753e-07,155.15,,,,net_00116,1,2,LOW
8KQD4AdZWF6Fyesk6jB5vXYzhkKMhKHA8JqeeTHx8LVb,2026-02-11T19:57:06Z,9Zu8AigeXgFAajBTni2VWw6Wmz7XxDqHmY5nQwdCWAyY,1.5514882753e-07,155.15,,,,net_00343,1,2,LOW
8KQD4AdZWF6Fyesk6jB5vXYzhkKMhKHA8JqeeTHx8LVb,2026-02-11T19:57:06Z,9Zu8AigeXgFAajBTni2VWw6Wmz7XxDqHmY5nQwdCWAyY,1.5514882753e-07,155.15,,,,net_00357,1,2,LOW
8KQD4AdZWF6Fyesk6jB5vXYzhkKMhKHA8JqeeTHx8LVb,2026-02-11T19:57:06Z,9Zu8AigeXgFAajBTni2VWw6Wmz7XxDqHmY5nQwdCWAyY,1.5514882753e-07,155.15,,,,net_00361,1,2,LOW
8KQD4AdZWF6Fyesk6jB5vXYzhkKMhKHA8JqeeTHx8LVb,2026-02-11T19:57:06Z,9Zu8AigeXgFAajBTni2VWw6Wmz7XxDqHmY5nQwdCWAyY,1.5514882753e-07,155.15,,,,net_00470,1,2,LOW
8KQD4AdZWF6Fyesk6jB5vXYzhkKMhKHA8JqeeTHx8LVb,2026-02-11T19:57:06Z,9Zu8AigeXgFAajBTni2VWw6Wmz7XxDqHmY5nQwdCWAyY,1.5514882753e-07,155.15,,,,net_00477,1,2,LOW
8KQD4AdZWF6Fyesk6jB5vXYzhkKMhKHA8JqeeTHx8LVb,2026-02-11T19:57:06Z,9Zu8AigeXgFAajBTni2VWw6Wmz7XxDqHmY5nQwdCWAyY,1.5514882753e-07,155.15,,,,net_00641,1,2,LOW
8KQD4AdZWF6Fyesk6jB5vXYzhkKMhKHA8JqeeTHx8LVb,2026-02-11T19:57:06Z,9Zu8AigeXgFAajBTni2VWw6Wmz7XxDqHmY5nQwdCWAyY,1.5514882753e-07,155.15,,,,net_00894,1,2,LOW
8KQD4AdZWF6Fyesk6jB5vXYzhkKMhKHA8JqeeTHx8LVb,2026-02-11T19:57:06Z,9Zu8AigeXgFAajBTni2VWw6Wmz7XxDqHmY5nQwdCWAyY,1.5514882753e-07,155.15,,,,net_00955,1,2,LOW
28fy2qDAykdfuLpihUNRr93rdDq7hQcUGrCWKg35pump,2026-02-11T19:42:58Z,8vYghuua9zcAvsBURXan8L2ZkGZHRaUWmbLNNCGKWUw3,8.0595303278e-09,8.06,,,,net_00022,1,4,LOW
28fy2qDAykdfuLpihUNRr93rdDq7hQcUGrCWKg35pump,2026-02-11T19:42:58Z,8vYghuua9zcAvsBURXan8L2ZkGZHRaUWmbLNNCGKWUw3,8.0595303278e-09,8.06,,,,net_00039,1,4,LOW
28fy2qDAykdfuLpihUNRr93rdDq7hQcUGrCWKg35pump,2026-02-11T19:42:58Z,8vYghuua9zcAvsBURXan8L2ZkGZHRaUWmbLNNCGKWUw3,8.0595303278e-09,8.06,,,,net_00043,1,4,LOW
28fy2qDAykdfuLpihUNRr93rdDq7hQcUGrCWKg35pump,2026-02-11T19:42:58Z,8vYghuua9zcAvsBURXan8L2ZkGZHRaUWmbLNNCGKWUw3,8.0595303278e-09,8.06,,,,net_00059,1,4,LOW
28fy2qDAykdfuLpihUNRr93rdDq7hQcUGrCWKg35pump,2026-02-11T19:42:58Z,8vYghuua9zcAvsBURXan8L2ZkGZHRaUWmbLNNCGKWUw3,8.0595303278e-09,8.06,,,,net_00062,1,4,LOW
28fy2qDAykdfuLpihUNRr93rdDq7hQcUGrCWKg35pump,2026-02-11T19:42:58Z,8vYghuua9zcAvsBURXan8L2ZkGZHRaUWmbLNNCGKWUw3,8.0595303278e-09,8.06,,,,net_00072,1,4,LOW
28fy2qDAykdfuLpihUNRr93rdDq7hQcUGrCWKg35pump,2026-02-11T19:42:58Z,8vYghuua9zcAvsBURXan8L2ZkGZHRaUWmbLNNCGKWUw3,8.0595303278e-09,8.06,,,,net_00077,1,4,LOW
28fy2qDAykdfuLpihUNRr93rdDq7hQcUGrCWKg35pump,2026-02-11T19:42:58Z,8vYghuua9zcAvsBURXan8L2ZkGZHRaUWmbLNNCGKWUw3,8.0595303278e-09,8.06,,,,net_00085,1,4,LOW
28fy2qDAykdfuLpihUNRr93rdDq7hQcUGrCWKg35pump,2026-02-11T19:42:58Z,8vYghuua9zcAvsBURXan8L2ZkGZHRaUWmbLNNCGKWUw3,8.0595303278e-09,8.06,,,,net_00106,1,4,LOW
28fy2qDAykdfuLpihUNRr93rdDq7hQcUGrCWKg35pump,2026-02-11T19:42:58Z,8vYghuua9zcAvsBURXan8L2ZkGZHRaUWmbLNNCGKWUw3,8.0595303278e-09,8.06,,,,net_00110,1,4,LOW
28fy2qDAykdfuLpihUNRr93rdDq7hQcUGrCWKg35pump,2026-02-11T19:42:58Z,8vYghuua9zcAvsBURXan8L2ZkGZHRaUWmbLNNCGKWUw3,8.0595303278e-09,8.06,,,,net_00112,1,4,LOW
28fy2qDAykdfuLpihUNRr93rdDq7hQcUGrCWKg35pump,2026-02-11T19:42:58Z,8vYghuua9zcAvsBURXan8L2ZkGZHRaUWmbLNNCGKWUw3,8.0595303278e-09,8.06,,,,net_00113,1,4,LOW
28fy2qDAykdfuLpihUNRr93rdDq7hQcUGrCWKg35pump,2026-02-11T19:42:58Z,8vYghuua9zcAvsBURXan8L2ZkGZHRaUWmbLNNCGKWUw3,8.0595303278e-09,8.06,,,,net_00126,1,4,LOW
28fy2qDAykdfuLpihUNRr93rdDq7hQcUGrCWKg35pump,2026-02-11T19:42:58Z,8vYghuua9zcAvsBURXan8L2ZkGZHRaUWmbLNNCGKWUw3,8.0595303278e-09,8.06,,,,net_00134,1,4,LOW
28fy2qDAykdfuLpihUNRr93rdDq7hQcUGrCWKg35pump,2026-02-11T19:42:58Z,8vYghuua9zcAvsBURXan8L2ZkGZHRaUWmbLNNCGKWUw3,8.0595303278e-09,8.06,,,,net_00152,1,4,LOW
28fy2qDAykdfuLpihUNRr93rdDq7hQcUGrCWKg35pump,2026-02-11T19:42:58Z,8vYghuua9zcAvsBURXan8L2ZkGZHRaUWmbLNNCGKWUw3,8.0595303278e-09,8.06,,,,net_00169,1,4,LOW
28fy2qDAykdfuLpihUNRr93rdDq7hQcUGrCWKg35pump,2026-02-11T19:42:58Z,8vYghuua9zcAvsBURXan8L2ZkGZHRaUWmbLNNCGKWUw3,8.0595303278e-09,8.06,,,,net_00173,1,4,LOW
28fy2qDAykdfuLpihUNRr93rdDq7hQcUGrCWKg35pump,2026-02-11T19:42:58Z,8vYghuua9zcAvsBURXan8L2ZkGZHRaUWmbLNNCGKWUw3,8.0595303278e-09,8.06,,,,net_00184,1,4,LOW
28fy2qDAykdfuLpihUNRr93rdDq7hQcUGrCWKg35pump,2026-02-11T19:42:58Z,8vYghuua9zcAvsBURXan8L2ZkGZHRaUWmbLNNCGKWUw3,8.0595303278e-09,8.06,,,,net_00190,1,4,LOW
28fy2qDAykdfuLpihUNRr93rdDq7hQcUGrCWKg35pump,2026-02-11T19:42:58Z,8vYghuua9zcAvsBURXan8L2ZkGZHRaUWmbLNNCGKWUw3,8.0595303278e-09,8.06,,,,net_00212,1,4,LOW
28fy2qDAykdfuLpihUNRr93rdDq7hQcUGrCWKg35pump,2026-02-11T19:42:58Z,8vYghuua9zcAvsBURXan8L2ZkGZHRaUWmbLNNCGKWUw3,8.0595303278e-09,8.06,,,,net_00232,1,4,LOW
28fy2qDAykdfuLpihUNRr93rdDq7hQcUGrCWKg35pump,2026-02-11T19:42:58Z,8vYghuua9zcAvsBURXan8L2ZkGZHRaUWmbLNNCGKWUw3,8.0595303278e-09,8.06,,,,net_00251,1,4,LOW
28fy2qDAykdfuLpihUNRr93rdDq7hQcUGrCWKg35pump,2026-02-11T19:42:58Z,8vYghuua9zcAvsBURXan8L2ZkGZHRaUWmbLNNCGKWUw3,8.0595303278e-09,8.06,,,,net_00262,1,4,LOW
28fy2qDAykdfuLpihUNRr93rdDq7hQcUGrCWKg35pump,2026-02-11T19:42:58Z,8vYghuua9zcAvsBURXan8L2ZkGZHRaUWmbLNNCGKWUw3,8.0595303278e-09,8.06,,,,net_00295,1,4,LOW
28fy2qDAykdfuLpihUNRr93rdDq7hQcUGrCWKg35pump,2026-02-11T19:42:58Z,8vYghuua9zcAvsBURXan8L2ZkGZHRaUWmbLNNCGKWUw3,8.0595303278e-09,8.06,,,,net_00298,1,4,LOW
28fy2qDAykdfuLpihUNRr93rdDq7hQcUGrCWKg35pump,2026-02-11T19:42:58Z,8vYghuua9zcAvsBURXan8L2ZkGZHRaUWmbLNNCGKWUw3,8.0595303278e-09,8.06,,,,net_00300,1,4,LOW
28fy2qDAykdfuLpihUNRr93rdDq7hQcUGrCWKg35pump,2026-02-11T19:42:58Z,8vYghuua9zcAvsBURXan8L2ZkGZHRaUWmbLNNCGKWUw3,8.0595303278e-09,8.06,,,,net_00302,1,4,LOW
28fy2qDAykdfuLpihUNRr93rdDq7hQcUGrCWKg35pump,2026-02-11T19:42:58Z,8vYghuua9zcAvsBURXan8L2ZkGZHRaUWmbLNNCGKWUw3,8.0595303278e-09,8.06,,,,net_00315,1,4,LOW
28fy2qDAykdfuLpihUNRr93rdDq7hQcUGrCWKg35pump,2026-02-11T19:42:58Z,8vYghuua9zcAvsBURXan8L2ZkGZHRaUWmbLNNCGKWUw3,8.0595303278e-09,8.06,,,,net_00316,1,4,LOW
28fy2qDAykdfuLpihUNRr93rdDq7hQcUGrCWKg35pump,2026-02-11T19:42:58Z,8vYghuua9zcAvsBURXan8L2ZkGZHRaUWmbLNNCGKWUw3,8.0595303278e-09,8.06,,,,net_00323,1,4,LOW
28fy2qDAykdfuLpihUNRr93rdDq7hQcUGrCWKg35pump,2026-02-11T19:42:58Z,8vYghuua9zcAvsBURXan8L2ZkGZHRaUWmbLNNCGKWUw3,8.0595303278e-09,8.06,,,,net_00340,1,4,LOW
28fy2qDAykdfuLpihUNRr93rdDq7hQcUGrCWKg35pump,2026-02-11T19:42:58Z,8vYghuua9zcAvsBURXan8L2ZkGZHRaUWmbLNNCGKWUw3,8.0595303278e-09,8.06,,,,net_00344,1,4,LOW
28fy2qDAykdfuLpihUNRr93rdDq7hQcUGrCWKg35pump,2026-02-11T19:42:58Z,8vYghuua9zcAvsBURXan8L2ZkGZHRaUWmbLNNCGKWUw3,8.0595303278e-09,8.06,,,,net_00351,1,4,LOW
28fy2qDAykdfuLpihUNRr93rdDq7hQcUGrCWKg35pump,2026-02-11T19:42:58Z,8vYghuua9zcAvsBURXan8L2ZkGZHRaUWmbLNNCGKWUw3,8.0595303278e-09,8.06,,,,net_00379,1,4,LOW
28fy2qDAykdfuLpihUNRr93rdDq7hQcUGrCWKg35pump,2026-02-11T19:42:58Z,8vYghuua9zcAvsBURXan8L2ZkGZHRaUWmbLNNCGKWUw3,8.0595303278e-09,8.06,,,,net_00381,1,4,LOW
28fy2qDAykdfuLpihUNRr93rdDq7hQcUGrCWKg35pump,2026-02-11T19:42:58Z,8vYghuua9zcAvsBURXan8L2ZkGZHRaUWmbLNNCGKWUw3,8.0595303278e-09,8.06,,,,net_00383,1,4,LOW
28fy2qDAykdfuLpihUNRr93rdDq7hQcUGrCWKg35pump,2026-02-11T19:42:58Z,8vYghuua9zcAvsBURXan8L2ZkGZHRaUWmbLNNCGKWUw3,8.0595303278e-09,8.06,,,,net_00389,1,4,LOW
28fy2qDAykdfuLpihUNRr93rdDq7hQcUGrCWKg35pump,2026-02-11T19:42:58Z,8vYghuua9zcAvsBURXan8L2ZkGZHRaUWmbLNNCGKWUw3,8.0595303278e-09,8.06,,,,net_00401,1,4,LOW
28fy2qDAykdfuLpihUNRr93rdDq7hQcUGrCWKg35pump,2026-02-11T19:42:58Z,8vYghuua9zcAvsBURXan8L2ZkGZHRaUWmbLNNCGKWUw3,8.0595303278e-09,8.06,,,,net_00408,1,4,LOW
28fy2qDAykdfuLpihUNRr93rdDq7hQcUGrCWKg35pump,2026-02-11T19:42:58Z,8vYghuua9zcAvsBURXan8L2ZkGZHRaUWmbLNNCGKWUw3,8.0595303278e-09,8.06,,,,net_00419,1,4,LOW
28fy2qDAykdfuLpihUNRr93rdDq7hQcUGrCWKg35pump,2026-02-11T19:42:58Z,8vYghuua9zcAvsBURXan8L2ZkGZHRaUWmbLNNCGKWUw3,8.0595303278e-09,8.06,,,,net_00461,1,4,LOW
28fy2qDAykdfuLpihUNRr93rdDq7hQcUGrCWKg35pump,2026-02-11T19:42:58Z,8vYghuua9zcAvsBURXan8L2ZkGZHRaUWmbLNNCGKWUw3,8.0595303278e-09,8.06,,,,net_00469,1,4,LOW
28fy2qDAykdfuLpihUNRr93rdDq7hQcUGrCWKg35pump,2026-02-11T19:42:58Z,8vYghuua9zcAvsBURXan8L2ZkGZHRaUWmbLNNCGKWUw3,8.0595303278e-09,8.06,,,,net_00505,1,4,LOW
28fy2qDAykdfuLpihUNRr93rdDq7hQcUGrCWKg35pump,2026-02-11T19:42:58Z,8vYghuua9zcAvsBURXan8L2ZkGZHRaUWmbLNNCGKWUw3,8.0595303278e-09,8.06,,,,net_00506,1,4,LOW
28fy2qDAykdfuLpihUNRr93rdDq7hQcUGrCWKg35pump,2026-02-11T19:42:58Z,8vYghuua9zcAvsBURXan8L2ZkGZHRaUWmbLNNCGKWUw3,8.0595303278e-09,8.06,,,,net_00508,1,4,LOW
28fy2qDAykdfuLpihUNRr93rdDq7hQcUGrCWKg35pump,2026-02-11T19:42:58Z,8vYghuua9zcAvsBURXan8L2ZkGZHRaUWmbLNNCGKWUw3,8.0595303278e-09,8.06,,,,net_00511,1,4,LOW
28fy2qDAykdfuLpihUNRr93rdDq7hQcUGrCWKg35pump,2026-02-11T19:42:58Z,8vYghuua9zcAvsBURXan8L2ZkGZHRaUWmbLNNCGKWUw3,8.0595303278e-09,8.06,,,,net_00512,1,4,LOW
28fy2qDAykdfuLpihUNRr93rdDq7hQcUGrCWKg35pump,2026-02-11T19:42:58Z,8vYghuua9zcAvsBURXan8L2ZkGZHRaUWmbLNNCGKWUw3,8.0595303278e-09,8.06,,,,net_00519,1,4,LOW
28fy2qDAykdfuLpihUNRr93rdDq7hQcUGrCWKg35pump,2026-02-11T19:42:58Z,8vYghuua9zcAvsBURXan8L2ZkGZHRaUWmbLNNCGKWUw3,8.0595303278e-09,8.06,,,,net_00527,1,4,LOW
28fy2qDAykdfuLpihUNRr93rdDq7hQcUGrCWKg35pump,2026-02-11T19:42:58Z,8vYghuua9zcAvsBURXan8L2ZkGZHRaUWmbLNNCGKWUw3,8.0595303278e-09,8.06,,,,net_00531,1,4,LOW
28fy2qDAykdfuLpihUNRr93rdDq7hQcUGrCWKg35pump,2026-02-11T19:42:58Z,8vYghuua9zcAvsBURXan8L2ZkGZHRaUWmbLNNCGKWUw3,8.0595303278e-09,8.06,,,,net_00538,1,4,LOW
28fy2qDAykdfuLpihUNRr93rdDq7hQcUGrCWKg35pump,2026-02-11T19:42:58Z,8vYghuua9zcAvsBURXan8L2ZkGZHRaUWmbLNNCGKWUw3,8.0595303278e-09,8.06,,,,net_00541,1,4,LOW
28fy2qDAykdfuLpihUNRr93rdDq7hQcUGrCWKg35pump,2026-02-11T19:42:58Z,8vYghuua9zcAvsBURXan8L2ZkGZHRaUWmbLNNCGKWUw3,8.0595303278e-09,8.06,,,,net_00559,1,4,LOW
28fy2qDAykdfuLpihUNRr93rdDq7hQcUGrCWKg35pump,2026-02-11T19:42:58Z,8vYghuua9zcAvsBURXan8L2ZkGZHRaUWmbLNNCGKWUw3,8.0595303278e-09,8.06,,,,net_00583,1,4,LOW
28fy2qDAykdfuLpihUNRr93rdDq7hQcUGrCWKg35pump,2026-02-11T19:42:58Z,8vYghuua9zcAvsBURXan8L2ZkGZHRaUWmbLNNCGKWUw3,8.0595303278e-09,8.06,,,,net_00584,1,4,LOW
28fy2qDAykdfuLpihUNRr93rdDq7hQcUGrCWKg35pump,2026-02-11T19:42:58Z,8vYghuua9zcAvsBURXan8L2ZkGZHRaUWmbLNNCGKWUw3,8.0595303278e-09,8.06,,,,net_00601,1,4,LOW
28fy2qDAykdfuLpihUNRr93rdDq7hQcUGrCWKg35pump,2026-02-11T19:42:58Z,8vYghuua9zcAvsBURXan8L2ZkGZHRaUWmbLNNCGKWUw3,8.0595303278e-09,8.06,,,,net_00617,1,4,LOW
28fy2qDAykdfuLpihUNRr93rdDq7hQcUGrCWKg35pump,2026-02-11T19:42:58Z,8vYghuua9zcAvsBURXan8L2ZkGZHRaUWmbLNNCGKWUw3,8.0595303278e-09,8.06,,,,net_00618,1,4,LOW
28fy2qDAykdfuLpihUNRr93rdDq7hQcUGrCWKg35pump,2026-02-11T19:42:58Z,8vYghuua9zcAvsBURXan8L2ZkGZHRaUWmbLNNCGKWUw3,8.0595303278e-09,8.06,,,,net_00622,1,4,LOW
28fy2qDAykdfuLpihUNRr93rdDq7hQcUGrCWKg35pump,2026-02-11T19:42:58Z,8vYghuua9zcAvsBURXan8L2ZkGZHRaUWmbLNNCGKWUw3,8.0595303278e-09,8.06,,,,net_00632,1,4,LOW
28fy2qDAykdfuLpihUNRr93rdDq7hQcUGrCWKg35pump,2026-02-11T19:42:58Z,8vYghuua9zcAvsBURXan8L2ZkGZHRaUWmbLNNCGKWUw3,8.0595303278e-09,8.06,,,,net_00655,1,4,LOW
28fy2qDAykdfuLpihUNRr93rdDq7hQcUGrCWKg35pump,2026-02-11T19:42:58Z,8vYghuua9zcAvsBURXan8L2ZkGZHRaUWmbLNNCGKWUw3,8.0595303278e-09,8.06,,,,net_00657,1,4,LOW
28fy2qDAykdfuLpihUNRr93rdDq7hQcUGrCWKg35pump,2026-02-11T19:42:58Z,8vYghuua9zcAvsBURXan8L2ZkGZHRaUWmbLNNCGKWUw3,8.0595303278e-09,8.06,,,,net_00662,1,4,LOW
28fy2qDAykdfuLpihUNRr93rdDq7hQcUGrCWKg35pump,2026-02-11T19:42:58Z,8vYghuua9zcAvsBURXan8L2ZkGZHRaUWmbLNNCGKWUw3,8.0595303278e-09,8.06,,,,net_00672,1,4,LOW
28fy2qDAykdfuLpihUNRr93rdDq7hQcUGrCWKg35pump,2026-02-11T19:42:58Z,8vYghuua9zcAvsBURXan8L2ZkGZHRaUWmbLNNCGKWUw3,8.0595303278e-09,8.06,,,,net_00684,1,4,LOW
28fy2qDAykdfuLpihUNRr93rdDq7hQcUGrCWKg35pump,2026-02-11T19:42:58Z,8vYghuua9zcAvsBURXan8L2ZkGZHRaUWmbLNNCGKWUw3,8.0595303278e-09,8.06,,,,net_00707,1,4,LOW
28fy2qDAykdfuLpihUNRr93rdDq7hQcUGrCWKg35pump,2026-02-11T19:42:58Z,8vYghuua9zcAvsBURXan8L2ZkGZHRaUWmbLNNCGKWUw3,8.0595303278e-09,8.06,,,,net_00708,1,4,LOW
28fy2qDAykdfuLpihUNRr93rdDq7hQcUGrCWKg35pump,2026-02-11T19:42:58Z,8vYghuua9zcAvsBURXan8L2ZkGZHRaUWmbLNNCGKWUw3,8.0595303278e-09,8.06,,,,net_00713,1,4,LOW
28fy2qDAykdfuLpihUNRr93rdDq7hQcUGrCWKg35pump,2026-02-11T19:42:58Z,8vYghuua9zcAvsBURXan8L2ZkGZHRaUWmbLNNCGKWUw3,8.0595303278e-09,8.06,,,,net_00716,1,4,LOW
28fy2qDAykdfuLpihUNRr93rdDq7hQcUGrCWKg35pump,2026-02-11T19:42:58Z,8vYghuua9zcAvsBURXan8L2ZkGZHRaUWmbLNNCGKWUw3,8.0595303278e-09,8.06,,,,net_00741,1,4,LOW
28fy2qDAykdfuLpihUNRr93rdDq7hQcUGrCWKg35pump,2026-02-11T19:42:58Z,8vYghuua9zcAvsBURXan8L2ZkGZHRaUWmbLNNCGKWUw3,8.0595303278e-09,8.06,,,,net_00743,1,4,LOW
28fy2qDAykdfuLpihUNRr93rdDq7hQcUGrCWKg35pump,2026-02-11T19:42:58Z,8vYghuua9zcAvsBURXan8L2ZkGZHRaUWmbLNNCGKWUw3,8.0595303278e-09,8.06,,,,net_00753,1,4,LOW
28fy2qDAykdfuLpihUNRr93rdDq7hQcUGrCWKg35pump,2026-02-11T19:42:58Z,8vYghuua9zcAvsBURXan8L2ZkGZHRaUWmbLNNCGKWUw3,8.0595303278e-09,8.06,,,,net_00757,1,4,LOW
28fy2qDAykdfuLpihUNRr93rdDq7hQcUGrCWKg35pump,2026-02-11T19:42:58Z,8vYghuua9zcAvsBURXan8L2ZkGZHRaUWmbLNNCGKWUw3,8.0595303278e-09,8.06,,,,net_00769,1,4,LOW
28fy2qDAykdfuLpihUNRr93rdDq7hQcUGrCWKg35pump,2026-02-11T19:42:58Z,8vYghuua9zcAvsBURXan8L2ZkGZHRaUWmbLNNCGKWUw3,8.0595303278e-09,8.06,,,,net_00774,1,4,LOW
28fy2qDAykdfuLpihUNRr93rdDq7hQcUGrCWKg35pump,2026-02-11T19:42:58Z,8vYghuua9zcAvsBURXan8L2ZkGZHRaUWmbLNNCGKWUw3,8.0595303278e-09,8.06,,,,net_00777,1,4,LOW
28fy2qDAykdfuLpihUNRr93rdDq7hQcUGrCWKg35pump,2026-02-11T19:42:58Z,8vYghuua9zcAvsBURXan8L2ZkGZHRaUWmbLNNCGKWUw3,8.0595303278e-09,8.06,,,,net_00782,1,4,LOW
28fy2qDAykdfuLpihUNRr93rdDq7hQcUGrCWKg35pump,2026-02-11T19:42:58Z,8vYghuua9zcAvsBURXan8L2ZkGZHRaUWmbLNNCGKWUw3,8.0595303278e-09,8.06,,,,net_00804,1,4,LOW
28fy2qDAykdfuLpihUNRr93rdDq7hQcUGrCWKg35pump,2026-02-11T19:42:58Z,8vYghuua9zcAvsBURXan8L2ZkGZHRaUWmbLNNCGKWUw3,8.0595303278e-09,8.06,,,,net_00814,1,4,LOW
28fy2qDAykdfuLpihUNRr93rdDq7hQcUGrCWKg35pump,2026-02-11T19:42:58Z,8vYghuua9zcAvsBURXan8L2ZkGZHRaUWmbLNNCGKWUw3,8.0595303278e-09,8.06,,,,net_00817,1,4,LOW
28fy2qDAykdfuLpihUNRr93rdDq7hQcUGrCWKg35pump,2026-02-11T19:42:58Z,8vYghuua9zcAvsBURXan8L2ZkGZHRaUWmbLNNCGKWUw3,8.0595303278e-09,8.06,,,,net_00855,1,4,LOW
28fy2qDAykdfuLpihUNRr93rdDq7hQcUGrCWKg35pump,2026-02-11T19:42:58Z,8vYghuua9zcAvsBURXan8L2ZkGZHRaUWmbLNNCGKWUw3,8.0595303278e-09,8.06,,,,net_00865,1,4,LOW
28fy2qDAykdfuLpihUNRr93rdDq7hQcUGrCWKg35pump,2026-02-11T19:42:58Z,8vYghuua9zcAvsBURXan8L2ZkGZHRaUWmbLNNCGKWUw3,8.0595303278e-09,8.06,,,,net_00877,1,4,LOW
28fy2qDAykdfuLpihUNRr93rdDq7hQcUGrCWKg35pump,2026-02-11T19:42:58Z,8vYghuua9zcAvsBURXan8L2ZkGZHRaUWmbLNNCGKWUw3,8.0595303278e-09,8.06,,,,net_00881,1,4,LOW
28fy2qDAykdfuLpihUNRr93rdDq7hQcUGrCWKg35pump,2026-02-11T19:42:58Z,8vYghuua9zcAvsBURXan8L2ZkGZHRaUWmbLNNCGKWUw3,8.0595303278e-09,8.06,,,,net_00895,1,4,LOW
28fy2qDAykdfuLpihUNRr93rdDq7hQcUGrCWKg35pump,2026-02-11T19:42:58Z,8vYghuua9zcAvsBURXan8L2ZkGZHRaUWmbLNNCGKWUw3,8.0595303278e-09,8.06,,,,net_00906,1,4,LOW
28fy2qDAykdfuLpihUNRr93rdDq7hQcUGrCWKg35pump,2026-02-11T19:42:58Z,8vYghuua9zcAvsBURXan8L2ZkGZHRaUWmbLNNCGKWUw3,8.0595303278e-09,8.06,,,,net_00928,1,4,LOW
28fy2qDAykdfuLpihUNRr93rdDq7hQcUGrCWKg35pump,2026-02-11T19:42:58Z,8vYghuua9zcAvsBURXan8L2ZkGZHRaUWmbLNNCGKWUw3,8.0595303278e-09,8.06,,,,net_00952,1,4,LOW
28fy2qDAykdfuLpihUNRr93rdDq7hQcUGrCWKg35pump,2026-02-11T19:42:58Z,8vYghuua9zcAvsBURXan8L2ZkGZHRaUWmbLNNCGKWUw3,8.0595303278e-09,8.06,,,,net_00954,1,4,LOW
28fy2qDAykdfuLpihUNRr93rdDq7hQcUGrCWKg35pump,2026-02-11T19:42:58Z,8vYghuua9zcAvsBURXan8L2ZkGZHRaUWmbLNNCGKWUw3,8.0595303278e-09,8.06,,,,net_00962,1,4,LOW
28fy2qDAykdfuLpihUNRr93rdDq7hQcUGrCWKg35pump,2026-02-11T19:42:58Z,8vYghuua9zcAvsBURXan8L2ZkGZHRaUWmbLNNCGKWUw3,8.0595303278e-09,8.06,,,,net_00963,1,4,LOW
28fy2qDAykdfuLpihUNRr93rdDq7hQcUGrCWKg35pump,2026-02-11T19:42:58Z,8vYghuua9zcAvsBURXan8L2ZkGZHRaUWmbLNNCGKWUw3,8.0595303278e-09,8.06,,,,net_00968,1,4,LOW
28fy2qDAykdfuLpihUNRr93rdDq7hQcUGrCWKg35pump,2026-02-11T19:42:58Z,8vYghuua9zcAvsBURXan8L2ZkGZHRaUWmbLNNCGKWUw3,8.0595303278e-09,8.06,,,,net_01052,1,4,LOW
28fy2qDAykdfuLpihUNRr93rdDq7hQcUGrCWKg35pump,2026-02-11T19:42:58Z,8vYghuua9zcAvsBURXan8L2ZkGZHRaUWmbLNNCGKWUw3,8.0595303278e-09,8.06,,,,net_01079,1,4,LOW
6ZtoP11yFyFaYo7XzQzcGXexkpB2BEP7Mcda7Prypump,2026-02-11T19:41:20Z,HyxW4K1uEADjzsWAc6eZDq5AUYNcZQV7wutgj5bFu2Hd,3.1689735759e-08,31.69,,,,NONE,0,0,NONE
5AL14ZVJnuqBFF8fS1KxodZqFEP7aaGGBxYDfHR3pump,2026-02-11T19:39:48Z,E11hGW7MZ8eBdyCNNeog3NPHmJxsknrGuctJ6Q4nrmTu,5.2596659722e-08,52.60,,,,net_00124,14,36,HIGH
D6EZ9Cd4YA55i52979C7aFX4Mdz4yvoqZKn6Eto7pump,2026-02-11T19:37:28Z,DvJnAVckHvKSiQMRx2P6fhHNTFXp4ZDVroaNSigCcMai,4.5658378019e-08,45.66,,,,NONE,0,0,NONE
DRQ4EnK6ur3T6afFK4XYccDTeSGtVskKQMLvpZSEpump,2026-02-11T19:28:18Z,J2XAkpqWDS4F92RtmVH1Hc7Wt6PRgkfPXJMf63K2USzP,6.8599967690e-10,0.69,,,,NONE,0,0,NONE
3KFP8QAFZXj78xAss4DxpyecjVQZPU6oMkhm5WaPpump,2026-02-11T19:27:07Z,8yCZRu3nFNhehtaEM1zbU4LGSQvdpjzKYpCaEVeuiYcX,3.6619573438e-09,3.66,,,,NONE,0,0,NONE
7Y9hjRvh8Uj69A4ryXBbsVAzpj7FzuCEpRdehqKpump,2026-02-11T19:25:42Z,Dwo2kj88YYhwcFJiybTjXezR9a6QjkMASz5xXD7kujXC,1.1932683917e-07,119.33,,,,net_00141,1,2,LOW
7Y9hjRvh8Uj69A4ryXBbsVAzpj7FzuCEpRdehqKpump,2026-02-11T19:25:42Z,Dwo2kj88YYhwcFJiybTjXezR9a6QjkMASz5xXD7kujXC,1.1932683917e-07,119.33,,,,net_00517,1,2,LOW
7Y9hjRvh8Uj69A4ryXBbsVAzpj7FzuCEpRdehqKpump,2026-02-11T19:25:42Z,Dwo2kj88YYhwcFJiybTjXezR9a6QjkMASz5xXD7kujXC,1.1932683917e-07,119.33,,,,net_00647,23,152,CRITICAL
CkBd2sYAJfHvSihfdUbumT4bVbQ8bonqfKLszKV6cQcs,2026-02-11T19:23:26Z,DdLiYidXRL8bWNtxCfNQnfRr2c4Tfm2T3EkAbgMC2GY4,1.4536856988e-07,145.37,,,,NONE,0,0,NONE
FMpF2UKrfNv16b2U6Jdu6BHGNYQs5Di5tAhS3FEqpump,2026-02-11T19:22:16Z,2naWyJw6REE7SYeqDAeUaoJ3at5gTm8DLnjXsnmgmE8F,2.6061093496e-09,2.61,,,,NONE,0,0,NONE
krZpYyZW98LJwSMRxbBFsJKo5gNo2xtor6g9jaXpump,2026-02-11T19:11:08Z,DKeakFWqoWhwritNfQFixanmz6YqHfdhTvCFJk99yZEB,1.3695733295e-08,13.70,,,,NONE,0,0,NONE
5HHghdhLC27LFCwHxkB4B5FZ7kwiDmcTiAKzznL1pump,2026-02-11T18:58:24Z,FF8ja91QohGxEgsgBoR9J6p5aabHBTXGbhv1QHwDuA73,2.9534053806e-08,29.53,,,,NONE,0,0,NONE
4X49RZCktP6P3cTJ4cy5wffGBa5kk7qiD2xEVortpump,2026-02-11T18:57:56Z,4JqniXGd937ashYbnHZ9a1Qmu9NZtz4CvQsXcLSC98JM,3.2473874566e-07,324.74,,,,NONE,0,0,NONE
ANkxHQFJY1Dr9zRkyidPTV8cTBFjydguGdewMhrbpump,2026-02-11T18:49:08Z,EFcGBtCmQ7QvB34pYaonopWf5ZJqHYBB5rAiRYm59G3f,3.3776168707e-08,33.78,,,,NONE,0,0,NONE
BhvcJ9i9qzLuVL8LySSA3iXUMwHF37DvCmkDeiUopump,2026-02-11T18:47:40Z,3aBuN1DjeSJubuLfVfBzfwnR4X1AUAJZ6a81vUPNvca5,4.3333697907e-09,4.33,,,,net_00526,35,9,MEDIUM
H9vzanRRvAMwkQyYo8qytMYhVKPd2wWmC8MUv2Zzpump,2026-02-11T18:41:42Z,J6TDXvarvpBdPXTaTU8eJbtso1PUCYKGkVtMKUUY8iEa,7.1714162923e-08,71.71,,,,net_00006,1,3,LOW
H9vzanRRvAMwkQyYo8qytMYhVKPd2wWmC8MUv2Zzpump,2026-02-11T18:41:42Z,J6TDXvarvpBdPXTaTU8eJbtso1PUCYKGkVtMKUUY8iEa,7.1714162923e-08,71.71,,,,net_00355,1,3,LOW
H9vzanRRvAMwkQyYo8qytMYhVKPd2wWmC8MUv2Zzpump,2026-02-11T18:41:42Z,J6TDXvarvpBdPXTaTU8eJbtso1PUCYKGkVtMKUUY8iEa,7.1714162923e-08,71.71,,,,net_00567,1,3,LOW
H9vzanRRvAMwkQyYo8qytMYhVKPd2wWmC8MUv2Zzpump,2026-02-11T18:41:42Z,J6TDXvarvpBdPXTaTU8eJbtso1PUCYKGkVtMKUUY8iEa,7.1714162923e-08,71.71,,,,net_00720,1,3,LOW
HXE1AoWD2N3x7M5GBEZ9YQhymF9RSZ87p91LWFV5pump,2026-02-11T18:40:21Z,BfiHYGRrJPgaYpxE8KE2w4DC8669yRXYZM2SmVV7W9nk,8.5723773862e-08,85.72,,,,NONE,0,0,NONE
358d5LMZEXu58dT9UqgAEgGuWKXJ6sjM4mTBH6RHpump,2026-02-11T18:39:40Z,BB4abBpwVjA7g62qecEXqUcu2ui9juVsgJWx2gFkETeS,2.2852647187e-07,228.53,,,,NONE,0,0,NONE
H188qojfLygaYHvHjGnc9QkfeKNnAnX5DkgUcTePpump,2026-02-11T18:39:33Z,HQEy4ffQHS1NPwnBDY9eJ2rCvNmWSnY5uE4AU69FEBFn,2.5438029380e-10,0.25,,,,NONE,0,0,NONE
FKpiZh7EDtsyKtMxgbu84v1pR4gMyjPZNS9DLhnspump,2026-02-11T18:38:02Z,7XFUvDbbj1nhebtdf71xZPd5BiGxxHM4th9kEBDyV6Rj,4.4096931650e-13,0.00,,,,NONE,0,0,NONE
2EQ1Rxg26XwH6QnJNrXZ44KzuxxXaDxFt5EGvabppump,2026-02-11T18:35:38Z,DFK2YKybPnf1nZPsgz8EK8z1xG5rowvLBzwYsmNZyGiB,2.2107467372e-10,0.22,,,,NONE,0,0,NONE
5NXtjKaZ6UHFqtVGkFp5g4Ro3BEw7ZL6MGhNznG3pump,2026-02-11T18:34:42Z,3SEqGFMKLTBSPviQ5EBHVNR3vYw6BKjrXm69g5BgZBKK,3.1997705974e-09,3.20,,,,NONE,0,0,NONE
3JHG5mMKjGtdedhu6bnSbJRREAEgptja5sLkicHzpump,2026-02-11T18:33:22Z,HChTj8FiMxp4Xr4ZsmWRAhhKMK2BSeSeNoz1CszeLQ2j,1.0182948609e-07,101.83,,,,NONE,0,0,NONE
66qfykLu67nuUfCtNKQpbWTSQj8HNMx8yyuQQuvPpump,2026-02-11T18:31:46Z,EFadfqMJRxpHF7KAU5qy5Bsukf1yyQKMg5iEJxAKaQic,1.6678385762e-08,16.68,,,,net_00002,1,3,LOW
66qfykLu67nuUfCtNKQpbWTSQj8HNMx8yyuQQuvPpump,2026-02-11T18:31:46Z,EFadfqMJRxpHF7KAU5qy5Bsukf1yyQKMg5iEJxAKaQic,1.6678385762e-08,16.68,,,,net_00045,1,3,LOW
66qfykLu67nuUfCtNKQpbWTSQj8HNMx8yyuQQuvPpump,2026-02-11T18:31:46Z,EFadfqMJRxpHF7KAU5qy5Bsukf1yyQKMg5iEJxAKaQic,1.6678385762e-08,16.68,,,,net_00046,1,3,LOW
66qfykLu67nuUfCtNKQpbWTSQj8HNMx8yyuQQuvPpump,2026-02-11T18:31:46Z,EFadfqMJRxpHF7KAU5qy5Bsukf1yyQKMg5iEJxAKaQic,1.6678385762e-08,16.68,,,,net_00070,1,3,LOW
66qfykLu67nuUfCtNKQpbWTSQj8HNMx8yyuQQuvPpump,2026-02-11T18:31:46Z,EFadfqMJRxpHF7KAU5qy5Bsukf1yyQKMg5iEJxAKaQic,1.6678385762e-08,16.68,,,,net_00081,1,3,LOW
66qfykLu67nuUfCtNKQpbWTSQj8HNMx8yyuQQuvPpump,2026-02-11T18:31:46Z,EFadfqMJRxpHF7KAU5qy5Bsukf1yyQKMg5iEJxAKaQic,1.6678385762e-08,16.68,,,,net_00083,1,3,LOW
66qfykLu67nuUfCtNKQpbWTSQj8HNMx8yyuQQuvPpump,2026-02-11T18:31:46Z,EFadfqMJRxpHF7KAU5qy5Bsukf1yyQKMg5iEJxAKaQic,1.6678385762e-08,16.68,,,,net_00090,1,3,LOW
66qfykLu67nuUfCtNKQpbWTSQj8HNMx8yyuQQuvPpump,2026-02-11T18:31:46Z,EFadfqMJRxpHF7KAU5qy5Bsukf1yyQKMg5iEJxAKaQic,1.6678385762e-08,16.68,,,,net_00125,1,3,LOW
66qfykLu67nuUfCtNKQpbWTSQj8HNMx8yyuQQuvPpump,2026-02-11T18:31:46Z,EFadfqMJRxpHF7KAU5qy5Bsukf1yyQKMg5iEJxAKaQic,1.6678385762e-08,16.68,,,,net_00131,1,3,LOW
66qfykLu67nuUfCtNKQpbWTSQj8HNMx8yyuQQuvPpump,2026-02-11T18:31:46Z,EFadfqMJRxpHF7KAU5qy5Bsukf1yyQKMg5iEJxAKaQic,1.6678385762e-08,16.68,,,,net_00140,1,3,LOW
66qfykLu67nuUfCtNKQpbWTSQj8HNMx8yyuQQuvPpump,2026-02-11T18:31:46Z,EFadfqMJRxpHF7KAU5qy5Bsukf1yyQKMg5iEJxAKaQic,1.6678385762e-08,16.68,,,,net_00146,1,3,LOW
66qfykLu67nuUfCtNKQpbWTSQj8HNMx8yyuQQuvPpump,2026-02-11T18:31:46Z,EFadfqMJRxpHF7KAU5qy5Bsukf1yyQKMg5iEJxAKaQic,1.6678385762e-08,16.68,,,,net_00150,1,3,LOW
66qfykLu67nuUfCtNKQpbWTSQj8HNMx8yyuQQuvPpump,2026-02-11T18:31:46Z,EFadfqMJRxpHF7KAU5qy5Bsukf1yyQKMg5iEJxAKaQic,1.6678385762e-08,16.68,,,,net_00170,1,3,LOW
66qfykLu67nuUfCtNKQpbWTSQj8HNMx8yyuQQuvPpump,2026-02-11T18:31:46Z,EFadfqMJRxpHF7KAU5qy5Bsukf1yyQKMg5iEJxAKaQic,1.6678385762e-08,16.68,,,,net_00204,1,3,LOW
66qfykLu67nuUfCtNKQpbWTSQj8HNMx8yyuQQuvPpump,2026-02-11T18:31:46Z,EFadfqMJRxpHF7KAU5qy5Bsukf1yyQKMg5iEJxAKaQic,1.6678385762e-08,16.68,,,,net_00205,1,3,LOW
66qfykLu67nuUfCtNKQpbWTSQj8HNMx8yyuQQuvPpump,2026-02-11T18:31:46Z,EFadfqMJRxpHF7KAU5qy5Bsukf1yyQKMg5iEJxAKaQic,1.6678385762e-08,16.68,,,,net_00211,1,3,LOW
66qfykLu67nuUfCtNKQpbWTSQj8HNMx8yyuQQuvPpump,2026-02-11T18:31:46Z,EFadfqMJRxpHF7KAU5qy5Bsukf1yyQKMg5iEJxAKaQic,1.6678385762e-08,16.68,,,,net_00215,1,3,LOW
66qfykLu67nuUfCtNKQpbWTSQj8HNMx8yyuQQuvPpump,2026-02-11T18:31:46Z,EFadfqMJRxpHF7KAU5qy5Bsukf1yyQKMg5iEJxAKaQic,1.6678385762e-08,16.68,,,,net_00224,1,3,LOW
66qfykLu67nuUfCtNKQpbWTSQj8HNMx8yyuQQuvPpump,2026-02-11T18:31:46Z,EFadfqMJRxpHF7KAU5qy5Bsukf1yyQKMg5iEJxAKaQic,1.6678385762e-08,16.68,,,,net_00230,1,3,LOW
66qfykLu67nuUfCtNKQpbWTSQj8HNMx8yyuQQuvPpump,2026-02-11T18:31:46Z,EFadfqMJRxpHF7KAU5qy5Bsukf1yyQKMg5iEJxAKaQic,1.6678385762e-08,16.68,,,,net_00275,1,3,LOW
66qfykLu67nuUfCtNKQpbWTSQj8HNMx8yyuQQuvPpump,2026-02-11T18:31:46Z,EFadfqMJRxpHF7KAU5qy5Bsukf1yyQKMg5iEJxAKaQic,1.6678385762e-08,16.68,,,,net_00284,1,3,LOW
66qfykLu67nuUfCtNKQpbWTSQj8HNMx8yyuQQuvPpump,2026-02-11T18:31:46Z,EFadfqMJRxpHF7KAU5qy5Bsukf1yyQKMg5iEJxAKaQic,1.6678385762e-08,16.68,,,,net_00306,1,3,LOW
66qfykLu67nuUfCtNKQpbWTSQj8HNMx8yyuQQuvPpump,2026-02-11T18:31:46Z,EFadfqMJRxpHF7KAU5qy5Bsukf1yyQKMg5iEJxAKaQic,1.6678385762e-08,16.68,,,,net_00339,1,3,LOW
66qfykLu67nuUfCtNKQpbWTSQj8HNMx8yyuQQuvPpump,2026-02-11T18:31:46Z,EFadfqMJRxpHF7KAU5qy5Bsukf1yyQKMg5iEJxAKaQic,1.6678385762e-08,16.68,,,,net_00347,1,3,LOW
66qfykLu67nuUfCtNKQpbWTSQj8HNMx8yyuQQuvPpump,2026-02-11T18:31:46Z,EFadfqMJRxpHF7KAU5qy5Bsukf1yyQKMg5iEJxAKaQic,1.6678385762e-08,16.68,,,,net_00348,1,3,LOW
66qfykLu67nuUfCtNKQpbWTSQj8HNMx8yyuQQuvPpump,2026-02-11T18:31:46Z,EFadfqMJRxpHF7KAU5qy5Bsukf1yyQKMg5iEJxAKaQic,1.6678385762e-08,16.68,,,,net_00359,1,3,LOW
66qfykLu67nuUfCtNKQpbWTSQj8HNMx8yyuQQuvPpump,2026-02-11T18:31:46Z,EFadfqMJRxpHF7KAU5qy5Bsukf1yyQKMg5iEJxAKaQic,1.6678385762e-08,16.68,,,,net_00378,1,3,LOW
66qfykLu67nuUfCtNKQpbWTSQj8HNMx8yyuQQuvPpump,2026-02-11T18:31:46Z,EFadfqMJRxpHF7KAU5qy5Bsukf1yyQKMg5iEJxAKaQic,1.6678385762e-08,16.68,,,,net_00415,1,3,LOW
66qfykLu67nuUfCtNKQpbWTSQj8HNMx8yyuQQuvPpump,2026-02-11T18:31:46Z,EFadfqMJRxpHF7KAU5qy5Bsukf1yyQKMg5iEJxAKaQic,1.6678385762e-08,16.68,,,,net_00417,1,3,LOW
66qfykLu67nuUfCtNKQpbWTSQj8HNMx8yyuQQuvPpump,2026-02-11T18:31:46Z,EFadfqMJRxpHF7KAU5qy5Bsukf1yyQKMg5iEJxAKaQic,1.6678385762e-08,16.68,,,,net_00455,1,3,LOW
66qfykLu67nuUfCtNKQpbWTSQj8HNMx8yyuQQuvPpump,2026-02-11T18:31:46Z,EFadfqMJRxpHF7KAU5qy5Bsukf1yyQKMg5iEJxAKaQic,1.6678385762e-08,16.68,,,,net_00483,1,3,LOW
66qfykLu67nuUfCtNKQpbWTSQj8HNMx8yyuQQuvPpump,2026-02-11T18:31:46Z,EFadfqMJRxpHF7KAU5qy5Bsukf1yyQKMg5iEJxAKaQic,1.6678385762e-08,16.68,,,,net_00491,1,3,LOW
66qfykLu67nuUfCtNKQpbWTSQj8HNMx8yyuQQuvPpump,2026-02-11T18:31:46Z,EFadfqMJRxpHF7KAU5qy5Bsukf1yyQKMg5iEJxAKaQic,1.6678385762e-08,16.68,,,,net_00492,1,3,LOW
66qfykLu67nuUfCtNKQpbWTSQj8HNMx8yyuQQuvPpump,2026-02-11T18:31:46Z,EFadfqMJRxpHF7KAU5qy5Bsukf1yyQKMg5iEJxAKaQic,1.6678385762e-08,16.68,,,,net_00503,1,3,LOW
66qfykLu67nuUfCtNKQpbWTSQj8HNMx8yyuQQuvPpump,2026-02-11T18:31:46Z,EFadfqMJRxpHF7KAU5qy5Bsukf1yyQKMg5iEJxAKaQic,1.6678385762e-08,16.68,,,,net_00529,1,3,LOW
66qfykLu67nuUfCtNKQpbWTSQj8HNMx8yyuQQuvPpump,2026-02-11T18:31:46Z,EFadfqMJRxpHF7KAU5qy5Bsukf1yyQKMg5iEJxAKaQic,1.6678385762e-08,16.68,,,,net_00539,1,3,LOW
66qfykLu67nuUfCtNKQpbWTSQj8HNMx8yyuQQuvPpump,2026-02-11T18:31:46Z,EFadfqMJRxpHF7KAU5qy5Bsukf1yyQKMg5iEJxAKaQic,1.6678385762e-08,16.68,,,,net_00543,1,3,LOW
66qfykLu67nuUfCtNKQpbWTSQj8HNMx8yyuQQuvPpump,2026-02-11T18:31:46Z,EFadfqMJRxpHF7KAU5qy5Bsukf1yyQKMg5iEJxAKaQic,1.6678385762e-08,16.68,,,,net_00545,1,3,LOW
66qfykLu67nuUfCtNKQpbWTSQj8HNMx8yyuQQuvPpump,2026-02-11T18:31:46Z,EFadfqMJRxpHF7KAU5qy5Bsukf1yyQKMg5iEJxAKaQic,1.6678385762e-08,16.68,,,,net_00554,1,3,LOW
66qfykLu67nuUfCtNKQpbWTSQj8HNMx8yyuQQuvPpump,2026-02-11T18:31:46Z,EFadfqMJRxpHF7KAU5qy5Bsukf1yyQKMg5iEJxAKaQic,1.6678385762e-08,16.68,,,,net_00561,1,3,LOW
66qfykLu67nuUfCtNKQpbWTSQj8HNMx8yyuQQuvPpump,2026-02-11T18:31:46Z,EFadfqMJRxpHF7KAU5qy5Bsukf1yyQKMg5iEJxAKaQic,1.6678385762e-08,16.68,,,,net_00597,1,3,LOW
66qfykLu67nuUfCtNKQpbWTSQj8HNMx8yyuQQuvPpump,2026-02-11T18:31:46Z,EFadfqMJRxpHF7KAU5qy5Bsukf1yyQKMg5iEJxAKaQic,1.6678385762e-08,16.68,,,,net_00604,1,3,LOW
66qfykLu67nuUfCtNKQpbWTSQj8HNMx8yyuQQuvPpump,2026-02-11T18:31:46Z,EFadfqMJRxpHF7KAU5qy5Bsukf1yyQKMg5iEJxAKaQic,1.6678385762e-08,16.68,,,,net_00607,1,3,LOW
66qfykLu67nuUfCtNKQpbWTSQj8HNMx8yyuQQuvPpump,2026-02-11T18:31:46Z,EFadfqMJRxpHF7KAU5qy5Bsukf1yyQKMg5iEJxAKaQic,1.6678385762e-08,16.68,,,,net_00627,1,3,LOW
66qfykLu67nuUfCtNKQpbWTSQj8HNMx8yyuQQuvPpump,2026-02-11T18:31:46Z,EFadfqMJRxpHF7KAU5qy5Bsukf1yyQKMg5iEJxAKaQic,1.6678385762e-08,16.68,,,,net_00638,1,3,LOW
66qfykLu67nuUfCtNKQpbWTSQj8HNMx8yyuQQuvPpump,2026-02-11T18:31:46Z,EFadfqMJRxpHF7KAU5qy5Bsukf1yyQKMg5iEJxAKaQic,1.6678385762e-08,16.68,,,,net_00640,1,3,LOW
66qfykLu67nuUfCtNKQpbWTSQj8HNMx8yyuQQuvPpump,2026-02-11T18:31:46Z,EFadfqMJRxpHF7KAU5qy5Bsukf1yyQKMg5iEJxAKaQic,1.6678385762e-08,16.68,,,,net_00644,1,3,LOW
66qfykLu67nuUfCtNKQpbWTSQj8HNMx8yyuQQuvPpump,2026-02-11T18:31:46Z,EFadfqMJRxpHF7KAU5qy5Bsukf1yyQKMg5iEJxAKaQic,1.6678385762e-08,16.68,,,,net_00661,1,3,LOW
66qfykLu67nuUfCtNKQpbWTSQj8HNMx8yyuQQuvPpump,2026-02-11T18:31:46Z,EFadfqMJRxpHF7KAU5qy5Bsukf1yyQKMg5iEJxAKaQic,1.6678385762e-08,16.68,,,,net_00685,1,3,LOW
66qfykLu67nuUfCtNKQpbWTSQj8HNMx8yyuQQuvPpump,2026-02-11T18:31:46Z,EFadfqMJRxpHF7KAU5qy5Bsukf1yyQKMg5iEJxAKaQic,1.6678385762e-08,16.68,,,,net_00690,1,3,LOW
66qfykLu67nuUfCtNKQpbWTSQj8HNMx8yyuQQuvPpump,2026-02-11T18:31:46Z,EFadfqMJRxpHF7KAU5qy5Bsukf1yyQKMg5iEJxAKaQic,1.6678385762e-08,16.68,,,,net_00693,1,3,LOW
66qfykLu67nuUfCtNKQpbWTSQj8HNMx8yyuQQuvPpump,2026-02-11T18:31:46Z,EFadfqMJRxpHF7KAU5qy5Bsukf1yyQKMg5iEJxAKaQic,1.6678385762e-08,16.68,,,,net_00735,1,3,LOW
66qfykLu67nuUfCtNKQpbWTSQj8HNMx8yyuQQuvPpump,2026-02-11T18:31:46Z,EFadfqMJRxpHF7KAU5qy5Bsukf1yyQKMg5iEJxAKaQic,1.6678385762e-08,16.68,,,,net_00773,1,3,LOW
66qfykLu67nuUfCtNKQpbWTSQj8HNMx8yyuQQuvPpump,2026-02-11T18:31:46Z,EFadfqMJRxpHF7KAU5qy5Bsukf1yyQKMg5iEJxAKaQic,1.6678385762e-08,16.68,,,,net_00775,1,3,LOW
66qfykLu67nuUfCtNKQpbWTSQj8HNMx8yyuQQuvPpump,2026-02-11T18:31:46Z,EFadfqMJRxpHF7KAU5qy5Bsukf1yyQKMg5iEJxAKaQic,1.6678385762e-08,16.68,,,,net_00785,1,3,LOW
66qfykLu67nuUfCtNKQpbWTSQj8HNMx8yyuQQuvPpump,2026-02-11T18:31:46Z,EFadfqMJRxpHF7KAU5qy5Bsukf1yyQKMg5iEJxAKaQic,1.6678385762e-08,16.68,,,,net_00794,1,3,LOW
66qfykLu67nuUfCtNKQpbWTSQj8HNMx8yyuQQuvPpump,2026-02-11T18:31:46Z,EFadfqMJRxpHF7KAU5qy5Bsukf1yyQKMg5iEJxAKaQic,1.6678385762e-08,16.68,,,,net_00836,1,3,LOW
66qfykLu67nuUfCtNKQpbWTSQj8HNMx8yyuQQuvPpump,2026-02-11T18:31:46Z,EFadfqMJRxpHF7KAU5qy5Bsukf1yyQKMg5iEJxAKaQic,1.6678385762e-08,16.68,,,,net_00843,1,3,LOW
66qfykLu67nuUfCtNKQpbWTSQj8HNMx8yyuQQuvPpump,2026-02-11T18:31:46Z,EFadfqMJRxpHF7KAU5qy5Bsukf1yyQKMg5iEJxAKaQic,1.6678385762e-08,16.68,,,,net_00858,1,3,LOW
66qfykLu67nuUfCtNKQpbWTSQj8HNMx8yyuQQuvPpump,2026-02-11T18:31:46Z,EFadfqMJRxpHF7KAU5qy5Bsukf1yyQKMg5iEJxAKaQic,1.6678385762e-08,16.68,,,,net_00867,1,3,LOW
66qfykLu67nuUfCtNKQpbWTSQj8HNMx8yyuQQuvPpump,2026-02-11T18:31:46Z,EFadfqMJRxpHF7KAU5qy5Bsukf1yyQKMg5iEJxAKaQic,1.6678385762e-08,16.68,,,,net_00873,1,3,LOW
66qfykLu67nuUfCtNKQpbWTSQj8HNMx8yyuQQuvPpump,2026-02-11T18:31:46Z,EFadfqMJRxpHF7KAU5qy5Bsukf1yyQKMg5iEJxAKaQic,1.6678385762e-08,16.68,,,,net_00892,1,3,LOW
66qfykLu67nuUfCtNKQpbWTSQj8HNMx8yyuQQuvPpump,2026-02-11T18:31:46Z,EFadfqMJRxpHF7KAU5qy5Bsukf1yyQKMg5iEJxAKaQic,1.6678385762e-08,16.68,,,,net_00905,1,3,LOW
66qfykLu67nuUfCtNKQpbWTSQj8HNMx8yyuQQuvPpump,2026-02-11T18:31:46Z,EFadfqMJRxpHF7KAU5qy5Bsukf1yyQKMg5iEJxAKaQic,1.6678385762e-08,16.68,,,,net_00912,1,3,LOW
66qfykLu67nuUfCtNKQpbWTSQj8HNMx8yyuQQuvPpump,2026-02-11T18:31:46Z,EFadfqMJRxpHF7KAU5qy5Bsukf1yyQKMg5iEJxAKaQic,1.6678385762e-08,16.68,,,,net_00924,1,3,LOW
66qfykLu67nuUfCtNKQpbWTSQj8HNMx8yyuQQuvPpump,2026-02-11T18:31:46Z,EFadfqMJRxpHF7KAU5qy5Bsukf1yyQKMg5iEJxAKaQic,1.6678385762e-08,16.68,,,,net_00942,1,3,LOW
66qfykLu67nuUfCtNKQpbWTSQj8HNMx8yyuQQuvPpump,2026-02-11T18:31:46Z,EFadfqMJRxpHF7KAU5qy5Bsukf1yyQKMg5iEJxAKaQic,1.6678385762e-08,16.68,,,,net_00944,1,3,LOW
66qfykLu67nuUfCtNKQpbWTSQj8HNMx8yyuQQuvPpump,2026-02-11T18:31:46Z,EFadfqMJRxpHF7KAU5qy5Bsukf1yyQKMg5iEJxAKaQic,1.6678385762e-08,16.68,,,,net_00947,1,3,LOW
66qfykLu67nuUfCtNKQpbWTSQj8HNMx8yyuQQuvPpump,2026-02-11T18:31:46Z,EFadfqMJRxpHF7KAU5qy5Bsukf1yyQKMg5iEJxAKaQic,1.6678385762e-08,16.68,,,,net_00964,1,3,LOW
66qfykLu67nuUfCtNKQpbWTSQj8HNMx8yyuQQuvPpump,2026-02-11T18:31:46Z,EFadfqMJRxpHF7KAU5qy5Bsukf1yyQKMg5iEJxAKaQic,1.6678385762e-08,16.68,,,,net_01061,1,3,LOW
5MqZVsTbWpCom4K9QzheqAsMMyrS7jiEVpgtUrkypump,2026-02-11T18:31:02Z,GjjfeDdffuGLKqw1yngwFzE9z6Y2oVUioxcqTotqXXqZ,2.2143701426e-10,0.22,,,,NONE,0,0,NONE
2FEDWeWizhHoy3XSHiD3sd3pKG23i7C3AJEoKzFppump,2026-02-11T18:24:19Z,3vyLhussuS9wdj6V7pwZdEVW7t7PZ4tS7v8pPupUE6o4,3.7311392264e-10,0.37,,,,NONE,0,0,NONE
4npKPKAzq1EmFyL4RR3J8qkgThyUQtf9Rjerbm2kpump,2026-02-11T18:23:34Z,GF6rw1XYFUdFfiwsCRovpKGuugRi5DW1gKo6pZLyShPk,1.5779550451e-08,15.78,,,,NONE,0,0,NONE
CyMrpJHzGVcE4NE2pbrjwi1MVxnvhnKFkRRG4tY9pump,2026-02-11T18:15:11Z,ELx8A3ScSVJqL7W5SVGbnC1trEve3HTqFuNg9faN4ksz,4.6069231665e-08,46.07,,,,NONE,0,0,NONE
GcAiJSXbVNKXkpx4NCEqtx92MXPzXeYFLDH7L2XKpump,2026-02-11T18:14:16Z,8ZfZWC9UMQB8Tk2Vn93CVijSQHrPUiPzwiirqr6pxve3,5.6779786094e-11,0.06,,,,net_00979,1,2,LOW
GcAiJSXbVNKXkpx4NCEqtx92MXPzXeYFLDH7L2XKpump,2026-02-11T18:14:16Z,8ZfZWC9UMQB8Tk2Vn93CVijSQHrPUiPzwiirqr6pxve3,5.6779786094e-11,0.06,,,,net_01048,1,2,LOW
6t1iByJHHe52gQ9zQEfv8EYV7zRRQYB8KeEFqqfQpump,2026-02-11T18:13:54Z,HYUaYeYHsPn4ih2WihQ5jeTwZYMtkRqCKoeeBbEAQMVJ,1.3087322996e-09,1.31,,,,NONE,0,0,NONE
A4j8ABQfdPdV7GnaqWqHAvCv8nGX8KXqMj7ZYbrrpump,2026-02-11T18:10:45Z,HmKDrzhq3jVu29WEvEEMGA74hjL41CFvK5YWnYkSV3Pa,3.1437700397e-10,0.31,,,,NONE,0,0,NONE
7m1pyPuDmHzynx9VQ14xLG7i87oegrEvsBQEkjrtpump,2026-02-11T17:54:07Z,CVkfM75doCa24VgxjZbWsqAg2FmfNvQru8BmazM5dpbv,1.6233240412e-07,162.33,,,,net_00679,1,7,MEDIUM
7m1pyPuDmHzynx9VQ14xLG7i87oegrEvsBQEkjrtpump,2026-02-11T17:54:07Z,CVkfM75doCa24VgxjZbWsqAg2FmfNvQru8BmazM5dpbv,1.6233240412e-07,162.33,,,,net_01082,1,5,LOW
DCEvsYGi991FedGkh9ENUEohkVVH32iVpJwFsNHnpump,2026-02-11T17:50:35Z,F4Rut4Eb2LEKNYHggjGbGLvwDEYa76ybHgZTYkuJHFPf,4.6458298858e-09,4.65,,,,NONE,0,0,NONE
412zDygnwP9DzitnQVgRKUFFTDmrYScFch6P2k39pump,2026-02-11T17:44:49Z,FaBGrHWjcJ8vKnbgUtsdpZjvF7YAAajtQTWmmEHiKtQr,1.0316279895e-08,10.32,,,,net_00412,1,3,LOW
412zDygnwP9DzitnQVgRKUFFTDmrYScFch6P2k39pump,2026-02-11T17:44:49Z,FaBGrHWjcJ8vKnbgUtsdpZjvF7YAAajtQTWmmEHiKtQr,1.0316279895e-08,10.32,,,,net_00731,1,3,LOW
412zDygnwP9DzitnQVgRKUFFTDmrYScFch6P2k39pump,2026-02-11T17:44:49Z,FaBGrHWjcJ8vKnbgUtsdpZjvF7YAAajtQTWmmEHiKtQr,1.0316279895e-08,10.32,,,,net_01059,1,3,LOW
DjBWGNAEVKtrk1qckV1eD34xH1Ptgoy3ws9v7YrCpump,2026-02-11T17:39:06Z,64iLnAchS7G27zrKJFQAjpi6BxbUnusP7kW13ovdu5Vo,2.4421745070e-09,2.44,,,,NONE,0,0,NONE
EvARPQJUhFbpFrcwjvF67cY9UoqsP8zU8PhSVhicpump,2026-02-11T17:36:14Z,GmcTfxNGbm7miuA3hSwLedeY5sC6vwNseiJn7TomqGGE,1.0916781928e-07,109.17,,,,NONE,0,0,NONE
BWAEqAtgt5nvt9DDpeEru7zuLbSjYgmpL2jsFZXbpump,2026-02-11T17:30:10Z,4g3aRqawDupbpHEEGKrbpksAmnebU2auUMovEJMrLhpX,5.3755480730e-09,5.38,,,,NONE,0,0,NONE
8fad2QVnSefCqgx4xzrMffZGvhWSKWemGQshLoojpump,2026-02-11T17:28:31Z,6VMfH3XMh7b3gdXKMbzPZ2xf32C2EBVEQYXgCCJVtf3a,1.7964066132e-09,1.80,,,,NONE,0,0,NONE
5yLyh8eQukY2y1CfBLrN7vAB19Exrt1j9siN9t4rpump,2026-02-11T17:27:31Z,3TwfRgApk4zC5LWuEtEE7VKnqLik9dso53GhMZ6GJkPY,9.9235012022e-09,9.92,,,,NONE,0,0,NONE
63PUdhPPLeCUhwuauTLDZZDsPj4nmkhFKcYnPNj2pump,2026-02-11T17:27:10Z,9LYbieJtmPCaBXdHfrPatYKx49FLFAC54GZxE6Wm3kGd,2.3651458505e-09,2.37,,,,NONE,0,0,NONE
CLJoPiS1osUw9UAHVrf45EuC7ivnQ5YhCtTVhkq8pump,2026-02-11T17:24:28Z,EL9wVetfebAASAQFyDhBaxMyXpATEzntRenRyoWEnNEC,5.5522160003e-07,555.22,,,,NONE,0,0,NONE
T7uekvTjFY1gNcNYeyfxqNPxNmbhHUCAsjYDxQxpump,2026-02-11T17:24:15Z,CUmYoeP19Bht43KKGUoF5hP3f2GcyUpwgJW43budmqm1,1.1239585167e-06,1123.96,,,,NONE,0,0,NONE
ERWKSj2yBXLX1z8TTx5bksdn3eq3CSiUerUNpG7DVuLf,2026-02-11T17:20:55Z,FgifQEkRkSSXZjf2cJ4c55BhVts2yrNKzmzBLLyicg8b,6.7057432026e-08,67.06,,,,net_00037,42,17,MEDIUM
ERWKSj2yBXLX1z8TTx5bksdn3eq3CSiUerUNpG7DVuLf,2026-02-11T17:20:55Z,FgifQEkRkSSXZjf2cJ4c55BhVts2yrNKzmzBLLyicg8b,6.7057432026e-08,67.06,,,,net_00050,1,2,LOW
ERWKSj2yBXLX1z8TTx5bksdn3eq3CSiUerUNpG7DVuLf,2026-02-11T17:20:55Z,FgifQEkRkSSXZjf2cJ4c55BhVts2yrNKzmzBLLyicg8b,6.7057432026e-08,67.06,,,,net_00098,1,4,LOW
ERWKSj2yBXLX1z8TTx5bksdn3eq3CSiUerUNpG7DVuLf,2026-02-11T17:20:55Z,FgifQEkRkSSXZjf2cJ4c55BhVts2yrNKzmzBLLyicg8b,6.7057432026e-08,67.06,,,,net_00166,1,3,LOW
ERWKSj2yBXLX1z8TTx5bksdn3eq3CSiUerUNpG7DVuLf,2026-02-11T17:20:55Z,FgifQEkRkSSXZjf2cJ4c55BhVts2yrNKzmzBLLyicg8b,6.7057432026e-08,67.06,,,,net_00558,1,3,LOW
ERWKSj2yBXLX1z8TTx5bksdn3eq3CSiUerUNpG7DVuLf,2026-02-11T17:20:55Z,FgifQEkRkSSXZjf2cJ4c55BhVts2yrNKzmzBLLyicg8b,6.7057432026e-08,67.06,,,,net_00616,1,2,LOW
ERWKSj2yBXLX1z8TTx5bksdn3eq3CSiUerUNpG7DVuLf,2026-02-11T17:20:55Z,FgifQEkRkSSXZjf2cJ4c55BhVts2yrNKzmzBLLyicg8b,6.7057432026e-08,67.06,,,,net_00631,1,3,LOW
H5UQYsP8wxistmAWyUQn51cdZJxKGsftk1xFMHDzBF47,2026-02-11T17:19:09Z,9Zu8AigeXgFAajBTni2VWw6Wmz7XxDqHmY5nQwdCWAyY,2.8292498885e-08,28.29,,,,net_00028,38,11,MEDIUM
H5UQYsP8wxistmAWyUQn51cdZJxKGsftk1xFMHDzBF47,2026-02-11T17:19:09Z,9Zu8AigeXgFAajBTni2VWw6Wmz7XxDqHmY5nQwdCWAyY,2.8292498885e-08,28.29,,,,net_00116,1,2,LOW
H5UQYsP8wxistmAWyUQn51cdZJxKGsftk1xFMHDzBF47,2026-02-11T17:19:09Z,9Zu8AigeXgFAajBTni2VWw6Wmz7XxDqHmY5nQwdCWAyY,2.8292498885e-08,28.29,,,,net_00343,1,2,LOW
H5UQYsP8wxistmAWyUQn51cdZJxKGsftk1xFMHDzBF47,2026-02-11T17:19:09Z,9Zu8AigeXgFAajBTni2VWw6Wmz7XxDqHmY5nQwdCWAyY,2.8292498885e-08,28.29,,,,net_00357,1,2,LOW
H5UQYsP8wxistmAWyUQn51cdZJxKGsftk1xFMHDzBF47,2026-02-11T17:19:09Z,9Zu8AigeXgFAajBTni2VWw6Wmz7XxDqHmY5nQwdCWAyY,2.8292498885e-08,28.29,,,,net_00361,1,2,LOW
H5UQYsP8wxistmAWyUQn51cdZJxKGsftk1xFMHDzBF47,2026-02-11T17:19:09Z,9Zu8AigeXgFAajBTni2VWw6Wmz7XxDqHmY5nQwdCWAyY,2.8292498885e-08,28.29,,,,net_00470,1,2,LOW
H5UQYsP8wxistmAWyUQn51cdZJxKGsftk1xFMHDzBF47,2026-02-11T17:19:09Z,9Zu8AigeXgFAajBTni2VWw6Wmz7XxDqHmY5nQwdCWAyY,2.8292498885e-08,28.29,,,,net_00477,1,2,LOW
H5UQYsP8wxistmAWyUQn51cdZJxKGsftk1xFMHDzBF47,2026-02-11T17:19:09Z,9Zu8AigeXgFAajBTni2VWw6Wmz7XxDqHmY5nQwdCWAyY,2.8292498885e-08,28.29,,,,net_00641,1,2,LOW
H5UQYsP8wxistmAWyUQn51cdZJxKGsftk1xFMHDzBF47,2026-02-11T17:19:09Z,9Zu8AigeXgFAajBTni2VWw6Wmz7XxDqHmY5nQwdCWAyY,2.8292498885e-08,28.29,,,,net_00894,1,2,LOW
H5UQYsP8wxistmAWyUQn51cdZJxKGsftk1xFMHDzBF47,2026-02-11T17:19:09Z,9Zu8AigeXgFAajBTni2VWw6Wmz7XxDqHmY5nQwdCWAyY,2.8292498885e-08,28.29,,,,net_00955,1,2,LOW
AbZBwHEMqJhcsEEvBFivt1qBfTvyr6thmzWiCEXLpump,2026-02-11T17:17:15Z,FR7L4Lvv8qc37nRLYFqMXbavCmYHeyfZ4Y9BAUncLuh2,3.6398599686e-07,363.99,,,,NONE,0,0,NONE
DPBFAK5mFUR6n8Bcvpr8zXVQzLx4J1BbD9eGm4U1pump,2026-02-11T17:14:45Z,5zCkbcD74hFPeBHwYdwJLJAoLVgHX45AFeR7RzC8vFiD,7.1116746559e-09,7.11,,,,net_00128,1,2,LOW
DPBFAK5mFUR6n8Bcvpr8zXVQzLx4J1BbD9eGm4U1pump,2026-02-11T17:14:45Z,5zCkbcD74hFPeBHwYdwJLJAoLVgHX45AFeR7RzC8vFiD,7.1116746559e-09,7.11,,,,net_00244,1,2,LOW
DPBFAK5mFUR6n8Bcvpr8zXVQzLx4J1BbD9eGm4U1pump,2026-02-11T17:14:45Z,5zCkbcD74hFPeBHwYdwJLJAoLVgHX45AFeR7RzC8vFiD,7.1116746559e-09,7.11,,,,net_00267,1,2,LOW
DPBFAK5mFUR6n8Bcvpr8zXVQzLx4J1BbD9eGm4U1pump,2026-02-11T17:14:45Z,5zCkbcD74hFPeBHwYdwJLJAoLVgHX45AFeR7RzC8vFiD,7.1116746559e-09,7.11,,,,net_00318,1,5,LOW
DPBFAK5mFUR6n8Bcvpr8zXVQzLx4J1BbD9eGm4U1pump,2026-02-11T17:14:45Z,5zCkbcD74hFPeBHwYdwJLJAoLVgHX45AFeR7RzC8vFiD,7.1116746559e-09,7.11,,,,net_00410,1,2,LOW
DPBFAK5mFUR6n8Bcvpr8zXVQzLx4J1BbD9eGm4U1pump,2026-02-11T17:14:45Z,5zCkbcD74hFPeBHwYdwJLJAoLVgHX45AFeR7RzC8vFiD,7.1116746559e-09,7.11,,,,net_00437,1,2,LOW
DPBFAK5mFUR6n8Bcvpr8zXVQzLx4J1BbD9eGm4U1pump,2026-02-11T17:14:45Z,5zCkbcD74hFPeBHwYdwJLJAoLVgHX45AFeR7RzC8vFiD,7.1116746559e-09,7.11,,,,net_00495,1,2,LOW
DPBFAK5mFUR6n8Bcvpr8zXVQzLx4J1BbD9eGm4U1pump,2026-02-11T17:14:45Z,5zCkbcD74hFPeBHwYdwJLJAoLVgHX45AFeR7RzC8vFiD,7.1116746559e-09,7.11,,,,net_00549,1,2,LOW
DPBFAK5mFUR6n8Bcvpr8zXVQzLx4J1BbD9eGm4U1pump,2026-02-11T17:14:45Z,5zCkbcD74hFPeBHwYdwJLJAoLVgHX45AFeR7RzC8vFiD,7.1116746559e-09,7.11,,,,net_00593,1,2,LOW
DPBFAK5mFUR6n8Bcvpr8zXVQzLx4J1BbD9eGm4U1pump,2026-02-11T17:14:45Z,5zCkbcD74hFPeBHwYdwJLJAoLVgHX45AFeR7RzC8vFiD,7.1116746559e-09,7.11,,,,net_00752,1,6,MEDIUM
DPBFAK5mFUR6n8Bcvpr8zXVQzLx4J1BbD9eGm4U1pump,2026-02-11T17:14:45Z,5zCkbcD74hFPeBHwYdwJLJAoLVgHX45AFeR7RzC8vFiD,7.1116746559e-09,7.11,,,,net_00767,1,2,LOW
DPBFAK5mFUR6n8Bcvpr8zXVQzLx4J1BbD9eGm4U1pump,2026-02-11T17:14:45Z,5zCkbcD74hFPeBHwYdwJLJAoLVgHX45AFeR7RzC8vFiD,7.1116746559e-09,7.11,,,,net_00815,1,2,LOW
DPBFAK5mFUR6n8Bcvpr8zXVQzLx4J1BbD9eGm4U1pump,2026-02-11T17:14:45Z,5zCkbcD74hFPeBHwYdwJLJAoLVgHX45AFeR7RzC8vFiD,7.1116746559e-09,7.11,,,,net_01064,1,5,LOW
CDmec9J8Y2AdDYShFifnHbiTUrHRnym8RpwWKCWnpump,2026-02-11T17:08:37Z,EECMpB9K1PFfsspLRwoiB6HfT4PjSeYD1ah6HUtDrgvC,1.9783576578e-07,197.84,,,,net_00647,23,152,CRITICAL
FS1iZBbphjkoxaoySW5ycCyB9aFqyjJgbe3kJDzTpump,2026-02-11T17:07:10Z,EY8kS2GvTL4vQmQFi6nN2dnGJSFQhwmEMdktYpyLRvtP,2.7560000000e-05,27568.97,,,,NONE,0,0,NONE
HrjtBfiSNij3LtUuN7dFyWBDvXnHCtaa2QqWntbNpump,2026-02-11T16:56:06Z,4abypC2fV9pRmj4Hsw7dM8FXeXWbjksiMpzEAWq5apeK,2.8268146472e-09,2.83,,,,NONE,0,0,NONE
92V1aEZfw6t7XLcrjywTHqbxxqZRUJryCp7FxgfEpump,2026-02-11T16:47:43Z,CkeqMDy2t5tyHKFMRtDeWtDLKFuqWL37RE2G7e5FvVpy,5.0965492783e-08,50.97,,,,NONE,0,0,NONE
5XGci4ry747VwQQHi4MBEA4egbtdW9gi6TUJVCNhpump,2026-02-11T16:30:24Z,W7yA3E9f13HWLrZYqoVvebBb1EKzPC22gkiApHbVEkQ,2.8330574492e-08,28.33,,,,net_00124,14,36,HIGH
54Rjn7gSivyqfshktyMBdpNBZXwyV7smHhfRwfGRpump,2026-02-11T16:19:11Z,5zCkbcD74hFPeBHwYdwJLJAoLVgHX45AFeR7RzC8vFiD,1.4288673185e-08,14.29,,,,net_00128,1,2,LOW
54Rjn7gSivyqfshktyMBdpNBZXwyV7smHhfRwfGRpump,2026-02-11T16:19:11Z,5zCkbcD74hFPeBHwYdwJLJAoLVgHX45AFeR7RzC8vFiD,1.4288673185e-08,14.29,,,,net_00244,1,2,LOW
54Rjn7gSivyqfshktyMBdpNBZXwyV7smHhfRwfGRpump,2026-02-11T16:19:11Z,5zCkbcD74hFPeBHwYdwJLJAoLVgHX45AFeR7RzC8vFiD,1.4288673185e-08,14.29,,,,net_00267,1,2,LOW
54Rjn7gSivyqfshktyMBdpNBZXwyV7smHhfRwfGRpump,2026-02-11T16:19:11Z,5zCkbcD74hFPeBHwYdwJLJAoLVgHX45AFeR7RzC8vFiD,1.4288673185e-08,14.29,,,,net_00318,1,5,LOW
54Rjn7gSivyqfshktyMBdpNBZXwyV7smHhfRwfGRpump,2026-02-11T16:19:11Z,5zCkbcD74hFPeBHwYdwJLJAoLVgHX45AFeR7RzC8vFiD,1.4288673185e-08,14.29,,,,net_00410,1,2,LOW
54Rjn7gSivyqfshktyMBdpNBZXwyV7smHhfRwfGRpump,2026-02-11T16:19:11Z,5zCkbcD74hFPeBHwYdwJLJAoLVgHX45AFeR7RzC8vFiD,1.4288673185e-08,14.29,,,,net_00437,1,2,LOW
54Rjn7gSivyqfshktyMBdpNBZXwyV7smHhfRwfGRpump,2026-02-11T16:19:11Z,5zCkbcD74hFPeBHwYdwJLJAoLVgHX45AFeR7RzC8vFiD,1.4288673185e-08,14.29,,,,net_00495,1,2,LOW
54Rjn7gSivyqfshktyMBdpNBZXwyV7smHhfRwfGRpump,2026-02-11T16:19:11Z,5zCkbcD74hFPeBHwYdwJLJAoLVgHX45AFeR7RzC8vFiD,1.4288673185e-08,14.29,,,,net_00549,1,2,LOW
54Rjn7gSivyqfshktyMBdpNBZXwyV7smHhfRwfGRpump,2026-02-11T16:19:11Z,5zCkbcD74hFPeBHwYdwJLJAoLVgHX45AFeR7RzC8vFiD,1.4288673185e-08,14.29,,,,net_00593,1,2,LOW
54Rjn7gSivyqfshktyMBdpNBZXwyV7smHhfRwfGRpump,2026-02-11T16:19:11Z,5zCkbcD74hFPeBHwYdwJLJAoLVgHX45AFeR7RzC8vFiD,1.4288673185e-08,14.29,,,,net_00752,1,6,MEDIUM
54Rjn7gSivyqfshktyMBdpNBZXwyV7smHhfRwfGRpump,2026-02-11T16:19:11Z,5zCkbcD74hFPeBHwYdwJLJAoLVgHX45AFeR7RzC8vFiD,1.4288673185e-08,14.29,,,,net_00767,1,2,LOW
54Rjn7gSivyqfshktyMBdpNBZXwyV7smHhfRwfGRpump,2026-02-11T16:19:11Z,5zCkbcD74hFPeBHwYdwJLJAoLVgHX45AFeR7RzC8vFiD,1.4288673185e-08,14.29,,,,net_00815,1,2,LOW
54Rjn7gSivyqfshktyMBdpNBZXwyV7smHhfRwfGRpump,2026-02-11T16:19:11Z,5zCkbcD74hFPeBHwYdwJLJAoLVgHX45AFeR7RzC8vFiD,1.4288673185e-08,14.29,,,,net_01064,1,5,LOW
8iAkHS3BrUaK4pwvqB3g8Q2zN8F5giKni8p73WzQpump,2026-02-11T16:13:18Z,zNRPpVjFmDvi1jezLed9bDaPhcgxfFygZKhqaHWt5X3,5.6631039299e-09,5.66,,,,NONE,0,0,NONE
WAwQ8kd5jsjApi8orZ89GcjbnszoQNSmGHNKhJJpump,2026-02-11T16:13:09Z,5zwN9NQei4fctQ8AfEk67PVoH1jSCSYCpfYkeamkpznj,2.2746048183e-10,0.23,,,,net_00213,1,2,LOW
WAwQ8kd5jsjApi8orZ89GcjbnszoQNSmGHNKhJJpump,2026-02-11T16:13:09Z,5zwN9NQei4fctQ8AfEk67PVoH1jSCSYCpfYkeamkpznj,2.2746048183e-10,0.23,,,,net_00526,35,9,MEDIUM
WAwQ8kd5jsjApi8orZ89GcjbnszoQNSmGHNKhJJpump,2026-02-11T16:13:09Z,5zwN9NQei4fctQ8AfEk67PVoH1jSCSYCpfYkeamkpznj,2.2746048183e-10,0.23,,,,net_00609,1,2,LOW
3XceGYF5dogTpLSp8Ba8V3sa1pJZP1aLoxH2V6nUpump,2026-02-11T16:07:22Z,D4zWzEUHVwtMYww17fYD9wp1YzVAh8B31ByWyHGCinVZ,3.6832756704e-08,36.83,,,,NONE,0,0,NONE
EA8SskCgPSSK2fpfwCg4DrtUbNQ5Jnqw8b9eC6iupump,2026-02-11T16:00:45Z,AVjN3koV7LhSR1UdpkUM2GFYrdFdC6U4uQfCR3D4qXu6,3.9676598443e-09,3.97,,,,NONE,0,0,NONE
4vv729rSUw2dLonp8ZRcgWYwjaRLdWRmf3fDBqKLpump,2026-02-11T15:58:56Z,CvUADvv5oyYN2S4HGAsfCqvStkdxpg2dVUHeckLsTmtD,2.1783658698e-10,0.22,,,,NONE,0,0,NONE
HirGA3xzxyH9C9NqFTrB8kqkhWYink96uPWGJizZpump,2026-02-11T15:58:25Z,3jzQKZg7AtB8VjUry4WhwQAzu6xSA9JNhtMEoRYoieUp,8.5223193376e-11,0.09,,,,NONE,0,0,NONE
7qa3T7hRq9dhsN2Q6zzLPQYnag7WV3WzzWxCDQ2xpump,2026-02-11T15:49:28Z,G724pdRS7LihjVouiNtn5qgJfCoBHrYpFDJa2axRqRPz,4.7775657437e-08,47.78,,,,NONE,0,0,NONE
6KwZF2Hb1VKV5E9yBBdCLMS4Mh9SZRJUpF6fmj24pump,2026-02-11T15:39:53Z,7ThvPtPijDcvuTN5EzQ1hipQWXSGzMtdHVboiNEHKFU7,1.6439837325e-09,1.64,,,,net_00800,1,7,MEDIUM
6KwZF2Hb1VKV5E9yBBdCLMS4Mh9SZRJUpF6fmj24pump,2026-02-11T15:39:53Z,7ThvPtPijDcvuTN5EzQ1hipQWXSGzMtdHVboiNEHKFU7,1.6439837325e-09,1.64,,,,net_00967,1,2,LOW
6UsNgbwJL1NWuZj9PBJrGnUnUBmLu6naf3VZyFPupump,2026-02-11T15:34:09Z,5oH6HDw4JTRDSXouLeyJfarRDqDmPtmQ8ALW9E8j4eSP,5.6756849264e-08,56.76,,,,net_00049,15,15,MEDIUM
7EHi1ANLCQnLkVGwJLLtbsz8jbfvhh9rCsfhaQvygEgz,2026-02-11T15:24:14Z,MQBqWQWNfv5SWqXbUmKw6zyyvj3XQcHXNvmkcps13z5,2.8306005305e-08,28.31,,,,NONE,0,0,NONE
7r9g5brCSx5dnv1VudzwfdtfyRjyKvgK8DeG7E3Fpump,2026-02-11T15:22:53Z,BsF2M7EpvELHdo3AbKG5R2orxHMBwPCcEuZ8oNbWi2iw,1.2132439275e-07,121.32,,,,NONE,0,0,NONE
epREiDjAQXYXqj1B6482wxg64pH42vajYNUYQTJpump,2026-02-11T15:21:37Z,3Tx9rimPi7nwAyNqHB8U4JhdcaLdhpVLuN9uSENYWJoY,3.2009580720e-09,3.20,,,,NONE,0,0,NONE
5xHSSN2BjaycFtmF94qjVZdQS6ufcYX4d4TiHRXLpump,2026-02-11T15:16:13Z,AUsUr8ZbViwWMU92pggvWrhgx62of1AVY2B8TnNb6pcc,4.7533966816e-11,0.05,,,,NONE,0,0,NONE
Gj2FSXJJ8YNy3A8TCQAEuMdqquVpgmqPMBRJ3tGHpump,2026-02-11T15:04:46Z,4pV6WXBJVrX7nQAS612MqNYrC4mu9DCzfMexP3S4WLCr,5.1094006614e-08,51.09,,,,NONE,0,0,NONE
68fUs5dVKnXHipDbr8kzS2xThenrGZmCFKTP85Sypump,2026-02-11T15:00:48Z,4isPmqGiTP4fYxrdxsd4EawtQJzmRKaqxPHFNjRzvfGN,6.0712457057e-08,60.71,,,,net_00114,1,2,LOW
68fUs5dVKnXHipDbr8kzS2xThenrGZmCFKTP85Sypump,2026-02-11T15:00:48Z,4isPmqGiTP4fYxrdxsd4EawtQJzmRKaqxPHFNjRzvfGN,6.0712457057e-08,60.71,,,,net_00162,1,2,LOW
68fUs5dVKnXHipDbr8kzS2xThenrGZmCFKTP85Sypump,2026-02-11T15:00:48Z,4isPmqGiTP4fYxrdxsd4EawtQJzmRKaqxPHFNjRzvfGN,6.0712457057e-08,60.71,,,,net_00448,1,2,LOW
68fUs5dVKnXHipDbr8kzS2xThenrGZmCFKTP85Sypump,2026-02-11T15:00:48Z,4isPmqGiTP4fYxrdxsd4EawtQJzmRKaqxPHFNjRzvfGN,6.0712457057e-08,60.71,,,,net_00481,1,2,LOW
68fUs5dVKnXHipDbr8kzS2xThenrGZmCFKTP85Sypump,2026-02-11T15:00:48Z,4isPmqGiTP4fYxrdxsd4EawtQJzmRKaqxPHFNjRzvfGN,6.0712457057e-08,60.71,,,,net_00485,1,3,LOW
68fUs5dVKnXHipDbr8kzS2xThenrGZmCFKTP85Sypump,2026-02-11T15:00:48Z,4isPmqGiTP4fYxrdxsd4EawtQJzmRKaqxPHFNjRzvfGN,6.0712457057e-08,60.71,,,,net_00533,1,4,LOW
68fUs5dVKnXHipDbr8kzS2xThenrGZmCFKTP85Sypump,2026-02-11T15:00:48Z,4isPmqGiTP4fYxrdxsd4EawtQJzmRKaqxPHFNjRzvfGN,6.0712457057e-08,60.71,,,,net_00616,1,2,LOW
68fUs5dVKnXHipDbr8kzS2xThenrGZmCFKTP85Sypump,2026-02-11T15:00:48Z,4isPmqGiTP4fYxrdxsd4EawtQJzmRKaqxPHFNjRzvfGN,6.0712457057e-08,60.71,,,,net_00666,1,2,LOW
75TxMB7j56KwwPkScdvp6h9zE3dY1EuZC5mLPZizpump,2026-02-11T15:00:25Z,ATMkZRGxC1MfPUG8sKmpJRhekNMgAKTVQCVNHZK5hYGn,1.9140000000e-05,19143.60,,,,NONE,0,0,NONE
VQM6EqZfNRWfY9dG3ujpgU96VPKRyHjQrJiY9qopump,2026-02-11T14:50:01Z,9srov5Hqet3nQVZmerx2TiZX1FSGYX7gaWfP15tbaboG,5.2389847131e-11,0.05,,,,NONE,0,0,NONE
2GxKdX6sUv45PvpsMb2UdLEDdACQTYtB3sNMCC8Gpump,2026-02-11T14:39:15Z,3AWgDscuEMx9vrGToHh9cR9b2K3Jsqw6L8c6wtSKXUMd,4.6835641696e-08,46.84,,,,net_00124,14,36,HIGH
G8s88jzPhiKdfCmwTKaShErB2VrbrsvDsDBzsXqjpump,2026-02-11T14:36:51Z,weJQ5EEorQmqsdEZkpFvZe9PsdzD1L92abPFEPmi5Gw,,,,,,NONE,0,0,NONE
8jMyMfDz9fujTsjgYg5T31Na86zrYPGwgBgLcKCBH1nL,2026-02-11T14:36:08Z,FnW6MLyu5UX1G4fYcmmBrPy46foBi6vm4GTWNZQkxUrF,3.8315753026e-09,3.83,,,,NONE,0,0,NONE
6mMo9sNudz3cwR7XPRnw6hyAvoAofV224Z7QSdrepump,2026-02-11T14:32:40Z,DuGezKLZp8UL2aQMHthoUibEC7WSbpNiKFJLTtK1QHjx,2.5906107920e-08,25.91,,,,net_00073,1,2,LOW
6mMo9sNudz3cwR7XPRnw6hyAvoAofV224Z7QSdrepump,2026-02-11T14:32:40Z,DuGezKLZp8UL2aQMHthoUibEC7WSbpNiKFJLTtK1QHjx,2.5906107920e-08,25.91,,,,net_00280,1,6,MEDIUM
6mMo9sNudz3cwR7XPRnw6hyAvoAofV224Z7QSdrepump,2026-02-11T14:32:40Z,DuGezKLZp8UL2aQMHthoUibEC7WSbpNiKFJLTtK1QHjx,2.5906107920e-08,25.91,,,,net_00467,1,2,LOW
6mMo9sNudz3cwR7XPRnw6hyAvoAofV224Z7QSdrepump,2026-02-11T14:32:40Z,DuGezKLZp8UL2aQMHthoUibEC7WSbpNiKFJLTtK1QHjx,2.5906107920e-08,25.91,,,,net_00553,1,2,LOW
6mMo9sNudz3cwR7XPRnw6hyAvoAofV224Z7QSdrepump,2026-02-11T14:32:40Z,DuGezKLZp8UL2aQMHthoUibEC7WSbpNiKFJLTtK1QHjx,2.5906107920e-08,25.91,,,,net_00567,1,3,LOW
6mMo9sNudz3cwR7XPRnw6hyAvoAofV224Z7QSdrepump,2026-02-11T14:32:40Z,DuGezKLZp8UL2aQMHthoUibEC7WSbpNiKFJLTtK1QHjx,2.5906107920e-08,25.91,,,,net_00647,23,152,CRITICAL
6mMo9sNudz3cwR7XPRnw6hyAvoAofV224Z7QSdrepump,2026-02-11T14:32:40Z,DuGezKLZp8UL2aQMHthoUibEC7WSbpNiKFJLTtK1QHjx,2.5906107920e-08,25.91,,,,net_00737,1,2,LOW
6mMo9sNudz3cwR7XPRnw6hyAvoAofV224Z7QSdrepump,2026-02-11T14:32:40Z,DuGezKLZp8UL2aQMHthoUibEC7WSbpNiKFJLTtK1QHjx,2.5906107920e-08,25.91,,,,net_00832,1,2,LOW
6mMo9sNudz3cwR7XPRnw6hyAvoAofV224Z7QSdrepump,2026-02-11T14:32:40Z,DuGezKLZp8UL2aQMHthoUibEC7WSbpNiKFJLTtK1QHjx,2.5906107920e-08,25.91,,,,net_00889,1,2,LOW
6mMo9sNudz3cwR7XPRnw6hyAvoAofV224Z7QSdrepump,2026-02-11T14:32:40Z,DuGezKLZp8UL2aQMHthoUibEC7WSbpNiKFJLTtK1QHjx,2.5906107920e-08,25.91,,,,net_00929,1,2,LOW
6mMo9sNudz3cwR7XPRnw6hyAvoAofV224Z7QSdrepump,2026-02-11T14:32:40Z,DuGezKLZp8UL2aQMHthoUibEC7WSbpNiKFJLTtK1QHjx,2.5906107920e-08,25.91,,,,net_00979,1,2,LOW
6mMo9sNudz3cwR7XPRnw6hyAvoAofV224Z7QSdrepump,2026-02-11T14:32:40Z,DuGezKLZp8UL2aQMHthoUibEC7WSbpNiKFJLTtK1QHjx,2.5906107920e-08,25.91,,,,net_01048,1,2,LOW
6mMo9sNudz3cwR7XPRnw6hyAvoAofV224Z7QSdrepump,2026-02-11T14:32:40Z,DuGezKLZp8UL2aQMHthoUibEC7WSbpNiKFJLTtK1QHjx,2.5906107920e-08,25.91,,,,net_01084,1,2,LOW
Bm1MRHZRtd1vsvcR83qZAvWp84Jj7AgCFiqmAajUSid5,2026-02-11T14:28:34Z,E5j2karHHQZpRQHxPPfSbnaSrbW4hPijv2wV5JNUj9K1,6.3792141790e-09,6.38,,,,NONE,0,0,NONE
nQwgmy3YywMBnZb7gpXLodcfYyZbRAUHFeanrcBpump,2026-02-11T14:20:44Z,A8Z1ejQGk45EJibBPJviWnM3UvwKSuYun53nSCkWKM52,1.4551272128e-07,145.51,,,,net_00015,1,4,LOW
nQwgmy3YywMBnZb7gpXLodcfYyZbRAUHFeanrcBpump,2026-02-11T14:20:44Z,A8Z1ejQGk45EJibBPJviWnM3UvwKSuYun53nSCkWKM52,1.4551272128e-07,145.51,,,,net_00028,38,11,MEDIUM
nQwgmy3YywMBnZb7gpXLodcfYyZbRAUHFeanrcBpump,2026-02-11T14:20:44Z,A8Z1ejQGk45EJibBPJviWnM3UvwKSuYun53nSCkWKM52,1.4551272128e-07,145.51,,,,net_00088,1,3,LOW
nQwgmy3YywMBnZb7gpXLodcfYyZbRAUHFeanrcBpump,2026-02-11T14:20:44Z,A8Z1ejQGk45EJibBPJviWnM3UvwKSuYun53nSCkWKM52,1.4551272128e-07,145.51,,,,net_00100,1,2,LOW
nQwgmy3YywMBnZb7gpXLodcfYyZbRAUHFeanrcBpump,2026-02-11T14:20:44Z,A8Z1ejQGk45EJibBPJviWnM3UvwKSuYun53nSCkWKM52,1.4551272128e-07,145.51,,,,net_00148,1,2,LOW
nQwgmy3YywMBnZb7gpXLodcfYyZbRAUHFeanrcBpump,2026-02-11T14:20:44Z,A8Z1ejQGk45EJibBPJviWnM3UvwKSuYun53nSCkWKM52,1.4551272128e-07,145.51,,,,net_00155,1,2,LOW
nQwgmy3YywMBnZb7gpXLodcfYyZbRAUHFeanrcBpump,2026-02-11T14:20:44Z,A8Z1ejQGk45EJibBPJviWnM3UvwKSuYun53nSCkWKM52,1.4551272128e-07,145.51,,,,net_00186,1,2,LOW
nQwgmy3YywMBnZb7gpXLodcfYyZbRAUHFeanrcBpump,2026-02-11T14:20:44Z,A8Z1ejQGk45EJibBPJviWnM3UvwKSuYun53nSCkWKM52,1.4551272128e-07,145.51,,,,net_00373,1,5,LOW
nQwgmy3YywMBnZb7gpXLodcfYyZbRAUHFeanrcBpump,2026-02-11T14:20:44Z,A8Z1ejQGk45EJibBPJviWnM3UvwKSuYun53nSCkWKM52,1.4551272128e-07,145.51,,,,net_00441,1,2,LOW
nQwgmy3YywMBnZb7gpXLodcfYyZbRAUHFeanrcBpump,2026-02-11T14:20:44Z,A8Z1ejQGk45EJibBPJviWnM3UvwKSuYun53nSCkWKM52,1.4551272128e-07,145.51,,,,net_00592,1,8,MEDIUM
nQwgmy3YywMBnZb7gpXLodcfYyZbRAUHFeanrcBpump,2026-02-11T14:20:44Z,A8Z1ejQGk45EJibBPJviWnM3UvwKSuYun53nSCkWKM52,1.4551272128e-07,145.51,,,,net_00658,1,2,LOW
nQwgmy3YywMBnZb7gpXLodcfYyZbRAUHFeanrcBpump,2026-02-11T14:20:44Z,A8Z1ejQGk45EJibBPJviWnM3UvwKSuYun53nSCkWKM52,1.4551272128e-07,145.51,,,,net_00766,1,2,LOW
nQwgmy3YywMBnZb7gpXLodcfYyZbRAUHFeanrcBpump,2026-02-11T14:20:44Z,A8Z1ejQGk45EJibBPJviWnM3UvwKSuYun53nSCkWKM52,1.4551272128e-07,145.51,,,,net_00800,1,7,MEDIUM
nQwgmy3YywMBnZb7gpXLodcfYyZbRAUHFeanrcBpump,2026-02-11T14:20:44Z,A8Z1ejQGk45EJibBPJviWnM3UvwKSuYun53nSCkWKM52,1.4551272128e-07,145.51,,,,net_00820,1,2,LOW
2gnAp4cpBwj6SjfkEVrAZ4kBnNyx7AuN95JUAMPrSheN,2026-02-11T14:18:46Z,FgifQEkRkSSXZjf2cJ4c55BhVts2yrNKzmzBLLyicg8b,1.0027650225e-07,100.28,,,,net_00037,42,17,MEDIUM
2gnAp4cpBwj6SjfkEVrAZ4kBnNyx7AuN95JUAMPrSheN,2026-02-11T14:18:46Z,FgifQEkRkSSXZjf2cJ4c55BhVts2yrNKzmzBLLyicg8b,1.0027650225e-07,100.28,,,,net_00050,1,2,LOW
2gnAp4cpBwj6SjfkEVrAZ4kBnNyx7AuN95JUAMPrSheN,2026-02-11T14:18:46Z,FgifQEkRkSSXZjf2cJ4c55BhVts2yrNKzmzBLLyicg8b,1.0027650225e-07,100.28,,,,net_00098,1,4,LOW
2gnAp4cpBwj6SjfkEVrAZ4kBnNyx7AuN95JUAMPrSheN,2026-02-11T14:18:46Z,FgifQEkRkSSXZjf2cJ4c55BhVts2yrNKzmzBLLyicg8b,1.0027650225e-07,100.28,,,,net_00166,1,3,LOW
2gnAp4cpBwj6SjfkEVrAZ4kBnNyx7AuN95JUAMPrSheN,2026-02-11T14:18:46Z,FgifQEkRkSSXZjf2cJ4c55BhVts2yrNKzmzBLLyicg8b,1.0027650225e-07,100.28,,,,net_00558,1,3,LOW
2gnAp4cpBwj6SjfkEVrAZ4kBnNyx7AuN95JUAMPrSheN,2026-02-11T14:18:46Z,FgifQEkRkSSXZjf2cJ4c55BhVts2yrNKzmzBLLyicg8b,1.0027650225e-07,100.28,,,,net_00616,1,2,LOW
2gnAp4cpBwj6SjfkEVrAZ4kBnNyx7AuN95JUAMPrSheN,2026-02-11T14:18:46Z,FgifQEkRkSSXZjf2cJ4c55BhVts2yrNKzmzBLLyicg8b,1.0027650225e-07,100.28,,,,net_00631,1,3,LOW
tHkTQwgdUTBpGVUBcLx34vB1ttWY98bD89yZ11Kpump,2026-02-11T14:18:41Z,H8s4GoDcABkvykQSS7mUSHTSKUcxivoULUXgZDkjuoUf,1.5624355130e-07,156.24,,,,net_00309,1,2,LOW
HvZ32qK7ZT75nvcSkU2s6sgbXfWv2bRhXPWK9NXLpump,2026-02-11T14:14:53Z,8fby91vmgnvqczPVxYGcpULXAqCGSmma14ihVGGcZjqY,1.6096545337e-07,160.97,,,,NONE,0,0,NONE
9WdNRdTtx2M3Ru5X1mMo316ziNRej8jSKeLibnS8pump,2026-02-11T14:12:42Z,AeJ2RL6qRT2JSiDsiLpNfdpp6DMX2zZjGUdTnBkYBTvs,8.2185261061e-10,0.82,,,,NONE,0,0,NONE
6PY7GbHDrJtSWrxSJVeM5nvQP6zAmcwNpJRR7ULneAoZ,2026-02-11T14:04:07Z,whamNNP9tHoxLg92yHvJPdYhghEoCg1qYTsh5a2oLbx,2.4262592494e-08,24.26,,,,net_00019,1,4,LOW
6PY7GbHDrJtSWrxSJVeM5nvQP6zAmcwNpJRR7ULneAoZ,2026-02-11T14:04:07Z,whamNNP9tHoxLg92yHvJPdYhghEoCg1qYTsh5a2oLbx,2.4262592494e-08,24.26,,,,net_00040,1,4,LOW
6PY7GbHDrJtSWrxSJVeM5nvQP6zAmcwNpJRR7ULneAoZ,2026-02-11T14:04:07Z,whamNNP9tHoxLg92yHvJPdYhghEoCg1qYTsh5a2oLbx,2.4262592494e-08,24.26,,,,net_00047,1,4,LOW
6PY7GbHDrJtSWrxSJVeM5nvQP6zAmcwNpJRR7ULneAoZ,2026-02-11T14:04:07Z,whamNNP9tHoxLg92yHvJPdYhghEoCg1qYTsh5a2oLbx,2.4262592494e-08,24.26,,,,net_00048,1,4,LOW
6PY7GbHDrJtSWrxSJVeM5nvQP6zAmcwNpJRR7ULneAoZ,2026-02-11T14:04:07Z,whamNNP9tHoxLg92yHvJPdYhghEoCg1qYTsh5a2oLbx,2.4262592494e-08,24.26,,,,net_00058,1,4,LOW
6PY7GbHDrJtSWrxSJVeM5nvQP6zAmcwNpJRR7ULneAoZ,2026-02-11T14:04:07Z,whamNNP9tHoxLg92yHvJPdYhghEoCg1qYTsh5a2oLbx,2.4262592494e-08,24.26,,,,net_00065,1,4,LOW
6PY7GbHDrJtSWrxSJVeM5nvQP6zAmcwNpJRR7ULneAoZ,2026-02-11T14:04:07Z,whamNNP9tHoxLg92yHvJPdYhghEoCg1qYTsh5a2oLbx,2.4262592494e-08,24.26,,,,net_00094,1,4,LOW
6PY7GbHDrJtSWrxSJVeM5nvQP6zAmcwNpJRR7ULneAoZ,2026-02-11T14:04:07Z,whamNNP9tHoxLg92yHvJPdYhghEoCg1qYTsh5a2oLbx,2.4262592494e-08,24.26,,,,net_00117,1,4,LOW
6PY7GbHDrJtSWrxSJVeM5nvQP6zAmcwNpJRR7ULneAoZ,2026-02-11T14:04:07Z,whamNNP9tHoxLg92yHvJPdYhghEoCg1qYTsh5a2oLbx,2.4262592494e-08,24.26,,,,net_00129,1,4,LOW
6PY7GbHDrJtSWrxSJVeM5nvQP6zAmcwNpJRR7ULneAoZ,2026-02-11T14:04:07Z,whamNNP9tHoxLg92yHvJPdYhghEoCg1qYTsh5a2oLbx,2.4262592494e-08,24.26,,,,net_00151,1,4,LOW
6PY7GbHDrJtSWrxSJVeM5nvQP6zAmcwNpJRR7ULneAoZ,2026-02-11T14:04:07Z,whamNNP9tHoxLg92yHvJPdYhghEoCg1qYTsh5a2oLbx,2.4262592494e-08,24.26,,,,net_00180,1,4,LOW
6PY7GbHDrJtSWrxSJVeM5nvQP6zAmcwNpJRR7ULneAoZ,2026-02-11T14:04:07Z,whamNNP9tHoxLg92yHvJPdYhghEoCg1qYTsh5a2oLbx,2.4262592494e-08,24.26,,,,net_00198,1,4,LOW
6PY7GbHDrJtSWrxSJVeM5nvQP6zAmcwNpJRR7ULneAoZ,2026-02-11T14:04:07Z,whamNNP9tHoxLg92yHvJPdYhghEoCg1qYTsh5a2oLbx,2.4262592494e-08,24.26,,,,net_00199,1,4,LOW
6PY7GbHDrJtSWrxSJVeM5nvQP6zAmcwNpJRR7ULneAoZ,2026-02-11T14:04:07Z,whamNNP9tHoxLg92yHvJPdYhghEoCg1qYTsh5a2oLbx,2.4262592494e-08,24.26,,,,net_00206,1,4,LOW
6PY7GbHDrJtSWrxSJVeM5nvQP6zAmcwNpJRR7ULneAoZ,2026-02-11T14:04:07Z,whamNNP9tHoxLg92yHvJPdYhghEoCg1qYTsh5a2oLbx,2.4262592494e-08,24.26,,,,net_00208,1,4,LOW
6PY7GbHDrJtSWrxSJVeM5nvQP6zAmcwNpJRR7ULneAoZ,2026-02-11T14:04:07Z,whamNNP9tHoxLg92yHvJPdYhghEoCg1qYTsh5a2oLbx,2.4262592494e-08,24.26,,,,net_00242,1,4,LOW
6PY7GbHDrJtSWrxSJVeM5nvQP6zAmcwNpJRR7ULneAoZ,2026-02-11T14:04:07Z,whamNNP9tHoxLg92yHvJPdYhghEoCg1qYTsh5a2oLbx,2.4262592494e-08,24.26,,,,net_00269,1,4,LOW
6PY7GbHDrJtSWrxSJVeM5nvQP6zAmcwNpJRR7ULneAoZ,2026-02-11T14:04:07Z,whamNNP9tHoxLg92yHvJPdYhghEoCg1qYTsh5a2oLbx,2.4262592494e-08,24.26,,,,net_00276,1,4,LOW
6PY7GbHDrJtSWrxSJVeM5nvQP6zAmcwNpJRR7ULneAoZ,2026-02-11T14:04:07Z,whamNNP9tHoxLg92yHvJPdYhghEoCg1qYTsh5a2oLbx,2.4262592494e-08,24.26,,,,net_00278,1,4,LOW
6PY7GbHDrJtSWrxSJVeM5nvQP6zAmcwNpJRR7ULneAoZ,2026-02-11T14:04:07Z,whamNNP9tHoxLg92yHvJPdYhghEoCg1qYTsh5a2oLbx,2.4262592494e-08,24.26,,,,net_00283,1,4,LOW
6PY7GbHDrJtSWrxSJVeM5nvQP6zAmcwNpJRR7ULneAoZ,2026-02-11T14:04:07Z,whamNNP9tHoxLg92yHvJPdYhghEoCg1qYTsh5a2oLbx,2.4262592494e-08,24.26,,,,net_00299,1,4,LOW
6PY7GbHDrJtSWrxSJVeM5nvQP6zAmcwNpJRR7ULneAoZ,2026-02-11T14:04:07Z,whamNNP9tHoxLg92yHvJPdYhghEoCg1qYTsh5a2oLbx,2.4262592494e-08,24.26,,,,net_00310,1,4,LOW
6PY7GbHDrJtSWrxSJVeM5nvQP6zAmcwNpJRR7ULneAoZ,2026-02-11T14:04:07Z,whamNNP9tHoxLg92yHvJPdYhghEoCg1qYTsh5a2oLbx,2.4262592494e-08,24.26,,,,net_00312,1,4,LOW
6PY7GbHDrJtSWrxSJVeM5nvQP6zAmcwNpJRR7ULneAoZ,2026-02-11T14:04:07Z,whamNNP9tHoxLg92yHvJPdYhghEoCg1qYTsh5a2oLbx,2.4262592494e-08,24.26,,,,net_00324,1,4,LOW
6PY7GbHDrJtSWrxSJVeM5nvQP6zAmcwNpJRR7ULneAoZ,2026-02-11T14:04:07Z,whamNNP9tHoxLg92yHvJPdYhghEoCg1qYTsh5a2oLbx,2.4262592494e-08,24.26,,,,net_00325,1,4,LOW
6PY7GbHDrJtSWrxSJVeM5nvQP6zAmcwNpJRR7ULneAoZ,2026-02-11T14:04:07Z,whamNNP9tHoxLg92yHvJPdYhghEoCg1qYTsh5a2oLbx,2.4262592494e-08,24.26,,,,net_00364,1,4,LOW
6PY7GbHDrJtSWrxSJVeM5nvQP6zAmcwNpJRR7ULneAoZ,2026-02-11T14:04:07Z,whamNNP9tHoxLg92yHvJPdYhghEoCg1qYTsh5a2oLbx,2.4262592494e-08,24.26,,,,net_00372,1,4,LOW
6PY7GbHDrJtSWrxSJVeM5nvQP6zAmcwNpJRR7ULneAoZ,2026-02-11T14:04:07Z,whamNNP9tHoxLg92yHvJPdYhghEoCg1qYTsh5a2oLbx,2.4262592494e-08,24.26,,,,net_00380,1,4,LOW
6PY7GbHDrJtSWrxSJVeM5nvQP6zAmcwNpJRR7ULneAoZ,2026-02-11T14:04:07Z,whamNNP9tHoxLg92yHvJPdYhghEoCg1qYTsh5a2oLbx,2.4262592494e-08,24.26,,,,net_00397,1,4,LOW
6PY7GbHDrJtSWrxSJVeM5nvQP6zAmcwNpJRR7ULneAoZ,2026-02-11T14:04:07Z,whamNNP9tHoxLg92yHvJPdYhghEoCg1qYTsh5a2oLbx,2.4262592494e-08,24.26,,,,net_00432,1,4,LOW
6PY7GbHDrJtSWrxSJVeM5nvQP6zAmcwNpJRR7ULneAoZ,2026-02-11T14:04:07Z,whamNNP9tHoxLg92yHvJPdYhghEoCg1qYTsh5a2oLbx,2.4262592494e-08,24.26,,,,net_00433,1,4,LOW
6PY7GbHDrJtSWrxSJVeM5nvQP6zAmcwNpJRR7ULneAoZ,2026-02-11T14:04:07Z,whamNNP9tHoxLg92yHvJPdYhghEoCg1qYTsh5a2oLbx,2.4262592494e-08,24.26,,,,net_00456,1,4,LOW
6PY7GbHDrJtSWrxSJVeM5nvQP6zAmcwNpJRR7ULneAoZ,2026-02-11T14:04:07Z,whamNNP9tHoxLg92yHvJPdYhghEoCg1qYTsh5a2oLbx,2.4262592494e-08,24.26,,,,net_00464,1,4,LOW
6PY7GbHDrJtSWrxSJVeM5nvQP6zAmcwNpJRR7ULneAoZ,2026-02-11T14:04:07Z,whamNNP9tHoxLg92yHvJPdYhghEoCg1qYTsh5a2oLbx,2.4262592494e-08,24.26,,,,net_00468,1,4,LOW
6PY7GbHDrJtSWrxSJVeM5nvQP6zAmcwNpJRR7ULneAoZ,2026-02-11T14:04:07Z,whamNNP9tHoxLg92yHvJPdYhghEoCg1qYTsh5a2oLbx,2.4262592494e-08,24.26,,,,net_00479,1,4,LOW
6PY7GbHDrJtSWrxSJVeM5nvQP6zAmcwNpJRR7ULneAoZ,2026-02-11T14:04:07Z,whamNNP9tHoxLg92yHvJPdYhghEoCg1qYTsh5a2oLbx,2.4262592494e-08,24.26,,,,net_00510,1,4,LOW
6PY7GbHDrJtSWrxSJVeM5nvQP6zAmcwNpJRR7ULneAoZ,2026-02-11T14:04:07Z,whamNNP9tHoxLg92yHvJPdYhghEoCg1qYTsh5a2oLbx,2.4262592494e-08,24.26,,,,net_00551,1,4,LOW
6PY7GbHDrJtSWrxSJVeM5nvQP6zAmcwNpJRR7ULneAoZ,2026-02-11T14:04:07Z,whamNNP9tHoxLg92yHvJPdYhghEoCg1qYTsh5a2oLbx,2.4262592494e-08,24.26,,,,net_00586,1,4,LOW
6PY7GbHDrJtSWrxSJVeM5nvQP6zAmcwNpJRR7ULneAoZ,2026-02-11T14:04:07Z,whamNNP9tHoxLg92yHvJPdYhghEoCg1qYTsh5a2oLbx,2.4262592494e-08,24.26,,,,net_00605,1,4,LOW
6PY7GbHDrJtSWrxSJVeM5nvQP6zAmcwNpJRR7ULneAoZ,2026-02-11T14:04:07Z,whamNNP9tHoxLg92yHvJPdYhghEoCg1qYTsh5a2oLbx,2.4262592494e-08,24.26,,,,net_00612,1,4,LOW
6PY7GbHDrJtSWrxSJVeM5nvQP6zAmcwNpJRR7ULneAoZ,2026-02-11T14:04:07Z,whamNNP9tHoxLg92yHvJPdYhghEoCg1qYTsh5a2oLbx,2.4262592494e-08,24.26,,,,net_00615,1,4,LOW
6PY7GbHDrJtSWrxSJVeM5nvQP6zAmcwNpJRR7ULneAoZ,2026-02-11T14:04:07Z,whamNNP9tHoxLg92yHvJPdYhghEoCg1qYTsh5a2oLbx,2.4262592494e-08,24.26,,,,net_00619,1,4,LOW
6PY7GbHDrJtSWrxSJVeM5nvQP6zAmcwNpJRR7ULneAoZ,2026-02-11T14:04:07Z,whamNNP9tHoxLg92yHvJPdYhghEoCg1qYTsh5a2oLbx,2.4262592494e-08,24.26,,,,net_00620,1,4,LOW
6PY7GbHDrJtSWrxSJVeM5nvQP6zAmcwNpJRR7ULneAoZ,2026-02-11T14:04:07Z,whamNNP9tHoxLg92yHvJPdYhghEoCg1qYTsh5a2oLbx,2.4262592494e-08,24.26,,,,net_00665,1,4,LOW
6PY7GbHDrJtSWrxSJVeM5nvQP6zAmcwNpJRR7ULneAoZ,2026-02-11T14:04:07Z,whamNNP9tHoxLg92yHvJPdYhghEoCg1qYTsh5a2oLbx,2.4262592494e-08,24.26,,,,net_00668,1,4,LOW
6PY7GbHDrJtSWrxSJVeM5nvQP6zAmcwNpJRR7ULneAoZ,2026-02-11T14:04:07Z,whamNNP9tHoxLg92yHvJPdYhghEoCg1qYTsh5a2oLbx,2.4262592494e-08,24.26,,,,net_00678,1,4,LOW
6PY7GbHDrJtSWrxSJVeM5nvQP6zAmcwNpJRR7ULneAoZ,2026-02-11T14:04:07Z,whamNNP9tHoxLg92yHvJPdYhghEoCg1qYTsh5a2oLbx,2.4262592494e-08,24.26,,,,net_00714,1,4,LOW
6PY7GbHDrJtSWrxSJVeM5nvQP6zAmcwNpJRR7ULneAoZ,2026-02-11T14:04:07Z,whamNNP9tHoxLg92yHvJPdYhghEoCg1qYTsh5a2oLbx,2.4262592494e-08,24.26,,,,net_00725,1,2,LOW
6PY7GbHDrJtSWrxSJVeM5nvQP6zAmcwNpJRR7ULneAoZ,2026-02-11T14:04:07Z,whamNNP9tHoxLg92yHvJPdYhghEoCg1qYTsh5a2oLbx,2.4262592494e-08,24.26,,,,net_00733,1,4,LOW
6PY7GbHDrJtSWrxSJVeM5nvQP6zAmcwNpJRR7ULneAoZ,2026-02-11T14:04:07Z,whamNNP9tHoxLg92yHvJPdYhghEoCg1qYTsh5a2oLbx,2.4262592494e-08,24.26,,,,net_00738,1,4,LOW
6PY7GbHDrJtSWrxSJVeM5nvQP6zAmcwNpJRR7ULneAoZ,2026-02-11T14:04:07Z,whamNNP9tHoxLg92yHvJPdYhghEoCg1qYTsh5a2oLbx,2.4262592494e-08,24.26,,,,net_00748,1,4,LOW
6PY7GbHDrJtSWrxSJVeM5nvQP6zAmcwNpJRR7ULneAoZ,2026-02-11T14:04:07Z,whamNNP9tHoxLg92yHvJPdYhghEoCg1qYTsh5a2oLbx,2.4262592494e-08,24.26,,,,net_00760,1,4,LOW
6PY7GbHDrJtSWrxSJVeM5nvQP6zAmcwNpJRR7ULneAoZ,2026-02-11T14:04:07Z,whamNNP9tHoxLg92yHvJPdYhghEoCg1qYTsh5a2oLbx,2.4262592494e-08,24.26,,,,net_00765,1,4,LOW
6PY7GbHDrJtSWrxSJVeM5nvQP6zAmcwNpJRR7ULneAoZ,2026-02-11T14:04:07Z,whamNNP9tHoxLg92yHvJPdYhghEoCg1qYTsh5a2oLbx,2.4262592494e-08,24.26,,,,net_00772,1,4,LOW
6PY7GbHDrJtSWrxSJVeM5nvQP6zAmcwNpJRR7ULneAoZ,2026-02-11T14:04:07Z,whamNNP9tHoxLg92yHvJPdYhghEoCg1qYTsh5a2oLbx,2.4262592494e-08,24.26,,,,net_00786,1,4,LOW
6PY7GbHDrJtSWrxSJVeM5nvQP6zAmcwNpJRR7ULneAoZ,2026-02-11T14:04:07Z,whamNNP9tHoxLg92yHvJPdYhghEoCg1qYTsh5a2oLbx,2.4262592494e-08,24.26,,,,net_00849,1,4,LOW
6PY7GbHDrJtSWrxSJVeM5nvQP6zAmcwNpJRR7ULneAoZ,2026-02-11T14:04:07Z,whamNNP9tHoxLg92yHvJPdYhghEoCg1qYTsh5a2oLbx,2.4262592494e-08,24.26,,,,net_00899,1,4,LOW
6PY7GbHDrJtSWrxSJVeM5nvQP6zAmcwNpJRR7ULneAoZ,2026-02-11T14:04:07Z,whamNNP9tHoxLg92yHvJPdYhghEoCg1qYTsh5a2oLbx,2.4262592494e-08,24.26,,,,net_00902,1,4,LOW
6PY7GbHDrJtSWrxSJVeM5nvQP6zAmcwNpJRR7ULneAoZ,2026-02-11T14:04:07Z,whamNNP9tHoxLg92yHvJPdYhghEoCg1qYTsh5a2oLbx,2.4262592494e-08,24.26,,,,net_00910,1,4,LOW
6PY7GbHDrJtSWrxSJVeM5nvQP6zAmcwNpJRR7ULneAoZ,2026-02-11T14:04:07Z,whamNNP9tHoxLg92yHvJPdYhghEoCg1qYTsh5a2oLbx,2.4262592494e-08,24.26,,,,net_00911,1,4,LOW
6PY7GbHDrJtSWrxSJVeM5nvQP6zAmcwNpJRR7ULneAoZ,2026-02-11T14:04:07Z,whamNNP9tHoxLg92yHvJPdYhghEoCg1qYTsh5a2oLbx,2.4262592494e-08,24.26,,,,net_00919,1,4,LOW
6PY7GbHDrJtSWrxSJVeM5nvQP6zAmcwNpJRR7ULneAoZ,2026-02-11T14:04:07Z,whamNNP9tHoxLg92yHvJPdYhghEoCg1qYTsh5a2oLbx,2.4262592494e-08,24.26,,,,net_00937,1,4,LOW
6PY7GbHDrJtSWrxSJVeM5nvQP6zAmcwNpJRR7ULneAoZ,2026-02-11T14:04:07Z,whamNNP9tHoxLg92yHvJPdYhghEoCg1qYTsh5a2oLbx,2.4262592494e-08,24.26,,,,net_00950,1,4,LOW
6PY7GbHDrJtSWrxSJVeM5nvQP6zAmcwNpJRR7ULneAoZ,2026-02-11T14:04:07Z,whamNNP9tHoxLg92yHvJPdYhghEoCg1qYTsh5a2oLbx,2.4262592494e-08,24.26,,,,net_00965,1,4,LOW
6PY7GbHDrJtSWrxSJVeM5nvQP6zAmcwNpJRR7ULneAoZ,2026-02-11T14:04:07Z,whamNNP9tHoxLg92yHvJPdYhghEoCg1qYTsh5a2oLbx,2.4262592494e-08,24.26,,,,net_01058,1,4,LOW
6PY7GbHDrJtSWrxSJVeM5nvQP6zAmcwNpJRR7ULneAoZ,2026-02-11T14:04:07Z,whamNNP9tHoxLg92yHvJPdYhghEoCg1qYTsh5a2oLbx,2.4262592494e-08,24.26,,,,net_01068,1,4,LOW
6PY7GbHDrJtSWrxSJVeM5nvQP6zAmcwNpJRR7ULneAoZ,2026-02-11T14:04:07Z,whamNNP9tHoxLg92yHvJPdYhghEoCg1qYTsh5a2oLbx,2.4262592494e-08,24.26,,,,net_01083,1,4,LOW
JeX9oRSWfLtJ4wA5ut57vBGSMEfJfcjGEoPVpiJpump,2026-02-11T14:03:04Z,EvmbTywnLgMpbmpBY1i7qPs8wJoiQosUG5vo6qnyXpfi,9.1665216570e-08,91.67,,,,NONE,0,0,NONE
5YsRkYH7z47oDTwVsUinTvtbEnosuBjgDqoTFX4Upump,2026-02-11T13:51:49Z,C9uHYuiBoa5esguchmhZMWcAoECTjJy12yQKQMShmFih,1.8477965935e-10,0.18,,,,NONE,0,0,NONE
WrmgBymynkLF7QQUxXvdiEyCChdSR1bJXArLijCpump,2026-02-11T13:48:55Z,8hZjFYg2yaXPdbPm8CHSk6JWXDs8svkyrmqnqEVF2XYE,8.0126976063e-10,0.80,,,,NONE,0,0,NONE
DU6qS6L15J1mtYsxzgSNM4XhB1dfFSB2HK3H2UVHpump,2026-02-11T13:43:51Z,HZZLPye6CVhuXv8e7oAyD2audj2kguFuJYTn9u1wTsig,8.5016522488e-09,8.50,,,,NONE,0,0,NONE
HCkTTnRjfWzy19cBvo7qxzyZQcGmQK3WbCZvGsBCpump,2026-02-11T13:38:31Z,H41TE7EbiyqRgcrpkvmQMdgHFAkZz2em5B1SresTTEcx,,,,,,net_00124,14,36,HIGH
5EoNNo4Pkc9SnobELfTk7kTtRGGhV8jiFPVPtaZSpump,2026-02-11T13:36:13Z,EHEmFDd6o189sDUZSCe3MwXdwun41TwK7SxQQsDrNDf8,8.3184937452e-09,8.32,,,,NONE,0,0,NONE
9ZBc6R6GTBQ3cEWKnVttodMkrgtDfXZbzUvm9c1qpump,2026-02-11T13:27:16Z,HYUaYeYHsPn4ih2WihQ5jeTwZYMtkRqCKoeeBbEAQMVJ,8.6289751876e-09,8.63,,,,NONE,0,0,NONE
DpHmTPDqvD5KCsDydZxbRHFd1Qmv2siaXNkftx2tJLch,2026-02-11T13:21:47Z,FgifQEkRkSSXZjf2cJ4c55BhVts2yrNKzmzBLLyicg8b,2.9120350061e-08,29.12,,,,net_00037,42,17,MEDIUM
DpHmTPDqvD5KCsDydZxbRHFd1Qmv2siaXNkftx2tJLch,2026-02-11T13:21:47Z,FgifQEkRkSSXZjf2cJ4c55BhVts2yrNKzmzBLLyicg8b,2.9120350061e-08,29.12,,,,net_00050,1,2,LOW
DpHmTPDqvD5KCsDydZxbRHFd1Qmv2siaXNkftx2tJLch,2026-02-11T13:21:47Z,FgifQEkRkSSXZjf2cJ4c55BhVts2yrNKzmzBLLyicg8b,2.9120350061e-08,29.12,,,,net_00098,1,4,LOW
DpHmTPDqvD5KCsDydZxbRHFd1Qmv2siaXNkftx2tJLch,2026-02-11T13:21:47Z,FgifQEkRkSSXZjf2cJ4c55BhVts2yrNKzmzBLLyicg8b,2.9120350061e-08,29.12,,,,net_00166,1,3,LOW
DpHmTPDqvD5KCsDydZxbRHFd1Qmv2siaXNkftx2tJLch,2026-02-11T13:21:47Z,FgifQEkRkSSXZjf2cJ4c55BhVts2yrNKzmzBLLyicg8b,2.9120350061e-08,29.12,,,,net_00558,1,3,LOW
DpHmTPDqvD5KCsDydZxbRHFd1Qmv2siaXNkftx2tJLch,2026-02-11T13:21:47Z,FgifQEkRkSSXZjf2cJ4c55BhVts2yrNKzmzBLLyicg8b,2.9120350061e-08,29.12,,,,net_00616,1,2,LOW
DpHmTPDqvD5KCsDydZxbRHFd1Qmv2siaXNkftx2tJLch,2026-02-11T13:21:47Z,FgifQEkRkSSXZjf2cJ4c55BhVts2yrNKzmzBLLyicg8b,2.9120350061e-08,29.12,,,,net_00631,1,3,LOW
GCx5B4YwidLUC8GAMZSfS8HShcUMdubtcpNENd64pump,2026-02-11T13:19:03Z,EXjFcSrfkpqV5nZgPTQ7Qajio6KssHzuXAvejR54dsUt,,,,,,net_00124,14,36,HIGH
FhfCvXNBwndCJsBwv5siUUWSdfQxUeCSXeNh4MRpump,2026-02-11T13:18:41Z,ANMZkbDPRwYAkPbUQw8zMxUepie992djDc79wgXTikyV,1.3033646277e-08,13.03,,,,NONE,0,0,NONE
4ajfp1zQ8EaaV1qEaSRQ7vYjSZckW9YXkr6yyPPUpump,2026-02-11T13:12:45Z,C4udGwTg6oqcrr8SmSLmkcXDbaFEcopsiaT21KUE4psU,4.5123835070e-08,45.12,,,,net_00087,1,2,LOW
4ajfp1zQ8EaaV1qEaSRQ7vYjSZckW9YXkr6yyPPUpump,2026-02-11T13:12:45Z,C4udGwTg6oqcrr8SmSLmkcXDbaFEcopsiaT21KUE4psU,4.5123835070e-08,45.12,,,,net_00227,1,2,LOW
4ajfp1zQ8EaaV1qEaSRQ7vYjSZckW9YXkr6yyPPUpump,2026-02-11T13:12:45Z,C4udGwTg6oqcrr8SmSLmkcXDbaFEcopsiaT21KUE4psU,4.5123835070e-08,45.12,,,,net_00289,1,2,LOW
4ajfp1zQ8EaaV1qEaSRQ7vYjSZckW9YXkr6yyPPUpump,2026-02-11T13:12:45Z,C4udGwTg6oqcrr8SmSLmkcXDbaFEcopsiaT21KUE4psU,4.5123835070e-08,45.12,,,,net_00290,1,2,LOW
4ajfp1zQ8EaaV1qEaSRQ7vYjSZckW9YXkr6yyPPUpump,2026-02-11T13:12:45Z,C4udGwTg6oqcrr8SmSLmkcXDbaFEcopsiaT21KUE4psU,4.5123835070e-08,45.12,,,,net_00336,1,2,LOW
4ajfp1zQ8EaaV1qEaSRQ7vYjSZckW9YXkr6yyPPUpump,2026-02-11T13:12:45Z,C4udGwTg6oqcrr8SmSLmkcXDbaFEcopsiaT21KUE4psU,4.5123835070e-08,45.12,,,,net_00413,1,2,LOW
4ajfp1zQ8EaaV1qEaSRQ7vYjSZckW9YXkr6yyPPUpump,2026-02-11T13:12:45Z,C4udGwTg6oqcrr8SmSLmkcXDbaFEcopsiaT21KUE4psU,4.5123835070e-08,45.12,,,,net_00438,1,2,LOW
4ajfp1zQ8EaaV1qEaSRQ7vYjSZckW9YXkr6yyPPUpump,2026-02-11T13:12:45Z,C4udGwTg6oqcrr8SmSLmkcXDbaFEcopsiaT21KUE4psU,4.5123835070e-08,45.12,,,,net_00495,1,2,LOW
4ajfp1zQ8EaaV1qEaSRQ7vYjSZckW9YXkr6yyPPUpump,2026-02-11T13:12:45Z,C4udGwTg6oqcrr8SmSLmkcXDbaFEcopsiaT21KUE4psU,4.5123835070e-08,45.12,,,,net_00502,1,10,MEDIUM
4ajfp1zQ8EaaV1qEaSRQ7vYjSZckW9YXkr6yyPPUpump,2026-02-11T13:12:45Z,C4udGwTg6oqcrr8SmSLmkcXDbaFEcopsiaT21KUE4psU,4.5123835070e-08,45.12,,,,net_00504,1,2,LOW
4ajfp1zQ8EaaV1qEaSRQ7vYjSZckW9YXkr6yyPPUpump,2026-02-11T13:12:45Z,C4udGwTg6oqcrr8SmSLmkcXDbaFEcopsiaT21KUE4psU,4.5123835070e-08,45.12,,,,net_00606,1,2,LOW
4ajfp1zQ8EaaV1qEaSRQ7vYjSZckW9YXkr6yyPPUpump,2026-02-11T13:12:45Z,C4udGwTg6oqcrr8SmSLmkcXDbaFEcopsiaT21KUE4psU,4.5123835070e-08,45.12,,,,net_00611,1,2,LOW
4ajfp1zQ8EaaV1qEaSRQ7vYjSZckW9YXkr6yyPPUpump,2026-02-11T13:12:45Z,C4udGwTg6oqcrr8SmSLmkcXDbaFEcopsiaT21KUE4psU,4.5123835070e-08,45.12,,,,net_00664,1,2,LOW
4ajfp1zQ8EaaV1qEaSRQ7vYjSZckW9YXkr6yyPPUpump,2026-02-11T13:12:45Z,C4udGwTg6oqcrr8SmSLmkcXDbaFEcopsiaT21KUE4psU,4.5123835070e-08,45.12,,,,net_00827,1,2,LOW
4ajfp1zQ8EaaV1qEaSRQ7vYjSZckW9YXkr6yyPPUpump,2026-02-11T13:12:45Z,C4udGwTg6oqcrr8SmSLmkcXDbaFEcopsiaT21KUE4psU,4.5123835070e-08,45.12,,,,net_00864,1,2,LOW
4ajfp1zQ8EaaV1qEaSRQ7vYjSZckW9YXkr6yyPPUpump,2026-02-11T13:12:45Z,C4udGwTg6oqcrr8SmSLmkcXDbaFEcopsiaT21KUE4psU,4.5123835070e-08,45.12,,,,net_00987,1,2,LOW
4ajfp1zQ8EaaV1qEaSRQ7vYjSZckW9YXkr6yyPPUpump,2026-02-11T13:12:45Z,C4udGwTg6oqcrr8SmSLmkcXDbaFEcopsiaT21KUE4psU,4.5123835070e-08,45.12,,,,net_00991,1,2,LOW
ZtfXkJEMTK39unWCzeSvBVRfJwi2r1bhRNCcrazpump,2026-02-11T13:11:48Z,241t1VYnx43p1GJdn3xggG9S5YzR8ZfevoXwWjhtKtbq,,,,,,NONE,0,0,NONE
3ejtbqxhkNriqt5cbVBGPf9z52ZbLAVvsKeEyV2apump,2026-02-11T13:07:31Z,FvGkRDZNPkrtQt2FzwRko8KJc5DufjDVXxNhgyBLLhFR,1.3712400846e-07,137.12,,,,net_00124,14,36,HIGH
G4Lwz7AqxEo96Kx6Zh5gx5TVjv8bKzeqRYRf3Qyfpump,2026-02-11T12:46:35Z,bDKXQxBybB29hK9AVbjm8ZDx25Eunn8ZG75DvcGYnbd,1.8600316038e-10,0.19,,,,NONE,0,0,NONE
3pN1n86BRUJtiAJJq5ehe6U7tzPvGpyCpeRqRYCupump,2026-02-11T12:45:34Z,eGGDi7indMe8oZr2UND4y5YCCAxd3nDWu5h89rfknPG,4.3549440585e-08,43.55,,,,NONE,0,0,NONE
Fyn1gmH8TTdWPhMLCVKWtTKxTwVzAfNis6U6nLVDpump,2026-02-11T12:44:21Z,AxmFqz3pbhj6HDK9dC1u7LsYP3rbsTJyKkeCMSpAxrgU,6.8057551700e-08,68.06,,,,net_00014,1,2,LOW
Fyn1gmH8TTdWPhMLCVKWtTKxTwVzAfNis6U6nLVDpump,2026-02-11T12:44:21Z,AxmFqz3pbhj6HDK9dC1u7LsYP3rbsTJyKkeCMSpAxrgU,6.8057551700e-08,68.06,,,,net_00023,1,3,LOW
Fyn1gmH8TTdWPhMLCVKWtTKxTwVzAfNis6U6nLVDpump,2026-02-11T12:44:21Z,AxmFqz3pbhj6HDK9dC1u7LsYP3rbsTJyKkeCMSpAxrgU,6.8057551700e-08,68.06,,,,net_00025,1,2,LOW
Fyn1gmH8TTdWPhMLCVKWtTKxTwVzAfNis6U6nLVDpump,2026-02-11T12:44:21Z,AxmFqz3pbhj6HDK9dC1u7LsYP3rbsTJyKkeCMSpAxrgU,6.8057551700e-08,68.06,,,,net_00036,1,2,LOW
Fyn1gmH8TTdWPhMLCVKWtTKxTwVzAfNis6U6nLVDpump,2026-02-11T12:44:21Z,AxmFqz3pbhj6HDK9dC1u7LsYP3rbsTJyKkeCMSpAxrgU,6.8057551700e-08,68.06,,,,net_00332,1,2,LOW
Fyn1gmH8TTdWPhMLCVKWtTKxTwVzAfNis6U6nLVDpump,2026-02-11T12:44:21Z,AxmFqz3pbhj6HDK9dC1u7LsYP3rbsTJyKkeCMSpAxrgU,6.8057551700e-08,68.06,,,,net_00366,1,2,LOW
Fyn1gmH8TTdWPhMLCVKWtTKxTwVzAfNis6U6nLVDpump,2026-02-11T12:44:21Z,AxmFqz3pbhj6HDK9dC1u7LsYP3rbsTJyKkeCMSpAxrgU,6.8057551700e-08,68.06,,,,net_00660,1,2,LOW
Fyn1gmH8TTdWPhMLCVKWtTKxTwVzAfNis6U6nLVDpump,2026-02-11T12:44:21Z,AxmFqz3pbhj6HDK9dC1u7LsYP3rbsTJyKkeCMSpAxrgU,6.8057551700e-08,68.06,,,,net_00740,1,2,LOW
CuXvcJjKRoLHXiHw7dYDr4wPM3xCHRQkRWDLVftopump,2026-02-11T12:43:15Z,FcR9AuJdWRfazgwi1Csej5ANZC6RWYuvwyrrRwxkqpBp,,,,,,net_00124,14,36,HIGH
1HiHYF3eXd4xskt3itJQ1ozdwqUhqEYdGiubongLoox,2026-02-11T12:36:54Z,LooXR4GQN1LjZnxmM9UYAmjXnCZnPUyKc2u2MetczxZ,1.7247390037e-08,17.25,,,,NONE,0,0,NONE
8RJscFTcS2kTBhj5sZHrbfko3sNi9LicmcbmhFZPpump,2026-02-11T12:36:17Z,CMGH8KYCKp2N7e9e2yrw2TCF9LUgLVAxVb9dq8xX2CWx,1.4910818610e-10,0.15,,,,NONE,0,0,NONE
8iMwQp1agxySiNu2kN56FrvuVB7ZmvsexnaEAMKXpump,2026-02-11T12:32:15Z,gangJEP5geDHjPVRhDS5dTF5e6GtRvtNogMEEVs91RV,4.4043097002e-09,4.40,,,,net_00042,1,2,LOW
8iMwQp1agxySiNu2kN56FrvuVB7ZmvsexnaEAMKXpump,2026-02-11T12:32:15Z,gangJEP5geDHjPVRhDS5dTF5e6GtRvtNogMEEVs91RV,4.4043097002e-09,4.40,,,,net_00080,1,2,LOW
8iMwQp1agxySiNu2kN56FrvuVB7ZmvsexnaEAMKXpump,2026-02-11T12:32:15Z,gangJEP5geDHjPVRhDS5dTF5e6GtRvtNogMEEVs91RV,4.4043097002e-09,4.40,,,,net_00089,1,2,LOW
8iMwQp1agxySiNu2kN56FrvuVB7ZmvsexnaEAMKXpump,2026-02-11T12:32:15Z,gangJEP5geDHjPVRhDS5dTF5e6GtRvtNogMEEVs91RV,4.4043097002e-09,4.40,,,,net_00118,1,2,LOW
8iMwQp1agxySiNu2kN56FrvuVB7ZmvsexnaEAMKXpump,2026-02-11T12:32:15Z,gangJEP5geDHjPVRhDS5dTF5e6GtRvtNogMEEVs91RV,4.4043097002e-09,4.40,,,,net_00119,1,2,LOW
8iMwQp1agxySiNu2kN56FrvuVB7ZmvsexnaEAMKXpump,2026-02-11T12:32:15Z,gangJEP5geDHjPVRhDS5dTF5e6GtRvtNogMEEVs91RV,4.4043097002e-09,4.40,,,,net_00121,1,2,LOW
8iMwQp1agxySiNu2kN56FrvuVB7ZmvsexnaEAMKXpump,2026-02-11T12:32:15Z,gangJEP5geDHjPVRhDS5dTF5e6GtRvtNogMEEVs91RV,4.4043097002e-09,4.40,,,,net_00137,1,2,LOW
8iMwQp1agxySiNu2kN56FrvuVB7ZmvsexnaEAMKXpump,2026-02-11T12:32:15Z,gangJEP5geDHjPVRhDS5dTF5e6GtRvtNogMEEVs91RV,4.4043097002e-09,4.40,,,,net_00240,1,2,LOW
8iMwQp1agxySiNu2kN56FrvuVB7ZmvsexnaEAMKXpump,2026-02-11T12:32:15Z,gangJEP5geDHjPVRhDS5dTF5e6GtRvtNogMEEVs91RV,4.4043097002e-09,4.40,,,,net_00243,1,2,LOW
8iMwQp1agxySiNu2kN56FrvuVB7ZmvsexnaEAMKXpump,2026-02-11T12:32:15Z,gangJEP5geDHjPVRhDS5dTF5e6GtRvtNogMEEVs91RV,4.4043097002e-09,4.40,,,,net_00286,1,2,LOW
8iMwQp1agxySiNu2kN56FrvuVB7ZmvsexnaEAMKXpump,2026-02-11T12:32:15Z,gangJEP5geDHjPVRhDS5dTF5e6GtRvtNogMEEVs91RV,4.4043097002e-09,4.40,,,,net_00297,1,2,LOW
8iMwQp1agxySiNu2kN56FrvuVB7ZmvsexnaEAMKXpump,2026-02-11T12:32:15Z,gangJEP5geDHjPVRhDS5dTF5e6GtRvtNogMEEVs91RV,4.4043097002e-09,4.40,,,,net_00319,1,2,LOW
8iMwQp1agxySiNu2kN56FrvuVB7ZmvsexnaEAMKXpump,2026-02-11T12:32:15Z,gangJEP5geDHjPVRhDS5dTF5e6GtRvtNogMEEVs91RV,4.4043097002e-09,4.40,,,,net_00332,1,2,LOW
8iMwQp1agxySiNu2kN56FrvuVB7ZmvsexnaEAMKXpump,2026-02-11T12:32:15Z,gangJEP5geDHjPVRhDS5dTF5e6GtRvtNogMEEVs91RV,4.4043097002e-09,4.40,,,,net_00395,1,2,LOW
8iMwQp1agxySiNu2kN56FrvuVB7ZmvsexnaEAMKXpump,2026-02-11T12:32:15Z,gangJEP5geDHjPVRhDS5dTF5e6GtRvtNogMEEVs91RV,4.4043097002e-09,4.40,,,,net_00398,1,2,LOW
8iMwQp1agxySiNu2kN56FrvuVB7ZmvsexnaEAMKXpump,2026-02-11T12:32:15Z,gangJEP5geDHjPVRhDS5dTF5e6GtRvtNogMEEVs91RV,4.4043097002e-09,4.40,,,,net_00402,1,2,LOW
8iMwQp1agxySiNu2kN56FrvuVB7ZmvsexnaEAMKXpump,2026-02-11T12:32:15Z,gangJEP5geDHjPVRhDS5dTF5e6GtRvtNogMEEVs91RV,4.4043097002e-09,4.40,,,,net_00440,1,2,LOW
8iMwQp1agxySiNu2kN56FrvuVB7ZmvsexnaEAMKXpump,2026-02-11T12:32:15Z,gangJEP5geDHjPVRhDS5dTF5e6GtRvtNogMEEVs91RV,4.4043097002e-09,4.40,,,,net_00443,1,4,LOW
8iMwQp1agxySiNu2kN56FrvuVB7ZmvsexnaEAMKXpump,2026-02-11T12:32:15Z,gangJEP5geDHjPVRhDS5dTF5e6GtRvtNogMEEVs91RV,4.4043097002e-09,4.40,,,,net_00444,1,2,LOW
8iMwQp1agxySiNu2kN56FrvuVB7ZmvsexnaEAMKXpump,2026-02-11T12:32:15Z,gangJEP5geDHjPVRhDS5dTF5e6GtRvtNogMEEVs91RV,4.4043097002e-09,4.40,,,,net_00445,1,2,LOW
8iMwQp1agxySiNu2kN56FrvuVB7ZmvsexnaEAMKXpump,2026-02-11T12:32:15Z,gangJEP5geDHjPVRhDS5dTF5e6GtRvtNogMEEVs91RV,4.4043097002e-09,4.40,,,,net_00477,1,2,LOW
8iMwQp1agxySiNu2kN56FrvuVB7ZmvsexnaEAMKXpump,2026-02-11T12:32:15Z,gangJEP5geDHjPVRhDS5dTF5e6GtRvtNogMEEVs91RV,4.4043097002e-09,4.40,,,,net_00575,1,2,LOW
8iMwQp1agxySiNu2kN56FrvuVB7ZmvsexnaEAMKXpump,2026-02-11T12:32:15Z,gangJEP5geDHjPVRhDS5dTF5e6GtRvtNogMEEVs91RV,4.4043097002e-09,4.40,,,,net_00578,1,2,LOW
8iMwQp1agxySiNu2kN56FrvuVB7ZmvsexnaEAMKXpump,2026-02-11T12:32:15Z,gangJEP5geDHjPVRhDS5dTF5e6GtRvtNogMEEVs91RV,4.4043097002e-09,4.40,,,,net_00590,1,2,LOW
8iMwQp1agxySiNu2kN56FrvuVB7ZmvsexnaEAMKXpump,2026-02-11T12:32:15Z,gangJEP5geDHjPVRhDS5dTF5e6GtRvtNogMEEVs91RV,4.4043097002e-09,4.40,,,,net_00614,1,2,LOW
8iMwQp1agxySiNu2kN56FrvuVB7ZmvsexnaEAMKXpump,2026-02-11T12:32:15Z,gangJEP5geDHjPVRhDS5dTF5e6GtRvtNogMEEVs91RV,4.4043097002e-09,4.40,,,,net_00643,1,2,LOW
8iMwQp1agxySiNu2kN56FrvuVB7ZmvsexnaEAMKXpump,2026-02-11T12:32:15Z,gangJEP5geDHjPVRhDS5dTF5e6GtRvtNogMEEVs91RV,4.4043097002e-09,4.40,,,,net_00742,1,2,LOW
8iMwQp1agxySiNu2kN56FrvuVB7ZmvsexnaEAMKXpump,2026-02-11T12:32:15Z,gangJEP5geDHjPVRhDS5dTF5e6GtRvtNogMEEVs91RV,4.4043097002e-09,4.40,,,,net_00780,1,2,LOW
8iMwQp1agxySiNu2kN56FrvuVB7ZmvsexnaEAMKXpump,2026-02-11T12:32:15Z,gangJEP5geDHjPVRhDS5dTF5e6GtRvtNogMEEVs91RV,4.4043097002e-09,4.40,,,,net_00790,1,3,LOW
8iMwQp1agxySiNu2kN56FrvuVB7ZmvsexnaEAMKXpump,2026-02-11T12:32:15Z,gangJEP5geDHjPVRhDS5dTF5e6GtRvtNogMEEVs91RV,4.4043097002e-09,4.40,,,,net_00848,1,2,LOW
8iMwQp1agxySiNu2kN56FrvuVB7ZmvsexnaEAMKXpump,2026-02-11T12:32:15Z,gangJEP5geDHjPVRhDS5dTF5e6GtRvtNogMEEVs91RV,4.4043097002e-09,4.40,,,,net_00871,1,2,LOW
8iMwQp1agxySiNu2kN56FrvuVB7ZmvsexnaEAMKXpump,2026-02-11T12:32:15Z,gangJEP5geDHjPVRhDS5dTF5e6GtRvtNogMEEVs91RV,4.4043097002e-09,4.40,,,,net_00925,1,2,LOW
8iMwQp1agxySiNu2kN56FrvuVB7ZmvsexnaEAMKXpump,2026-02-11T12:32:15Z,gangJEP5geDHjPVRhDS5dTF5e6GtRvtNogMEEVs91RV,4.4043097002e-09,4.40,,,,net_00930,1,2,LOW
8iMwQp1agxySiNu2kN56FrvuVB7ZmvsexnaEAMKXpump,2026-02-11T12:32:15Z,gangJEP5geDHjPVRhDS5dTF5e6GtRvtNogMEEVs91RV,4.4043097002e-09,4.40,,,,net_00951,1,2,LOW
8iMwQp1agxySiNu2kN56FrvuVB7ZmvsexnaEAMKXpump,2026-02-11T12:32:15Z,gangJEP5geDHjPVRhDS5dTF5e6GtRvtNogMEEVs91RV,4.4043097002e-09,4.40,,,,net_00983,1,2,LOW
8iMwQp1agxySiNu2kN56FrvuVB7ZmvsexnaEAMKXpump,2026-02-11T12:32:15Z,gangJEP5geDHjPVRhDS5dTF5e6GtRvtNogMEEVs91RV,4.4043097002e-09,4.40,,,,net_00986,1,2,LOW
8iMwQp1agxySiNu2kN56FrvuVB7ZmvsexnaEAMKXpump,2026-02-11T12:32:15Z,gangJEP5geDHjPVRhDS5dTF5e6GtRvtNogMEEVs91RV,4.4043097002e-09,4.40,,,,net_01077,1,2,LOW
2dtg3r78XhN7NZcS4zCvw9bhoANNUmaqxB6oiTayLQ37,2026-02-11T12:26:56Z,GasFQE9fi8Zqc9HuEJ7U5W7vBpCY4zyNFGuqnKqtLQgW,1.0421068610e-07,104.21,,,,net_00148,1,2,LOW
2dtg3r78XhN7NZcS4zCvw9bhoANNUmaqxB6oiTayLQ37,2026-02-11T12:26:56Z,GasFQE9fi8Zqc9HuEJ7U5W7vBpCY4zyNFGuqnKqtLQgW,1.0421068610e-07,104.21,,,,net_00160,1,4,LOW
2dtg3r78XhN7NZcS4zCvw9bhoANNUmaqxB6oiTayLQ37,2026-02-11T12:26:56Z,GasFQE9fi8Zqc9HuEJ7U5W7vBpCY4zyNFGuqnKqtLQgW,1.0421068610e-07,104.21,,,,net_00266,1,2,LOW
2dtg3r78XhN7NZcS4zCvw9bhoANNUmaqxB6oiTayLQ37,2026-02-11T12:26:56Z,GasFQE9fi8Zqc9HuEJ7U5W7vBpCY4zyNFGuqnKqtLQgW,1.0421068610e-07,104.21,,,,net_00343,1,2,LOW
2dtg3r78XhN7NZcS4zCvw9bhoANNUmaqxB6oiTayLQ37,2026-02-11T12:26:56Z,GasFQE9fi8Zqc9HuEJ7U5W7vBpCY4zyNFGuqnKqtLQgW,1.0421068610e-07,104.21,,,,net_00357,1,2,LOW
2dtg3r78XhN7NZcS4zCvw9bhoANNUmaqxB6oiTayLQ37,2026-02-11T12:26:56Z,GasFQE9fi8Zqc9HuEJ7U5W7vBpCY4zyNFGuqnKqtLQgW,1.0421068610e-07,104.21,,,,net_00361,1,2,LOW
2dtg3r78XhN7NZcS4zCvw9bhoANNUmaqxB6oiTayLQ37,2026-02-11T12:26:56Z,GasFQE9fi8Zqc9HuEJ7U5W7vBpCY4zyNFGuqnKqtLQgW,1.0421068610e-07,104.21,,,,net_00439,1,2,LOW
2dtg3r78XhN7NZcS4zCvw9bhoANNUmaqxB6oiTayLQ37,2026-02-11T12:26:56Z,GasFQE9fi8Zqc9HuEJ7U5W7vBpCY4zyNFGuqnKqtLQgW,1.0421068610e-07,104.21,,,,net_00460,1,4,LOW
2dtg3r78XhN7NZcS4zCvw9bhoANNUmaqxB6oiTayLQ37,2026-02-11T12:26:56Z,GasFQE9fi8Zqc9HuEJ7U5W7vBpCY4zyNFGuqnKqtLQgW,1.0421068610e-07,104.21,,,,net_00470,1,2,LOW
2dtg3r78XhN7NZcS4zCvw9bhoANNUmaqxB6oiTayLQ37,2026-02-11T12:26:56Z,GasFQE9fi8Zqc9HuEJ7U5W7vBpCY4zyNFGuqnKqtLQgW,1.0421068610e-07,104.21,,,,net_00635,1,2,LOW
2dtg3r78XhN7NZcS4zCvw9bhoANNUmaqxB6oiTayLQ37,2026-02-11T12:26:56Z,GasFQE9fi8Zqc9HuEJ7U5W7vBpCY4zyNFGuqnKqtLQgW,1.0421068610e-07,104.21,,,,net_00641,1,2,LOW
2dtg3r78XhN7NZcS4zCvw9bhoANNUmaqxB6oiTayLQ37,2026-02-11T12:26:56Z,GasFQE9fi8Zqc9HuEJ7U5W7vBpCY4zyNFGuqnKqtLQgW,1.0421068610e-07,104.21,,,,net_00698,1,6,MEDIUM
2dtg3r78XhN7NZcS4zCvw9bhoANNUmaqxB6oiTayLQ37,2026-02-11T12:26:56Z,GasFQE9fi8Zqc9HuEJ7U5W7vBpCY4zyNFGuqnKqtLQgW,1.0421068610e-07,104.21,,,,net_00734,1,2,LOW
2dtg3r78XhN7NZcS4zCvw9bhoANNUmaqxB6oiTayLQ37,2026-02-11T12:26:56Z,GasFQE9fi8Zqc9HuEJ7U5W7vBpCY4zyNFGuqnKqtLQgW,1.0421068610e-07,104.21,,,,net_00744,1,4,LOW
2dtg3r78XhN7NZcS4zCvw9bhoANNUmaqxB6oiTayLQ37,2026-02-11T12:26:56Z,GasFQE9fi8Zqc9HuEJ7U5W7vBpCY4zyNFGuqnKqtLQgW,1.0421068610e-07,104.21,,,,net_00745,1,4,LOW
2dtg3r78XhN7NZcS4zCvw9bhoANNUmaqxB6oiTayLQ37,2026-02-11T12:26:56Z,GasFQE9fi8Zqc9HuEJ7U5W7vBpCY4zyNFGuqnKqtLQgW,1.0421068610e-07,104.21,,,,net_00788,1,2,LOW
2dtg3r78XhN7NZcS4zCvw9bhoANNUmaqxB6oiTayLQ37,2026-02-11T12:26:56Z,GasFQE9fi8Zqc9HuEJ7U5W7vBpCY4zyNFGuqnKqtLQgW,1.0421068610e-07,104.21,,,,net_00894,1,2,LOW
3fQ4scT7s1VwSEzU1S5iJkBkBwxmszy2yZJ5AM5Vpump,2026-02-11T12:20:12Z,HiSo5kykqDPs3EG14Fk9QY4B5RvkuEs8oJTiqPX3EDAn,4.2883074396e-08,42.88,,,,net_00099,1,2,LOW
3fQ4scT7s1VwSEzU1S5iJkBkBwxmszy2yZJ5AM5Vpump,2026-02-11T12:20:12Z,HiSo5kykqDPs3EG14Fk9QY4B5RvkuEs8oJTiqPX3EDAn,4.2883074396e-08,42.88,,,,net_00294,1,3,LOW
3fQ4scT7s1VwSEzU1S5iJkBkBwxmszy2yZJ5AM5Vpump,2026-02-11T12:20:12Z,HiSo5kykqDPs3EG14Fk9QY4B5RvkuEs8oJTiqPX3EDAn,4.2883074396e-08,42.88,,,,net_00474,1,3,LOW
3fQ4scT7s1VwSEzU1S5iJkBkBwxmszy2yZJ5AM5Vpump,2026-02-11T12:20:12Z,HiSo5kykqDPs3EG14Fk9QY4B5RvkuEs8oJTiqPX3EDAn,4.2883074396e-08,42.88,,,,net_00658,1,2,LOW
3fQ4scT7s1VwSEzU1S5iJkBkBwxmszy2yZJ5AM5Vpump,2026-02-11T12:20:12Z,HiSo5kykqDPs3EG14Fk9QY4B5RvkuEs8oJTiqPX3EDAn,4.2883074396e-08,42.88,,,,net_00766,1,2,LOW
3fQ4scT7s1VwSEzU1S5iJkBkBwxmszy2yZJ5AM5Vpump,2026-02-11T12:20:12Z,HiSo5kykqDPs3EG14Fk9QY4B5RvkuEs8oJTiqPX3EDAn,4.2883074396e-08,42.88,,,,net_00818,1,2,LOW
3fQ4scT7s1VwSEzU1S5iJkBkBwxmszy2yZJ5AM5Vpump,2026-02-11T12:20:12Z,HiSo5kykqDPs3EG14Fk9QY4B5RvkuEs8oJTiqPX3EDAn,4.2883074396e-08,42.88,,,,net_00931,1,2,LOW
3fQ4scT7s1VwSEzU1S5iJkBkBwxmszy2yZJ5AM5Vpump,2026-02-11T12:20:12Z,HiSo5kykqDPs3EG14Fk9QY4B5RvkuEs8oJTiqPX3EDAn,4.2883074396e-08,42.88,,,,net_00936,1,2,LOW
5KU5Tez7BhaXFQaS5SfrTwWdsHS9fvmh5W1UCGAnpump,2026-02-11T12:05:58Z,5zwN9NQei4fctQ8AfEk67PVoH1jSCSYCpfYkeamkpznj,1.3841950176e-07,138.42,,,,net_00213,1,2,LOW
5KU5Tez7BhaXFQaS5SfrTwWdsHS9fvmh5W1UCGAnpump,2026-02-11T12:05:58Z,5zwN9NQei4fctQ8AfEk67PVoH1jSCSYCpfYkeamkpznj,1.3841950176e-07,138.42,,,,net_00526,35,9,MEDIUM
5KU5Tez7BhaXFQaS5SfrTwWdsHS9fvmh5W1UCGAnpump,2026-02-11T12:05:58Z,5zwN9NQei4fctQ8AfEk67PVoH1jSCSYCpfYkeamkpznj,1.3841950176e-07,138.42,,,,net_00609,1,2,LOW
4HuUVH8gPTk9yuohhCKR6uCLTgmrsCEiYCJFVQPVpump,2026-02-11T12:00:56Z,DefgC39SoJQ7JwEdBYf1dVtoZYwVUtP7PThEVdH5BUUs,,,,,,NONE,0,0,NONE
Gdr4hBvvm958rz74jX6SnT4H38fGFDNCqSXsHkaopump,2026-02-11T11:54:58Z,HH7jLETzcSBnFQcAG5D4VUiFYPSATTyhu5R3QCgzW2M,7.6498154243e-08,76.50,,,,NONE,0,0,NONE
gmehFzr4kKGYoH9HziNzbyn7CKqueexGVapz4Ubpump,2026-02-11T11:49:02Z,2A1ac5JTQ9UdtnaFrKUkmd5ZqJv41s4GM9KVbkh1KYM2,1.1591015111e-09,1.16,,,,NONE,0,0,NONE
B25GjQZim3MTkf4WLcbfqQJjN4Z6chah9n26zcoKpump,2026-02-11T11:39:13Z,Cvq4ZyDCHrZ1sZUTbuRserR4adj82LSyYwR3ibksNw7E,1.9792493059e-07,197.92,,,,NONE,0,0,NONE
GmoTHu1rPNVL4gfb7a91U8ZGXCQXYyT6fFAfbjwfpump,2026-02-11T11:37:19Z,AsGevU4mbxesXJr3mMLEEj7P7XBMR4eXnA5JgLDY9L6D,2.8530977235e-09,2.85,,,,NONE,0,0,NONE
4mojyTE6TtDqKszEKL1TYmoqYkjyUNqDZLyVarFSpump,2026-02-11T11:33:26Z,CfumDPwfYn6m3W6fyzCMhsYkS2Uxpeu1npxZPUasV5nX,1.3621898764e-09,1.36,,,,net_00012,1,2,LOW
4mojyTE6TtDqKszEKL1TYmoqYkjyUNqDZLyVarFSpump,2026-02-11T11:33:26Z,CfumDPwfYn6m3W6fyzCMhsYkS2Uxpeu1npxZPUasV5nX,1.3621898764e-09,1.36,,,,net_00013,1,2,LOW
4mojyTE6TtDqKszEKL1TYmoqYkjyUNqDZLyVarFSpump,2026-02-11T11:33:26Z,CfumDPwfYn6m3W6fyzCMhsYkS2Uxpeu1npxZPUasV5nX,1.3621898764e-09,1.36,,,,net_00019,1,4,LOW
4mojyTE6TtDqKszEKL1TYmoqYkjyUNqDZLyVarFSpump,2026-02-11T11:33:26Z,CfumDPwfYn6m3W6fyzCMhsYkS2Uxpeu1npxZPUasV5nX,1.3621898764e-09,1.36,,,,net_00040,1,4,LOW
4mojyTE6TtDqKszEKL1TYmoqYkjyUNqDZLyVarFSpump,2026-02-11T11:33:26Z,CfumDPwfYn6m3W6fyzCMhsYkS2Uxpeu1npxZPUasV5nX,1.3621898764e-09,1.36,,,,net_00047,1,4,LOW
4mojyTE6TtDqKszEKL1TYmoqYkjyUNqDZLyVarFSpump,2026-02-11T11:33:26Z,CfumDPwfYn6m3W6fyzCMhsYkS2Uxpeu1npxZPUasV5nX,1.3621898764e-09,1.36,,,,net_00048,1,4,LOW
4mojyTE6TtDqKszEKL1TYmoqYkjyUNqDZLyVarFSpump,2026-02-11T11:33:26Z,CfumDPwfYn6m3W6fyzCMhsYkS2Uxpeu1npxZPUasV5nX,1.3621898764e-09,1.36,,,,net_00058,1,4,LOW
4mojyTE6TtDqKszEKL1TYmoqYkjyUNqDZLyVarFSpump,2026-02-11T11:33:26Z,CfumDPwfYn6m3W6fyzCMhsYkS2Uxpeu1npxZPUasV5nX,1.3621898764e-09,1.36,,,,net_00065,1,4,LOW
4mojyTE6TtDqKszEKL1TYmoqYkjyUNqDZLyVarFSpump,2026-02-11T11:33:26Z,CfumDPwfYn6m3W6fyzCMhsYkS2Uxpeu1npxZPUasV5nX,1.3621898764e-09,1.36,,,,net_00075,1,2,LOW
4mojyTE6TtDqKszEKL1TYmoqYkjyUNqDZLyVarFSpump,2026-02-11T11:33:26Z,CfumDPwfYn6m3W6fyzCMhsYkS2Uxpeu1npxZPUasV5nX,1.3621898764e-09,1.36,,,,net_00076,1,3,LOW
4mojyTE6TtDqKszEKL1TYmoqYkjyUNqDZLyVarFSpump,2026-02-11T11:33:26Z,CfumDPwfYn6m3W6fyzCMhsYkS2Uxpeu1npxZPUasV5nX,1.3621898764e-09,1.36,,,,net_00086,1,3,LOW
4mojyTE6TtDqKszEKL1TYmoqYkjyUNqDZLyVarFSpump,2026-02-11T11:33:26Z,CfumDPwfYn6m3W6fyzCMhsYkS2Uxpeu1npxZPUasV5nX,1.3621898764e-09,1.36,,,,net_00094,1,4,LOW
4mojyTE6TtDqKszEKL1TYmoqYkjyUNqDZLyVarFSpump,2026-02-11T11:33:26Z,CfumDPwfYn6m3W6fyzCMhsYkS2Uxpeu1npxZPUasV5nX,1.3621898764e-09,1.36,,,,net_00117,1,4,LOW
4mojyTE6TtDqKszEKL1TYmoqYkjyUNqDZLyVarFSpump,2026-02-11T11:33:26Z,CfumDPwfYn6m3W6fyzCMhsYkS2Uxpeu1npxZPUasV5nX,1.3621898764e-09,1.36,,,,net_00120,1,2,LOW
4mojyTE6TtDqKszEKL1TYmoqYkjyUNqDZLyVarFSpump,2026-02-11T11:33:26Z,CfumDPwfYn6m3W6fyzCMhsYkS2Uxpeu1npxZPUasV5nX,1.3621898764e-09,1.36,,,,net_00129,1,4,LOW
4mojyTE6TtDqKszEKL1TYmoqYkjyUNqDZLyVarFSpump,2026-02-11T11:33:26Z,CfumDPwfYn6m3W6fyzCMhsYkS2Uxpeu1npxZPUasV5nX,1.3621898764e-09,1.36,,,,net_00151,1,4,LOW
4mojyTE6TtDqKszEKL1TYmoqYkjyUNqDZLyVarFSpump,2026-02-11T11:33:26Z,CfumDPwfYn6m3W6fyzCMhsYkS2Uxpeu1npxZPUasV5nX,1.3621898764e-09,1.36,,,,net_00178,1,2,LOW
4mojyTE6TtDqKszEKL1TYmoqYkjyUNqDZLyVarFSpump,2026-02-11T11:33:26Z,CfumDPwfYn6m3W6fyzCMhsYkS2Uxpeu1npxZPUasV5nX,1.3621898764e-09,1.36,,,,net_00180,1,4,LOW
4mojyTE6TtDqKszEKL1TYmoqYkjyUNqDZLyVarFSpump,2026-02-11T11:33:26Z,CfumDPwfYn6m3W6fyzCMhsYkS2Uxpeu1npxZPUasV5nX,1.3621898764e-09,1.36,,,,net_00198,1,4,LOW
4mojyTE6TtDqKszEKL1TYmoqYkjyUNqDZLyVarFSpump,2026-02-11T11:33:26Z,CfumDPwfYn6m3W6fyzCMhsYkS2Uxpeu1npxZPUasV5nX,1.3621898764e-09,1.36,,,,net_00199,1,4,LOW
4mojyTE6TtDqKszEKL1TYmoqYkjyUNqDZLyVarFSpump,2026-02-11T11:33:26Z,CfumDPwfYn6m3W6fyzCMhsYkS2Uxpeu1npxZPUasV5nX,1.3621898764e-09,1.36,,,,net_00202,1,2,LOW
4mojyTE6TtDqKszEKL1TYmoqYkjyUNqDZLyVarFSpump,2026-02-11T11:33:26Z,CfumDPwfYn6m3W6fyzCMhsYkS2Uxpeu1npxZPUasV5nX,1.3621898764e-09,1.36,,,,net_00206,1,4,LOW
4mojyTE6TtDqKszEKL1TYmoqYkjyUNqDZLyVarFSpump,2026-02-11T11:33:26Z,CfumDPwfYn6m3W6fyzCMhsYkS2Uxpeu1npxZPUasV5nX,1.3621898764e-09,1.36,,,,net_00208,1,4,LOW
4mojyTE6TtDqKszEKL1TYmoqYkjyUNqDZLyVarFSpump,2026-02-11T11:33:26Z,CfumDPwfYn6m3W6fyzCMhsYkS2Uxpeu1npxZPUasV5nX,1.3621898764e-09,1.36,,,,net_00242,1,4,LOW
4mojyTE6TtDqKszEKL1TYmoqYkjyUNqDZLyVarFSpump,2026-02-11T11:33:26Z,CfumDPwfYn6m3W6fyzCMhsYkS2Uxpeu1npxZPUasV5nX,1.3621898764e-09,1.36,,,,net_00250,1,3,LOW
4mojyTE6TtDqKszEKL1TYmoqYkjyUNqDZLyVarFSpump,2026-02-11T11:33:26Z,CfumDPwfYn6m3W6fyzCMhsYkS2Uxpeu1npxZPUasV5nX,1.3621898764e-09,1.36,,,,net_00258,1,7,MEDIUM
4mojyTE6TtDqKszEKL1TYmoqYkjyUNqDZLyVarFSpump,2026-02-11T11:33:26Z,CfumDPwfYn6m3W6fyzCMhsYkS2Uxpeu1npxZPUasV5nX,1.3621898764e-09,1.36,,,,net_00268,1,3,LOW
4mojyTE6TtDqKszEKL1TYmoqYkjyUNqDZLyVarFSpump,2026-02-11T11:33:26Z,CfumDPwfYn6m3W6fyzCMhsYkS2Uxpeu1npxZPUasV5nX,1.3621898764e-09,1.36,,,,net_00269,1,4,LOW
4mojyTE6TtDqKszEKL1TYmoqYkjyUNqDZLyVarFSpump,2026-02-11T11:33:26Z,CfumDPwfYn6m3W6fyzCMhsYkS2Uxpeu1npxZPUasV5nX,1.3621898764e-09,1.36,,,,net_00276,1,4,LOW
4mojyTE6TtDqKszEKL1TYmoqYkjyUNqDZLyVarFSpump,2026-02-11T11:33:26Z,CfumDPwfYn6m3W6fyzCMhsYkS2Uxpeu1npxZPUasV5nX,1.3621898764e-09,1.36,,,,net_00278,1,4,LOW
4mojyTE6TtDqKszEKL1TYmoqYkjyUNqDZLyVarFSpump,2026-02-11T11:33:26Z,CfumDPwfYn6m3W6fyzCMhsYkS2Uxpeu1npxZPUasV5nX,1.3621898764e-09,1.36,,,,net_00283,1,4,LOW
4mojyTE6TtDqKszEKL1TYmoqYkjyUNqDZLyVarFSpump,2026-02-11T11:33:26Z,CfumDPwfYn6m3W6fyzCMhsYkS2Uxpeu1npxZPUasV5nX,1.3621898764e-09,1.36,,,,net_00299,1,4,LOW
4mojyTE6TtDqKszEKL1TYmoqYkjyUNqDZLyVarFSpump,2026-02-11T11:33:26Z,CfumDPwfYn6m3W6fyzCMhsYkS2Uxpeu1npxZPUasV5nX,1.3621898764e-09,1.36,,,,net_00310,1,4,LOW
4mojyTE6TtDqKszEKL1TYmoqYkjyUNqDZLyVarFSpump,2026-02-11T11:33:26Z,CfumDPwfYn6m3W6fyzCMhsYkS2Uxpeu1npxZPUasV5nX,1.3621898764e-09,1.36,,,,net_00312,1,4,LOW
4mojyTE6TtDqKszEKL1TYmoqYkjyUNqDZLyVarFSpump,2026-02-11T11:33:26Z,CfumDPwfYn6m3W6fyzCMhsYkS2Uxpeu1npxZPUasV5nX,1.3621898764e-09,1.36,,,,net_00324,1,4,LOW
4mojyTE6TtDqKszEKL1TYmoqYkjyUNqDZLyVarFSpump,2026-02-11T11:33:26Z,CfumDPwfYn6m3W6fyzCMhsYkS2Uxpeu1npxZPUasV5nX,1.3621898764e-09,1.36,,,,net_00325,1,4,LOW
4mojyTE6TtDqKszEKL1TYmoqYkjyUNqDZLyVarFSpump,2026-02-11T11:33:26Z,CfumDPwfYn6m3W6fyzCMhsYkS2Uxpeu1npxZPUasV5nX,1.3621898764e-09,1.36,,,,net_00360,1,3,LOW
4mojyTE6TtDqKszEKL1TYmoqYkjyUNqDZLyVarFSpump,2026-02-11T11:33:26Z,CfumDPwfYn6m3W6fyzCMhsYkS2Uxpeu1npxZPUasV5nX,1.3621898764e-09,1.36,,,,net_00364,1,4,LOW
4mojyTE6TtDqKszEKL1TYmoqYkjyUNqDZLyVarFSpump,2026-02-11T11:33:26Z,CfumDPwfYn6m3W6fyzCMhsYkS2Uxpeu1npxZPUasV5nX,1.3621898764e-09,1.36,,,,net_00372,1,4,LOW
4mojyTE6TtDqKszEKL1TYmoqYkjyUNqDZLyVarFSpump,2026-02-11T11:33:26Z,CfumDPwfYn6m3W6fyzCMhsYkS2Uxpeu1npxZPUasV5nX,1.3621898764e-09,1.36,,,,net_00380,1,4,LOW
4mojyTE6TtDqKszEKL1TYmoqYkjyUNqDZLyVarFSpump,2026-02-11T11:33:26Z,CfumDPwfYn6m3W6fyzCMhsYkS2Uxpeu1npxZPUasV5nX,1.3621898764e-09,1.36,,,,net_00397,1,4,LOW
4mojyTE6TtDqKszEKL1TYmoqYkjyUNqDZLyVarFSpump,2026-02-11T11:33:26Z,CfumDPwfYn6m3W6fyzCMhsYkS2Uxpeu1npxZPUasV5nX,1.3621898764e-09,1.36,,,,net_00400,1,3,LOW
4mojyTE6TtDqKszEKL1TYmoqYkjyUNqDZLyVarFSpump,2026-02-11T11:33:26Z,CfumDPwfYn6m3W6fyzCMhsYkS2Uxpeu1npxZPUasV5nX,1.3621898764e-09,1.36,,,,net_00409,1,2,LOW
4mojyTE6TtDqKszEKL1TYmoqYkjyUNqDZLyVarFSpump,2026-02-11T11:33:26Z,CfumDPwfYn6m3W6fyzCMhsYkS2Uxpeu1npxZPUasV5nX,1.3621898764e-09,1.36,,,,net_00411,1,2,LOW
4mojyTE6TtDqKszEKL1TYmoqYkjyUNqDZLyVarFSpump,2026-02-11T11:33:26Z,CfumDPwfYn6m3W6fyzCMhsYkS2Uxpeu1npxZPUasV5nX,1.3621898764e-09,1.36,,,,net_00432,1,4,LOW
4mojyTE6TtDqKszEKL1TYmoqYkjyUNqDZLyVarFSpump,2026-02-11T11:33:26Z,CfumDPwfYn6m3W6fyzCMhsYkS2Uxpeu1npxZPUasV5nX,1.3621898764e-09,1.36,,,,net_00433,1,4,LOW
4mojyTE6TtDqKszEKL1TYmoqYkjyUNqDZLyVarFSpump,2026-02-11T11:33:26Z,CfumDPwfYn6m3W6fyzCMhsYkS2Uxpeu1npxZPUasV5nX,1.3621898764e-09,1.36,,,,net_00452,1,3,LOW
4mojyTE6TtDqKszEKL1TYmoqYkjyUNqDZLyVarFSpump,2026-02-11T11:33:26Z,CfumDPwfYn6m3W6fyzCMhsYkS2Uxpeu1npxZPUasV5nX,1.3621898764e-09,1.36,,,,net_00456,1,4,LOW
4mojyTE6TtDqKszEKL1TYmoqYkjyUNqDZLyVarFSpump,2026-02-11T11:33:26Z,CfumDPwfYn6m3W6fyzCMhsYkS2Uxpeu1npxZPUasV5nX,1.3621898764e-09,1.36,,,,net_00464,1,4,LOW
4mojyTE6TtDqKszEKL1TYmoqYkjyUNqDZLyVarFSpump,2026-02-11T11:33:26Z,CfumDPwfYn6m3W6fyzCMhsYkS2Uxpeu1npxZPUasV5nX,1.3621898764e-09,1.36,,,,net_00468,1,4,LOW
4mojyTE6TtDqKszEKL1TYmoqYkjyUNqDZLyVarFSpump,2026-02-11T11:33:26Z,CfumDPwfYn6m3W6fyzCMhsYkS2Uxpeu1npxZPUasV5nX,1.3621898764e-09,1.36,,,,net_00479,1,4,LOW
4mojyTE6TtDqKszEKL1TYmoqYkjyUNqDZLyVarFSpump,2026-02-11T11:33:26Z,CfumDPwfYn6m3W6fyzCMhsYkS2Uxpeu1npxZPUasV5nX,1.3621898764e-09,1.36,,,,net_00510,1,4,LOW
4mojyTE6TtDqKszEKL1TYmoqYkjyUNqDZLyVarFSpump,2026-02-11T11:33:26Z,CfumDPwfYn6m3W6fyzCMhsYkS2Uxpeu1npxZPUasV5nX,1.3621898764e-09,1.36,,,,net_00548,1,3,LOW
4mojyTE6TtDqKszEKL1TYmoqYkjyUNqDZLyVarFSpump,2026-02-11T11:33:26Z,CfumDPwfYn6m3W6fyzCMhsYkS2Uxpeu1npxZPUasV5nX,1.3621898764e-09,1.36,,,,net_00551,1,4,LOW
4mojyTE6TtDqKszEKL1TYmoqYkjyUNqDZLyVarFSpump,2026-02-11T11:33:26Z,CfumDPwfYn6m3W6fyzCMhsYkS2Uxpeu1npxZPUasV5nX,1.3621898764e-09,1.36,,,,net_00586,1,4,LOW
4mojyTE6TtDqKszEKL1TYmoqYkjyUNqDZLyVarFSpump,2026-02-11T11:33:26Z,CfumDPwfYn6m3W6fyzCMhsYkS2Uxpeu1npxZPUasV5nX,1.3621898764e-09,1.36,,,,net_00605,1,4,LOW
4mojyTE6TtDqKszEKL1TYmoqYkjyUNqDZLyVarFSpump,2026-02-11T11:33:26Z,CfumDPwfYn6m3W6fyzCMhsYkS2Uxpeu1npxZPUasV5nX,1.3621898764e-09,1.36,,,,net_00608,1,2,LOW
4mojyTE6TtDqKszEKL1TYmoqYkjyUNqDZLyVarFSpump,2026-02-11T11:33:26Z,CfumDPwfYn6m3W6fyzCMhsYkS2Uxpeu1npxZPUasV5nX,1.3621898764e-09,1.36,,,,net_00612,1,4,LOW
4mojyTE6TtDqKszEKL1TYmoqYkjyUNqDZLyVarFSpump,2026-02-11T11:33:26Z,CfumDPwfYn6m3W6fyzCMhsYkS2Uxpeu1npxZPUasV5nX,1.3621898764e-09,1.36,,,,net_00615,1,4,LOW
4mojyTE6TtDqKszEKL1TYmoqYkjyUNqDZLyVarFSpump,2026-02-11T11:33:26Z,CfumDPwfYn6m3W6fyzCMhsYkS2Uxpeu1npxZPUasV5nX,1.3621898764e-09,1.36,,,,net_00619,1,4,LOW
4mojyTE6TtDqKszEKL1TYmoqYkjyUNqDZLyVarFSpump,2026-02-11T11:33:26Z,CfumDPwfYn6m3W6fyzCMhsYkS2Uxpeu1npxZPUasV5nX,1.3621898764e-09,1.36,,,,net_00620,1,4,LOW
4mojyTE6TtDqKszEKL1TYmoqYkjyUNqDZLyVarFSpump,2026-02-11T11:33:26Z,CfumDPwfYn6m3W6fyzCMhsYkS2Uxpeu1npxZPUasV5nX,1.3621898764e-09,1.36,,,,net_00653,1,4,LOW
4mojyTE6TtDqKszEKL1TYmoqYkjyUNqDZLyVarFSpump,2026-02-11T11:33:26Z,CfumDPwfYn6m3W6fyzCMhsYkS2Uxpeu1npxZPUasV5nX,1.3621898764e-09,1.36,,,,net_00659,1,3,LOW
4mojyTE6TtDqKszEKL1TYmoqYkjyUNqDZLyVarFSpump,2026-02-11T11:33:26Z,CfumDPwfYn6m3W6fyzCMhsYkS2Uxpeu1npxZPUasV5nX,1.3621898764e-09,1.36,,,,net_00665,1,4,LOW
4mojyTE6TtDqKszEKL1TYmoqYkjyUNqDZLyVarFSpump,2026-02-11T11:33:26Z,CfumDPwfYn6m3W6fyzCMhsYkS2Uxpeu1npxZPUasV5nX,1.3621898764e-09,1.36,,,,net_00668,1,4,LOW
4mojyTE6TtDqKszEKL1TYmoqYkjyUNqDZLyVarFSpump,2026-02-11T11:33:26Z,CfumDPwfYn6m3W6fyzCMhsYkS2Uxpeu1npxZPUasV5nX,1.3621898764e-09,1.36,,,,net_00675,1,2,LOW
4mojyTE6TtDqKszEKL1TYmoqYkjyUNqDZLyVarFSpump,2026-02-11T11:33:26Z,CfumDPwfYn6m3W6fyzCMhsYkS2Uxpeu1npxZPUasV5nX,1.3621898764e-09,1.36,,,,net_00678,1,4,LOW
4mojyTE6TtDqKszEKL1TYmoqYkjyUNqDZLyVarFSpump,2026-02-11T11:33:26Z,CfumDPwfYn6m3W6fyzCMhsYkS2Uxpeu1npxZPUasV5nX,1.3621898764e-09,1.36,,,,net_00702,1,3,LOW
4mojyTE6TtDqKszEKL1TYmoqYkjyUNqDZLyVarFSpump,2026-02-11T11:33:26Z,CfumDPwfYn6m3W6fyzCMhsYkS2Uxpeu1npxZPUasV5nX,1.3621898764e-09,1.36,,,,net_00714,1,4,LOW
4mojyTE6TtDqKszEKL1TYmoqYkjyUNqDZLyVarFSpump,2026-02-11T11:33:26Z,CfumDPwfYn6m3W6fyzCMhsYkS2Uxpeu1npxZPUasV5nX,1.3621898764e-09,1.36,,,,net_00733,1,4,LOW
4mojyTE6TtDqKszEKL1TYmoqYkjyUNqDZLyVarFSpump,2026-02-11T11:33:26Z,CfumDPwfYn6m3W6fyzCMhsYkS2Uxpeu1npxZPUasV5nX,1.3621898764e-09,1.36,,,,net_00738,1,4,LOW
4mojyTE6TtDqKszEKL1TYmoqYkjyUNqDZLyVarFSpump,2026-02-11T11:33:26Z,CfumDPwfYn6m3W6fyzCMhsYkS2Uxpeu1npxZPUasV5nX,1.3621898764e-09,1.36,,,,net_00748,1,4,LOW
4mojyTE6TtDqKszEKL1TYmoqYkjyUNqDZLyVarFSpump,2026-02-11T11:33:26Z,CfumDPwfYn6m3W6fyzCMhsYkS2Uxpeu1npxZPUasV5nX,1.3621898764e-09,1.36,,,,net_00760,1,4,LOW
4mojyTE6TtDqKszEKL1TYmoqYkjyUNqDZLyVarFSpump,2026-02-11T11:33:26Z,CfumDPwfYn6m3W6fyzCMhsYkS2Uxpeu1npxZPUasV5nX,1.3621898764e-09,1.36,,,,net_00764,1,3,LOW
4mojyTE6TtDqKszEKL1TYmoqYkjyUNqDZLyVarFSpump,2026-02-11T11:33:26Z,CfumDPwfYn6m3W6fyzCMhsYkS2Uxpeu1npxZPUasV5nX,1.3621898764e-09,1.36,,,,net_00765,1,4,LOW
4mojyTE6TtDqKszEKL1TYmoqYkjyUNqDZLyVarFSpump,2026-02-11T11:33:26Z,CfumDPwfYn6m3W6fyzCMhsYkS2Uxpeu1npxZPUasV5nX,1.3621898764e-09,1.36,,,,net_00772,1,4,LOW
4mojyTE6TtDqKszEKL1TYmoqYkjyUNqDZLyVarFSpump,2026-02-11T11:33:26Z,CfumDPwfYn6m3W6fyzCMhsYkS2Uxpeu1npxZPUasV5nX,1.3621898764e-09,1.36,,,,net_00786,1,4,LOW
4mojyTE6TtDqKszEKL1TYmoqYkjyUNqDZLyVarFSpump,2026-02-11T11:33:26Z,CfumDPwfYn6m3W6fyzCMhsYkS2Uxpeu1npxZPUasV5nX,1.3621898764e-09,1.36,,,,net_00798,1,2,LOW
4mojyTE6TtDqKszEKL1TYmoqYkjyUNqDZLyVarFSpump,2026-02-11T11:33:26Z,CfumDPwfYn6m3W6fyzCMhsYkS2Uxpeu1npxZPUasV5nX,1.3621898764e-09,1.36,,,,net_00828,1,3,LOW
4mojyTE6TtDqKszEKL1TYmoqYkjyUNqDZLyVarFSpump,2026-02-11T11:33:26Z,CfumDPwfYn6m3W6fyzCMhsYkS2Uxpeu1npxZPUasV5nX,1.3621898764e-09,1.36,,,,net_00830,1,3,LOW
4mojyTE6TtDqKszEKL1TYmoqYkjyUNqDZLyVarFSpump,2026-02-11T11:33:26Z,CfumDPwfYn6m3W6fyzCMhsYkS2Uxpeu1npxZPUasV5nX,1.3621898764e-09,1.36,,,,net_00849,1,4,LOW
4mojyTE6TtDqKszEKL1TYmoqYkjyUNqDZLyVarFSpump,2026-02-11T11:33:26Z,CfumDPwfYn6m3W6fyzCMhsYkS2Uxpeu1npxZPUasV5nX,1.3621898764e-09,1.36,,,,net_00857,1,2,LOW
4mojyTE6TtDqKszEKL1TYmoqYkjyUNqDZLyVarFSpump,2026-02-11T11:33:26Z,CfumDPwfYn6m3W6fyzCMhsYkS2Uxpeu1npxZPUasV5nX,1.3621898764e-09,1.36,,,,net_00863,1,2,LOW
4mojyTE6TtDqKszEKL1TYmoqYkjyUNqDZLyVarFSpump,2026-02-11T11:33:26Z,CfumDPwfYn6m3W6fyzCMhsYkS2Uxpeu1npxZPUasV5nX,1.3621898764e-09,1.36,,,,net_00887,1,2,LOW
4mojyTE6TtDqKszEKL1TYmoqYkjyUNqDZLyVarFSpump,2026-02-11T11:33:26Z,CfumDPwfYn6m3W6fyzCMhsYkS2Uxpeu1npxZPUasV5nX,1.3621898764e-09,1.36,,,,net_00899,1,4,LOW
4mojyTE6TtDqKszEKL1TYmoqYkjyUNqDZLyVarFSpump,2026-02-11T11:33:26Z,CfumDPwfYn6m3W6fyzCMhsYkS2Uxpeu1npxZPUasV5nX,1.3621898764e-09,1.36,,,,net_00902,1,4,LOW
4mojyTE6TtDqKszEKL1TYmoqYkjyUNqDZLyVarFSpump,2026-02-11T11:33:26Z,CfumDPwfYn6m3W6fyzCMhsYkS2Uxpeu1npxZPUasV5nX,1.3621898764e-09,1.36,,,,net_00910,1,4,LOW
4mojyTE6TtDqKszEKL1TYmoqYkjyUNqDZLyVarFSpump,2026-02-11T11:33:26Z,CfumDPwfYn6m3W6fyzCMhsYkS2Uxpeu1npxZPUasV5nX,1.3621898764e-09,1.36,,,,net_00911,1,4,LOW
4mojyTE6TtDqKszEKL1TYmoqYkjyUNqDZLyVarFSpump,2026-02-11T11:33:26Z,CfumDPwfYn6m3W6fyzCMhsYkS2Uxpeu1npxZPUasV5nX,1.3621898764e-09,1.36,,,,net_00913,1,3,LOW
4mojyTE6TtDqKszEKL1TYmoqYkjyUNqDZLyVarFSpump,2026-02-11T11:33:26Z,CfumDPwfYn6m3W6fyzCMhsYkS2Uxpeu1npxZPUasV5nX,1.3621898764e-09,1.36,,,,net_00914,1,2,LOW
4mojyTE6TtDqKszEKL1TYmoqYkjyUNqDZLyVarFSpump,2026-02-11T11:33:26Z,CfumDPwfYn6m3W6fyzCMhsYkS2Uxpeu1npxZPUasV5nX,1.3621898764e-09,1.36,,,,net_00919,1,4,LOW
4mojyTE6TtDqKszEKL1TYmoqYkjyUNqDZLyVarFSpump,2026-02-11T11:33:26Z,CfumDPwfYn6m3W6fyzCMhsYkS2Uxpeu1npxZPUasV5nX,1.3621898764e-09,1.36,,,,net_00937,1,4,LOW
4mojyTE6TtDqKszEKL1TYmoqYkjyUNqDZLyVarFSpump,2026-02-11T11:33:26Z,CfumDPwfYn6m3W6fyzCMhsYkS2Uxpeu1npxZPUasV5nX,1.3621898764e-09,1.36,,,,net_00950,1,4,LOW
4mojyTE6TtDqKszEKL1TYmoqYkjyUNqDZLyVarFSpump,2026-02-11T11:33:26Z,CfumDPwfYn6m3W6fyzCMhsYkS2Uxpeu1npxZPUasV5nX,1.3621898764e-09,1.36,,,,net_00965,1,4,LOW
4mojyTE6TtDqKszEKL1TYmoqYkjyUNqDZLyVarFSpump,2026-02-11T11:33:26Z,CfumDPwfYn6m3W6fyzCMhsYkS2Uxpeu1npxZPUasV5nX,1.3621898764e-09,1.36,,,,net_00989,1,3,LOW
4mojyTE6TtDqKszEKL1TYmoqYkjyUNqDZLyVarFSpump,2026-02-11T11:33:26Z,CfumDPwfYn6m3W6fyzCMhsYkS2Uxpeu1npxZPUasV5nX,1.3621898764e-09,1.36,,,,net_01047,1,3,LOW
4mojyTE6TtDqKszEKL1TYmoqYkjyUNqDZLyVarFSpump,2026-02-11T11:33:26Z,CfumDPwfYn6m3W6fyzCMhsYkS2Uxpeu1npxZPUasV5nX,1.3621898764e-09,1.36,,,,net_01051,1,6,MEDIUM
4mojyTE6TtDqKszEKL1TYmoqYkjyUNqDZLyVarFSpump,2026-02-11T11:33:26Z,CfumDPwfYn6m3W6fyzCMhsYkS2Uxpeu1npxZPUasV5nX,1.3621898764e-09,1.36,,,,net_01056,1,3,LOW
4mojyTE6TtDqKszEKL1TYmoqYkjyUNqDZLyVarFSpump,2026-02-11T11:33:26Z,CfumDPwfYn6m3W6fyzCMhsYkS2Uxpeu1npxZPUasV5nX,1.3621898764e-09,1.36,,,,net_01058,1,4,LOW
4mojyTE6TtDqKszEKL1TYmoqYkjyUNqDZLyVarFSpump,2026-02-11T11:33:26Z,CfumDPwfYn6m3W6fyzCMhsYkS2Uxpeu1npxZPUasV5nX,1.3621898764e-09,1.36,,,,net_01068,1,4,LOW
4mojyTE6TtDqKszEKL1TYmoqYkjyUNqDZLyVarFSpump,2026-02-11T11:33:26Z,CfumDPwfYn6m3W6fyzCMhsYkS2Uxpeu1npxZPUasV5nX,1.3621898764e-09,1.36,,,,net_01083,1,4,LOW
4mojyTE6TtDqKszEKL1TYmoqYkjyUNqDZLyVarFSpump,2026-02-11T11:33:26Z,CfumDPwfYn6m3W6fyzCMhsYkS2Uxpeu1npxZPUasV5nX,1.3621898764e-09,1.36,,,,net_01084,1,2,LOW
4hzRmRJCXGRdxd3MyHNejeqRMiYeaeJMuDGjyyFXpump,2026-02-11T11:03:39Z,EzqDwYKrjHgJKCCVWfKXpiqMBmryEmZLBTpn7F6krWG3,1.4854428783e-09,1.49,,,,NONE,0,0,NONE
3utLaHKKsfaD7KaKeV4DdHcbocTqnoyJ8GhFmfpfpump,2026-02-11T10:46:17Z,GvWEm9wsUYAYk8BJX786whoBE7obxBs7qNz4iWt9u8T,1.5172883668e-10,0.15,,,,NONE,0,0,NONE
D416tYp8L8rKvH7cUuDZ34LD28c2VjKieFb35KnWpump,2026-02-11T10:36:34Z,JAAB4TV8VsWdf42hTEYQSZ3TYPfg7LWp7X67FKBqbAzc,3.3825026316e-08,33.83,,,,net_00037,42,17,MEDIUM
D416tYp8L8rKvH7cUuDZ34LD28c2VjKieFb35KnWpump,2026-02-11T10:36:34Z,JAAB4TV8VsWdf42hTEYQSZ3TYPfg7LWp7X67FKBqbAzc,3.3825026316e-08,33.83,,,,net_00697,1,2,LOW
4uRndrNuWbUF7P6CfujK5TCF4h9TYxnQXwgESC6rpump,2026-02-11T10:24:39Z,2p6gwKzVgmPyjzrA88CAYnjpoB8ZjUpfh6QusK3QMCJe,5.3296676527e-09,5.33,,,,NONE,0,0,NONE
9uYD5d5HUNFPwJy3xFfGeJCttgFiVwoAFodg4Vvspump,2026-02-11T10:19:37Z,4TGb4yXdopy1FYAYofSvDRxGoNDEzTzWcpyqgdtFpx7t,1.9279498955e-07,192.79,,,,net_00024,33,5,LOW
9uYD5d5HUNFPwJy3xFfGeJCttgFiVwoAFodg4Vvspump,2026-02-11T10:19:37Z,4TGb4yXdopy1FYAYofSvDRxGoNDEzTzWcpyqgdtFpx7t,1.9279498955e-07,192.79,,,,net_00049,15,15,MEDIUM
9uYD5d5HUNFPwJy3xFfGeJCttgFiVwoAFodg4Vvspump,2026-02-11T10:19:37Z,4TGb4yXdopy1FYAYofSvDRxGoNDEzTzWcpyqgdtFpx7t,1.9279498955e-07,192.79,,,,net_00160,1,4,LOW
9uYD5d5HUNFPwJy3xFfGeJCttgFiVwoAFodg4Vvspump,2026-02-11T10:19:37Z,4TGb4yXdopy1FYAYofSvDRxGoNDEzTzWcpyqgdtFpx7t,1.9279498955e-07,192.79,,,,net_00171,1,2,LOW
9uYD5d5HUNFPwJy3xFfGeJCttgFiVwoAFodg4Vvspump,2026-02-11T10:19:37Z,4TGb4yXdopy1FYAYofSvDRxGoNDEzTzWcpyqgdtFpx7t,1.9279498955e-07,192.79,,,,net_00335,1,3,LOW
9uYD5d5HUNFPwJy3xFfGeJCttgFiVwoAFodg4Vvspump,2026-02-11T10:19:37Z,4TGb4yXdopy1FYAYofSvDRxGoNDEzTzWcpyqgdtFpx7t,1.9279498955e-07,192.79,,,,net_00443,1,4,LOW
9uYD5d5HUNFPwJy3xFfGeJCttgFiVwoAFodg4Vvspump,2026-02-11T10:19:37Z,4TGb4yXdopy1FYAYofSvDRxGoNDEzTzWcpyqgdtFpx7t,1.9279498955e-07,192.79,,,,net_00488,1,2,LOW
9uYD5d5HUNFPwJy3xFfGeJCttgFiVwoAFodg4Vvspump,2026-02-11T10:19:37Z,4TGb4yXdopy1FYAYofSvDRxGoNDEzTzWcpyqgdtFpx7t,1.9279498955e-07,192.79,,,,net_00515,1,3,LOW
9uYD5d5HUNFPwJy3xFfGeJCttgFiVwoAFodg4Vvspump,2026-02-11T10:19:37Z,4TGb4yXdopy1FYAYofSvDRxGoNDEzTzWcpyqgdtFpx7t,1.9279498955e-07,192.79,,,,net_00560,1,2,LOW
9uYD5d5HUNFPwJy3xFfGeJCttgFiVwoAFodg4Vvspump,2026-02-11T10:19:37Z,4TGb4yXdopy1FYAYofSvDRxGoNDEzTzWcpyqgdtFpx7t,1.9279498955e-07,192.79,,,,net_00679,1,7,MEDIUM
9uYD5d5HUNFPwJy3xFfGeJCttgFiVwoAFodg4Vvspump,2026-02-11T10:19:37Z,4TGb4yXdopy1FYAYofSvDRxGoNDEzTzWcpyqgdtFpx7t,1.9279498955e-07,192.79,,,,net_00763,1,2,LOW
9uYD5d5HUNFPwJy3xFfGeJCttgFiVwoAFodg4Vvspump,2026-02-11T10:19:37Z,4TGb4yXdopy1FYAYofSvDRxGoNDEzTzWcpyqgdtFpx7t,1.9279498955e-07,192.79,,,,net_00869,1,2,LOW
9uYD5d5HUNFPwJy3xFfGeJCttgFiVwoAFodg4Vvspump,2026-02-11T10:19:37Z,4TGb4yXdopy1FYAYofSvDRxGoNDEzTzWcpyqgdtFpx7t,1.9279498955e-07,192.79,,,,net_00882,1,7,MEDIUM
9uYD5d5HUNFPwJy3xFfGeJCttgFiVwoAFodg4Vvspump,2026-02-11T10:19:37Z,4TGb4yXdopy1FYAYofSvDRxGoNDEzTzWcpyqgdtFpx7t,1.9279498955e-07,192.79,,,,net_00953,1,2,LOW
9uYD5d5HUNFPwJy3xFfGeJCttgFiVwoAFodg4Vvspump,2026-02-11T10:19:37Z,4TGb4yXdopy1FYAYofSvDRxGoNDEzTzWcpyqgdtFpx7t,1.9279498955e-07,192.79,,,,net_00969,1,6,MEDIUM
9uYD5d5HUNFPwJy3xFfGeJCttgFiVwoAFodg4Vvspump,2026-02-11T10:19:37Z,4TGb4yXdopy1FYAYofSvDRxGoNDEzTzWcpyqgdtFpx7t,1.9279498955e-07,192.79,,,,net_01070,1,3,LOW
9uYD5d5HUNFPwJy3xFfGeJCttgFiVwoAFodg4Vvspump,2026-02-11T10:19:37Z,4TGb4yXdopy1FYAYofSvDRxGoNDEzTzWcpyqgdtFpx7t,1.9279498955e-07,192.79,,,,net_01094,1,6,MEDIUM
9uYD5d5HUNFPwJy3xFfGeJCttgFiVwoAFodg4Vvspump,2026-02-11T10:19:37Z,4TGb4yXdopy1FYAYofSvDRxGoNDEzTzWcpyqgdtFpx7t,1.9279498955e-07,192.79,,,,net_01096,1,2,LOW
9uYD5d5HUNFPwJy3xFfGeJCttgFiVwoAFodg4Vvspump,2026-02-11T10:19:37Z,4TGb4yXdopy1FYAYofSvDRxGoNDEzTzWcpyqgdtFpx7t,1.9279498955e-07,192.79,,,,net_01097,1,4,LOW
44YYJxxJA4RCFzJdgjUAtk5zvExiRViC7y1LYjgvpump,2026-02-11T10:06:00Z,GwpcTgEagp7gjmdVs4jumvaHhDzrr9QdYVVYvzb6AZT,3.2443391134e-09,3.24,,,,net_00073,1,2,LOW
44YYJxxJA4RCFzJdgjUAtk5zvExiRViC7y1LYjgvpump,2026-02-11T10:06:00Z,GwpcTgEagp7gjmdVs4jumvaHhDzrr9QdYVVYvzb6AZT,3.2443391134e-09,3.24,,,,net_00258,1,7,MEDIUM
44YYJxxJA4RCFzJdgjUAtk5zvExiRViC7y1LYjgvpump,2026-02-11T10:06:00Z,GwpcTgEagp7gjmdVs4jumvaHhDzrr9QdYVVYvzb6AZT,3.2443391134e-09,3.24,,,,net_00653,1,4,LOW
44YYJxxJA4RCFzJdgjUAtk5zvExiRViC7y1LYjgvpump,2026-02-11T10:06:00Z,GwpcTgEagp7gjmdVs4jumvaHhDzrr9QdYVVYvzb6AZT,3.2443391134e-09,3.24,,,,net_00914,1,2,LOW
B4GmoKt2AHWxRgaVWHTL2Rj9v7Wuz7hQWsfNRsfbpump,2026-02-11T09:58:45Z,99epgocgQqUUWZsvrg4NnsXBx9N1VRxCy3U4auo2vDZQ,2.5246592145e-11,0.03,,,,NONE,0,0,NONE
CDGLLBqrSVYcPjDryaahzQUUmYQ3gBuXqNEQPSwXpump,2026-02-11T09:48:51Z,2LAyN7LwtdTFSb4YqLLknMoqiHiWeZeohLopKiPWa5nc,7.6735729132e-10,0.77,,,,NONE,0,0,NONE
2cSjdttphmWotEfsBwd3rn9dLvNxH9uVE6uuX5b3pump,2026-02-11T09:46:02Z,7zYMixG4AbN6vhq7BkbvGfiobP9ZT6PWVoe5sQSx63xx,2.8886063836e-08,28.89,,,,NONE,0,0,NONE
2Gavi27q6jrF3bhLb4fJg9nVuydPorxmLEvVVAp7pump,2026-02-11T09:23:44Z,9qNwGT2fUyoretNxoczu1d3xGje5AJwbGEKHmicTbuuq,1.3428023962e-09,1.34,,,,NONE,0,0,NONE
3a2Hw79jCGcUwgsL5qec78EU4Y8LRkLkUP39HTCopump,2026-02-11T09:22:23Z,7MjrwwucsCk8Pin8ahr387KaCSz6cCTq8RB17dCinReN,6.6319042445e-09,6.63,,,,NONE,0,0,NONE
3FnCLcwzTEBmruDx8dkqYHbhxdXctW6Gg4Na2HU6pump,2026-02-11T09:17:19Z,HKmRQFW5SNny1FgzcEKgYeP9B4GxWoQnnTxe6esxY5hB,,,,,,NONE,0,0,NONE
DUohwmGsB53vZ4LVntYh3GHXnpzJjH3RgiC4phkypump,2026-02-11T09:14:22Z,n3Pp96aMixasUiUMV1PAatC62fQR3QxAP1KGKLEGhCU,5.2353938498e-10,0.52,,,,NONE,0,0,NONE
6Ky1ndumnWVGQBbxauh3mgoVj7Ytr7YmFea1K8Zcpump,2026-02-11T09:13:55Z,G7dw2tk3WoKWs3hnU6PUniwenygwkTtybHn4yvGJHDsS,3.9921716762e-10,0.40,,,,NONE,0,0,NONE
2PbTAVxN4za6PG7QeGNRxZ4EWDHtueJnGLqMgLJppump,2026-02-11T09:09:45Z,And4NXCo1eZsg39uGYuBsi2fqyphHHm1RVhMXBvFmfen,3.8551134598e-10,0.39,,,,NONE,0,0,NONE
9YyTiaTzHkpxTPNEf8dSaENJLHABb9qsXHFTEqRLpump,2026-02-11T09:05:22Z,8KTxLV4VcVKwHNUbRYKfbMPanK1iPSJFHQnVqxYjt2eT,8.8148020562e-08,88.15,,,,NONE,0,0,NONE
CWyzyUTwUkM24hp1vJm56yzQsUz7vu6TJ4WVz95Qpump,2026-02-11T09:00:58Z,4LVqYLtwYvqNZ8BfDJY4CkRj924FrDadKtM6qoZk8DUD,4.4880994424e-10,0.45,,,,NONE,0,0,NONE
81uxcyaof5UyMZE5cjktec93si8qMjJxtSFuEEiGpump,2026-02-11T08:58:52Z,32KRDKzDW7djjMvZdQ2dKGdgKoTDjbFVt2PqVEZECfza,,,,,,NONE,0,0,NONE
9ZGLdsRrY6DpBm2Sof7rhF8bB3jv7g6WgKMpSLh7pump,2026-02-11T08:47:39Z,mHEr5AfEQiegZqGfHL73W394STiifeySLCXPBU9ppEv,1.7685569012e-07,176.86,,,,NONE,0,0,NONE
3ToKnopDeSUAy8fc1bX6rUK25UMCA24Xwe1WXqZspump,2026-02-11T08:40:08Z,A8Z1ejQGk45EJibBPJviWnM3UvwKSuYun53nSCkWKM52,6.9899083425e-08,69.90,,,,net_00015,1,4,LOW
3ToKnopDeSUAy8fc1bX6rUK25UMCA24Xwe1WXqZspump,2026-02-11T08:40:08Z,A8Z1ejQGk45EJibBPJviWnM3UvwKSuYun53nSCkWKM52,6.9899083425e-08,69.90,,,,net_00028,38,11,MEDIUM
3ToKnopDeSUAy8fc1bX6rUK25UMCA24Xwe1WXqZspump,2026-02-11T08:40:08Z,A8Z1ejQGk45EJibBPJviWnM3UvwKSuYun53nSCkWKM52,6.9899083425e-08,69.90,,,,net_00088,1,3,LOW
3ToKnopDeSUAy8fc1bX6rUK25UMCA24Xwe1WXqZspump,2026-02-11T08:40:08Z,A8Z1ejQGk45EJibBPJviWnM3UvwKSuYun53nSCkWKM52,6.9899083425e-08,69.90,,,,net_00100,1,2,LOW
3ToKnopDeSUAy8fc1bX6rUK25UMCA24Xwe1WXqZspump,2026-02-11T08:40:08Z,A8Z1ejQGk45EJibBPJviWnM3UvwKSuYun53nSCkWKM52,6.9899083425e-08,69.90,,,,net_00148,1,2,LOW
3ToKnopDeSUAy8fc1bX6rUK25UMCA24Xwe1WXqZspump,2026-02-11T08:40:08Z,A8Z1ejQGk45EJibBPJviWnM3UvwKSuYun53nSCkWKM52,6.9899083425e-08,69.90,,,,net_00155,1,2,LOW
3ToKnopDeSUAy8fc1bX6rUK25UMCA24Xwe1WXqZspump,2026-02-11T08:40:08Z,A8Z1ejQGk45EJibBPJviWnM3UvwKSuYun53nSCkWKM52,6.9899083425e-08,69.90,,,,net_00186,1,2,LOW
3ToKnopDeSUAy8fc1bX6rUK25UMCA24Xwe1WXqZspump,2026-02-11T08:40:08Z,A8Z1ejQGk45EJibBPJviWnM3UvwKSuYun53nSCkWKM52,6.9899083425e-08,69.90,,,,net_00373,1,5,LOW
3ToKnopDeSUAy8fc1bX6rUK25UMCA24Xwe1WXqZspump,2026-02-11T08:40:08Z,A8Z1ejQGk45EJibBPJviWnM3UvwKSuYun53nSCkWKM52,6.9899083425e-08,69.90,,,,net_00441,1,2,LOW
3ToKnopDeSUAy8fc1bX6rUK25UMCA24Xwe1WXqZspump,2026-02-11T08:40:08Z,A8Z1ejQGk45EJibBPJviWnM3UvwKSuYun53nSCkWKM52,6.9899083425e-08,69.90,,,,net_00592,1,8,MEDIUM
3ToKnopDeSUAy8fc1bX6rUK25UMCA24Xwe1WXqZspump,2026-02-11T08:40:08Z,A8Z1ejQGk45EJibBPJviWnM3UvwKSuYun53nSCkWKM52,6.9899083425e-08,69.90,,,,net_00658,1,2,LOW
3ToKnopDeSUAy8fc1bX6rUK25UMCA24Xwe1WXqZspump,2026-02-11T08:40:08Z,A8Z1ejQGk45EJibBPJviWnM3UvwKSuYun53nSCkWKM52,6.9899083425e-08,69.90,,,,net_00766,1,2,LOW
3ToKnopDeSUAy8fc1bX6rUK25UMCA24Xwe1WXqZspump,2026-02-11T08:40:08Z,A8Z1ejQGk45EJibBPJviWnM3UvwKSuYun53nSCkWKM52,6.9899083425e-08,69.90,,,,net_00800,1,7,MEDIUM
3ToKnopDeSUAy8fc1bX6rUK25UMCA24Xwe1WXqZspump,2026-02-11T08:40:08Z,A8Z1ejQGk45EJibBPJviWnM3UvwKSuYun53nSCkWKM52,6.9899083425e-08,69.90,,,,net_00820,1,2,LOW
4iVH3y4EkqYrLD8XF2bDcoupbT78bKeqqJcR3f8Upump,2026-02-11T08:36:58Z,HtjeGcbvrizW5Z67GQhPUffzwpUdoewbTQTpkfYbwwJL,2.1948875567e-09,2.19,,,,NONE,0,0,NONE
2x9t68bQsvreoFiLZThMopWXt8BfuTsk3nes8FaCpump,2026-02-11T08:28:04Z,HtjeGcbvrizW5Z67GQhPUffzwpUdoewbTQTpkfYbwwJL,1.6537639381e-09,1.65,,,,NONE,0,0,NONE
2xTMYRMekEDBF4ZnXBKHnhVKnYb4Z9MVzPahh7PUpump,2026-02-11T08:21:43Z,G4ZkCycuft3vBRYfWkjUnGFtxgcP6RErpQAcNjFRnjWX,2.6894222395e-09,2.69,,,,NONE,0,0,NONE
GypbReSpbdFzpq9yNzYeh9TcXWAvu7Vv3K7fLyvKpump,2026-02-11T08:00:56Z,qNJrcX6HGSzgCoKvGkugo3dv8Vg2hjhKW5fd72LHgWP,6.9625860515e-10,0.70,,,,NONE,0,0,NONE
sv6v9b6J5omEcc5BxGtwx4yDuNzzg3hPP9c1Y85pump,2026-02-11T07:59:33Z,CmmyTTYEwWT5MYT4kjX26VC7W7FT2CDwnLrzng74vhuD,1.3090526184e-10,0.13,,,,NONE,0,0,NONE
6DzGtAe9ZQ49scjEDiiembk6iJn2SPxRiWH9THeRpump,2026-02-11T07:58:20Z,A9LiyuSSja1nDV3Uw69KQ3RzeSwReu56BrCjJW6SRsAf,6.6758202007e-10,0.67,,,,NONE,0,0,NONE
HbessLrwFVGs8NfcoWgZqJs7Ae6rNzdTBqMnXDftpump,2026-02-11T07:56:28Z,7Z1yyeMu8GZRYFkHfdrPEdePxu3DLtbEzZtsERT5YpSA,2.4556645621e-08,24.56,,,,NONE,0,0,NONE
3iDhEw3CLLRuxCT82jcLwYf7CB8qBYU5ZXFLjhU4pump,2026-02-11T07:56:13Z,ECEda1Wz9uF61tF1nLqZgQ81dZeLqwuXSUvyAFnFJXMo,3.4184753425e-09,3.42,,,,NONE,0,0,NONE
MMU7BWmq5C3puT7bCxQw4EERv4Ai7dhwyHTGijNpump,2026-02-11T07:48:35Z,7bAa241H1DTMVATiRVhEyWi4uk88VN1GvqXsqmJtp29y,,,,,,NONE,0,0,NONE
BQXCET2kDENidgQebm3C5MmVHVDJo5RTWLsewntzpump,2026-02-11T07:45:46Z,7Z1yyeMu8GZRYFkHfdrPEdePxu3DLtbEzZtsERT5YpSA,1.3996369240e-08,14.00,,,,NONE,0,0,NONE
7Kj95ddSwvZqTNz1fhxdzT5Urwq6QUq9Ab4brP5pump,2026-02-11T07:44:35Z,AvsS1Sc9jVMZGQQpoRyn2YoQ8q7LXQiH5uPg8d6Tm8Md,,,,,,NONE,0,0,NONE
DjV1fGkVXK4zaE21sM878q3Ux2GVpubxqDemP98Bpump,2026-02-11T07:41:24Z,2SssDAZBovyY7bnTYH2wFLDL2tpAvQBpAcEywUfbE8GN,3.0480833560e-11,0.03,,,,NONE,0,0,NONE
EquDjhAsNvWxddPaoaxbjWHWjEhwBPirCJXGRSX7pump,2026-02-11T07:19:48Z,HiSo5kykqDPs3EG14Fk9QY4B5RvkuEs8oJTiqPX3EDAn,9.4376629474e-08,94.38,,,,net_00099,1,2,LOW
EquDjhAsNvWxddPaoaxbjWHWjEhwBPirCJXGRSX7pump,2026-02-11T07:19:48Z,HiSo5kykqDPs3EG14Fk9QY4B5RvkuEs8oJTiqPX3EDAn,9.4376629474e-08,94.38,,,,net_00294,1,3,LOW
EquDjhAsNvWxddPaoaxbjWHWjEhwBPirCJXGRSX7pump,2026-02-11T07:19:48Z,HiSo5kykqDPs3EG14Fk9QY4B5RvkuEs8oJTiqPX3EDAn,9.4376629474e-08,94.38,,,,net_00474,1,3,LOW
EquDjhAsNvWxddPaoaxbjWHWjEhwBPirCJXGRSX7pump,2026-02-11T07:19:48Z,HiSo5kykqDPs3EG14Fk9QY4B5RvkuEs8oJTiqPX3EDAn,9.4376629474e-08,94.38,,,,net_00658,1,2,LOW
EquDjhAsNvWxddPaoaxbjWHWjEhwBPirCJXGRSX7pump,2026-02-11T07:19:48Z,HiSo5kykqDPs3EG14Fk9QY4B5RvkuEs8oJTiqPX3EDAn,9.4376629474e-08,94.38,,,,net_00766,1,2,LOW
EquDjhAsNvWxddPaoaxbjWHWjEhwBPirCJXGRSX7pump,2026-02-11T07:19:48Z,HiSo5kykqDPs3EG14Fk9QY4B5RvkuEs8oJTiqPX3EDAn,9.4376629474e-08,94.38,,,,net_00818,1,2,LOW
EquDjhAsNvWxddPaoaxbjWHWjEhwBPirCJXGRSX7pump,2026-02-11T07:19:48Z,HiSo5kykqDPs3EG14Fk9QY4B5RvkuEs8oJTiqPX3EDAn,9.4376629474e-08,94.38,,,,net_00931,1,2,LOW
EquDjhAsNvWxddPaoaxbjWHWjEhwBPirCJXGRSX7pump,2026-02-11T07:19:48Z,HiSo5kykqDPs3EG14Fk9QY4B5RvkuEs8oJTiqPX3EDAn,9.4376629474e-08,94.38,,,,net_00936,1,2,LOW
4w4kDaDzM7sci6Ja9hFKh4gDYStdj2xmp18X9XqomLXz,2026-02-11T07:03:03Z,ACqPAAugPc7LmhJ4nirvWUGy7X7HYhSfUBkUVS2dVivw,3.5882318980e-09,3.59,,,,NONE,0,0,NONE
DUAVEQSh2HqqdKPjTsXCLt9asMybFmP1DmbhcaN4pump,2026-02-11T06:51:04Z,95FS9cAbdK5Kyd7AzwSWJ7UVJf9oB5HgwgXXhCjCNhu,2.8929415152e-12,0.00,,,,NONE,0,0,NONE
21SheBJMMBzPZDAYJEuPyfDF5bdWWpjbndJhm39Tpump,2026-02-11T06:48:18Z,A7NGjbx9NGtXtFCGVooz44PpCF7JpxjHerszQyTaWo6r,2.6442917735e-09,2.64,,,,NONE,0,0,NONE
8hgqBmp789uVrqWwxBHaenExH3fQJJyx7oetZHwLpump,2026-02-11T06:44:28Z,HYSq1KBAvqWpEv1pCbV31muKM1za5A1WSHGdiVLUoNhb,1.2070227347e-07,120.70,,,,NONE,0,0,NONE
5d6iy1rGR9ynMPmJF5HuMY8QnUiB11FeEN4JN7Kxpump,2026-02-11T06:20:14Z,JBA7tBMH8JnLmsr6SvGEGscnjVWs5MmipE8grcYjzLJX,3.8140900656e-09,3.81,,,,NONE,0,0,NONE
4uqKWqY2zt5Z9MNL58t3JKL3bT3ryt1TaarvWyaqpump,2026-02-11T06:12:34Z,3KyktjmbwDXUGwastPszXw6pmQLPJUZtgEctqM2J2c46,1.6882117279e-10,0.17,,,,NONE,0,0,NONE
6sJsmieXJGmEA72PXw4Uv78kGP4UbGVLQTeWHKoHpump,2026-02-11T06:11:01Z,HBCexYNUYwTcS6HehkZMakZFjK8ZgpjboUKQcpbWTRYv,5.7231940961e-09,5.72,,,,net_00480,1,2,LOW
6sJsmieXJGmEA72PXw4Uv78kGP4UbGVLQTeWHKoHpump,2026-02-11T06:11:01Z,HBCexYNUYwTcS6HehkZMakZFjK8ZgpjboUKQcpbWTRYv,5.7231940961e-09,5.72,,,,net_00594,1,2,LOW
6sJsmieXJGmEA72PXw4Uv78kGP4UbGVLQTeWHKoHpump,2026-02-11T06:11:01Z,HBCexYNUYwTcS6HehkZMakZFjK8ZgpjboUKQcpbWTRYv,5.7231940961e-09,5.72,,,,net_00976,1,2,LOW
BKtY6rS8PRVpE5usfpe3KhKmqDvLHSZK5Sm7qramZ3Vc,2026-02-11T06:10:46Z,FgifQEkRkSSXZjf2cJ4c55BhVts2yrNKzmzBLLyicg8b,1.0982281745e-08,10.98,,,,net_00037,42,17,MEDIUM
BKtY6rS8PRVpE5usfpe3KhKmqDvLHSZK5Sm7qramZ3Vc,2026-02-11T06:10:46Z,FgifQEkRkSSXZjf2cJ4c55BhVts2yrNKzmzBLLyicg8b,1.0982281745e-08,10.98,,,,net_00050,1,2,LOW
BKtY6rS8PRVpE5usfpe3KhKmqDvLHSZK5Sm7qramZ3Vc,2026-02-11T06:10:46Z,FgifQEkRkSSXZjf2cJ4c55BhVts2yrNKzmzBLLyicg8b,1.0982281745e-08,10.98,,,,net_00098,1,4,LOW
BKtY6rS8PRVpE5usfpe3KhKmqDvLHSZK5Sm7qramZ3Vc,2026-02-11T06:10:46Z,FgifQEkRkSSXZjf2cJ4c55BhVts2yrNKzmzBLLyicg8b,1.0982281745e-08,10.98,,,,net_00166,1,3,LOW
BKtY6rS8PRVpE5usfpe3KhKmqDvLHSZK5Sm7qramZ3Vc,2026-02-11T06:10:46Z,FgifQEkRkSSXZjf2cJ4c55BhVts2yrNKzmzBLLyicg8b,1.0982281745e-08,10.98,,,,net_00558,1,3,LOW
BKtY6rS8PRVpE5usfpe3KhKmqDvLHSZK5Sm7qramZ3Vc,2026-02-11T06:10:46Z,FgifQEkRkSSXZjf2cJ4c55BhVts2yrNKzmzBLLyicg8b,1.0982281745e-08,10.98,,,,net_00616,1,2,LOW
BKtY6rS8PRVpE5usfpe3KhKmqDvLHSZK5Sm7qramZ3Vc,2026-02-11T06:10:46Z,FgifQEkRkSSXZjf2cJ4c55BhVts2yrNKzmzBLLyicg8b,1.0982281745e-08,10.98,,,,net_00631,1,3,LOW
JCvGPDyJTS3hLtDsMf4dLpf5o1rBadedYoUr2zZNpump,2026-02-11T06:06:34Z,7C8sNCFyM7QYvFsP9rHqupWbBiqbcqxsoLJ8XugtWzfK,7.8789287322e-08,78.79,,,,NONE,0,0,NONE
CAVA5qsPeSsRBkCutkqVk6tDRHoFT1GazZdd67hnpump,2026-02-11T06:05:53Z,4Y5qbkRhRRVMfECZ6MVBvTD1EdPX2FuVskC7ta8ASA1Y,2.0949355791e-09,2.09,,,,NONE,0,0,NONE
AYVRcxnZqrGXU57R8mugvDk3XrB1couKTtZwn9Kupump,2026-02-11T06:02:57Z,5Tk1bw2DZff1Ec8jyPnUenwVAeQBQoEF8mTFB4QwDGZB,1.0849711086e-09,1.08,,,,NONE,0,0,NONE
Crf5cRF7WeGP7gKmu1XTjfpjyNDUaQ6a7UgBm1M2pump,2026-02-11T05:41:51Z,3HPv4PorfkvqNkyrcLg7JLQsay6BgQpcuLo2XHqJMK9g,3.9821774348e-09,3.98,,,,net_00124,14,36,HIGH
9igkFBEgZ8aJK1NxqN4fXG5hAfxhZhDHd77nwwGupump,2026-02-11T05:41:11Z,5h6nhX97VZceKqX7CYEvN97CLkDJaXKiJ3suvbZqpRcB,6.0338236741e-10,0.60,,,,net_00023,1,3,LOW
9igkFBEgZ8aJK1NxqN4fXG5hAfxhZhDHd77nwwGupump,2026-02-11T05:41:11Z,5h6nhX97VZceKqX7CYEvN97CLkDJaXKiJ3suvbZqpRcB,6.0338236741e-10,0.60,,,,net_00201,1,3,LOW
9igkFBEgZ8aJK1NxqN4fXG5hAfxhZhDHd77nwwGupump,2026-02-11T05:41:11Z,5h6nhX97VZceKqX7CYEvN97CLkDJaXKiJ3suvbZqpRcB,6.0338236741e-10,0.60,,,,net_00209,1,2,LOW
9igkFBEgZ8aJK1NxqN4fXG5hAfxhZhDHd77nwwGupump,2026-02-11T05:41:11Z,5h6nhX97VZceKqX7CYEvN97CLkDJaXKiJ3suvbZqpRcB,6.0338236741e-10,0.60,,,,net_00287,1,2,LOW
9igkFBEgZ8aJK1NxqN4fXG5hAfxhZhDHd77nwwGupump,2026-02-11T05:41:11Z,5h6nhX97VZceKqX7CYEvN97CLkDJaXKiJ3suvbZqpRcB,6.0338236741e-10,0.60,,,,net_00428,1,2,LOW
9igkFBEgZ8aJK1NxqN4fXG5hAfxhZhDHd77nwwGupump,2026-02-11T05:41:11Z,5h6nhX97VZceKqX7CYEvN97CLkDJaXKiJ3suvbZqpRcB,6.0338236741e-10,0.60,,,,net_00460,1,4,LOW
9igkFBEgZ8aJK1NxqN4fXG5hAfxhZhDHd77nwwGupump,2026-02-11T05:41:11Z,5h6nhX97VZceKqX7CYEvN97CLkDJaXKiJ3suvbZqpRcB,6.0338236741e-10,0.60,,,,net_00472,1,5,LOW
9igkFBEgZ8aJK1NxqN4fXG5hAfxhZhDHd77nwwGupump,2026-02-11T05:41:11Z,5h6nhX97VZceKqX7CYEvN97CLkDJaXKiJ3suvbZqpRcB,6.0338236741e-10,0.60,,,,net_00490,1,2,LOW
9igkFBEgZ8aJK1NxqN4fXG5hAfxhZhDHd77nwwGupump,2026-02-11T05:41:11Z,5h6nhX97VZceKqX7CYEvN97CLkDJaXKiJ3suvbZqpRcB,6.0338236741e-10,0.60,,,,net_00563,1,2,LOW
9igkFBEgZ8aJK1NxqN4fXG5hAfxhZhDHd77nwwGupump,2026-02-11T05:41:11Z,5h6nhX97VZceKqX7CYEvN97CLkDJaXKiJ3suvbZqpRcB,6.0338236741e-10,0.60,,,,net_00570,1,4,LOW
9igkFBEgZ8aJK1NxqN4fXG5hAfxhZhDHd77nwwGupump,2026-02-11T05:41:11Z,5h6nhX97VZceKqX7CYEvN97CLkDJaXKiJ3suvbZqpRcB,6.0338236741e-10,0.60,,,,net_00634,1,2,LOW
9igkFBEgZ8aJK1NxqN4fXG5hAfxhZhDHd77nwwGupump,2026-02-11T05:41:11Z,5h6nhX97VZceKqX7CYEvN97CLkDJaXKiJ3suvbZqpRcB,6.0338236741e-10,0.60,,,,net_00647,23,152,CRITICAL
9igkFBEgZ8aJK1NxqN4fXG5hAfxhZhDHd77nwwGupump,2026-02-11T05:41:11Z,5h6nhX97VZceKqX7CYEvN97CLkDJaXKiJ3suvbZqpRcB,6.0338236741e-10,0.60,,,,net_00679,1,7,MEDIUM
9igkFBEgZ8aJK1NxqN4fXG5hAfxhZhDHd77nwwGupump,2026-02-11T05:41:11Z,5h6nhX97VZceKqX7CYEvN97CLkDJaXKiJ3suvbZqpRcB,6.0338236741e-10,0.60,,,,net_00731,1,3,LOW
9igkFBEgZ8aJK1NxqN4fXG5hAfxhZhDHd77nwwGupump,2026-02-11T05:41:11Z,5h6nhX97VZceKqX7CYEvN97CLkDJaXKiJ3suvbZqpRcB,6.0338236741e-10,0.60,,,,net_00750,1,6,MEDIUM
9igkFBEgZ8aJK1NxqN4fXG5hAfxhZhDHd77nwwGupump,2026-02-11T05:41:11Z,5h6nhX97VZceKqX7CYEvN97CLkDJaXKiJ3suvbZqpRcB,6.0338236741e-10,0.60,,,,net_00776,1,5,LOW
9igkFBEgZ8aJK1NxqN4fXG5hAfxhZhDHd77nwwGupump,2026-02-11T05:41:11Z,5h6nhX97VZceKqX7CYEvN97CLkDJaXKiJ3suvbZqpRcB,6.0338236741e-10,0.60,,,,net_00824,1,2,LOW
9igkFBEgZ8aJK1NxqN4fXG5hAfxhZhDHd77nwwGupump,2026-02-11T05:41:11Z,5h6nhX97VZceKqX7CYEvN97CLkDJaXKiJ3suvbZqpRcB,6.0338236741e-10,0.60,,,,net_00827,1,2,LOW
9igkFBEgZ8aJK1NxqN4fXG5hAfxhZhDHd77nwwGupump,2026-02-11T05:41:11Z,5h6nhX97VZceKqX7CYEvN97CLkDJaXKiJ3suvbZqpRcB,6.0338236741e-10,0.60,,,,net_01059,1,3,LOW
9igkFBEgZ8aJK1NxqN4fXG5hAfxhZhDHd77nwwGupump,2026-02-11T05:41:11Z,5h6nhX97VZceKqX7CYEvN97CLkDJaXKiJ3suvbZqpRcB,6.0338236741e-10,0.60,,,,net_01097,1,4,LOW
Fx9mcU4jS9cS8Qnp1LBXvkt5iLmnk5kXTEPXt4hppump,2026-02-11T05:35:31Z,ErSwwetAPAHL7NeVrhAK1WAH5J9TPuyFod64ZbGz762S,1.9757735494e-08,19.76,,,,NONE,0,0,NONE
6b9avGvNx76GYgpK8dgcB6YAdNniDrH75QM1wTAgpump,2026-02-11T05:30:18Z,CvEgtWK4oMdf3krKEvKRQPbcsX6mDAZ7sC9nZgJgrwLD,6.4338461220e-08,64.34,,,,NONE,0,0,NONE
EAoU2p9YTVpHGAaUsYkxRRppPoVjAvj72qsPAmTxpump,2026-02-11T05:28:47Z,HE6r2FSpQbMrw6jYNteCt6ZrrTgSLRjBMLZhPX3FW31z,9.6701581228e-11,0.10,,,,net_00031,22,12,MEDIUM
3nck1piiykobDKQBLxVtaHKf8ci8hMd9VzDqwGTHpump,2026-02-11T05:23:38Z,6ZZe1Jaf9GkSkBrhRRRCt6K8tN7Djh4W99otaRxbvt6h,1.9973778592e-10,0.20,,,,NONE,0,0,NONE
5Njtci2xXZs3cauiHHamfsWvwtDQ2Ak5SASRFM8Ypump,2026-02-11T05:23:20Z,HvYRr2VZw9acSGP74XQFQtYnSQVKjpJ7HPNaJYaNDYTs,1.0041605309e-09,1.00,,,,NONE,0,0,NONE
DaAGWPbsQgs5zWgZeDS5uttmY3hP4daPMJpUcRiBpump,2026-02-11T05:19:36Z,E6gE6tE4GsXAvnrVNXBpFUBZYLoySWShgRxP3zELrw2V,2.3557049482e-07,235.57,,,,NONE,0,0,NONE
AzTfanTxWofndzi653Q75VS7B5vvgLfeJXUBo9Qzpump,2026-02-11T05:15:22Z,5aea1pYqYRTmAr4JNg9q3RNqWEGuxQMNadzt4oWAv7kh,3.2180000000e-05,32181.34,,,,net_00051,1,2,LOW
AzTfanTxWofndzi653Q75VS7B5vvgLfeJXUBo9Qzpump,2026-02-11T05:15:22Z,5aea1pYqYRTmAr4JNg9q3RNqWEGuxQMNadzt4oWAv7kh,3.2180000000e-05,32181.34,,,,net_00217,1,2,LOW
AzTfanTxWofndzi653Q75VS7B5vvgLfeJXUBo9Qzpump,2026-02-11T05:15:22Z,5aea1pYqYRTmAr4JNg9q3RNqWEGuxQMNadzt4oWAv7kh,3.2180000000e-05,32181.34,,,,net_00391,1,2,LOW
AzTfanTxWofndzi653Q75VS7B5vvgLfeJXUBo9Qzpump,2026-02-11T05:15:22Z,5aea1pYqYRTmAr4JNg9q3RNqWEGuxQMNadzt4oWAv7kh,3.2180000000e-05,32181.34,,,,net_00393,1,2,LOW
AzTfanTxWofndzi653Q75VS7B5vvgLfeJXUBo9Qzpump,2026-02-11T05:15:22Z,5aea1pYqYRTmAr4JNg9q3RNqWEGuxQMNadzt4oWAv7kh,3.2180000000e-05,32181.34,,,,net_00486,1,2,LOW
AzTfanTxWofndzi653Q75VS7B5vvgLfeJXUBo9Qzpump,2026-02-11T05:15:22Z,5aea1pYqYRTmAr4JNg9q3RNqWEGuxQMNadzt4oWAv7kh,3.2180000000e-05,32181.34,,,,net_00562,1,2,LOW
AzTfanTxWofndzi653Q75VS7B5vvgLfeJXUBo9Qzpump,2026-02-11T05:15:22Z,5aea1pYqYRTmAr4JNg9q3RNqWEGuxQMNadzt4oWAv7kh,3.2180000000e-05,32181.34,,,,net_00580,1,2,LOW
AzTfanTxWofndzi653Q75VS7B5vvgLfeJXUBo9Qzpump,2026-02-11T05:15:22Z,5aea1pYqYRTmAr4JNg9q3RNqWEGuxQMNadzt4oWAv7kh,3.2180000000e-05,32181.34,,,,net_00610,1,4,LOW
AzTfanTxWofndzi653Q75VS7B5vvgLfeJXUBo9Qzpump,2026-02-11T05:15:22Z,5aea1pYqYRTmAr4JNg9q3RNqWEGuxQMNadzt4oWAv7kh,3.2180000000e-05,32181.34,,,,net_00650,1,2,LOW
AzTfanTxWofndzi653Q75VS7B5vvgLfeJXUBo9Qzpump,2026-02-11T05:15:22Z,5aea1pYqYRTmAr4JNg9q3RNqWEGuxQMNadzt4oWAv7kh,3.2180000000e-05,32181.34,,,,net_00805,1,2,LOW
AzTfanTxWofndzi653Q75VS7B5vvgLfeJXUBo9Qzpump,2026-02-11T05:15:22Z,5aea1pYqYRTmAr4JNg9q3RNqWEGuxQMNadzt4oWAv7kh,3.2180000000e-05,32181.34,,,,net_00876,1,2,LOW
CzZH9w2T3RWE6gZofi3UL96QAqU62JzLnjaqR85xpump,2026-02-11T05:09:32Z,FJdE8u4obncoafBTMDRkGDFWpPwLGSU4N17jiVzFZU6g,9.4592989619e-11,0.09,,,,NONE,0,0,NONE
6TrSTWj9BSY7F7FyHAT2CPBiZg894toLLqDKwU4spump,2026-02-11T05:06:04Z,F6jwNY2adyGCJrjvSA397RhdJMQXYVoC2ZMRpofzY3gR,3.0185973432e-08,30.19,,,,NONE,0,0,NONE
7dL4c2mUdr4GnCx1397LieM7wrqAMRABpCJWc6D4pump,2026-02-11T04:55:35Z,3R3fVzEhRwvRET9LyL7NGk5oU2kzMKvqesy6HPjXZinR,8.9854034534e-08,89.85,,,,NONE,0,0,NONE
5fr9QEhqpUHGpef8n4XiYcJxpZMJacS1bnUqfqtSpump,2026-02-11T04:53:49Z,4vA8YNcY6hvsAc41v18AKJDB7P6aYgH6eTf9BCDXaABW,2.7158827526e-10,0.27,,,,NONE,0,0,NONE
72qDUjZisehaMKgTsMWp6n2ubiXHvMooNXvHGvJApump,2026-02-11T04:40:45Z,6w8AaUt3zUoy9Skae7nHxLFoBDE1dQ7NpP9dzzj4TqDf,2.3230000000e-06,2323.06,,,,net_00889,1,2,LOW
mdtk8yGCA41NedNjSKUS4Pce7LXBASAXxnkBo8Lpump,2026-02-11T04:40:05Z,F9xUwyTCNcCUeaxxw68JE5sAnHCsMUjTB4AnjtQAA3au,1.7006385989e-09,1.70,,,,NONE,0,0,NONE
4TZJAfoHxsXupEeKayZcmk7MMyb9rKwgSurRk8hvpump,2026-02-11T04:39:26Z,3R3fVzEhRwvRET9LyL7NGk5oU2kzMKvqesy6HPjXZinR,1.0993222614e-07,109.93,,,,NONE,0,0,NONE
9EXMMEgZrEoNySqLSwsPETR8DFhnLoBF8U8wfyucpump,2026-02-11T04:37:08Z,FEkV5atS3mLmF19PB6acgKdQXwLj7Yhj1ins6zyTMeQV,2.2280577819e-10,0.22,,,,NONE,0,0,NONE
F9Bshegb16pWkWUoQr9BxBhpfgZjVgGxJoJQCM7epump,2026-02-11T04:17:08Z,D9gQ6RhKEpnobPBUdWY5bPQt2p3zGk3iVz6ChpUi2ArA,2.9035311373e-07,290.35,,,,net_00028,38,11,MEDIUM
F9Bshegb16pWkWUoQr9BxBhpfgZjVgGxJoJQCM7epump,2026-02-11T04:17:08Z,D9gQ6RhKEpnobPBUdWY5bPQt2p3zGk3iVz6ChpUi2ArA,2.9035311373e-07,290.35,,,,net_00098,1,4,LOW
F9Bshegb16pWkWUoQr9BxBhpfgZjVgGxJoJQCM7epump,2026-02-11T04:17:08Z,D9gQ6RhKEpnobPBUdWY5bPQt2p3zGk3iVz6ChpUi2ArA,2.9035311373e-07,290.35,,,,net_00255,1,2,LOW
F9Bshegb16pWkWUoQr9BxBhpfgZjVgGxJoJQCM7epump,2026-02-11T04:17:08Z,D9gQ6RhKEpnobPBUdWY5bPQt2p3zGk3iVz6ChpUi2ArA,2.9035311373e-07,290.35,,,,net_00330,1,2,LOW
F9Bshegb16pWkWUoQr9BxBhpfgZjVgGxJoJQCM7epump,2026-02-11T04:17:08Z,D9gQ6RhKEpnobPBUdWY5bPQt2p3zGk3iVz6ChpUi2ArA,2.9035311373e-07,290.35,,,,net_00457,1,2,LOW
F9Bshegb16pWkWUoQr9BxBhpfgZjVgGxJoJQCM7epump,2026-02-11T04:17:08Z,D9gQ6RhKEpnobPBUdWY5bPQt2p3zGk3iVz6ChpUi2ArA,2.9035311373e-07,290.35,,,,net_00502,1,10,MEDIUM
F9Bshegb16pWkWUoQr9BxBhpfgZjVgGxJoJQCM7epump,2026-02-11T04:17:08Z,D9gQ6RhKEpnobPBUdWY5bPQt2p3zGk3iVz6ChpUi2ArA,2.9035311373e-07,290.35,,,,net_00566,1,3,LOW
F9Bshegb16pWkWUoQr9BxBhpfgZjVgGxJoJQCM7epump,2026-02-11T04:17:08Z,D9gQ6RhKEpnobPBUdWY5bPQt2p3zGk3iVz6ChpUi2ArA,2.9035311373e-07,290.35,,,,net_00698,1,6,MEDIUM
F9Bshegb16pWkWUoQr9BxBhpfgZjVgGxJoJQCM7epump,2026-02-11T04:17:08Z,D9gQ6RhKEpnobPBUdWY5bPQt2p3zGk3iVz6ChpUi2ArA,2.9035311373e-07,290.35,,,,net_00728,1,7,MEDIUM
F9Bshegb16pWkWUoQr9BxBhpfgZjVgGxJoJQCM7epump,2026-02-11T04:17:08Z,D9gQ6RhKEpnobPBUdWY5bPQt2p3zGk3iVz6ChpUi2ArA,2.9035311373e-07,290.35,,,,net_00732,1,3,LOW
F9Bshegb16pWkWUoQr9BxBhpfgZjVgGxJoJQCM7epump,2026-02-11T04:17:08Z,D9gQ6RhKEpnobPBUdWY5bPQt2p3zGk3iVz6ChpUi2ArA,2.9035311373e-07,290.35,,,,net_00747,1,2,LOW
Azd5W47rqzMG6UMFocHjyVjbZYP494NF9bEJ2j1Qpump,2026-02-11T04:14:40Z,D39Y5EfsjKJKTf5nFBoZiyR7zDikcmyHW7t3rRsoe6N7,2.8452605770e-09,2.85,,,,NONE,0,0,NONE
HUgu9SnSXnsNgbWvUw2qDZx8GyoDCWFcRUZD6ptbpump,2026-02-11T04:09:06Z,AXzRH36beC7djRLcG2wDtvBJjZSQCKGHPAdx98YPPKhf,7.2022875759e-11,0.07,,,,NONE,0,0,NONE
Gz7VJWyQW6Uqt1Py5S2ZvtYNEFbP4Thmi31n5mx1pump,2026-02-11T04:07:45Z,45mfiYVTzLpTPQCHc8fDibbpDjuCK665xdp78bDyYekY,4.1601308393e-08,41.60,,,,NONE,0,0,NONE
qcLTUPVKrFgUsWVDmsZZ2XAhV37TEfQRtUWDtHepump,2026-02-11T03:57:27Z,7QnXCjYQnvfsHuPZKhUA5ACMKSNXiSAnawVM5PLqXEib,8.6580863764e-10,0.87,,,,NONE,0,0,NONE
LU1dBQuJhEZU6jaRsFstNPSupafZBB8AeJ9Yw6Vpump,2026-02-11T03:48:08Z,HMWz5BdKViqd8q7F7xNuPqJgXM8LK9t2peYEkgmzQW6K,,,,,,NONE,0,0,NONE
7NhTaaySa13Ui17MHHPr8jupHy68mzzzh98pkb2vpump,2026-02-11T03:45:49Z,HpdVuL8RT5tWi784CMQ8BSCpWzqmwwDXX1gHkfa3bPmN,2.3348039757e-08,23.35,,,,NONE,0,0,NONE
3ZkxYjKp9WbGKFUosnNKdNcWyGcus39cLpQanwKmpump,2026-02-11T03:39:04Z,CATk62cYqDFXTh3rsRbS1ibCyzBeovc2KXpXEaxEg3nB,7.8535867950e-08,78.54,,,,NONE,0,0,NONE
BVPTyxobLf4kaJKXbbLWY2MU3KSyNARt8aCQiD5pump,2026-02-11T03:32:54Z,CwRTFZxnsjEHR5puMfnvrVHGFsRv1nY7hXTzWbejSvHZ,5.4445359560e-08,54.45,,,,NONE,0,0,NONE
4QXwBQ8sbxQrp8LYeY8yJVns6nxXk6CuTeKqEEa8pump,2026-02-11T03:30:30Z,J8GzkHKox6iS7D7Mvbk3RRoSrbhzfTgBg8nWNcjg4fUs,5.9350779656e-08,59.35,,,,net_00245,1,5,LOW
4QXwBQ8sbxQrp8LYeY8yJVns6nxXk6CuTeKqEEa8pump,2026-02-11T03:30:30Z,J8GzkHKox6iS7D7Mvbk3RRoSrbhzfTgBg8nWNcjg4fUs,5.9350779656e-08,59.35,,,,net_00706,1,2,LOW
4QXwBQ8sbxQrp8LYeY8yJVns6nxXk6CuTeKqEEa8pump,2026-02-11T03:30:30Z,J8GzkHKox6iS7D7Mvbk3RRoSrbhzfTgBg8nWNcjg4fUs,5.9350779656e-08,59.35,,,,net_00917,1,2,LOW
FnP2tELk9neunaxVuA2wkPzB9th9BLuYQxjBBZVApump,2026-02-11T03:30:07Z,HpdVuL8RT5tWi784CMQ8BSCpWzqmwwDXX1gHkfa3bPmN,4.1789013985e-08,41.79,,,,NONE,0,0,NONE
6nY4JTf2f5bRPT5xK8fASZAWXWrAbSEfDvQHSu8tpump,2026-02-11T03:14:26Z,6MAmqJ7aGtTReML2DezAzmRckQyFoGfKKf6gWVak7P2d,3.6529163756e-08,36.53,,,,NONE,0,0,NONE
5ZEQcXgdRhduspBUS48sgGojxL8YRXgJcqdioZcjpump,2026-02-11T03:14:07Z,3z4EeAP4s6X8AH4Xzhu5VD4JgRikiuw661gFQxyaPbsA,3.5357919166e-08,35.36,,,,NONE,0,0,NONE
KVzR8KHCQBj115EjeYTiBPtPGPgq8BhyjH6wGY3pump,2026-02-11T03:11:49Z,DCnjfhgkKY88ns6itX3qhMeHssc8msQnc9a5wh2DPamg,1.6790836620e-08,16.79,,,,NONE,0,0,NONE
5uZ8hXjhWHdPv8DGNsZ51zgY8Ec3zbTK4rSZKRkupump,2026-02-11T03:11:35Z,HYamcSe5DX1A6EVnCpDpCoC26fpk2dsQkYQXxKBomrGv,1.8424184676e-10,0.18,,,,NONE,0,0,NONE
25EDYHRPkywy4X8aE1s6iNTztGRbsaRMMwBEerompump,2026-02-11T03:06:13Z,4soXdD3WynJqXyz2mCgg4scDRmvx1YN8tVVEQ4ezhihM,,,,,,NONE,0,0,NONE
EGeXF56k51zf8Vqp8YtK2fBvtzJJnheByKdP5jxh7JbR,2026-02-11T02:52:46Z,GjVh64SfiEFWVUJFX35cUkFgNbZPmgSSg9nRVMY1Y4ba,1.2693737152e-07,126.94,,,,NONE,0,0,NONE
8AAGJUX6hjuDV3CdLgnAwD7dsPxtTLUVY7qaTvEgpump,2026-02-11T02:50:36Z,HpdVuL8RT5tWi784CMQ8BSCpWzqmwwDXX1gHkfa3bPmN,5.6962045932e-08,56.96,,,,NONE,0,0,NONE
HqtVaE1Jx651t5AWfVDBQYREUSCQV2VxuWJTsRZBpump,2026-02-11T02:48:21Z,4r7sFFdVSRWTow6Zwn5HySsc5TDfDd6vj4hFMhkznPtX,1.2771012737e-08,12.77,,,,net_00049,15,15,MEDIUM
FtZjoKJZaDbM54apU81JCXsNxnHfBBjGL8Qjgh9aJKea,2026-02-11T02:45:41Z,EM2C5hJ1CubYKhikyCR2JiBrLiaWPpZUoXANPZ3PsBsD,7.9010504304e-08,79.01,,,,net_00258,1,7,MEDIUM
FtZjoKJZaDbM54apU81JCXsNxnHfBBjGL8Qjgh9aJKea,2026-02-11T02:45:41Z,EM2C5hJ1CubYKhikyCR2JiBrLiaWPpZUoXANPZ3PsBsD,7.9010504304e-08,79.01,,,,net_00405,1,3,LOW
FtZjoKJZaDbM54apU81JCXsNxnHfBBjGL8Qjgh9aJKea,2026-02-11T02:45:41Z,EM2C5hJ1CubYKhikyCR2JiBrLiaWPpZUoXANPZ3PsBsD,7.9010504304e-08,79.01,,,,net_00443,1,4,LOW
FtZjoKJZaDbM54apU81JCXsNxnHfBBjGL8Qjgh9aJKea,2026-02-11T02:45:41Z,EM2C5hJ1CubYKhikyCR2JiBrLiaWPpZUoXANPZ3PsBsD,7.9010504304e-08,79.01,,,,net_00502,1,10,MEDIUM
FtZjoKJZaDbM54apU81JCXsNxnHfBBjGL8Qjgh9aJKea,2026-02-11T02:45:41Z,EM2C5hJ1CubYKhikyCR2JiBrLiaWPpZUoXANPZ3PsBsD,7.9010504304e-08,79.01,,,,net_00522,1,2,LOW
FtZjoKJZaDbM54apU81JCXsNxnHfBBjGL8Qjgh9aJKea,2026-02-11T02:45:41Z,EM2C5hJ1CubYKhikyCR2JiBrLiaWPpZUoXANPZ3PsBsD,7.9010504304e-08,79.01,,,,net_00581,1,2,LOW
FtZjoKJZaDbM54apU81JCXsNxnHfBBjGL8Qjgh9aJKea,2026-02-11T02:45:41Z,EM2C5hJ1CubYKhikyCR2JiBrLiaWPpZUoXANPZ3PsBsD,7.9010504304e-08,79.01,,,,net_00973,1,2,LOW
FtZjoKJZaDbM54apU81JCXsNxnHfBBjGL8Qjgh9aJKea,2026-02-11T02:45:41Z,EM2C5hJ1CubYKhikyCR2JiBrLiaWPpZUoXANPZ3PsBsD,7.9010504304e-08,79.01,,,,net_01082,1,5,LOW
YdnYuJfzNk63jMwFcYMKtvYvhjGVpx6i1VgpCx2DNNP,2026-02-11T02:42:23Z,8u8XFnVc8f3rgdeyPHVtMkVHqfsLtSzNiGNyeTSmeRq7,3.3098325971e-08,33.10,,,,NONE,0,0,NONE
7JkCzXTbCugYYfkHr45F11LNR3wLn7Ux6C7CywG3pump,2026-02-11T02:40:50Z,3hWYsnwLnG5QnQQdAUbj6TZeQvLpMH3bsUw1iqgiapxe,1.4036888973e-08,14.04,,,,NONE,0,0,NONE
BrE75zvDc8AtEaogt6fnaKcqjS6ZiBfzuBtxsSvCpump,2026-02-11T02:37:09Z,2yy5EULmzQfhRf7fEGZsfSr4bx8kd9xgz88taDR6rPhi,1.8333092164e-10,0.18,,,,NONE,0,0,NONE
WRYApeUhmwugAPs9o8Am5YHV3YPUcm6a9vaaMkzpump,2026-02-11T02:37:08Z,6ujZxnphRxTqveaQtLAQHFoWz16xhLWZbTijcgZN4fRp,4.2588330503e-08,42.59,,,,net_00196,1,2,LOW
WRYApeUhmwugAPs9o8Am5YHV3YPUcm6a9vaaMkzpump,2026-02-11T02:37:08Z,6ujZxnphRxTqveaQtLAQHFoWz16xhLWZbTijcgZN4fRp,4.2588330503e-08,42.59,,,,net_00245,1,5,LOW
WRYApeUhmwugAPs9o8Am5YHV3YPUcm6a9vaaMkzpump,2026-02-11T02:37:08Z,6ujZxnphRxTqveaQtLAQHFoWz16xhLWZbTijcgZN4fRp,4.2588330503e-08,42.59,,,,net_00287,1,2,LOW
WRYApeUhmwugAPs9o8Am5YHV3YPUcm6a9vaaMkzpump,2026-02-11T02:37:08Z,6ujZxnphRxTqveaQtLAQHFoWz16xhLWZbTijcgZN4fRp,4.2588330503e-08,42.59,,,,net_00320,1,2,LOW
WRYApeUhmwugAPs9o8Am5YHV3YPUcm6a9vaaMkzpump,2026-02-11T02:37:08Z,6ujZxnphRxTqveaQtLAQHFoWz16xhLWZbTijcgZN4fRp,4.2588330503e-08,42.59,,,,net_00346,1,3,LOW
WRYApeUhmwugAPs9o8Am5YHV3YPUcm6a9vaaMkzpump,2026-02-11T02:37:08Z,6ujZxnphRxTqveaQtLAQHFoWz16xhLWZbTijcgZN4fRp,4.2588330503e-08,42.59,,,,net_00478,1,3,LOW
WRYApeUhmwugAPs9o8Am5YHV3YPUcm6a9vaaMkzpump,2026-02-11T02:37:08Z,6ujZxnphRxTqveaQtLAQHFoWz16xhLWZbTijcgZN4fRp,4.2588330503e-08,42.59,,,,net_00857,1,2,LOW
WRYApeUhmwugAPs9o8Am5YHV3YPUcm6a9vaaMkzpump,2026-02-11T02:37:08Z,6ujZxnphRxTqveaQtLAQHFoWz16xhLWZbTijcgZN4fRp,4.2588330503e-08,42.59,,,,net_00882,1,7,MEDIUM
WRYApeUhmwugAPs9o8Am5YHV3YPUcm6a9vaaMkzpump,2026-02-11T02:37:08Z,6ujZxnphRxTqveaQtLAQHFoWz16xhLWZbTijcgZN4fRp,4.2588330503e-08,42.59,,,,net_00935,1,3,LOW
8ACdydAgkHLgjQdu1nhxbvw5PEvBUd8VJi1hnzuopump,2026-02-11T02:22:56Z,Hc4CSGiNikYSK6QfJxUNoAzDnZm7K3b8ijygdBVJGMXR,1.3755352704e-08,13.76,,,,NONE,0,0,NONE
s6aRWBTr1ifUjy3a3MuYh4swK5mTFdMqrDVdF2Fpump,2026-02-11T02:22:25Z,F8aCRh5MUrDgMYGjfByR78wm5sHTjjsLx1jxybfh1hZL,1.9621129692e-09,1.96,,,,NONE,0,0,NONE
nmj3rRuhXiLPReLvUvjJo7gnjcdNn5YE91Qo259pump,2026-02-11T01:58:07Z,9iUszMihxPhzxzDPNNcwBMnCbqW28cGLwGj7FQ1W89rv,2.4223009302e-09,2.42,,,,net_00124,14,36,HIGH
XvFtG2reYTFsHBG6fwFuRq65iJ6msrTmPoZdEjgpump,2026-02-11T01:40:53Z,CPrT8ZecwivdyVBDjBKbfam158QMTNco678uXXVYwdHC,6.7390899949e-10,0.67,,,,NONE,0,0,NONE
ytqgq7pjuGvSXx2nXU2SaEABguznbxdhBXHbno7LscL,2026-02-11T01:38:50Z,AXpjrDpLSB3Z5jmbS2mh59uWLWKAZ12Bou1DDoyruX7x,7.2414047852e-08,72.41,,,,NONE,0,0,NONE
DDtXARjuwSPRE16Q9yPCTH7s2ZgCM5SoBbsd5kiApump,2026-02-11T01:37:38Z,wyuqX3f6vTM3yD2XUx1TDC4qMtVA2MjkG2HBZ1NaXpJ,2.1874469685e-08,21.87,,,,NONE,0,0,NONE
gascG6zg2dDQM5eWDohJdjq4iuLZU3QZ5kS9bKSpump,2026-02-11T01:28:13Z,ERZd7bFK2X9QMEFcQuZaGV9mR5rkvScY6WUyZuqhwdTT,8.0588466842e-10,0.81,,,,NONE,0,0,NONE
2LX18NbaA8nAJqPvHvhCMP4eUhsGHdCyvkoFqCxKpump,2026-02-11T01:05:58Z,G7NvZKjoVqBDWciSYtWWgUPB7DA1iJavdvH5jty2FAmM,1.5508518762e-07,155.09,,,,net_00647,23,152,CRITICAL
Z4ML2uUvx8M7u8Fu2dsV1WkCFhy1Pane6pRTtknpump,2026-02-11T01:05:34Z,8KTxLV4VcVKwHNUbRYKfbMPanK1iPSJFHQnVqxYjt2eT,1.4695062286e-08,14.70,,,,NONE,0,0,NONE
EKgUxSq2ucFYwaoGfwz3sUpqDepky2vSfpr7jCEGpump,2026-02-11T00:55:48Z,J3XvzFiJ9u17jAQr5jpkaKTNTZKt3MS2o61nSeqSqXcQ,2.9538505422e-08,29.54,,,,NONE,0,0,NONE
8ckfBhNvEDA62udk4YGNbSYcd5wvmQDjhY6kAYsgpump,2026-02-11T00:46:57Z,DSSvyJd1Pqm6izypWov17gAoqjBgYVrvha5Rkpkx1nZ3,1.0246428541e-09,1.02,,,,NONE,0,0,NONE
2udyZ6LtmjDess6SFJT4Unu4A3eou4yp1Rfhzwoepump,2026-02-11T00:44:03Z,AmqfdigeE6zE2nsXjMQHcFZyt994AyARydPHAszuREim,1.3692913102e-10,0.14,,,,NONE,0,0,NONE
41Z4pkjxSNo6tswv93jV2ZoRskyCyWSWt6RwWymopump,2026-02-11T00:40:48Z,3BJ9XoKvgoCA5M1QEqQA3Sxaub6dn6w6t67i6xhE8qah,2.1793805780e-09,2.18,,,,NONE,0,0,NONE
6JPY6V5m5QayNPqKXxpNG3KmpnFp5cjFeBPZQLXoQndL,2026-02-11T00:32:08Z,GasFQE9fi8Zqc9HuEJ7U5W7vBpCY4zyNFGuqnKqtLQgW,4.2471246496e-08,42.47,,,,net_00148,1,2,LOW
6JPY6V5m5QayNPqKXxpNG3KmpnFp5cjFeBPZQLXoQndL,2026-02-11T00:32:08Z,GasFQE9fi8Zqc9HuEJ7U5W7vBpCY4zyNFGuqnKqtLQgW,4.2471246496e-08,42.47,,,,net_00160,1,4,LOW
6JPY6V5m5QayNPqKXxpNG3KmpnFp5cjFeBPZQLXoQndL,2026-02-11T00:32:08Z,GasFQE9fi8Zqc9HuEJ7U5W7vBpCY4zyNFGuqnKqtLQgW,4.2471246496e-08,42.47,,,,net_00266,1,2,LOW
6JPY6V5m5QayNPqKXxpNG3KmpnFp5cjFeBPZQLXoQndL,2026-02-11T00:32:08Z,GasFQE9fi8Zqc9HuEJ7U5W7vBpCY4zyNFGuqnKqtLQgW,4.2471246496e-08,42.47,,,,net_00343,1,2,LOW
6JPY6V5m5QayNPqKXxpNG3KmpnFp5cjFeBPZQLXoQndL,2026-02-11T00:32:08Z,GasFQE9fi8Zqc9HuEJ7U5W7vBpCY4zyNFGuqnKqtLQgW,4.2471246496e-08,42.47,,,,net_00357,1,2,LOW
6JPY6V5m5QayNPqKXxpNG3KmpnFp5cjFeBPZQLXoQndL,2026-02-11T00:32:08Z,GasFQE9fi8Zqc9HuEJ7U5W7vBpCY4zyNFGuqnKqtLQgW,4.2471246496e-08,42.47,,,,net_00361,1,2,LOW
6JPY6V5m5QayNPqKXxpNG3KmpnFp5cjFeBPZQLXoQndL,2026-02-11T00:32:08Z,GasFQE9fi8Zqc9HuEJ7U5W7vBpCY4zyNFGuqnKqtLQgW,4.2471246496e-08,42.47,,,,net_00439,1,2,LOW
6JPY6V5m5QayNPqKXxpNG3KmpnFp5cjFeBPZQLXoQndL,2026-02-11T00:32:08Z,GasFQE9fi8Zqc9HuEJ7U5W7vBpCY4zyNFGuqnKqtLQgW,4.2471246496e-08,42.47,,,,net_00460,1,4,LOW
6JPY6V5m5QayNPqKXxpNG3KmpnFp5cjFeBPZQLXoQndL,2026-02-11T00:32:08Z,GasFQE9fi8Zqc9HuEJ7U5W7vBpCY4zyNFGuqnKqtLQgW,4.2471246496e-08,42.47,,,,net_00470,1,2,LOW
6JPY6V5m5QayNPqKXxpNG3KmpnFp5cjFeBPZQLXoQndL,2026-02-11T00:32:08Z,GasFQE9fi8Zqc9HuEJ7U5W7vBpCY4zyNFGuqnKqtLQgW,4.2471246496e-08,42.47,,,,net_00635,1,2,LOW
6JPY6V5m5QayNPqKXxpNG3KmpnFp5cjFeBPZQLXoQndL,2026-02-11T00:32:08Z,GasFQE9fi8Zqc9HuEJ7U5W7vBpCY4zyNFGuqnKqtLQgW,4.2471246496e-08,42.47,,,,net_00641,1,2,LOW
6JPY6V5m5QayNPqKXxpNG3KmpnFp5cjFeBPZQLXoQndL,2026-02-11T00:32:08Z,GasFQE9fi8Zqc9HuEJ7U5W7vBpCY4zyNFGuqnKqtLQgW,4.2471246496e-08,42.47,,,,net_00698,1,6,MEDIUM
6JPY6V5m5QayNPqKXxpNG3KmpnFp5cjFeBPZQLXoQndL,2026-02-11T00:32:08Z,GasFQE9fi8Zqc9HuEJ7U5W7vBpCY4zyNFGuqnKqtLQgW,4.2471246496e-08,42.47,,,,net_00734,1,2,LOW
6JPY6V5m5QayNPqKXxpNG3KmpnFp5cjFeBPZQLXoQndL,2026-02-11T00:32:08Z,GasFQE9fi8Zqc9HuEJ7U5W7vBpCY4zyNFGuqnKqtLQgW,4.2471246496e-08,42.47,,,,net_00744,1,4,LOW
6JPY6V5m5QayNPqKXxpNG3KmpnFp5cjFeBPZQLXoQndL,2026-02-11T00:32:08Z,GasFQE9fi8Zqc9HuEJ7U5W7vBpCY4zyNFGuqnKqtLQgW,4.2471246496e-08,42.47,,,,net_00745,1,4,LOW
6JPY6V5m5QayNPqKXxpNG3KmpnFp5cjFeBPZQLXoQndL,2026-02-11T00:32:08Z,GasFQE9fi8Zqc9HuEJ7U5W7vBpCY4zyNFGuqnKqtLQgW,4.2471246496e-08,42.47,,,,net_00788,1,2,LOW
6JPY6V5m5QayNPqKXxpNG3KmpnFp5cjFeBPZQLXoQndL,2026-02-11T00:32:08Z,GasFQE9fi8Zqc9HuEJ7U5W7vBpCY4zyNFGuqnKqtLQgW,4.2471246496e-08,42.47,,,,net_00894,1,2,LOW
2gktN2ZkE4WTwvooq4b5ZfZpvBgamdD8BNNwvchwpump,2026-02-11T00:24:06Z,SpectreGAoeoqZ3TCqvT9tVmpGFLDZPTjZyBu2uJTyx,1.9838660051e-07,198.39,,,,NONE,0,0,NONE
DpogNedkao29sC1GExZ4eVQCNYn8GHm8FdDcRTdipump,2026-02-11T00:22:47Z,6ujZxnphRxTqveaQtLAQHFoWz16xhLWZbTijcgZN4fRp,3.2805921644e-09,3.28,,,,net_00196,1,2,LOW
DpogNedkao29sC1GExZ4eVQCNYn8GHm8FdDcRTdipump,2026-02-11T00:22:47Z,6ujZxnphRxTqveaQtLAQHFoWz16xhLWZbTijcgZN4fRp,3.2805921644e-09,3.28,,,,net_00245,1,5,LOW
DpogNedkao29sC1GExZ4eVQCNYn8GHm8FdDcRTdipump,2026-02-11T00:22:47Z,6ujZxnphRxTqveaQtLAQHFoWz16xhLWZbTijcgZN4fRp,3.2805921644e-09,3.28,,,,net_00287,1,2,LOW
DpogNedkao29sC1GExZ4eVQCNYn8GHm8FdDcRTdipump,2026-02-11T00:22:47Z,6ujZxnphRxTqveaQtLAQHFoWz16xhLWZbTijcgZN4fRp,3.2805921644e-09,3.28,,,,net_00320,1,2,LOW
DpogNedkao29sC1GExZ4eVQCNYn8GHm8FdDcRTdipump,2026-02-11T00:22:47Z,6ujZxnphRxTqveaQtLAQHFoWz16xhLWZbTijcgZN4fRp,3.2805921644e-09,3.28,,,,net_00346,1,3,LOW
DpogNedkao29sC1GExZ4eVQCNYn8GHm8FdDcRTdipump,2026-02-11T00:22:47Z,6ujZxnphRxTqveaQtLAQHFoWz16xhLWZbTijcgZN4fRp,3.2805921644e-09,3.28,,,,net_00478,1,3,LOW
DpogNedkao29sC1GExZ4eVQCNYn8GHm8FdDcRTdipump,2026-02-11T00:22:47Z,6ujZxnphRxTqveaQtLAQHFoWz16xhLWZbTijcgZN4fRp,3.2805921644e-09,3.28,,,,net_00857,1,2,LOW
DpogNedkao29sC1GExZ4eVQCNYn8GHm8FdDcRTdipump,2026-02-11T00:22:47Z,6ujZxnphRxTqveaQtLAQHFoWz16xhLWZbTijcgZN4fRp,3.2805921644e-09,3.28,,,,net_00882,1,7,MEDIUM
DpogNedkao29sC1GExZ4eVQCNYn8GHm8FdDcRTdipump,2026-02-11T00:22:47Z,6ujZxnphRxTqveaQtLAQHFoWz16xhLWZbTijcgZN4fRp,3.2805921644e-09,3.28,,,,net_00935,1,3,LOW
5FraSj6nb4s3YCNqtAR5R4B1gk2eMkzk8tg1RKB1pump,2026-02-11T00:14:29Z,6xgNg45zLaYJypQdkwPQSs2XsE1Jx7jMYbRTcuEXhqqk,4.0668306142e-10,0.41,,,,NONE,0,0,NONE
3mdgfdnCuQ8GTGEhNKVcSNQLzAT3kyGrsKv36K7npump,2026-02-11T00:14:29Z,2pHQkKgsqCrxHRd4AQsQcZ8xbuk35Zxg13ZkDW72rL3W,7.1010654091e-09,7.10,,,,net_00084,1,7,MEDIUM
6bYV4CyDJSdctsf2RetoNUX1312KcRUdaGnbkUdHpump,2026-02-11T00:13:33Z,CZPBPKhzhdiCnqkWB2ubv8kutUFSShPEXDhDeSbX4pEC,4.4006738344e-11,0.04,,,,NONE,0,0,NONE
GteBWrDef9dEHdLKV99DGdiconnFpCf4Ab2CqjVbpump,2026-02-11T00:03:10Z,3Ru41s7pJRYQuShPFKGMqcX8SmdJU5S4d2zfnv4BQVjN,5.9678225405e-08,59.68,,,,NONE,0,0,NONE
2TfSKMphshQ8zFLMJuGsw2iotSdGHLhYYPM4uy1opump,2026-02-11T00:00:33Z,HkKoST9HsYFSQNe9zQWMXJuogDQyoYJEX949n6w6asrv,1.0730000000e-05,10734.26,,,,NONE,0,0,NONE
47H3qoSykXeGTXJydPF2k9iasFws42bCMEqghV8fpump,2026-02-10T23:51:45Z,68urejApLNznbWRWbZHEuyayC7YouzFtEsNBXdHSvme5,1.5818995286e-10,0.16,,,,NONE,0,0,NONE
2AJTW29eAjbJkLQcdZn8vB5t88cqazGzJehWeQQVpump,2026-02-10T23:39:52Z,6kJomxRkjD2sCPQB5ZXRhxjGM7gHYpfCqe5BzBicYALp,4.9529448293e-10,0.50,,,,NONE,0,0,NONE
fQXRzP3atnGwiaESiGQJtC3VfMi7t2b9vHZxaJ6pump,2026-02-10T23:36:03Z,461vDpXLYQtmDwTXWbcCJ7N444pQAqh2DbHPsKXBUB2p,3.8155379610e-11,0.04,,,,NONE,0,0,NONE
5YkPMyiLUYbiHCwMXffMXJyV7Lq4uKqf2EpkfMkZpump,2026-02-10T23:25:15Z,7Ezd7dSkzCRWPQrwiwGCq2JjaoZ1NuKTjq9hmJmcDffo,4.2063746727e-09,4.21,,,,NONE,0,0,NONE
H1D53UqCPBBjtyXcFoEpWTBaJiZDY9pwLjduAMmqpump,2026-02-10T23:22:02Z,7W6HPwhbZsG6UPDo7hb7Zz4W6gBXWVQEj6LNbyP3itgF,1.3241105717e-09,1.32,,,,NONE,0,0,NONE
AGL8qZ6bsKX8CyAf6GrnHWGkhY35EqrQptF4jvqovCZp,2026-02-10T23:21:56Z,5bCUmJTyt5YMh1EpE844D4b5qpuAHcNC4W9DDeLrk23n,1.3919778635e-08,13.92,,,,NONE,0,0,NONE
C1zNDQ6a9yx4Tj7G8PT4HL1THVxFJvCjMZtUzV4Bpump,2026-02-10T23:20:07Z,CtYpwW4EwvB8jyGTqDyWgLQE1sQR41kvrawUVdphZD85,8.3546834018e-08,83.55,,,,NONE,0,0,NONE
UuExMkPriRLoU4JGqnC3pMkgXge6s7aMqe5YAE5pump,2026-02-10T23:16:01Z,3TKfTx1VfDLYJ9PURmAcq7dnHFtvvpdzE1yiTX3DbGyK,1.3913978458e-09,1.39,,,,net_00024,33,5,LOW
EBrHGxyup9pnZLX1tGbBtnQ2tNwcBLx7YEv63SPmpump,2026-02-10T23:10:11Z,AZcsz2wNArK1UadxfuMSt77VXcpL41LRz8RtLiycx64C,6.7228662643e-08,67.23,,,,NONE,0,0,NONE
9m2EDBPtWCpTyrFbvrXPZeMYoeMXoTqg9BrhptC9pump,2026-02-10T23:08:04Z,7a1TPfP4VMmeDnTnCKyujqXRN96Tyf31F8g3BTvHNVdZ,4.7356562140e-09,4.74,,,,NONE,0,0,NONE
Fg1MDo6xMuZpRXYXDu5EHwaUQk5GvDLf2HS5h2xCpump,2026-02-10T23:05:48Z,D1YbC3pZLExF2qVsMG3oTb84LN9D2kCf9uSS9YQvkuHb,2.7015538555e-11,0.03,,,,NONE,0,0,NONE
CfB1gNmxHL2mPpwhQ4a3CpbY1gfE3AYKrbKunXHupump,2026-02-10T23:05:29Z,FLw8NuvXVgPJVnLYW19PfJaZYgyzDDtPej8oH7Ape9Q9,5.3761974228e-07,537.62,,,,NONE,0,0,NONE
6kpkGEZD35xSyvqJbJrQW3XUtpQG8wrJhXmNLt9mpump,2026-02-10T23:03:25Z,GnHq7UNYcYAYP6qL8LBAWoPg21F2j2Bzy71b2mr12p5W,1.5307828920e-10,0.15,,,,NONE,0,0,NONE
3EZEaS3pFGXYW2zNMLqWhPeJAgZNXS7sZPWqC8N5pump,2026-02-10T22:59:02Z,6MAmqJ7aGtTReML2DezAzmRckQyFoGfKKf6gWVak7P2d,5.6185475419e-08,56.19,,,,NONE,0,0,NONE
6yJbrQLd3N5xKgz4PLjADwxnNZj7N1g5bWXjz46Dakhr,2026-02-10T22:59:01Z,AbYmon2fPAJiVpPdG7T7NPvjtkkjmUfnqSp93M8apGzv,9.7589427263e-08,97.59,,,,NONE,0,0,NONE
3FxtJKz89MzaGm8EmTBLxnGJwzW8JqUEN9myYHLnpump,2026-02-10T22:57:36Z,3DhNP7cMNYjLhXYMgzfH7uUngbcmxaRKWBMAistSw1dQ,1.1790124886e-08,11.79,,,,NONE,0,0,NONE
25xXET48sKzcjJ2CNwuVTbGBZYQenUEQPJ5AVYToQ8r7,2026-02-10T22:52:12Z,6D6x9udaAhKucX4f6ydnM45AXJeL4d12LWZmqFgjRLKK,2.0296261237e-08,20.30,,,,NONE,0,0,NONE
2qT8JVotQ2C1gKbqpuqNatkpSBWxiKHbXkCyTqH9pump,2026-02-10T22:43:18Z,4yWDmvn7TUVQuZvZRYcEcQuFijEWZ73FpnrtRnFb66aC,4.6415345001e-08,46.42,,,,NONE,0,0,NONE
J386dD26Zmv3hX49pWSo29Qj5sACrihxnkk8MGRXpump,2026-02-10T22:34:16Z,5T5Zy6XmVEBT62teyd1PkLPJXpPgDp3rPmbxhMnV2G86,4.1455828554e-08,41.46,,,,NONE,0,0,NONE
4tmzHEKDEvWMLR5ff1qSn6VWpTCvkrpdfacZRcZppump,2026-02-10T22:17:08Z,BPWwexsSRmtbjEEQ2vuRvv1sTffcBGgaQ5CGNGeNcuqd,1.1634424477e-10,0.12,,,,NONE,0,0,NONE
CQ22eSc5coViGcAedSkKAZJaVaVJfVQqVSckojqipump,2026-02-10T22:15:58Z,3v68M6nyQwyPzY2xEnfFRwGtdt4qEN7AS9skegbuxuWJ,3.8599488752e-09,3.86,,,,NONE,0,0,NONE
G6SdhmnRqpofDkwZhEKLYSTckrAZb3bvkGMYmLHgpump,2026-02-10T22:13:48Z,GcTUYM6ZtGA1ujHgDGtVKjWEqVTiauoDZYKYCv6GqeC4,2.1074612321e-11,0.02,,,,NONE,0,0,NONE
5ZHhxHdcyYwGjG7SecsFbpWu7Xs5gxdicimRuC23pump,2026-02-10T22:01:36Z,HLxXc3S366U5fbEkNuJQDWLrDhj2J9r4Xb4jvNqKe7Zf,1.9787336629e-10,0.20,,,,NONE,0,0,NONE
DgBRtVE2bQURfQt3rcpEqiBcEWDG1kwHHxK26BG9pump,2026-02-10T22:00:37Z,J9Xk4V98KYfr4AbrQiC7rLXzsz1KjsZssvziQ3w8b8S7,5.6922495929e-12,0.01,,,,NONE,0,0,NONE
H2qnKgZyFTWSAii2Pr6wbC2qF8ynM2u3hkQZq3ezpump,2026-02-10T21:37:07Z,2DAwissezSCFyDFYb5769p5hU6z57HJfsB1ExFWEZELJ,6.2904331459e-08,62.90,,,,NONE,0,0,NONE
EEFCwoo9AkhBrdxho3wzETPhtQ3qsWUcyaThDxqkpump,2026-02-10T21:33:22Z,3tj7vjdg7Ujb86y1bdSPY3dFYHz4gaPszBD8mSRqdMRD,6.8059303144e-10,0.68,,,,net_00135,1,2,LOW
EEFCwoo9AkhBrdxho3wzETPhtQ3qsWUcyaThDxqkpump,2026-02-10T21:33:22Z,3tj7vjdg7Ujb86y1bdSPY3dFYHz4gaPszBD8mSRqdMRD,6.8059303144e-10,0.68,,,,net_00352,1,2,LOW
EEFCwoo9AkhBrdxho3wzETPhtQ3qsWUcyaThDxqkpump,2026-02-10T21:33:22Z,3tj7vjdg7Ujb86y1bdSPY3dFYHz4gaPszBD8mSRqdMRD,6.8059303144e-10,0.68,,,,net_00434,1,2,LOW
EEFCwoo9AkhBrdxho3wzETPhtQ3qsWUcyaThDxqkpump,2026-02-10T21:33:22Z,3tj7vjdg7Ujb86y1bdSPY3dFYHz4gaPszBD8mSRqdMRD,6.8059303144e-10,0.68,,,,net_00457,1,2,LOW
EEFCwoo9AkhBrdxho3wzETPhtQ3qsWUcyaThDxqkpump,2026-02-10T21:33:22Z,3tj7vjdg7Ujb86y1bdSPY3dFYHz4gaPszBD8mSRqdMRD,6.8059303144e-10,0.68,,,,net_00476,1,2,LOW
EEFCwoo9AkhBrdxho3wzETPhtQ3qsWUcyaThDxqkpump,2026-02-10T21:33:22Z,3tj7vjdg7Ujb86y1bdSPY3dFYHz4gaPszBD8mSRqdMRD,6.8059303144e-10,0.68,,,,net_00587,1,2,LOW
EEFCwoo9AkhBrdxho3wzETPhtQ3qsWUcyaThDxqkpump,2026-02-10T21:33:22Z,3tj7vjdg7Ujb86y1bdSPY3dFYHz4gaPszBD8mSRqdMRD,6.8059303144e-10,0.68,,,,net_00592,1,8,MEDIUM
EEFCwoo9AkhBrdxho3wzETPhtQ3qsWUcyaThDxqkpump,2026-02-10T21:33:22Z,3tj7vjdg7Ujb86y1bdSPY3dFYHz4gaPszBD8mSRqdMRD,6.8059303144e-10,0.68,,,,net_00762,1,2,LOW
EEFCwoo9AkhBrdxho3wzETPhtQ3qsWUcyaThDxqkpump,2026-02-10T21:33:22Z,3tj7vjdg7Ujb86y1bdSPY3dFYHz4gaPszBD8mSRqdMRD,6.8059303144e-10,0.68,,,,net_00806,1,2,LOW
EEFCwoo9AkhBrdxho3wzETPhtQ3qsWUcyaThDxqkpump,2026-02-10T21:33:22Z,3tj7vjdg7Ujb86y1bdSPY3dFYHz4gaPszBD8mSRqdMRD,6.8059303144e-10,0.68,,,,net_01071,1,2,LOW
iWiDPQY1TEXffiqxcviab97sNwVApQ8TLAKYNrGpump,2026-02-10T20:55:12Z,95ZCf3jKMHeFYvPXVZW3Ek6AEPDyjebosqnc7eNioVMo,1.5491860492e-08,15.49,,,,net_00037,42,17,MEDIUM
iWiDPQY1TEXffiqxcviab97sNwVApQ8TLAKYNrGpump,2026-02-10T20:55:12Z,95ZCf3jKMHeFYvPXVZW3Ek6AEPDyjebosqnc7eNioVMo,1.5491860492e-08,15.49,,,,net_00223,1,2,LOW
iWiDPQY1TEXffiqxcviab97sNwVApQ8TLAKYNrGpump,2026-02-10T20:55:12Z,95ZCf3jKMHeFYvPXVZW3Ek6AEPDyjebosqnc7eNioVMo,1.5491860492e-08,15.49,,,,net_00440,1,2,LOW
iWiDPQY1TEXffiqxcviab97sNwVApQ8TLAKYNrGpump,2026-02-10T20:55:12Z,95ZCf3jKMHeFYvPXVZW3Ek6AEPDyjebosqnc7eNioVMo,1.5491860492e-08,15.49,,,,net_00540,1,2,LOW
iWiDPQY1TEXffiqxcviab97sNwVApQ8TLAKYNrGpump,2026-02-10T20:55:12Z,95ZCf3jKMHeFYvPXVZW3Ek6AEPDyjebosqnc7eNioVMo,1.5491860492e-08,15.49,,,,net_00565,1,4,LOW
iWiDPQY1TEXffiqxcviab97sNwVApQ8TLAKYNrGpump,2026-02-10T20:55:12Z,95ZCf3jKMHeFYvPXVZW3Ek6AEPDyjebosqnc7eNioVMo,1.5491860492e-08,15.49,,,,net_00970,1,2,LOW
iWiDPQY1TEXffiqxcviab97sNwVApQ8TLAKYNrGpump,2026-02-10T20:55:12Z,95ZCf3jKMHeFYvPXVZW3Ek6AEPDyjebosqnc7eNioVMo,1.5491860492e-08,15.49,,,,net_01095,1,2,LOW
9iLjDqp6fXA39Yy3DKLeN7dARvpVdpK6Tu7KQFCBpump,2026-02-10T20:35:23Z,QymtGWFR6qyxYXNVvK2cTr4rBZRkmwxjwdjdVVX5yxU,2.2174543554e-10,0.22,,,,NONE,0,0,NONE
5kMUyEgssMkXXhZRJDEUzZNYCzbR2WLbwudT3t8Npump,2026-02-10T19:58:18Z,DPNPVvoGdwNBY849ryx2JZzakWuWbDTfSUYr8aNfKLwA,4.7802749903e-09,4.78,,,,NONE,0,0,NONE
A5bZrzHQXCuwXxU9PB6SSA8WS3uRrti8XcywhDuppump,2026-02-10T19:43:57Z,8BZYsyhoy6pqVmKGBwy1f6AsJaoLpSgoiScKq24EXB1d,1.7040762561e-08,17.04,,,,NONE,0,0,NONE
6g3rhd4KG3wUeVHJCPvtw4ihbvPfyUrWJQkNWJ3rpump,2026-02-10T19:38:19Z,3vDNo8jDPaG6q89k2A55wN7vGSSij1VDuo4E3ebezrTX,1.5967005587e-12,0.00,,,,net_00196,1,2,LOW
6g3rhd4KG3wUeVHJCPvtw4ihbvPfyUrWJQkNWJ3rpump,2026-02-10T19:38:19Z,3vDNo8jDPaG6q89k2A55wN7vGSSij1VDuo4E3ebezrTX,1.5967005587e-12,0.00,,,,net_00201,1,3,LOW
6g3rhd4KG3wUeVHJCPvtw4ihbvPfyUrWJQkNWJ3rpump,2026-02-10T19:38:19Z,3vDNo8jDPaG6q89k2A55wN7vGSSij1VDuo4E3ebezrTX,1.5967005587e-12,0.00,,,,net_00320,1,2,LOW
6g3rhd4KG3wUeVHJCPvtw4ihbvPfyUrWJQkNWJ3rpump,2026-02-10T19:38:19Z,3vDNo8jDPaG6q89k2A55wN7vGSSij1VDuo4E3ebezrTX,1.5967005587e-12,0.00,,,,net_00547,1,2,LOW
6g3rhd4KG3wUeVHJCPvtw4ihbvPfyUrWJQkNWJ3rpump,2026-02-10T19:38:19Z,3vDNo8jDPaG6q89k2A55wN7vGSSij1VDuo4E3ebezrTX,1.5967005587e-12,0.00,,,,net_00570,1,4,LOW
6g3rhd4KG3wUeVHJCPvtw4ihbvPfyUrWJQkNWJ3rpump,2026-02-10T19:38:19Z,3vDNo8jDPaG6q89k2A55wN7vGSSij1VDuo4E3ebezrTX,1.5967005587e-12,0.00,,,,net_00879,1,4,LOW
6g3rhd4KG3wUeVHJCPvtw4ihbvPfyUrWJQkNWJ3rpump,2026-02-10T19:38:19Z,3vDNo8jDPaG6q89k2A55wN7vGSSij1VDuo4E3ebezrTX,1.5967005587e-12,0.00,,,,net_00882,1,7,MEDIUM
B6bUxxo2iFGvDX22haBotdtMNf7QjzRxnvxASZfLpump,2026-02-10T17:21:35Z,CZ7pSUMpgoqvqDwn9YqPj4ThJL4ZHozMxgHggD4kcG9z,1.4377880866e-09,1.44,,,,NONE,0,0,NONE
GxE5UnFEGvyyAFmBGv87KSwwKUxmAGLxwRhkaDYg6gRK,2026-02-10T15:51:15Z,bwamJzztZsepfkteWRChggmXuiiCQvpLqPietdNfSXa,1.0206770160e-06,1020.68,,,,net_00031,22,12,MEDIUM
GxE5UnFEGvyyAFmBGv87KSwwKUxmAGLxwRhkaDYg6gRK,2026-02-10T15:51:15Z,bwamJzztZsepfkteWRChggmXuiiCQvpLqPietdNfSXa,1.0206770160e-06,1020.68,,,,net_00305,1,2,LOW
GxE5UnFEGvyyAFmBGv87KSwwKUxmAGLxwRhkaDYg6gRK,2026-02-10T15:51:15Z,bwamJzztZsepfkteWRChggmXuiiCQvpLqPietdNfSXa,1.0206770160e-06,1020.68,,,,net_00330,1,2,LOW
GxE5UnFEGvyyAFmBGv87KSwwKUxmAGLxwRhkaDYg6gRK,2026-02-10T15:51:15Z,bwamJzztZsepfkteWRChggmXuiiCQvpLqPietdNfSXa,1.0206770160e-06,1020.68,,,,net_00482,1,5,LOW
GxE5UnFEGvyyAFmBGv87KSwwKUxmAGLxwRhkaDYg6gRK,2026-02-10T15:51:15Z,bwamJzztZsepfkteWRChggmXuiiCQvpLqPietdNfSXa,1.0206770160e-06,1020.68,,,,net_00485,1,3,LOW
GxE5UnFEGvyyAFmBGv87KSwwKUxmAGLxwRhkaDYg6gRK,2026-02-10T15:51:15Z,bwamJzztZsepfkteWRChggmXuiiCQvpLqPietdNfSXa,1.0206770160e-06,1020.68,,,,net_00524,1,2,LOW
GxE5UnFEGvyyAFmBGv87KSwwKUxmAGLxwRhkaDYg6gRK,2026-02-10T15:51:15Z,bwamJzztZsepfkteWRChggmXuiiCQvpLqPietdNfSXa,1.0206770160e-06,1020.68,,,,net_00744,1,4,LOW
GxE5UnFEGvyyAFmBGv87KSwwKUxmAGLxwRhkaDYg6gRK,2026-02-10T15:51:15Z,bwamJzztZsepfkteWRChggmXuiiCQvpLqPietdNfSXa,1.0206770160e-06,1020.68,,,,net_00747,1,2,LOW
GxE5UnFEGvyyAFmBGv87KSwwKUxmAGLxwRhkaDYg6gRK,2026-02-10T15:51:15Z,bwamJzztZsepfkteWRChggmXuiiCQvpLqPietdNfSXa,1.0206770160e-06,1020.68,,,,net_00831,1,2,LOW
GxE5UnFEGvyyAFmBGv87KSwwKUxmAGLxwRhkaDYg6gRK,2026-02-10T15:51:15Z,bwamJzztZsepfkteWRChggmXuiiCQvpLqPietdNfSXa,1.0206770160e-06,1020.68,,,,net_00955,1,2,LOW
GxE5UnFEGvyyAFmBGv87KSwwKUxmAGLxwRhkaDYg6gRK,2026-02-10T15:51:15Z,bwamJzztZsepfkteWRChggmXuiiCQvpLqPietdNfSXa,1.0206770160e-06,1020.68,,,,net_01082,1,5,LOW
98sEFD344kJaXj9Z7FZcaUqM8kCc4QmrLV5Tjcz6pump,2026-02-10T15:19:23Z,GpTXmkdvrTajqkzX1fBmC4BUjSboF9dHgfnqPqj8WAc4,4.5030389954e-09,4.50,,,,net_00015,1,4,LOW
98sEFD344kJaXj9Z7FZcaUqM8kCc4QmrLV5Tjcz6pump,2026-02-10T15:19:23Z,GpTXmkdvrTajqkzX1fBmC4BUjSboF9dHgfnqPqj8WAc4,4.5030389954e-09,4.50,,,,net_00366,1,2,LOW
98sEFD344kJaXj9Z7FZcaUqM8kCc4QmrLV5Tjcz6pump,2026-02-10T15:19:23Z,GpTXmkdvrTajqkzX1fBmC4BUjSboF9dHgfnqPqj8WAc4,4.5030389954e-09,4.50,,,,net_00647,23,152,CRITICAL
98sEFD344kJaXj9Z7FZcaUqM8kCc4QmrLV5Tjcz6pump,2026-02-10T15:19:23Z,GpTXmkdvrTajqkzX1fBmC4BUjSboF9dHgfnqPqj8WAc4,4.5030389954e-09,4.50,,,,net_00660,1,2,LOW
98sEFD344kJaXj9Z7FZcaUqM8kCc4QmrLV5Tjcz6pump,2026-02-10T15:19:23Z,GpTXmkdvrTajqkzX1fBmC4BUjSboF9dHgfnqPqj8WAc4,4.5030389954e-09,4.50,,,,net_00795,1,2,LOW
Ff4GZb1P5zjygJrQzS7ZMjNyG7Yon1McHAHzPxrepump,2026-02-10T15:14:29Z,W7yA3E9f13HWLrZYqoVvebBb1EKzPC22gkiApHbVEkQ,2.3119760640e-08,23.12,,,,net_00124,14,36,HIGH
29fB1KB2fqGrTMQDgbuGQiHPfYBePY4jQBw675Jfpump,2026-02-10T15:13:48Z,Dzp1SrZ474xwGp6ZEP6cNKo39u9zeXe1YAuTkyZyv3t4,2.5193278526e-08,25.19,,,,net_00502,1,10,MEDIUM
29fB1KB2fqGrTMQDgbuGQiHPfYBePY4jQBw675Jfpump,2026-02-10T15:13:48Z,Dzp1SrZ474xwGp6ZEP6cNKo39u9zeXe1YAuTkyZyv3t4,2.5193278526e-08,25.19,,,,net_00566,1,3,LOW
29fB1KB2fqGrTMQDgbuGQiHPfYBePY4jQBw675Jfpump,2026-02-10T15:13:48Z,Dzp1SrZ474xwGp6ZEP6cNKo39u9zeXe1YAuTkyZyv3t4,2.5193278526e-08,25.19,,,,net_00704,1,5,LOW
29fB1KB2fqGrTMQDgbuGQiHPfYBePY4jQBw675Jfpump,2026-02-10T15:13:48Z,Dzp1SrZ474xwGp6ZEP6cNKo39u9zeXe1YAuTkyZyv3t4,2.5193278526e-08,25.19,,,,net_00728,1,7,MEDIUM
29fB1KB2fqGrTMQDgbuGQiHPfYBePY4jQBw675Jfpump,2026-02-10T15:13:48Z,Dzp1SrZ474xwGp6ZEP6cNKo39u9zeXe1YAuTkyZyv3t4,2.5193278526e-08,25.19,,,,net_00739,1,4,LOW
8NuupyNs6zYnjhwnPA4ZZxee6qNo2Eeu8AJjvEfUpump,2026-02-10T15:08:21Z,FYc3FosJywbELnfVA79ic9mbpYBLhNgSGYHtZ5UeoQta,3.2450000000e-05,32450.03,,,,NONE,0,0,NONE
sCjWXG8z5nEDaN8jJxWUvvFCoed9jprJH3zL35Tpump,2026-02-10T15:06:58Z,4tfgT8cesz16khBx9SL86btvC7NHa3n9JiGTGDSGFcZD,7.8771355635e-08,78.77,,,,NONE,0,0,NONE
87pq4tbasD4GSpRZ9ZS5J2HMEdpmex1vbM9vZA7jpump,2026-02-10T15:03:56Z,EFcGBtCmQ7QvB34pYaonopWf5ZJqHYBB5rAiRYm59G3f,2.1563968459e-07,215.64,,,,NONE,0,0,NONE
5GpHaPuZBx74aXemm41gCf7RCQkDrWZ1FF37F75upump,2026-02-10T15:02:46Z,5y5ThikGaQyfBBs1mWBEnG3pxPRzoT8vhiuKGAqJNV62,9.0452792573e-12,0.01,,,,NONE,0,0,NONE
WSWjnFC8X1eRUWunV8WbqLeq3N3Uw2bnkfsy4WQpump,2026-02-10T14:53:32Z,DckD25rbN4aCzVD2YoFoBnfcqAsey6YT9iKDSsV3HECo,4.5280132462e-08,45.28,,,,NONE,0,0,NONE
9CGXaXiZ96FE6oFKYaSE8ngU2kQdiMEbzHfJE6fBpump,2026-02-10T14:50:38Z,7cWpF6NeGueFa6JXDrTQmApinoHjyfsh5kaAXDaeoEy8,7.5848556591e-10,0.76,,,,net_00037,42,17,MEDIUM
9CGXaXiZ96FE6oFKYaSE8ngU2kQdiMEbzHfJE6fBpump,2026-02-10T14:50:38Z,7cWpF6NeGueFa6JXDrTQmApinoHjyfsh5kaAXDaeoEy8,7.5848556591e-10,0.76,,,,net_00267,1,2,LOW
9CGXaXiZ96FE6oFKYaSE8ngU2kQdiMEbzHfJE6fBpump,2026-02-10T14:50:38Z,7cWpF6NeGueFa6JXDrTQmApinoHjyfsh5kaAXDaeoEy8,7.5848556591e-10,0.76,,,,net_00272,1,2,LOW
9CGXaXiZ96FE6oFKYaSE8ngU2kQdiMEbzHfJE6fBpump,2026-02-10T14:50:38Z,7cWpF6NeGueFa6JXDrTQmApinoHjyfsh5kaAXDaeoEy8,7.5848556591e-10,0.76,,,,net_00314,1,2,LOW
9CGXaXiZ96FE6oFKYaSE8ngU2kQdiMEbzHfJE6fBpump,2026-02-10T14:50:38Z,7cWpF6NeGueFa6JXDrTQmApinoHjyfsh5kaAXDaeoEy8,7.5848556591e-10,0.76,,,,net_00386,1,2,LOW
9CGXaXiZ96FE6oFKYaSE8ngU2kQdiMEbzHfJE6fBpump,2026-02-10T14:50:38Z,7cWpF6NeGueFa6JXDrTQmApinoHjyfsh5kaAXDaeoEy8,7.5848556591e-10,0.76,,,,net_00434,1,2,LOW
9CGXaXiZ96FE6oFKYaSE8ngU2kQdiMEbzHfJE6fBpump,2026-02-10T14:50:38Z,7cWpF6NeGueFa6JXDrTQmApinoHjyfsh5kaAXDaeoEy8,7.5848556591e-10,0.76,,,,net_00566,1,3,LOW
9CGXaXiZ96FE6oFKYaSE8ngU2kQdiMEbzHfJE6fBpump,2026-02-10T14:50:38Z,7cWpF6NeGueFa6JXDrTQmApinoHjyfsh5kaAXDaeoEy8,7.5848556591e-10,0.76,,,,net_00587,1,2,LOW
9CGXaXiZ96FE6oFKYaSE8ngU2kQdiMEbzHfJE6fBpump,2026-02-10T14:50:38Z,7cWpF6NeGueFa6JXDrTQmApinoHjyfsh5kaAXDaeoEy8,7.5848556591e-10,0.76,,,,net_00593,1,2,LOW
9CGXaXiZ96FE6oFKYaSE8ngU2kQdiMEbzHfJE6fBpump,2026-02-10T14:50:38Z,7cWpF6NeGueFa6JXDrTQmApinoHjyfsh5kaAXDaeoEy8,7.5848556591e-10,0.76,,,,net_00610,1,4,LOW
9CGXaXiZ96FE6oFKYaSE8ngU2kQdiMEbzHfJE6fBpump,2026-02-10T14:50:38Z,7cWpF6NeGueFa6JXDrTQmApinoHjyfsh5kaAXDaeoEy8,7.5848556591e-10,0.76,,,,net_00656,1,2,LOW
9CGXaXiZ96FE6oFKYaSE8ngU2kQdiMEbzHfJE6fBpump,2026-02-10T14:50:38Z,7cWpF6NeGueFa6JXDrTQmApinoHjyfsh5kaAXDaeoEy8,7.5848556591e-10,0.76,,,,net_00767,1,2,LOW
9CGXaXiZ96FE6oFKYaSE8ngU2kQdiMEbzHfJE6fBpump,2026-02-10T14:50:38Z,7cWpF6NeGueFa6JXDrTQmApinoHjyfsh5kaAXDaeoEy8,7.5848556591e-10,0.76,,,,net_00783,1,2,LOW
9CGXaXiZ96FE6oFKYaSE8ngU2kQdiMEbzHfJE6fBpump,2026-02-10T14:50:38Z,7cWpF6NeGueFa6JXDrTQmApinoHjyfsh5kaAXDaeoEy8,7.5848556591e-10,0.76,,,,net_00975,1,2,LOW
9CGXaXiZ96FE6oFKYaSE8ngU2kQdiMEbzHfJE6fBpump,2026-02-10T14:50:38Z,7cWpF6NeGueFa6JXDrTQmApinoHjyfsh5kaAXDaeoEy8,7.5848556591e-10,0.76,,,,net_00993,1,2,LOW
DJt2Zx8t23JQVZddY9NJmsWi3JwG87zXJ1hDPMbzpump,2026-02-10T14:45:18Z,JDBT5koS1f9qPVcujCmDxGpSn1U7qFYYbY1aae6vG2gS,2.5842512949e-07,258.43,,,,NONE,0,0,NONE
CQ8yJ3NUXbwwyjB3Cz5PW4XRNujigmvnKEjnxFqUpump,2026-02-10T14:44:47Z,3MRDfmETzYdR1TNon3p4t7iDmpJHm1Mo41WPAcUs5Qtt,1.3040987130e-09,1.30,,,,net_00031,22,12,MEDIUM
HJhjjg4nQmxcWxBmJvFAuZiQ1mHJjV4cSSWgwC8apump,2026-02-10T14:40:56Z,EA8kXAeojRzEH4ntNdPjTV4WWSegzJyLbcEzQLknhtLa,3.0589483414e-11,0.03,,,,NONE,0,0,NONE
5JoeThmzXez7m22BaCcLx9cdY19U7N2bYGWVLPDVpump,2026-02-10T14:37:43Z,GFfV8Byc8qA3FFGDbEc4pHvzuUHbSkf7gRZRZKoH35xN,5.0877341871e-10,0.51,,,,NONE,0,0,NONE
8WFLEGsNYVEkcGfdihZBztufJVMJXJNjpmuDgijypump,2026-02-10T14:37:38Z,4cMfiSChFGp5R58y1u5AXqxe4U19WfycQTFVNfKMPcw5,6.5567907075e-07,655.68,,,,NONE,0,0,NONE
Aw1CXa9Uvk5EwGyWBwZBYVot75SfD3WguoQcLCQypump,2026-02-10T14:37:24Z,3AV5GF26WwcFsFPfsErWNPAw3q1tqFCNTMY4XBF3nBF2,1.0641225806e-08,10.64,,,,NONE,0,0,NONE
oeMXNozLd1qqXzVt2jAzwLztBJJq2FKkZjFAptapump,2026-02-10T14:24:33Z,4UcETfQsjwmUypYvp92BCsZunaW2k9y4J38yCVvjAa2D,2.8528486120e-08,28.53,,,,net_00025,1,2,LOW
oeMXNozLd1qqXzVt2jAzwLztBJJq2FKkZjFAptapump,2026-02-10T14:24:33Z,4UcETfQsjwmUypYvp92BCsZunaW2k9y4J38yCVvjAa2D,2.8528486120e-08,28.53,,,,net_00363,1,2,LOW
oeMXNozLd1qqXzVt2jAzwLztBJJq2FKkZjFAptapump,2026-02-10T14:24:33Z,4UcETfQsjwmUypYvp92BCsZunaW2k9y4J38yCVvjAa2D,2.8528486120e-08,28.53,,,,net_00391,1,2,LOW
oeMXNozLd1qqXzVt2jAzwLztBJJq2FKkZjFAptapump,2026-02-10T14:24:33Z,4UcETfQsjwmUypYvp92BCsZunaW2k9y4J38yCVvjAa2D,2.8528486120e-08,28.53,,,,net_00473,1,2,LOW
oeMXNozLd1qqXzVt2jAzwLztBJJq2FKkZjFAptapump,2026-02-10T14:24:33Z,4UcETfQsjwmUypYvp92BCsZunaW2k9y4J38yCVvjAa2D,2.8528486120e-08,28.53,,,,net_00563,1,2,LOW
oeMXNozLd1qqXzVt2jAzwLztBJJq2FKkZjFAptapump,2026-02-10T14:24:33Z,4UcETfQsjwmUypYvp92BCsZunaW2k9y4J38yCVvjAa2D,2.8528486120e-08,28.53,,,,net_00647,23,152,CRITICAL
oeMXNozLd1qqXzVt2jAzwLztBJJq2FKkZjFAptapump,2026-02-10T14:24:33Z,4UcETfQsjwmUypYvp92BCsZunaW2k9y4J38yCVvjAa2D,2.8528486120e-08,28.53,,,,net_00673,1,2,LOW
oeMXNozLd1qqXzVt2jAzwLztBJJq2FKkZjFAptapump,2026-02-10T14:24:33Z,4UcETfQsjwmUypYvp92BCsZunaW2k9y4J38yCVvjAa2D,2.8528486120e-08,28.53,,,,net_00721,1,2,LOW
oeMXNozLd1qqXzVt2jAzwLztBJJq2FKkZjFAptapump,2026-02-10T14:24:33Z,4UcETfQsjwmUypYvp92BCsZunaW2k9y4J38yCVvjAa2D,2.8528486120e-08,28.53,,,,net_01062,1,2,LOW
2L8vbSnXBkywN1s85JB8suZ6gVgjUbXtXzZuiuatBVhr,2026-02-10T14:24:02Z,3o4EhamPgkoSUhSc2JAWfGL1NC3mWuhfboap4Bq93SVc,5.8626737210e-07,586.27,,,,net_00435,1,2,LOW
2L8vbSnXBkywN1s85JB8suZ6gVgjUbXtXzZuiuatBVhr,2026-02-10T14:24:02Z,3o4EhamPgkoSUhSc2JAWfGL1NC3mWuhfboap4Bq93SVc,5.8626737210e-07,586.27,,,,net_00474,1,3,LOW
2L8vbSnXBkywN1s85JB8suZ6gVgjUbXtXzZuiuatBVhr,2026-02-10T14:24:02Z,3o4EhamPgkoSUhSc2JAWfGL1NC3mWuhfboap4Bq93SVc,5.8626737210e-07,586.27,,,,net_00502,1,10,MEDIUM
2L8vbSnXBkywN1s85JB8suZ6gVgjUbXtXzZuiuatBVhr,2026-02-10T14:24:02Z,3o4EhamPgkoSUhSc2JAWfGL1NC3mWuhfboap4Bq93SVc,5.8626737210e-07,586.27,,,,net_00698,1,6,MEDIUM
2L8vbSnXBkywN1s85JB8suZ6gVgjUbXtXzZuiuatBVhr,2026-02-10T14:24:02Z,3o4EhamPgkoSUhSc2JAWfGL1NC3mWuhfboap4Bq93SVc,5.8626737210e-07,586.27,,,,net_00739,1,4,LOW
2L8vbSnXBkywN1s85JB8suZ6gVgjUbXtXzZuiuatBVhr,2026-02-10T14:24:02Z,3o4EhamPgkoSUhSc2JAWfGL1NC3mWuhfboap4Bq93SVc,5.8626737210e-07,586.27,,,,net_00745,1,4,LOW
2L8vbSnXBkywN1s85JB8suZ6gVgjUbXtXzZuiuatBVhr,2026-02-10T14:24:02Z,3o4EhamPgkoSUhSc2JAWfGL1NC3mWuhfboap4Bq93SVc,5.8626737210e-07,586.27,,,,net_00800,1,7,MEDIUM
2L8vbSnXBkywN1s85JB8suZ6gVgjUbXtXzZuiuatBVhr,2026-02-10T14:24:02Z,3o4EhamPgkoSUhSc2JAWfGL1NC3mWuhfboap4Bq93SVc,5.8626737210e-07,586.27,,,,net_00832,1,2,LOW
2L8vbSnXBkywN1s85JB8suZ6gVgjUbXtXzZuiuatBVhr,2026-02-10T14:24:02Z,3o4EhamPgkoSUhSc2JAWfGL1NC3mWuhfboap4Bq93SVc,5.8626737210e-07,586.27,,,,net_00929,1,2,LOW
2L8vbSnXBkywN1s85JB8suZ6gVgjUbXtXzZuiuatBVhr,2026-02-10T14:24:02Z,3o4EhamPgkoSUhSc2JAWfGL1NC3mWuhfboap4Bq93SVc,5.8626737210e-07,586.27,,,,net_00969,1,6,MEDIUM
CYBJ6HN3eUYBTsQx4LLqBY3tcZokm3K7ZPvU8fZ5pump,2026-02-10T14:22:18Z,7vfw9xFLE48fgH2vw7UEQux7j3o2gyQCF6kvKN3v439J,4.8659729356e-07,486.60,,,,net_00124,14,36,HIGH
FSog78Y41zajtMrdEBKwFZGZVcEtebRnzyg9Yfegpump,2026-02-10T14:21:46Z,3CUWvz2GXMLvNgAKdrRjprkUKm8VVMBZrMDdiATUeAuz,1.0222164432e-07,102.22,,,,NONE,0,0,NONE
93u8Dv27H3RLstLbLzZAcVBuYA6mLCzf1Gp1kThGFt1q,2026-02-10T14:19:45Z,3o4EhamPgkoSUhSc2JAWfGL1NC3mWuhfboap4Bq93SVc,5.8515658966e-08,58.52,,,,net_00435,1,2,LOW
93u8Dv27H3RLstLbLzZAcVBuYA6mLCzf1Gp1kThGFt1q,2026-02-10T14:19:45Z,3o4EhamPgkoSUhSc2JAWfGL1NC3mWuhfboap4Bq93SVc,5.8515658966e-08,58.52,,,,net_00474,1,3,LOW
93u8Dv27H3RLstLbLzZAcVBuYA6mLCzf1Gp1kThGFt1q,2026-02-10T14:19:45Z,3o4EhamPgkoSUhSc2JAWfGL1NC3mWuhfboap4Bq93SVc,5.8515658966e-08,58.52,,,,net_00502,1,10,MEDIUM
93u8Dv27H3RLstLbLzZAcVBuYA6mLCzf1Gp1kThGFt1q,2026-02-10T14:19:45Z,3o4EhamPgkoSUhSc2JAWfGL1NC3mWuhfboap4Bq93SVc,5.8515658966e-08,58.52,,,,net_00698,1,6,MEDIUM
93u8Dv27H3RLstLbLzZAcVBuYA6mLCzf1Gp1kThGFt1q,2026-02-10T14:19:45Z,3o4EhamPgkoSUhSc2JAWfGL1NC3mWuhfboap4Bq93SVc,5.8515658966e-08,58.52,,,,net_00739,1,4,LOW
93u8Dv27H3RLstLbLzZAcVBuYA6mLCzf1Gp1kThGFt1q,2026-02-10T14:19:45Z,3o4EhamPgkoSUhSc2JAWfGL1NC3mWuhfboap4Bq93SVc,5.8515658966e-08,58.52,,,,net_00745,1,4,LOW
93u8Dv27H3RLstLbLzZAcVBuYA6mLCzf1Gp1kThGFt1q,2026-02-10T14:19:45Z,3o4EhamPgkoSUhSc2JAWfGL1NC3mWuhfboap4Bq93SVc,5.8515658966e-08,58.52,,,,net_00800,1,7,MEDIUM
93u8Dv27H3RLstLbLzZAcVBuYA6mLCzf1Gp1kThGFt1q,2026-02-10T14:19:45Z,3o4EhamPgkoSUhSc2JAWfGL1NC3mWuhfboap4Bq93SVc,5.8515658966e-08,58.52,,,,net_00832,1,2,LOW
93u8Dv27H3RLstLbLzZAcVBuYA6mLCzf1Gp1kThGFt1q,2026-02-10T14:19:45Z,3o4EhamPgkoSUhSc2JAWfGL1NC3mWuhfboap4Bq93SVc,5.8515658966e-08,58.52,,,,net_00929,1,2,LOW
93u8Dv27H3RLstLbLzZAcVBuYA6mLCzf1Gp1kThGFt1q,2026-02-10T14:19:45Z,3o4EhamPgkoSUhSc2JAWfGL1NC3mWuhfboap4Bq93SVc,5.8515658966e-08,58.52,,,,net_00969,1,6,MEDIUM
88YScTZYmYDgoreo41xnYFbTfutHahPwAVQXknPpump,2026-02-10T14:07:32Z,FBNaxRytEMVbS1UzmcQjXvvFCDbXqqjoHMSCiCuQnKmF,3.2372756914e-09,3.24,,,,NONE,0,0,NONE
NLHzTu1wszDKKwpMFEjNCrRhXZ3jBMoZNwXidwJpump,2026-02-10T14:04:14Z,FFqWFNwU5mXzPzNBijTUnmUpiZgENen5Shs1EqteT2Z2,4.7994471257e-06,4799.45,,,,NONE,0,0,NONE
6NnvPFAemhAS2LLQa5KvvqwiafwhiXDKwV62i5vNpump,2026-02-10T14:01:42Z,75iQB6Sa7kxthq4kJrrRyC2YEYsLhjy4oWi3tqfUCLYf,3.7362328229e-07,373.62,,,,NONE,0,0,NONE
Dm5Ar1v1PgbATFgA1EtVNgTFEE2bjm8hSmNJ55jppump,2026-02-10T14:00:23Z,AxmFqz3pbhj6HDK9dC1u7LsYP3rbsTJyKkeCMSpAxrgU,1.5590294970e-10,0.16,,,,net_00014,1,2,LOW
Dm5Ar1v1PgbATFgA1EtVNgTFEE2bjm8hSmNJ55jppump,2026-02-10T14:00:23Z,AxmFqz3pbhj6HDK9dC1u7LsYP3rbsTJyKkeCMSpAxrgU,1.5590294970e-10,0.16,,,,net_00023,1,3,LOW
Dm5Ar1v1PgbATFgA1EtVNgTFEE2bjm8hSmNJ55jppump,2026-02-10T14:00:23Z,AxmFqz3pbhj6HDK9dC1u7LsYP3rbsTJyKkeCMSpAxrgU,1.5590294970e-10,0.16,,,,net_00025,1,2,LOW
Dm5Ar1v1PgbATFgA1EtVNgTFEE2bjm8hSmNJ55jppump,2026-02-10T14:00:23Z,AxmFqz3pbhj6HDK9dC1u7LsYP3rbsTJyKkeCMSpAxrgU,1.5590294970e-10,0.16,,,,net_00036,1,2,LOW
Dm5Ar1v1PgbATFgA1EtVNgTFEE2bjm8hSmNJ55jppump,2026-02-10T14:00:23Z,AxmFqz3pbhj6HDK9dC1u7LsYP3rbsTJyKkeCMSpAxrgU,1.5590294970e-10,0.16,,,,net_00332,1,2,LOW
Dm5Ar1v1PgbATFgA1EtVNgTFEE2bjm8hSmNJ55jppump,2026-02-10T14:00:23Z,AxmFqz3pbhj6HDK9dC1u7LsYP3rbsTJyKkeCMSpAxrgU,1.5590294970e-10,0.16,,,,net_00366,1,2,LOW
Dm5Ar1v1PgbATFgA1EtVNgTFEE2bjm8hSmNJ55jppump,2026-02-10T14:00:23Z,AxmFqz3pbhj6HDK9dC1u7LsYP3rbsTJyKkeCMSpAxrgU,1.5590294970e-10,0.16,,,,net_00660,1,2,LOW
Dm5Ar1v1PgbATFgA1EtVNgTFEE2bjm8hSmNJ55jppump,2026-02-10T14:00:23Z,AxmFqz3pbhj6HDK9dC1u7LsYP3rbsTJyKkeCMSpAxrgU,1.5590294970e-10,0.16,,,,net_00740,1,2,LOW
E6RS5iYkct4UDzifB19jM7t8fmuvsRBihtKUtPtipump,2026-02-10T13:52:42Z,GQv7qDde7Q1bHdAGZsoBJ9aPxbXJyJGVRAZt6pT4RuzS,5.3932782519e-08,53.93,,,,NONE,0,0,NONE
5XyLVfSF3ys4QAacVqdufTN9vA5N9xPvvKi8sLDfpump,2026-02-10T13:29:50Z,BeHFALLWLSCCj452uwMrDEEri3cpm64VDBADvGduxBmQ,5.2060738921e-09,5.21,,,,NONE,0,0,NONE
AAiZMkLu9jfKXJ8htsV5q8SLrGacUZzJUAoWTBrpump,2026-02-10T13:28:59Z,F8aCRh5MUrDgMYGjfByR78wm5sHTjjsLx1jxybfh1hZL,3.4037199557e-10,0.34,,,,NONE,0,0,NONE
FBYzYLCFdNyM2z3PPRmpd1oC1Uy2YDLKhBNzoSm8pump,2026-02-10T13:20:39Z,CjvbJc3SWfi6pQRRJU1aPXzyB8exD4FGBUdcULtRgMKE,5.0124928566e-09,5.01,,,,NONE,0,0,NONE
7n6kxNdSwCdNZ4mzJismZpqbZgAqio8fTaV93XrQZ27K,2026-02-10T13:18:42Z,GoHBfgLPaA8rQkgYM6YSBbwSA8foUXLprcTFXE4vnPxg,4.1797594449e-07,417.98,,,,net_00971,1,2,LOW
BqtbsT7xszXggvmgDjvNNfAwRCxuSoXNX1eLpNZDpump,2026-02-10T13:17:44Z,5j2Sd3oN1sydkm953Fx22PdWznmDdpzSiNovdBVz9LXn,1.8625891234e-07,186.26,,,,NONE,0,0,NONE
APsS8RDzy7ufXYtGQT7NWHjtWi8fhw2suWMdiCLopump,2026-02-10T13:13:13Z,HojxDfWi729BCp76edmvBVoGoCsx5U3payJ56n1LdnTk,1.1775247042e-08,11.78,,,,net_00037,42,17,MEDIUM
APsS8RDzy7ufXYtGQT7NWHjtWi8fhw2suWMdiCLopump,2026-02-10T13:13:13Z,HojxDfWi729BCp76edmvBVoGoCsx5U3payJ56n1LdnTk,1.1775247042e-08,11.78,,,,net_00488,1,2,LOW
APsS8RDzy7ufXYtGQT7NWHjtWi8fhw2suWMdiCLopump,2026-02-10T13:13:13Z,HojxDfWi729BCp76edmvBVoGoCsx5U3payJ56n1LdnTk,1.1775247042e-08,11.78,,,,net_00557,1,2,LOW
APsS8RDzy7ufXYtGQT7NWHjtWi8fhw2suWMdiCLopump,2026-02-10T13:13:13Z,HojxDfWi729BCp76edmvBVoGoCsx5U3payJ56n1LdnTk,1.1775247042e-08,11.78,,,,net_00677,1,2,LOW
APsS8RDzy7ufXYtGQT7NWHjtWi8fhw2suWMdiCLopump,2026-02-10T13:13:13Z,HojxDfWi729BCp76edmvBVoGoCsx5U3payJ56n1LdnTk,1.1775247042e-08,11.78,,,,net_00694,1,2,LOW
APsS8RDzy7ufXYtGQT7NWHjtWi8fhw2suWMdiCLopump,2026-02-10T13:13:13Z,HojxDfWi729BCp76edmvBVoGoCsx5U3payJ56n1LdnTk,1.1775247042e-08,11.78,,,,net_00818,1,2,LOW
8KvoBfxiPiVp9b9mxSFZHpJdX9NUtbmNFhAGggLDpump,2026-02-10T13:03:23Z,2ZZkPcnmxDjJzXoD5hF7L18myV5EyijkHwVMgjDfaR2o,1.4140278408e-09,1.41,,,,NONE,0,0,NONE
2w5nW2khKBACLzhQuRki2gGaZfC3FsfxCwoxpc6ypump,2026-02-10T13:02:45Z,5FqUo9aBjsp7QeeyN6Vi2ZmF2fjS4H5EU7wnAQwPy17z,2.8764033632e-08,28.76,,,,net_00248,1,4,LOW
2w5nW2khKBACLzhQuRki2gGaZfC3FsfxCwoxpc6ypump,2026-02-10T13:02:45Z,5FqUo9aBjsp7QeeyN6Vi2ZmF2fjS4H5EU7wnAQwPy17z,2.8764033632e-08,28.76,,,,net_00647,23,152,CRITICAL
2w5nW2khKBACLzhQuRki2gGaZfC3FsfxCwoxpc6ypump,2026-02-10T13:02:45Z,5FqUo9aBjsp7QeeyN6Vi2ZmF2fjS4H5EU7wnAQwPy17z,2.8764033632e-08,28.76,,,,net_00893,1,2,LOW
2w5nW2khKBACLzhQuRki2gGaZfC3FsfxCwoxpc6ypump,2026-02-10T13:02:45Z,5FqUo9aBjsp7QeeyN6Vi2ZmF2fjS4H5EU7wnAQwPy17z,2.8764033632e-08,28.76,,,,net_00945,1,2,LOW
57v3zz2GCW7utbKN1KFVG8doUwDRQtedaEkUvDizpump,2026-02-10T12:55:53Z,Fe4h7cxdykGKCfKUcgBSaX2BPU1WBq56VU1vSVWBc8qb,2.2249782311e-09,2.22,,,,NONE,0,0,NONE
HuorCKdoLVYbodCaNLiZBDPKfHAQUb4CUzSBf23Bpump,2026-02-10T12:29:33Z,6uQRjAz7nr1LfaTZPPtR3etzBme9ppW8itPB8bESQuW3,8.0846560319e-08,80.85,,,,net_00502,1,10,MEDIUM
HuorCKdoLVYbodCaNLiZBDPKfHAQUb4CUzSBf23Bpump,2026-02-10T12:29:33Z,6uQRjAz7nr1LfaTZPPtR3etzBme9ppW8itPB8bESQuW3,8.0846560319e-08,80.85,,,,net_00581,1,2,LOW
HuorCKdoLVYbodCaNLiZBDPKfHAQUb4CUzSBf23Bpump,2026-02-10T12:29:33Z,6uQRjAz7nr1LfaTZPPtR3etzBme9ppW8itPB8bESQuW3,8.0846560319e-08,80.85,,,,net_00694,1,2,LOW
HuorCKdoLVYbodCaNLiZBDPKfHAQUb4CUzSBf23Bpump,2026-02-10T12:29:33Z,6uQRjAz7nr1LfaTZPPtR3etzBme9ppW8itPB8bESQuW3,8.0846560319e-08,80.85,,,,net_01067,1,4,LOW
D9z7Tcohw6DQtHYNodK2t5xWvRiBYNCoc3JgmWujpump,2026-02-10T12:25:58Z,7ogiTqUj4HgEKRJVHEnw193EG2yhtn8DALqwnUsb3KW4,2.3510070311e-09,2.35,,,,NONE,0,0,NONE
ESqAZ2qz1ut3bRdG2Xpak2C5oEe3bwAqdPSkmXhjpump,2026-02-10T12:06:09Z,AxmFqz3pbhj6HDK9dC1u7LsYP3rbsTJyKkeCMSpAxrgU,1.4865412083e-07,148.65,,,,net_00014,1,2,LOW
ESqAZ2qz1ut3bRdG2Xpak2C5oEe3bwAqdPSkmXhjpump,2026-02-10T12:06:09Z,AxmFqz3pbhj6HDK9dC1u7LsYP3rbsTJyKkeCMSpAxrgU,1.4865412083e-07,148.65,,,,net_00023,1,3,LOW
ESqAZ2qz1ut3bRdG2Xpak2C5oEe3bwAqdPSkmXhjpump,2026-02-10T12:06:09Z,AxmFqz3pbhj6HDK9dC1u7LsYP3rbsTJyKkeCMSpAxrgU,1.4865412083e-07,148.65,,,,net_00025,1,2,LOW
ESqAZ2qz1ut3bRdG2Xpak2C5oEe3bwAqdPSkmXhjpump,2026-02-10T12:06:09Z,AxmFqz3pbhj6HDK9dC1u7LsYP3rbsTJyKkeCMSpAxrgU,1.4865412083e-07,148.65,,,,net_00036,1,2,LOW
ESqAZ2qz1ut3bRdG2Xpak2C5oEe3bwAqdPSkmXhjpump,2026-02-10T12:06:09Z,AxmFqz3pbhj6HDK9dC1u7LsYP3rbsTJyKkeCMSpAxrgU,1.4865412083e-07,148.65,,,,net_00332,1,2,LOW
ESqAZ2qz1ut3bRdG2Xpak2C5oEe3bwAqdPSkmXhjpump,2026-02-10T12:06:09Z,AxmFqz3pbhj6HDK9dC1u7LsYP3rbsTJyKkeCMSpAxrgU,1.4865412083e-07,148.65,,,,net_00366,1,2,LOW
ESqAZ2qz1ut3bRdG2Xpak2C5oEe3bwAqdPSkmXhjpump,2026-02-10T12:06:09Z,AxmFqz3pbhj6HDK9dC1u7LsYP3rbsTJyKkeCMSpAxrgU,1.4865412083e-07,148.65,,,,net_00660,1,2,LOW
ESqAZ2qz1ut3bRdG2Xpak2C5oEe3bwAqdPSkmXhjpump,2026-02-10T12:06:09Z,AxmFqz3pbhj6HDK9dC1u7LsYP3rbsTJyKkeCMSpAxrgU,1.4865412083e-07,148.65,,,,net_00740,1,2,LOW
BhRgnHVz7D2FoJf1DdoaosXmAft1Ss1uew7AxQrSjUZf,2026-02-10T12:05:34Z,BG677JjcLYyGvQ1aDMETubJbmw21ucADoM4SXzNEjswT,8.7796904168e-08,87.80,,,,net_00405,1,3,LOW
G4iQvButnzgZh7RsWuMkMS253EG3pBT1eZCKQ7N5pump,2026-02-10T12:03:23Z,3KFHj1cVJcyDNzaVFYnYEUdCsKve16vkWQtcmRypVeEF,3.0348576072e-10,0.30,,,,NONE,0,0,NONE
ALDC5HMXryoSM5gnNDh66Ebh8y92nKFspxxrRDBZpump,2026-02-10T12:03:12Z,D8n8Dy6DWC9691mR4NroSA9TdxXBxDV6Rr639RapanS4,2.5628564791e-08,25.63,,,,net_00028,38,11,MEDIUM
ALDC5HMXryoSM5gnNDh66Ebh8y92nKFspxxrRDBZpump,2026-02-10T12:03:12Z,D8n8Dy6DWC9691mR4NroSA9TdxXBxDV6Rr639RapanS4,2.5628564791e-08,25.63,,,,net_00084,1,7,MEDIUM
ALDC5HMXryoSM5gnNDh66Ebh8y92nKFspxxrRDBZpump,2026-02-10T12:03:12Z,D8n8Dy6DWC9691mR4NroSA9TdxXBxDV6Rr639RapanS4,2.5628564791e-08,25.63,,,,net_00356,1,3,LOW
ALDC5HMXryoSM5gnNDh66Ebh8y92nKFspxxrRDBZpump,2026-02-10T12:03:12Z,D8n8Dy6DWC9691mR4NroSA9TdxXBxDV6Rr639RapanS4,2.5628564791e-08,25.63,,,,net_00373,1,5,LOW
ALDC5HMXryoSM5gnNDh66Ebh8y92nKFspxxrRDBZpump,2026-02-10T12:03:12Z,D8n8Dy6DWC9691mR4NroSA9TdxXBxDV6Rr639RapanS4,2.5628564791e-08,25.63,,,,net_00537,1,2,LOW
ALDC5HMXryoSM5gnNDh66Ebh8y92nKFspxxrRDBZpump,2026-02-10T12:03:12Z,D8n8Dy6DWC9691mR4NroSA9TdxXBxDV6Rr639RapanS4,2.5628564791e-08,25.63,,,,net_00624,1,2,LOW
ALDC5HMXryoSM5gnNDh66Ebh8y92nKFspxxrRDBZpump,2026-02-10T12:03:12Z,D8n8Dy6DWC9691mR4NroSA9TdxXBxDV6Rr639RapanS4,2.5628564791e-08,25.63,,,,net_00879,1,4,LOW
ALDC5HMXryoSM5gnNDh66Ebh8y92nKFspxxrRDBZpump,2026-02-10T12:03:12Z,D8n8Dy6DWC9691mR4NroSA9TdxXBxDV6Rr639RapanS4,2.5628564791e-08,25.63,,,,net_00938,1,2,LOW
ALDC5HMXryoSM5gnNDh66Ebh8y92nKFspxxrRDBZpump,2026-02-10T12:03:12Z,D8n8Dy6DWC9691mR4NroSA9TdxXBxDV6Rr639RapanS4,2.5628564791e-08,25.63,,,,net_00945,1,2,LOW
ALDC5HMXryoSM5gnNDh66Ebh8y92nKFspxxrRDBZpump,2026-02-10T12:03:12Z,D8n8Dy6DWC9691mR4NroSA9TdxXBxDV6Rr639RapanS4,2.5628564791e-08,25.63,,,,net_00957,1,2,LOW
HL4S4N3zoup1ohrqaSEzZpki6JsrPcbeJgrxQA1Spump,2026-02-10T11:35:07Z,AJbfbUmrQ9Lj5PmtgDo2idgXyCXZmJeVswbQ6ppdj6gC,1.3591122811e-10,0.14,,,,NONE,0,0,NONE
57KoEZXm2mJwFqbB7fvcgZmmjc9mivFmKhXA45H3pump,2026-02-10T11:33:44Z,Ao6bNP1o68EzVKy296rR5Jg6iAUUQNU2FA65Wvs7aR2U,2.3780000000e-06,2378.40,,,,NONE,0,0,NONE
ANVWi3AAkjXRnesAMtAQNRPcrhSnKKbQwsRVe7xpump,2026-02-10T11:18:55Z,4zx6FeKGxkBvd7HNCeQ3VpAmK3FvKHooCXmQCjKasJgB,3.2346840328e-09,3.23,,,,NONE,0,0,NONE
8yCqoKQBxcSt9n3VCMnHuxw2mXHT4F9mMTjzTCA2pump,2026-02-10T11:09:40Z,6M3n8VqSHnS7azJx9ye2svXbcjaUou8ikLCgWFVuqqRH,5.1043154462e-08,51.04,,,,NONE,0,0,NONE
51PMG6dcDJcbxstHzebVC2z2t6zQ2pbP26tncSGDpump,2026-02-10T11:06:44Z,At9Lxx6MgJxGzj33RHn57LaSkC7incZ6XpaN3BiMC2k,5.5294167255e-11,0.06,,,,net_00189,1,2,LOW
51PMG6dcDJcbxstHzebVC2z2t6zQ2pbP26tncSGDpump,2026-02-10T11:06:44Z,At9Lxx6MgJxGzj33RHn57LaSkC7incZ6XpaN3BiMC2k,5.5294167255e-11,0.06,,,,net_00290,1,2,LOW
51PMG6dcDJcbxstHzebVC2z2t6zQ2pbP26tncSGDpump,2026-02-10T11:06:44Z,At9Lxx6MgJxGzj33RHn57LaSkC7incZ6XpaN3BiMC2k,5.5294167255e-11,0.06,,,,net_00301,1,2,LOW
51PMG6dcDJcbxstHzebVC2z2t6zQ2pbP26tncSGDpump,2026-02-10T11:06:44Z,At9Lxx6MgJxGzj33RHn57LaSkC7incZ6XpaN3BiMC2k,5.5294167255e-11,0.06,,,,net_00318,1,5,LOW
51PMG6dcDJcbxstHzebVC2z2t6zQ2pbP26tncSGDpump,2026-02-10T11:06:44Z,At9Lxx6MgJxGzj33RHn57LaSkC7incZ6XpaN3BiMC2k,5.5294167255e-11,0.06,,,,net_00352,1,2,LOW
51PMG6dcDJcbxstHzebVC2z2t6zQ2pbP26tncSGDpump,2026-02-10T11:06:44Z,At9Lxx6MgJxGzj33RHn57LaSkC7incZ6XpaN3BiMC2k,5.5294167255e-11,0.06,,,,net_00592,1,8,MEDIUM
FS6Xert1dnDv7ghHcgpMKTMv3FBKMjkF8mCnbXFApump,2026-02-10T10:57:11Z,AYoscEPUim61K63n7HaUK6NSMhBtprknkCizxAiceB7c,1.3019110996e-08,13.02,,,,NONE,0,0,NONE
FXktP1w1Loh3Qe4646qhR6YP1yd8fEZyqTu11Chmpump,2026-02-10T10:51:40Z,GBp5QisUoUJ4Dv2riD4PWhdCt4FQwneYSAcEZw8VztTH,8.8114185686e-09,8.81,,,,NONE,0,0,NONE
AewQGZzgtjeQxuvnxvHnSzDjJnGxCi6sch5JGbQDpump,2026-02-10T10:38:19Z,2ShPEGC4y7upzNv9h1UuR3FJxkTrTW9V8657vHd7VWnL,1.6353707810e-10,0.16,,,,NONE,0,0,NONE
44sa83DvAxnmoj1xDmboQSMDdu1R6SnTJ3ZzMFNopump,2026-02-10T10:22:05Z,3rLuY1jtzWwvjGRtN78y5SggcAHD33bmx26T8RK1x49m,1.7194076157e-08,17.19,,,,NONE,0,0,NONE
5VhvsAFJVrDgDmsWeFH35yi9uiMYvjNeJcQ9CwQapump,2026-02-10T10:21:05Z,ALHbpRfQKzbKks1GayyCX9cd95nQimBQ3kAuYZk2tdXr,5.2503165807e-10,0.53,,,,NONE,0,0,NONE
9YdwTFC5tCSS7LdTGhP35Ymoi7xAC4Ax8ZP57XQepump,2026-02-10T10:06:00Z,8AgdxQbdmAeMtZcPiK3qTDMMMjVeJHQQGqAp3YFGRnmD,1.6820933897e-07,168.21,,,,net_00028,38,11,MEDIUM
9YdwTFC5tCSS7LdTGhP35Ymoi7xAC4Ax8ZP57XQepump,2026-02-10T10:06:00Z,8AgdxQbdmAeMtZcPiK3qTDMMMjVeJHQQGqAp3YFGRnmD,1.6820933897e-07,168.21,,,,net_00054,1,4,LOW
9YdwTFC5tCSS7LdTGhP35Ymoi7xAC4Ax8ZP57XQepump,2026-02-10T10:06:00Z,8AgdxQbdmAeMtZcPiK3qTDMMMjVeJHQQGqAp3YFGRnmD,1.6820933897e-07,168.21,,,,net_00243,1,2,LOW
9YdwTFC5tCSS7LdTGhP35Ymoi7xAC4Ax8ZP57XQepump,2026-02-10T10:06:00Z,8AgdxQbdmAeMtZcPiK3qTDMMMjVeJHQQGqAp3YFGRnmD,1.6820933897e-07,168.21,,,,net_00266,1,2,LOW
9YdwTFC5tCSS7LdTGhP35Ymoi7xAC4Ax8ZP57XQepump,2026-02-10T10:06:00Z,8AgdxQbdmAeMtZcPiK3qTDMMMjVeJHQQGqAp3YFGRnmD,1.6820933897e-07,168.21,,,,net_00439,1,2,LOW
9YdwTFC5tCSS7LdTGhP35Ymoi7xAC4Ax8ZP57XQepump,2026-02-10T10:06:00Z,8AgdxQbdmAeMtZcPiK3qTDMMMjVeJHQQGqAp3YFGRnmD,1.6820933897e-07,168.21,,,,net_00481,1,2,LOW
9YdwTFC5tCSS7LdTGhP35Ymoi7xAC4Ax8ZP57XQepump,2026-02-10T10:06:00Z,8AgdxQbdmAeMtZcPiK3qTDMMMjVeJHQQGqAp3YFGRnmD,1.6820933897e-07,168.21,,,,net_00635,1,2,LOW
9YdwTFC5tCSS7LdTGhP35Ymoi7xAC4Ax8ZP57XQepump,2026-02-10T10:06:00Z,8AgdxQbdmAeMtZcPiK3qTDMMMjVeJHQQGqAp3YFGRnmD,1.6820933897e-07,168.21,,,,net_00734,1,2,LOW
9YdwTFC5tCSS7LdTGhP35Ymoi7xAC4Ax8ZP57XQepump,2026-02-10T10:06:00Z,8AgdxQbdmAeMtZcPiK3qTDMMMjVeJHQQGqAp3YFGRnmD,1.6820933897e-07,168.21,,,,net_00750,1,6,MEDIUM
9YdwTFC5tCSS7LdTGhP35Ymoi7xAC4Ax8ZP57XQepump,2026-02-10T10:06:00Z,8AgdxQbdmAeMtZcPiK3qTDMMMjVeJHQQGqAp3YFGRnmD,1.6820933897e-07,168.21,,,,net_00752,1,6,MEDIUM
9YdwTFC5tCSS7LdTGhP35Ymoi7xAC4Ax8ZP57XQepump,2026-02-10T10:06:00Z,8AgdxQbdmAeMtZcPiK3qTDMMMjVeJHQQGqAp3YFGRnmD,1.6820933897e-07,168.21,,,,net_00788,1,2,LOW
HF9FZmFAvy4UwskqghEtTwzSKjhStX5ZhuFf2CBopump,2026-02-10T09:47:33Z,6nWeJLsZavBgj2CpPFkYf9jeAnoVTJctS8tUKmHTt7pY,1.5021540544e-07,150.22,,,,net_00049,15,15,MEDIUM
3aD2jZdRZvDTLbcMwY4tskkiYXMhQHYx5HG3PNhcpump,2026-02-10T08:39:27Z,EgojjvrSaxSLsyrjqAJkpcQZT4WHKBHVupBnTVxY48bB,2.8300000000e-05,28302.53,,,,NONE,0,0,NONE
QAVD8W8aoP43xt98h729RXaENQE9jPJGMgsSLbqpump,2026-02-10T07:48:31Z,4iJZcdgyeNhpLskjNbF4tuHTk4fn2tXL69FS2xNu3thq,2.9809313371e-10,0.30,,,,NONE,0,0,NONE
8oyXveuhfcpzxNkcNjXbmT27oQwec2cDtszX3BRhpump,2026-02-10T04:47:09Z,96jwtxkJNDkBg9QbpabjTZb28PmSaUbxLZfNf16ff91,5.1722436458e-11,0.05,,,,NONE,0,0,NONE
6P2izsT3DXjc4eu21CGH9jYyiydApmNzWcoWYe4Xpump,2026-02-10T04:15:14Z,3vDNo8jDPaG6q89k2A55wN7vGSSij1VDuo4E3ebezrTX,4.6014301125e-08,46.01,,,,net_00196,1,2,LOW
6P2izsT3DXjc4eu21CGH9jYyiydApmNzWcoWYe4Xpump,2026-02-10T04:15:14Z,3vDNo8jDPaG6q89k2A55wN7vGSSij1VDuo4E3ebezrTX,4.6014301125e-08,46.01,,,,net_00201,1,3,LOW
6P2izsT3DXjc4eu21CGH9jYyiydApmNzWcoWYe4Xpump,2026-02-10T04:15:14Z,3vDNo8jDPaG6q89k2A55wN7vGSSij1VDuo4E3ebezrTX,4.6014301125e-08,46.01,,,,net_00320,1,2,LOW
6P2izsT3DXjc4eu21CGH9jYyiydApmNzWcoWYe4Xpump,2026-02-10T04:15:14Z,3vDNo8jDPaG6q89k2A55wN7vGSSij1VDuo4E3ebezrTX,4.6014301125e-08,46.01,,,,net_00547,1,2,LOW
6P2izsT3DXjc4eu21CGH9jYyiydApmNzWcoWYe4Xpump,2026-02-10T04:15:14Z,3vDNo8jDPaG6q89k2A55wN7vGSSij1VDuo4E3ebezrTX,4.6014301125e-08,46.01,,,,net_00570,1,4,LOW
6P2izsT3DXjc4eu21CGH9jYyiydApmNzWcoWYe4Xpump,2026-02-10T04:15:14Z,3vDNo8jDPaG6q89k2A55wN7vGSSij1VDuo4E3ebezrTX,4.6014301125e-08,46.01,,,,net_00879,1,4,LOW
6P2izsT3DXjc4eu21CGH9jYyiydApmNzWcoWYe4Xpump,2026-02-10T04:15:14Z,3vDNo8jDPaG6q89k2A55wN7vGSSij1VDuo4E3ebezrTX,4.6014301125e-08,46.01,,,,net_00882,1,7,MEDIUM
Co4KTCKPdAnFhJWNUbPdCn3VFF5xSATaxXpPaGVepump,2026-02-10T00:43:57Z,CqG2enYhFVySUJMs6ywwz2hc9K1BeNtFuE4e1oKhUYh7,1.2477122073e-10,0.12,,,,NONE,0,0,NONE
BzvoWoZCEf6xeLjxw6ySWB8VmBCk97Ufzr5G3brCpump,2026-02-09T23:45:54Z,Gi1tPEGyeYgwuYBKhj7czSwzNpVdEmAqB4ynNUAMo8Sg,7.6802429900e-08,76.80,,,,NONE,0,0,NONE
BKviyfdPo99W22935x1QN7P77wFj6YZ491Kpcm8zpump,2026-02-09T23:07:38Z,3cBqg6k7g9kBH17hLQPwe4KWn89s3qoP5HN5jGng2p3i,4.9691130495e-11,0.05,,,,NONE,0,0,NONE
CdJeSPnSEttZtCexR1UKfAph9q5RGWCuNPPBAr6ppump,2026-02-09T20:00:16Z,6zPUBgp7aNLSuWtpyZ6uE7Huf3y2VjQtZy2usRfbWq9v,2.5489508909e-09,2.55,,,,NONE,0,0,NONE
61mqK32fuXkjRm7MLyjyPu2ibudxtqvTtu5SL5jgpump,2026-02-09T15:28:05Z,4e2YKS2ZjnLE8qua5BRXbvSUK9kuCbCna5sG53ZqoSwy,2.6642672625e-08,26.64,,,,NONE,0,0,NONE
AJn8Pap5NWPGjxGABGuadiddkdR21XF9V6rQwZEhpump,2026-02-09T14:55:49Z,FiwQ9HsdX6xMmkBvgLLJpn96Rnma77HFpmE8Wq7zmBgi,2.7441481132e-08,27.44,,,,NONE,0,0,NONE
4J5c5USNqUQCnpxqdmbKX1V8hYynQFq213Qgfe7jpump,2026-02-09T10:59:15Z,AGY3TNDK8xMsqs7SPvsRL4zZeU155g5d3gkkH7ew9ixW,3.0690357787e-11,0.03,,,,NONE,0,0,NONE
Hda6Y5WYwMEFnV75V3kURcEDpYjA8Ec5CiWm1wkspump,2026-02-09T10:24:51Z,213DrgTPF4q19NM61XLSZR41Sac37qB8LFoH5J3EiQS3,1.9620000000e-05,19629.58,,,,NONE,0,0,NONE
GanAwagqDcGwLXLweErbCd4HPh5QdffT3mSWnmRPpump,2026-02-08T09:34:46Z,4yZZpYyyVZpBFih6KLFvEv35UfViPsXpugdZLsfhYDw4,1.7790000000e-06,1779.32,,,,NONE,0,0,NONE
3i5vJwLN76HYphPMqqBCFqLzT14mkqCHsgrD8aFUpump,2026-02-08T03:32:05Z,DChZXRUmiAAiVZVdzAeaUCEV26Jr5miFoYjPuh1X9c6U,1.0910000000e-05,10914.88,,,,NONE,0,0,NONE
E3nJAKkVhvrDmjj6nzTUFXXnbz73GQErw9jTbNUpump,2026-02-07T11:58:32Z,GpbDvsGf2F6X7cocuGw3Ar6HAUyPexfUQuMwkV5sp34Y,1.6993775244e-10,0.17,,,,net_00124,14,36,HIGH
C7V47ci5u2Ak3VYb62a1obLTY74BLFxLB7d2NLKRpump,2026-02-07T03:17:15Z,G5YGWgWskXLadwWr6DG1cHDoeifiVFFqP7shXMCNgCsc,2.3702314979e-10,0.24,,,,net_00049,15,15,MEDIUM
3RMa8t1FFh5W3iBmSc8JnB7LAEu2fcy4vKVTiivepump,2026-02-04T19:33:24Z,8XzQndaEgRqAz6fCQEeigwPDBcEhK2Gt25GzKPktKTkB,2.6060000000e-05,26067.76,,,,net_00124,14,36,HIGH
CLD7wRUSwM68q51ayc1wt4Yipc6b2fwLqVm7Rv4Dpump,2026-02-04T13:59:16Z,AB5SeBimP99AsaCN1VfyybJ5B1a5bDfPCDC1pkrcK2nd,1.0766254500e-08,10.77,,,,NONE,0,0,NONE
3Q1cis7tTgWg2r8DLQKg8YGvcL4R5Fk36eXeuWqapump,2026-02-03T14:15:49Z,6TqxVRULTkfnR88yzgevSMwCW7BQZys8D4Rfd4fwQ1jE,,,,,,NONE,0,0,NONE
6kwQP5xre8j63mL6WEi7qnLaA4h8vBbRFQdE3QkycLjg,2026-02-03T00:52:29Z,9h2LTKDfcKw5vHM6gAhZQ5iqz6D8YrPFZxgvRZf46NvK,3.8589671555e-08,38.59,,,,NONE,0,0,NONE
FEhKKF3xMEzgHkBHRGJArdQ8TpkCX9KQD6DhJRMzpump,2026-02-02T21:13:04Z,CZQF38GY5c7MJPJKEv2ykzz2eYHTy5mYbMuikB4ZdVSD,6.9961435970e-11,0.07,,,,NONE,0,0,NONE
6sgkz3eMiwoLwGtgGCjZxfkaD9ZaqzeyBqEzNRwCpump,2026-02-02T17:03:29Z,5enwAR8gsaS9GKBafz7RjfQLDaDH22bdPTTznZUUvzGX,5.8130233472e-11,0.06,,,,NONE,0,0,NONE
GGmZqC7nTcZH4npvRJz4cxmus4EAGXWdpk4wrc72pump,2026-02-02T16:12:28Z,AnpFg1ThUKxhnM6M6C4t13UJkLVN7EVeeZCY9dJtjVPn,4.3677419355e-11,0.04,,,,NONE,0,0,NONE
39wKUzueHdG2nHGGk7rAPNuFkwTVLr4xqECjF1uopump,2026-02-02T04:21:43Z,D96uTMS1jvm5fLp3txzpDDHTMLCiFUbjmSW3Kib4twVS,1.3698452960e-07,136.98,,,,NONE,0,0,NONE
NAQ1DnrGXwskhNDdymZwjar1HnwDTFeVoi2r6ZTpump,2026-02-01T21:29:58Z,BMa2zbNYff9YGrXAwoKoRDvd5XmcFw4Dno3Ktbuab2VB,6.9487956418e-11,0.07,,,,net_00013,1,2,LOW
NAQ1DnrGXwskhNDdymZwjar1HnwDTFeVoi2r6ZTpump,2026-02-01T21:29:58Z,BMa2zbNYff9YGrXAwoKoRDvd5XmcFw4Dno3Ktbuab2VB,6.9487956418e-11,0.07,,,,net_00178,1,2,LOW
NAQ1DnrGXwskhNDdymZwjar1HnwDTFeVoi2r6ZTpump,2026-02-01T21:29:58Z,BMa2zbNYff9YGrXAwoKoRDvd5XmcFw4Dno3Ktbuab2VB,6.9487956418e-11,0.07,,,,net_00202,1,2,LOW
NAQ1DnrGXwskhNDdymZwjar1HnwDTFeVoi2r6ZTpump,2026-02-01T21:29:58Z,BMa2zbNYff9YGrXAwoKoRDvd5XmcFw4Dno3Ktbuab2VB,6.9487956418e-11,0.07,,,,net_00409,1,2,LOW
NAQ1DnrGXwskhNDdymZwjar1HnwDTFeVoi2r6ZTpump,2026-02-01T21:29:58Z,BMa2zbNYff9YGrXAwoKoRDvd5XmcFw4Dno3Ktbuab2VB,6.9487956418e-11,0.07,,,,net_00411,1,2,LOW
NAQ1DnrGXwskhNDdymZwjar1HnwDTFeVoi2r6ZTpump,2026-02-01T21:29:58Z,BMa2zbNYff9YGrXAwoKoRDvd5XmcFw4Dno3Ktbuab2VB,6.9487956418e-11,0.07,,,,net_00608,1,2,LOW
NAQ1DnrGXwskhNDdymZwjar1HnwDTFeVoi2r6ZTpump,2026-02-01T21:29:58Z,BMa2zbNYff9YGrXAwoKoRDvd5XmcFw4Dno3Ktbuab2VB,6.9487956418e-11,0.07,,,,net_00675,1,2,LOW
2eEtkMCjnzXTDXLhJfA1wVPVPHBDAK194qHhjrbQpump,2026-02-01T14:37:53Z,3gmseae9rRg3V3HGqBQgcK6hXvVcSfgMqP53wm5FPsHv,8.9182228122e-12,0.01,,,,NONE,0,0,NONE
6wnxcnk3geZRLFA7bu7v2C33ceXjYhpBm4qQNXKKpump,2026-02-01T11:54:11Z,8Ub118eNEPpzpTfHfabr6VM7DAtfgBwjYb1XusrvZDDW,3.1800000000e-05,31805.07,,,,NONE,0,0,NONE
8QcyYsQsqtcUiwabrHVopqZbKG2oqeKLScNQkrV5pump,2026-01-31T09:12:29Z,5uwirfQKprWY1rYV2oHvT261y76KhGqTr9WtGJ5LTSqX,2.1750000000e-06,2175.44,,,,NONE,0,0,NONE
FNhcY1cwQvQqaM8CUjXSuoGKJniwC4maBRLqNRLipump,2026-01-30T17:47:47Z,3qZEbjMiGaDm3EELNqTBs1M4PGt7RHsQf4hJLNu8MALs,1.6412223902e-10,0.16,,,,NONE,0,0,NONE
CAoJGkunRhNfT9Xn43AmcVARfzXy12hvFY8jKZRvpump,2026-01-30T16:50:56Z,DKFRpN1Y5C3KGNH9QqpqUG7PkZPxsCvTPXYfn82rjEkp,3.0210000000e-05,30211.38,,,,NONE,0,0,NONE
BnnM83babnfe4j9qYp9DYaKgcK1swUhMZRQoZR9mvrQv,2026-01-30T11:29:29Z,2BEdHEQY2fJNUXyndKZWgJni7uPsLThiFpB1MJ7MEHBs,8.0170000000e-06,8017.79,,,,net_00001,1,3,LOW
BnnM83babnfe4j9qYp9DYaKgcK1swUhMZRQoZR9mvrQv,2026-01-30T11:29:29Z,2BEdHEQY2fJNUXyndKZWgJni7uPsLThiFpB1MJ7MEHBs,8.0170000000e-06,8017.79,,,,net_00007,1,3,LOW
BnnM83babnfe4j9qYp9DYaKgcK1swUhMZRQoZR9mvrQv,2026-01-30T11:29:29Z,2BEdHEQY2fJNUXyndKZWgJni7uPsLThiFpB1MJ7MEHBs,8.0170000000e-06,8017.79,,,,net_00010,1,3,LOW
BnnM83babnfe4j9qYp9DYaKgcK1swUhMZRQoZR9mvrQv,2026-01-30T11:29:29Z,2BEdHEQY2fJNUXyndKZWgJni7uPsLThiFpB1MJ7MEHBs,8.0170000000e-06,8017.79,,,,net_00016,1,3,LOW
BnnM83babnfe4j9qYp9DYaKgcK1swUhMZRQoZR9mvrQv,2026-01-30T11:29:29Z,2BEdHEQY2fJNUXyndKZWgJni7uPsLThiFpB1MJ7MEHBs,8.0170000000e-06,8017.79,,,,net_00018,1,3,LOW
BnnM83babnfe4j9qYp9DYaKgcK1swUhMZRQoZR9mvrQv,2026-01-30T11:29:29Z,2BEdHEQY2fJNUXyndKZWgJni7uPsLThiFpB1MJ7MEHBs,8.0170000000e-06,8017.79,,,,net_00020,1,3,LOW
BnnM83babnfe4j9qYp9DYaKgcK1swUhMZRQoZR9mvrQv,2026-01-30T11:29:29Z,2BEdHEQY2fJNUXyndKZWgJni7uPsLThiFpB1MJ7MEHBs,8.0170000000e-06,8017.79,,,,net_00052,1,3,LOW
BnnM83babnfe4j9qYp9DYaKgcK1swUhMZRQoZR9mvrQv,2026-01-30T11:29:29Z,2BEdHEQY2fJNUXyndKZWgJni7uPsLThiFpB1MJ7MEHBs,8.0170000000e-06,8017.79,,,,net_00063,1,3,LOW
BnnM83babnfe4j9qYp9DYaKgcK1swUhMZRQoZR9mvrQv,2026-01-30T11:29:29Z,2BEdHEQY2fJNUXyndKZWgJni7uPsLThiFpB1MJ7MEHBs,8.0170000000e-06,8017.79,,,,net_00093,1,3,LOW
BnnM83babnfe4j9qYp9DYaKgcK1swUhMZRQoZR9mvrQv,2026-01-30T11:29:29Z,2BEdHEQY2fJNUXyndKZWgJni7uPsLThiFpB1MJ7MEHBs,8.0170000000e-06,8017.79,,,,net_00138,1,3,LOW
BnnM83babnfe4j9qYp9DYaKgcK1swUhMZRQoZR9mvrQv,2026-01-30T11:29:29Z,2BEdHEQY2fJNUXyndKZWgJni7uPsLThiFpB1MJ7MEHBs,8.0170000000e-06,8017.79,,,,net_00203,1,3,LOW
BnnM83babnfe4j9qYp9DYaKgcK1swUhMZRQoZR9mvrQv,2026-01-30T11:29:29Z,2BEdHEQY2fJNUXyndKZWgJni7uPsLThiFpB1MJ7MEHBs,8.0170000000e-06,8017.79,,,,net_00221,1,3,LOW
BnnM83babnfe4j9qYp9DYaKgcK1swUhMZRQoZR9mvrQv,2026-01-30T11:29:29Z,2BEdHEQY2fJNUXyndKZWgJni7uPsLThiFpB1MJ7MEHBs,8.0170000000e-06,8017.79,,,,net_00225,1,3,LOW
BnnM83babnfe4j9qYp9DYaKgcK1swUhMZRQoZR9mvrQv,2026-01-30T11:29:29Z,2BEdHEQY2fJNUXyndKZWgJni7uPsLThiFpB1MJ7MEHBs,8.0170000000e-06,8017.79,,,,net_00234,1,3,LOW
BnnM83babnfe4j9qYp9DYaKgcK1swUhMZRQoZR9mvrQv,2026-01-30T11:29:29Z,2BEdHEQY2fJNUXyndKZWgJni7uPsLThiFpB1MJ7MEHBs,8.0170000000e-06,8017.79,,,,net_00239,1,3,LOW
BnnM83babnfe4j9qYp9DYaKgcK1swUhMZRQoZR9mvrQv,2026-01-30T11:29:29Z,2BEdHEQY2fJNUXyndKZWgJni7uPsLThiFpB1MJ7MEHBs,8.0170000000e-06,8017.79,,,,net_00247,1,3,LOW
BnnM83babnfe4j9qYp9DYaKgcK1swUhMZRQoZR9mvrQv,2026-01-30T11:29:29Z,2BEdHEQY2fJNUXyndKZWgJni7uPsLThiFpB1MJ7MEHBs,8.0170000000e-06,8017.79,,,,net_00265,1,3,LOW
BnnM83babnfe4j9qYp9DYaKgcK1swUhMZRQoZR9mvrQv,2026-01-30T11:29:29Z,2BEdHEQY2fJNUXyndKZWgJni7uPsLThiFpB1MJ7MEHBs,8.0170000000e-06,8017.79,,,,net_00304,1,3,LOW
BnnM83babnfe4j9qYp9DYaKgcK1swUhMZRQoZR9mvrQv,2026-01-30T11:29:29Z,2BEdHEQY2fJNUXyndKZWgJni7uPsLThiFpB1MJ7MEHBs,8.0170000000e-06,8017.79,,,,net_00307,1,3,LOW
BnnM83babnfe4j9qYp9DYaKgcK1swUhMZRQoZR9mvrQv,2026-01-30T11:29:29Z,2BEdHEQY2fJNUXyndKZWgJni7uPsLThiFpB1MJ7MEHBs,8.0170000000e-06,8017.79,,,,net_00311,1,3,LOW
BnnM83babnfe4j9qYp9DYaKgcK1swUhMZRQoZR9mvrQv,2026-01-30T11:29:29Z,2BEdHEQY2fJNUXyndKZWgJni7uPsLThiFpB1MJ7MEHBs,8.0170000000e-06,8017.79,,,,net_00362,1,3,LOW
BnnM83babnfe4j9qYp9DYaKgcK1swUhMZRQoZR9mvrQv,2026-01-30T11:29:29Z,2BEdHEQY2fJNUXyndKZWgJni7uPsLThiFpB1MJ7MEHBs,8.0170000000e-06,8017.79,,,,net_00388,1,3,LOW
BnnM83babnfe4j9qYp9DYaKgcK1swUhMZRQoZR9mvrQv,2026-01-30T11:29:29Z,2BEdHEQY2fJNUXyndKZWgJni7uPsLThiFpB1MJ7MEHBs,8.0170000000e-06,8017.79,,,,net_00454,1,3,LOW
BnnM83babnfe4j9qYp9DYaKgcK1swUhMZRQoZR9mvrQv,2026-01-30T11:29:29Z,2BEdHEQY2fJNUXyndKZWgJni7uPsLThiFpB1MJ7MEHBs,8.0170000000e-06,8017.79,,,,net_00463,1,3,LOW
BnnM83babnfe4j9qYp9DYaKgcK1swUhMZRQoZR9mvrQv,2026-01-30T11:29:29Z,2BEdHEQY2fJNUXyndKZWgJni7uPsLThiFpB1MJ7MEHBs,8.0170000000e-06,8017.79,,,,net_00509,1,3,LOW
BnnM83babnfe4j9qYp9DYaKgcK1swUhMZRQoZR9mvrQv,2026-01-30T11:29:29Z,2BEdHEQY2fJNUXyndKZWgJni7uPsLThiFpB1MJ7MEHBs,8.0170000000e-06,8017.79,,,,net_00528,1,3,LOW
BnnM83babnfe4j9qYp9DYaKgcK1swUhMZRQoZR9mvrQv,2026-01-30T11:29:29Z,2BEdHEQY2fJNUXyndKZWgJni7uPsLThiFpB1MJ7MEHBs,8.0170000000e-06,8017.79,,,,net_00536,1,3,LOW
BnnM83babnfe4j9qYp9DYaKgcK1swUhMZRQoZR9mvrQv,2026-01-30T11:29:29Z,2BEdHEQY2fJNUXyndKZWgJni7uPsLThiFpB1MJ7MEHBs,8.0170000000e-06,8017.79,,,,net_00576,1,3,LOW
BnnM83babnfe4j9qYp9DYaKgcK1swUhMZRQoZR9mvrQv,2026-01-30T11:29:29Z,2BEdHEQY2fJNUXyndKZWgJni7uPsLThiFpB1MJ7MEHBs,8.0170000000e-06,8017.79,,,,net_00630,1,3,LOW
BnnM83babnfe4j9qYp9DYaKgcK1swUhMZRQoZR9mvrQv,2026-01-30T11:29:29Z,2BEdHEQY2fJNUXyndKZWgJni7uPsLThiFpB1MJ7MEHBs,8.0170000000e-06,8017.79,,,,net_00652,1,3,LOW
BnnM83babnfe4j9qYp9DYaKgcK1swUhMZRQoZR9mvrQv,2026-01-30T11:29:29Z,2BEdHEQY2fJNUXyndKZWgJni7uPsLThiFpB1MJ7MEHBs,8.0170000000e-06,8017.79,,,,net_00687,1,3,LOW
BnnM83babnfe4j9qYp9DYaKgcK1swUhMZRQoZR9mvrQv,2026-01-30T11:29:29Z,2BEdHEQY2fJNUXyndKZWgJni7uPsLThiFpB1MJ7MEHBs,8.0170000000e-06,8017.79,,,,net_00712,1,3,LOW
BnnM83babnfe4j9qYp9DYaKgcK1swUhMZRQoZR9mvrQv,2026-01-30T11:29:29Z,2BEdHEQY2fJNUXyndKZWgJni7uPsLThiFpB1MJ7MEHBs,8.0170000000e-06,8017.79,,,,net_00768,1,3,LOW
BnnM83babnfe4j9qYp9DYaKgcK1swUhMZRQoZR9mvrQv,2026-01-30T11:29:29Z,2BEdHEQY2fJNUXyndKZWgJni7uPsLThiFpB1MJ7MEHBs,8.0170000000e-06,8017.79,,,,net_00779,1,3,LOW
BnnM83babnfe4j9qYp9DYaKgcK1swUhMZRQoZR9mvrQv,2026-01-30T11:29:29Z,2BEdHEQY2fJNUXyndKZWgJni7uPsLThiFpB1MJ7MEHBs,8.0170000000e-06,8017.79,,,,net_00781,1,3,LOW
BnnM83babnfe4j9qYp9DYaKgcK1swUhMZRQoZR9mvrQv,2026-01-30T11:29:29Z,2BEdHEQY2fJNUXyndKZWgJni7uPsLThiFpB1MJ7MEHBs,8.0170000000e-06,8017.79,,,,net_00791,1,3,LOW
BnnM83babnfe4j9qYp9DYaKgcK1swUhMZRQoZR9mvrQv,2026-01-30T11:29:29Z,2BEdHEQY2fJNUXyndKZWgJni7uPsLThiFpB1MJ7MEHBs,8.0170000000e-06,8017.79,,,,net_00803,1,3,LOW
BnnM83babnfe4j9qYp9DYaKgcK1swUhMZRQoZR9mvrQv,2026-01-30T11:29:29Z,2BEdHEQY2fJNUXyndKZWgJni7uPsLThiFpB1MJ7MEHBs,8.0170000000e-06,8017.79,,,,net_00813,1,3,LOW
BnnM83babnfe4j9qYp9DYaKgcK1swUhMZRQoZR9mvrQv,2026-01-30T11:29:29Z,2BEdHEQY2fJNUXyndKZWgJni7uPsLThiFpB1MJ7MEHBs,8.0170000000e-06,8017.79,,,,net_00816,1,3,LOW
BnnM83babnfe4j9qYp9DYaKgcK1swUhMZRQoZR9mvrQv,2026-01-30T11:29:29Z,2BEdHEQY2fJNUXyndKZWgJni7uPsLThiFpB1MJ7MEHBs,8.0170000000e-06,8017.79,,,,net_00829,1,3,LOW
BnnM83babnfe4j9qYp9DYaKgcK1swUhMZRQoZR9mvrQv,2026-01-30T11:29:29Z,2BEdHEQY2fJNUXyndKZWgJni7uPsLThiFpB1MJ7MEHBs,8.0170000000e-06,8017.79,,,,net_00840,1,3,LOW
BnnM83babnfe4j9qYp9DYaKgcK1swUhMZRQoZR9mvrQv,2026-01-30T11:29:29Z,2BEdHEQY2fJNUXyndKZWgJni7uPsLThiFpB1MJ7MEHBs,8.0170000000e-06,8017.79,,,,net_00844,1,3,LOW
BnnM83babnfe4j9qYp9DYaKgcK1swUhMZRQoZR9mvrQv,2026-01-30T11:29:29Z,2BEdHEQY2fJNUXyndKZWgJni7uPsLThiFpB1MJ7MEHBs,8.0170000000e-06,8017.79,,,,net_00884,1,3,LOW
BnnM83babnfe4j9qYp9DYaKgcK1swUhMZRQoZR9mvrQv,2026-01-30T11:29:29Z,2BEdHEQY2fJNUXyndKZWgJni7uPsLThiFpB1MJ7MEHBs,8.0170000000e-06,8017.79,,,,net_00891,1,3,LOW
BnnM83babnfe4j9qYp9DYaKgcK1swUhMZRQoZR9mvrQv,2026-01-30T11:29:29Z,2BEdHEQY2fJNUXyndKZWgJni7uPsLThiFpB1MJ7MEHBs,8.0170000000e-06,8017.79,,,,net_00900,1,3,LOW
BnnM83babnfe4j9qYp9DYaKgcK1swUhMZRQoZR9mvrQv,2026-01-30T11:29:29Z,2BEdHEQY2fJNUXyndKZWgJni7uPsLThiFpB1MJ7MEHBs,8.0170000000e-06,8017.79,,,,net_00915,1,4,LOW
BnnM83babnfe4j9qYp9DYaKgcK1swUhMZRQoZR9mvrQv,2026-01-30T11:29:29Z,2BEdHEQY2fJNUXyndKZWgJni7uPsLThiFpB1MJ7MEHBs,8.0170000000e-06,8017.79,,,,net_00921,1,3,LOW
BnnM83babnfe4j9qYp9DYaKgcK1swUhMZRQoZR9mvrQv,2026-01-30T11:29:29Z,2BEdHEQY2fJNUXyndKZWgJni7uPsLThiFpB1MJ7MEHBs,8.0170000000e-06,8017.79,,,,net_00934,1,3,LOW
BnnM83babnfe4j9qYp9DYaKgcK1swUhMZRQoZR9mvrQv,2026-01-30T11:29:29Z,2BEdHEQY2fJNUXyndKZWgJni7uPsLThiFpB1MJ7MEHBs,8.0170000000e-06,8017.79,,,,net_00959,1,3,LOW
BnnM83babnfe4j9qYp9DYaKgcK1swUhMZRQoZR9mvrQv,2026-01-30T11:29:29Z,2BEdHEQY2fJNUXyndKZWgJni7uPsLThiFpB1MJ7MEHBs,8.0170000000e-06,8017.79,,,,net_00966,1,3,LOW
BnnM83babnfe4j9qYp9DYaKgcK1swUhMZRQoZR9mvrQv,2026-01-30T11:29:29Z,2BEdHEQY2fJNUXyndKZWgJni7uPsLThiFpB1MJ7MEHBs,8.0170000000e-06,8017.79,,,,net_01051,1,6,MEDIUM
BnnM83babnfe4j9qYp9DYaKgcK1swUhMZRQoZR9mvrQv,2026-01-30T11:29:29Z,2BEdHEQY2fJNUXyndKZWgJni7uPsLThiFpB1MJ7MEHBs,8.0170000000e-06,8017.79,,,,net_01086,1,5,LOW
CpWLvnJ6gNpDSNZQ5XmkLHhtk3turwsDtndjrCg5pump,2026-01-28T14:14:51Z,G1Kr5sveDZw2HF47HEJGWJM75HFXMvYQ4kmZZsJkYLgc,5.3283164399e-10,0.53,,,,NONE,0,0,NONE
9DvJBTmjtGotyMd2nQhijCyJW3L1WVqnrUEQF3ukAasv,2026-01-28T12:31:39Z,6fLpMBMrwdEomTEyvY6Xpm7YzKTPPx7U88ZkknnWcrbF,1.0591509148e-08,10.59,,,,NONE,0,0,NONE
5DgFy4JaKYNLF2JAnQnDnZXkypo1jsbdCop4SXCopump,2026-01-26T02:05:31Z,5WMNaQNgUvaNWb6BzvxPukZB3q8UiduTwu3yzUo9cQX3,2.5545844189e-08,25.55,,,,net_00014,1,2,LOW
5DgFy4JaKYNLF2JAnQnDnZXkypo1jsbdCop4SXCopump,2026-01-26T02:05:31Z,5WMNaQNgUvaNWb6BzvxPukZB3q8UiduTwu3yzUo9cQX3,2.5545844189e-08,25.55,,,,net_00023,1,3,LOW
5DgFy4JaKYNLF2JAnQnDnZXkypo1jsbdCop4SXCopump,2026-01-26T02:05:31Z,5WMNaQNgUvaNWb6BzvxPukZB3q8UiduTwu3yzUo9cQX3,2.5545844189e-08,25.55,,,,net_00228,1,2,LOW
5DgFy4JaKYNLF2JAnQnDnZXkypo1jsbdCop4SXCopump,2026-01-26T02:05:31Z,5WMNaQNgUvaNWb6BzvxPukZB3q8UiduTwu3yzUo9cQX3,2.5545844189e-08,25.55,,,,net_00570,1,4,LOW
5DgFy4JaKYNLF2JAnQnDnZXkypo1jsbdCop4SXCopump,2026-01-26T02:05:31Z,5WMNaQNgUvaNWb6BzvxPukZB3q8UiduTwu3yzUo9cQX3,2.5545844189e-08,25.55,,,,net_00579,1,2,LOW
5DgFy4JaKYNLF2JAnQnDnZXkypo1jsbdCop4SXCopump,2026-01-26T02:05:31Z,5WMNaQNgUvaNWb6BzvxPukZB3q8UiduTwu3yzUo9cQX3,2.5545844189e-08,25.55,,,,net_00591,1,3,LOW
5DgFy4JaKYNLF2JAnQnDnZXkypo1jsbdCop4SXCopump,2026-01-26T02:05:31Z,5WMNaQNgUvaNWb6BzvxPukZB3q8UiduTwu3yzUo9cQX3,2.5545844189e-08,25.55,,,,net_00647,23,152,CRITICAL
6eGXjNaoa1gg8ohCii8iUiqhjgRQbPCwah6f1db4pump,2026-01-14T23:12:09Z,7XhNwW7WmWdLp5U6TZ7cEejrJygP1FbQdY5dnoBeBcwe,4.0220717124e-09,4.02,,,,NONE,0,0,NONE
21gR4grih4YeimpArGVwpX2Y5v8yLvDpv973REGzpump,2025-12-21T02:00:37Z,Bvu4jKQxxwPTtivcEZp7d6WrtQ4HyLQwFnJR1V2fnhZ9,1.6461130298e-06,1646.11,,,,net_01069,1,4,LOW
HoYSnxS3rqmd9XZHjGrjtpVk1v37R2dDWb2sTbmapump,2025-12-19T15:33:48Z,8hkpYyYiUB2EiwDcdFMCKQwcCjBxhWg1RL7FgeKU6kXr,3.8731761877e-08,38.73,,,,NONE,0,0,NONE
CT6NiDYbHVxNFEewXcXAhxNzpo7ce8nPQh8vXGL5pump,2025-12-18T18:30:09Z,9b5KrUGmFTTLiZbBpY6pYJjntKitNfNW2mt33LweHBqT,3.3930000000e-05,33932.53,,,,NONE,0,0,NONE
A8ZS1RsTch2JQK7JVX1rww6XnFiqudky9d43ZQAypump,2025-12-13T17:22:45Z,DDnXVef5hUJxBxfURyse714vPEgQkkufZAcEsuuD3zkH,1.1579128535e-06,1157.91,,,,NONE,0,0,NONE
8bH8vmXjCY2GvnLCcmUEBeTsjwHZHoCf6UAibmK4pump,2025-12-08T03:30:39Z,5afqLXuT4yTxy5wNdzZRx6nZFKnvNbkLa8DaHc4Wx9wt,3.0885979894e-07,308.86,,,,NONE,0,0,NONE
5vqs7nQbfBSmCmP7GYCutpK8ik6EQRXnvrhGKbwBpump,2025-12-08T01:26:47Z,D1GL1T66mkeYpbzgtw1BJSKfoHVsAXbXecmZZUja88xG,1.9238445827e-11,0.02,,,,NONE,0,0,NONE
64MWN63e19qaw2HEecX6btUJSSbWwZgrw74bjFVVpump,2025-11-27T17:37:10Z,BuWMYPLKb3iW9PzGXtCp889AAiGaMob7M69veQ9UQaBD,1.6886817748e-11,0.02,,,,NONE,0,0,NONE
9FYZMBAAQZxjSiYvPnWrgrNeC65YZEhq8xjcozwTpump,2025-11-26T10:54:55Z,AuvwvLGyN55JRLE64fGMSYaQzTZR9UjikC68pJAG2mAJ,2.1755284238e-09,2.18,,,,NONE,0,0,NONE
CTjJpG2ojEQYBR5QC3MRCgtriC6xJKgeNJFqNKeXpump,2025-11-17T14:14:30Z,3Ec5HFHn6CU1VcYSALSLRJe8qkAy3epFNtcHFxT4Hsmp,1.8527186649e-09,1.85,,,,NONE,0,0,NONE
2wr5Y4j1c6c3XteiDUHYUyETumujiXacJK7Qivv8pump,2025-10-25T00:22:30Z,6d8MLFGXt4ju4EDrSc6qLiyePvdHAKyKa9xmXMyPvycC,2.3899350429e-11,0.02,,,,NONE,0,0,NONE
6Pp1EdPm1wYPLg4DdZHwMgSSL697cSuWy889vQHupump,2025-08-25T07:14:57Z,D9gQ6RhKEpnobPBUdWY5bPQt2p3zGk3iVz6ChpUi2ArA,8.8146416926e-08,88.15,,,,net_00028,38,11,MEDIUM
6Pp1EdPm1wYPLg4DdZHwMgSSL697cSuWy889vQHupump,2025-08-25T07:14:57Z,D9gQ6RhKEpnobPBUdWY5bPQt2p3zGk3iVz6ChpUi2ArA,8.8146416926e-08,88.15,,,,net_00098,1,4,LOW
6Pp1EdPm1wYPLg4DdZHwMgSSL697cSuWy889vQHupump,2025-08-25T07:14:57Z,D9gQ6RhKEpnobPBUdWY5bPQt2p3zGk3iVz6ChpUi2ArA,8.8146416926e-08,88.15,,,,net_00255,1,2,LOW
6Pp1EdPm1wYPLg4DdZHwMgSSL697cSuWy889vQHupump,2025-08-25T07:14:57Z,D9gQ6RhKEpnobPBUdWY5bPQt2p3zGk3iVz6ChpUi2ArA,8.8146416926e-08,88.15,,,,net_00330,1,2,LOW
6Pp1EdPm1wYPLg4DdZHwMgSSL697cSuWy889vQHupump,2025-08-25T07:14:57Z,D9gQ6RhKEpnobPBUdWY5bPQt2p3zGk3iVz6ChpUi2ArA,8.8146416926e-08,88.15,,,,net_00457,1,2,LOW
6Pp1EdPm1wYPLg4DdZHwMgSSL697cSuWy889vQHupump,2025-08-25T07:14:57Z,D9gQ6RhKEpnobPBUdWY5bPQt2p3zGk3iVz6ChpUi2ArA,8.8146416926e-08,88.15,,,,net_00502,1,10,MEDIUM
6Pp1EdPm1wYPLg4DdZHwMgSSL697cSuWy889vQHupump,2025-08-25T07:14:57Z,D9gQ6RhKEpnobPBUdWY5bPQt2p3zGk3iVz6ChpUi2ArA,8.8146416926e-08,88.15,,,,net_00566,1,3,LOW
6Pp1EdPm1wYPLg4DdZHwMgSSL697cSuWy889vQHupump,2025-08-25T07:14:57Z,D9gQ6RhKEpnobPBUdWY5bPQt2p3zGk3iVz6ChpUi2ArA,8.8146416926e-08,88.15,,,,net_00698,1,6,MEDIUM
6Pp1EdPm1wYPLg4DdZHwMgSSL697cSuWy889vQHupump,2025-08-25T07:14:57Z,D9gQ6RhKEpnobPBUdWY5bPQt2p3zGk3iVz6ChpUi2ArA,8.8146416926e-08,88.15,,,,net_00728,1,7,MEDIUM
6Pp1EdPm1wYPLg4DdZHwMgSSL697cSuWy889vQHupump,2025-08-25T07:14:57Z,D9gQ6RhKEpnobPBUdWY5bPQt2p3zGk3iVz6ChpUi2ArA,8.8146416926e-08,88.15,,,,net_00732,1,3,LOW
6Pp1EdPm1wYPLg4DdZHwMgSSL697cSuWy889vQHupump,2025-08-25T07:14:57Z,D9gQ6RhKEpnobPBUdWY5bPQt2p3zGk3iVz6ChpUi2ArA,8.8146416926e-08,88.15,,,,net_00747,1,2,LOW
zv4zxckp3Ybr3xLPDJZuqCysPg3ENvKgTgXh562pump,2025-08-25T00:19:44Z,D9gQ6RhKEpnobPBUdWY5bPQt2p3zGk3iVz6ChpUi2ArA,3.1040000000e-05,31046.54,,,,net_00028,38,11,MEDIUM
zv4zxckp3Ybr3xLPDJZuqCysPg3ENvKgTgXh562pump,2025-08-25T00:19:44Z,D9gQ6RhKEpnobPBUdWY5bPQt2p3zGk3iVz6ChpUi2ArA,3.1040000000e-05,31046.54,,,,net_00098,1,4,LOW
zv4zxckp3Ybr3xLPDJZuqCysPg3ENvKgTgXh562pump,2025-08-25T00:19:44Z,D9gQ6RhKEpnobPBUdWY5bPQt2p3zGk3iVz6ChpUi2ArA,3.1040000000e-05,31046.54,,,,net_00255,1,2,LOW
zv4zxckp3Ybr3xLPDJZuqCysPg3ENvKgTgXh562pump,2025-08-25T00:19:44Z,D9gQ6RhKEpnobPBUdWY5bPQt2p3zGk3iVz6ChpUi2ArA,3.1040000000e-05,31046.54,,,,net_00330,1,2,LOW
zv4zxckp3Ybr3xLPDJZuqCysPg3ENvKgTgXh562pump,2025-08-25T00:19:44Z,D9gQ6RhKEpnobPBUdWY5bPQt2p3zGk3iVz6ChpUi2ArA,3.1040000000e-05,31046.54,,,,net_00457,1,2,LOW
zv4zxckp3Ybr3xLPDJZuqCysPg3ENvKgTgXh562pump,2025-08-25T00:19:44Z,D9gQ6RhKEpnobPBUdWY5bPQt2p3zGk3iVz6ChpUi2ArA,3.1040000000e-05,31046.54,,,,net_00502,1,10,MEDIUM
zv4zxckp3Ybr3xLPDJZuqCysPg3ENvKgTgXh562pump,2025-08-25T00:19:44Z,D9gQ6RhKEpnobPBUdWY5bPQt2p3zGk3iVz6ChpUi2ArA,3.1040000000e-05,31046.54,,,,net_00566,1,3,LOW
zv4zxckp3Ybr3xLPDJZuqCysPg3ENvKgTgXh562pump,2025-08-25T00:19:44Z,D9gQ6RhKEpnobPBUdWY5bPQt2p3zGk3iVz6ChpUi2ArA,3.1040000000e-05,31046.54,,,,net_00698,1,6,MEDIUM
zv4zxckp3Ybr3xLPDJZuqCysPg3ENvKgTgXh562pump,2025-08-25T00:19:44Z,D9gQ6RhKEpnobPBUdWY5bPQt2p3zGk3iVz6ChpUi2ArA,3.1040000000e-05,31046.54,,,,net_00728,1,7,MEDIUM
zv4zxckp3Ybr3xLPDJZuqCysPg3ENvKgTgXh562pump,2025-08-25T00:19:44Z,D9gQ6RhKEpnobPBUdWY5bPQt2p3zGk3iVz6ChpUi2ArA,3.1040000000e-05,31046.54,,,,net_00732,1,3,LOW
zv4zxckp3Ybr3xLPDJZuqCysPg3ENvKgTgXh562pump,2025-08-25T00:19:44Z,D9gQ6RhKEpnobPBUdWY5bPQt2p3zGk3iVz6ChpUi2ArA,3.1040000000e-05,31046.54,,,,net_00747,1,2,LOW
FfN1Cgy56n9GVyeXN1LKxyKLegVpSf74jZ7k5KYrH6HC,2025-02-21T00:52:27Z,DXuCM5pUKR4NTp1NgeuZ6mj2fv3a1R5nLSZJ9kJfu5Qc,9.6640667747e-11,0.10,,,,NONE,0,0,NONE
32TrrNye7SMfzzoeewavngyE9YkZxJm4JeZ3ErRfpump,2025-02-14T14:10:13Z,5mb6oXpHpGQviLmyibSGV6MJHKrJjUFYLaZdKpZLXe7d,1.8248022425e-10,0.18,,,,NONE,0,0,NONE
pncNghMEMfQScn52zrFEUiYZtduwacoFT7BUTsJpump,2024-12-31T21:44:45Z,BJ7HCGXwoKdZSX83vYSYfMXUi2cA7w1ctPDEoSnnz2Vf,1.2828435945e-09,1.28,,,,net_00124,14,36,HIGH
7KjpD2RExPfFweTfr4yFyVgSXEJa3PTTx6UGuxgqpump,2024-11-13T14:48:46Z,9Ap4Vab6B4b1gSsvGcirGAaekfivHiuyS9AktJp3brhq,6.9406379237e-09,6.94,,,,NONE,0,0,NONE
GtMzH2sMn7b5mqEKPEQQ9rzo7qhNXjUWqFLNREthpump,2024-11-10T17:49:43Z,BF9oaJvHB5Af8RrwHxuLV4VYZ7TnWUsShaoQTHEMtCUH,3.2460000000e-05,32461.83,,,,NONE,0,0,NONE
DMWUsQjBpCERCzs9xDbWrgD2KG9fLrRpjCa11DXhpump,2024-10-30T03:35:20Z,G6AA4rodWSvT9shJbc4PgVaoR3PFfWCGNgURypZJPytN,1.7144707439e-08,17.14,,,,net_00084,1,7,MEDIUM
2dm5teNAFLHn7kGvS8mnccivEe7r33PvFTwWf59ppump,2024-10-18T16:00:16Z,AJuU274mtWLZj9xYWktcQ4LPqvGhK9sr6ibvVLuv1TbG,5.1561643468e-08,51.56,,,,NONE,0,0,NONE
Ad6dDqgik6FVAHMfsw5J88Rd2J4JTTDPdEuZ3PgTpump,2024-09-30T05:45:38Z,73WQxX7ijywjeShcPNPnquw7VJr7jm85Pmbjeo5KR7ow,8.8918191562e-09,8.89,,,,net_00084,1,7,MEDIUM
BnA5vUHsjCwDFdDi6JNqwsn4wQEYajMxyVewvU2cbVkc,2024-08-12T21:28:57Z,EUhHN1VwoPLR2bmWR9yw1eEmRxxwogMDVNAeZVwX3aDd,1.0998690932e-10,0.11,,,,net_00084,1,7,MEDIUM
91igxcaqfuYiYQbzPGNG6bjJmGdNogRhKXqhG2xUpump,2024-06-17T22:42:51Z,5gGn7fyhsweXxFejzUw8yBadGfudGjwHxmn4zzDuvPsG,3.7835030960e-09,3.78,,,,NONE,0,0,NONE
AQRYM8fazT4SEsWS6sCffGWDxy1w9mnM7fYmDonRc4q6,2024-05-17T20:37:03Z,ByLHgtk8id8VunxuQ3AWoJKT3R1CS5QnRtAoNmfV5v6,1.9057772741e-08,19.06,,,,NONE,0,0,NONE
GeYEPWReDtdyjbwaZxJkRjapwb2uGSLYhL1mEwrMiHto,2024-04-24T12:48:04Z,8UhPy4ykwNLg3rextwa96gQ8uEAbx2Q4Ctz2PEPxt9g3,7.8273460154e-09,7.83,,,,NONE,0,0,NONE
B5BPVt7uZyycC2fKTUM4KYoFsK9WBuX6UhpvqPVbG5YT,2024-04-23T17:36:48Z,8woGhga1BUYPeASAiCa73PMGUU9TS73Mkq2q5Pp3w7Qe,1.1871110023e-07,118.71,,,,NONE,0,0,NONE
ApLJtDFLscoocY1Qjt3c3bRmxjw3F9hii4JVUbH63E14,2024-03-18T22:19:42Z,2cwcYGgB92fh25VVPZPkk1PHRh1FfbgbkE71j4dngYUd,1.3547562785e-10,0.14,,,,NONE,0,0,NONE
8Uc8xtvNGtwdNGpcyyXR6qa4ptoKa7c7jKSRuiAe4Nsn,2024-03-13T17:36:08Z,GEES9VHAsvTrLSoSSRopvWZ2WyVyAyXetcPSsW8TiAKh,8.7878123254e-09,8.79,,,,net_00049,15,15,MEDIUM
BW8uCremgNSrT51kBiSjM8WHz15JDVsNVwS2Fmcapump,1771261458.3020139,,,,,,,NONE,0,0,NONE
DcoeiMpqBG23AU8Z8ribhGwr9PJenNh9bWXVpa1mpump,1771261434.428329,,7.0754491549e-11,0.07,,,,NONE,0,0,NONE
9ezB8PH1PVdoWtM1ysyjHgTattPe7b4ZRK9RDxFPpump,1771261396.5825012,,1.6211878215e-10,0.16,,,,NONE,0,0,NONE
Ak9XX2GD9t2VkGC3h2ufTreMdkDnBunTib77EtU7pump,1771261335.724961,,6.5978828714e-08,65.98,,,,NONE,0,0,NONE
HGJa4bxtutAgt9pCdAwLybEeCfTGmb4HfyVCSFGDpump,1771258273.6963332,,2.5740000000e-05,25740.28,,,,NONE,0,0,NONE
8E3bf4q3BHfA9eHmtdT2L3psyeyHns8BtdTbteAxpump,1771257505.896548,,1.8980000000e-05,18985.50,,,,NONE,0,0,NONE
zwo5kZYY8WTuocyi5gQL5P5ZPucYMvqrBsgUdGZpump,1771257372.712373,,1.1690000000e-04,116914.00,,,,NONE,0,0,NONE
n8evWbWLwLz1m5B3zQyHmVkwgawtKJN9JK1X7zLpump,1771257344.9950778,,1.6000000000e-05,16008.28,,,,NONE,0,0,NONE
7t1CftyahqUAgd5bcnnqAQGAtSF5onzSTkcqpzWMpump,1771256526.513063,,2.1820000000e-05,21825.52,,,,NONE,0,0,NONE
CJiq7Lm8YQYVoxC33bip6CqYHhcn2Sxp56qRsUeepump,1771256164.605165,,1.2720000000e-05,12721.20,,,,NONE,0,0,NONE
AdJSR8QaustnW2MupTy6TqzHWMmd8AVqgWE27VKtpump,1771255906.421847,,,,,,,NONE,0,0,NONE
AQrdgepNVWdQmPe2L8eKT5PGyxgEvWFPGUUuf1capump,1771255439.6257558,,3.1410000000e-05,31410.91,,,,NONE,0,0,NONE
5BtNNse2pZuZWt8zo11sYSNYhE5RWfmQPn8WtRaXpump,1771255026.4035661,,2.3730000000e-05,23730.17,,,,NONE,0,0,NONE
rFzG2fnHhaRLLD6on4Wf9Eb3eVk2faXkFR9BiGdpump,1771254483.0377228,,2.0840000000e-05,20843.09,,,,NONE,0,0,NONE
2pXjxbdHnYWtH2gtDN495Ve1jm8bs1zoUL6XsUi3pump,1771254385.995708,,2.3230000000e-05,23237.98,,,,NONE,0,0,NONE
D2uKrf74CXv3ddvq28yW8SxWSHcs9ezcXYxUPxopump,1771254320.518456,,,,,,,NONE,0,0,NONE
3wnZDQFu6fsEV6EMWd26mLrX578TwjegwBLuWftnxvEB,1771254287.2873,,2.7130000000e-05,27131.80,,,,NONE,0,0,NONE
51rGr8WCwFWe5K8HaYQrpiE3GBZKkLnXB3K9AnTdpump,1771253900.336628,,4.1050000000e-05,41058.00,,,,NONE,0,0,NONE
nqFywxvdrejUX9bJ7ud3KWoE1EL2ZgpmdJq25eEpump,1771253873.179435,,,,,,,NONE,0,0,NONE
SviS8P8ddrX9h9peAsztE6iZ82L7GbE7N6cM4DHpump,1771244768.764819,,2.4637042601e-07,246.37,,,,NONE,0,0,NONE
EnjJsdYCvgU2Qa8o5NevEkofTzTumXLVrG5KHM2Spump,1771209415.044933,,5.7148540896e-09,5.71,,,,NONE,0,0,NONE
nwZcHcjxZpaiR2TrempFBz5x3YFED8odpcgxssHpump,1771194635.181086,,4.3236461883e-08,43.24,,,,NONE,0,0,NONE
BXsB668r44yHTjSD5csppyLk5nGCohSGzgrW5xB6pump,1771193209.988249,,6.3657368372e-08,63.66,,,,NONE,0,0,NONE
32JQTMjt8bvGtgySwtnUhkWVBVhaetfDcJa77C8zpump,1771193206.079652,,1.4804514219e-12,0.00,,,,NONE,0,0,NONE
9Bf1DJWVYBmYZRC6zyBP7gC5fu17vHjvSxKPty79pump,1771192719.100448,,3.0760000000e-05,30768.58,,,,NONE,0,0,NONE
6GsRbp2Bz9QZsoAEmUSGgTpTW7s59m7R3EGtm1FPpump,1771192659.686,,7.9650882157e-08,79.65,,,,NONE,0,0,NONE
41BNMStocw8TehZhzCm9h9TwnqTLLTTFq9hDwG6Npump,1771189213.7242272,,1.2581230085e-07,125.81,,,,NONE,0,0,NONE
xrMH599ATEAymW5auPxwFv9gyB911fo54Lbr2ruqaA8,1771189084.2149289,,2.4830000000e-05,24830.21,,,,NONE,0,0,NONE
73YefKetHfPVoo3krbGZ7rB9Dc7okzn88985JyRgpump,1771187791.5752032,,1.2828204856e-09,1.28,,,,NONE,0,0,NONE
6P985Tsjw9n4JnJdeJhTPmXLUsWzXScscmA2BcUgpump,1771187702.3228521,,1.5279877374e-08,15.28,,,,NONE,0,0,NONE
AJDzFAjJ2s1t7CCccKr1V5CXGscUMPFcaF25HLxBpump,1771183288.882838,,1.3122853401e-06,1312.29,,,,NONE,0,0,NONE
Bag281rT8GCXTir1tA3fpsFj2jEkZApUmtdquRCjpump,1771182961.804043,,9.9426374879e-09,9.94,,,,NONE,0,0,NONE
ivcPfk3Rie9ovahttC4wZUFKd6Fr7H9n94n5fa5pump,1771182190.407682,,9.2342892835e-08,92.34,,,,NONE,0,0,NONE
HWeqqfp6AQsQVNSKwnb3F9YRADvSsMWzbxDiD4Q5pump,1771181394.967346,,2.8210000000e-05,28216.98,,,,NONE,0,0,NONE
9Fp3wLoEh3eSckzbhTff7SNGxMyTUpkzcbG9aJVgpump,1771169839.1370182,,1.3562785617e-08,13.56,,,,NONE,0,0,NONE
ANw9dNZmXxbjw7VAoWshDZmUpFd5ATdQ3GQH4wDtpump,1771094500.585269,,1.9145230761e-12,0.00,,,,NONE,0,0,NONE
zraXfhwuAi28Bk99B1kEUoB413oeFmPgu7Ui5pypump,1771093159.773719,,1.2609233477e-05,12609.23,,,,NONE,0,0,NONE
8oD6YLNP9qxoCtkrbzWjzgwc8ohZU6UjpK6wxMc2RfGS,1771092366.574722,,,,,,,NONE,0,0,NONE
5osP9ggGVgaJ8grWzk6Adi5ZMBnNqPuYJBHDYpgUpump,1771087374.528756,,2.0260000000e-05,20260.66,,,,NONE,0,0,NONE
3zkc1GaxhvqHHjyWcqq1pMZ2c7bWmQgUdMncxkvQpump,1771087325.9800162,,1.5746384581e-09,1.57,,,,NONE,0,0,NONE
FjZYphaiZKy6mChpmoEYchMbgJ1FQF2Z6z4FoWdspump,1771085821.266179,,1.3814981361e-07,138.15,,,,NONE,0,0,NONE
EirpkRcuj7oQvTZZgWXuCmQtGvbdHt7hx6Gk5n1Jpump,1771083500.849708,,3.3086343059e-08,33.09,,,,NONE,0,0,NONE
G4zkF9g6XFGm7mTYFEqEgWhr9zZgMYaCqfua9cJkpump,1771074899.2953532,,3.3880000000e-05,33885.61,,,,NONE,0,0,NONE
D6eQLSkvUpMqBqXhUGNMnVATbwTZkMEBCnud95pRpump,1771068068.398135,,1.5049212996e-06,1504.92,,,,NONE,0,0,NONE
GB1FWN9cNJdoaKDvvjKfXpLvuTLsq5SoNy4XmyH7pump,1771057028.2710662,,3.3283214592e-11,0.03,,,,NONE,0,0,NONE
8fVRWzt6VyiQh5TMrky9NHHZmghYpcXqd66JSrFgpump,1771037034.1245902,,1.2461094797e-08,12.46,,,,NONE,0,0,NONE
HYhnRdn7nridbDUUcRsd3JtmvMCyKrVDew52CWGtpump,1771027367.938967,,5.9548189637e-08,59.55,,,,NONE,0,0,NONE
DPxm5z8wigVkZwpg6JL5Z3RZsUP2dVebuwJRoWGEpump,1771011957.608911,,3.4935723043e-08,34.94,,,,NONE,0,0,NONE
HjpTmVGdu3xWgR5FhG2sGKKkrc9n5Z72uzfcs6K7pump,1771011948.272148,,6.7723266687e-09,6.77,,,,NONE,0,0,NONE
F4AkfbUqLik7Au9fwVv8NaiazUywqGSoi9aoEzk9pump,1771005469.25344,,2.1920000000e-05,21921.26,,,,NONE,0,0,NONE
9mt1bMG2hUH9PsvgCHCJjHNviJDjfxCSXH8xsaagZVgn,1770998724.9267101,,1.6871404599e-08,16.87,,,,NONE,0,0,NONE
2zSw9NDidsgotB2NDjZTYGQqQ7fsWtheZNJCfmL1pump,1770998564.701528,,1.5012693492e-09,1.50,,,,NONE,0,0,NONE
fig5PSVC85PWEfuWFUbEQRJAucvjvfKDgxBVjHSpump,1770982756.7736871,,2.8568851216e-10,0.29,,,,NONE,0,0,NONE
Gehsp8GsAsP7R5AAfZNVfWaKjfuGiqxFPZibr4PNpump,1770982452.3852742,,2.1768443035e-10,0.22,,,,NONE,0,0,NONE
Dm9oSztD4kjZhvmgyM2b7fRqpygGCrC9VL3af4ViC16o,1770965966.160028,,1.5025948211e-08,15.03,,,,NONE,0,0,NONE
EFt9JrrGyLWLU6Wc4oxfTjDKryENPrjbGgZ2V6x8pump,1770958232.0124202,,2.3760000000e-05,23760.54,,,,NONE,0,0,NONE
DQhy77iXxo2Qje2bLayg5JeeMNYfmiAztfEkVa1iHHpn,1770930436.9285939,,3.2297124469e-08,32.30,,,,NONE,0,0,NONE
ARkgcXQqVy5Vi1qaKF44piXaV8bUB2vb1phDPDjXpump,1770930040.833656,,1.4684862280e-07,146.85,,,,NONE,0,0,NONE
GNjq1AUZ3Zzj1XEdyXcVbKTrYaerJQsDD7CJiAwSpump,1770925074.310872,,3.0230000000e-05,30233.02,,,,NONE,0,0,NONE
BEbJjqf976iCK8qae686c6WBeNxB1edw4LqGuXGepump,1770924613.694731,,1.0950000000e-05,10958.75,,,,NONE,0,0,NONE
94xaM8pkvojBwxBtiMNhA8LEg46y3u4u5wbJFJDQpump,1770921271.0490801,,2.3736116690e-08,23.74,,,,NONE,0,0,NONE
BpdHpqznEgYPXZNrJVRZvBhdWoafYLVVuLxTQo34pump,1770919310.9093602,,,,,,,NONE,0,0,NONE
BvQiEjhYStePdsU4QejCvJUDF9Z7VXagJHvK7D5qpump,1770918378.047559,,1.3946036983e-08,13.95,,,,NONE,0,0,NONE
